id_evento,id_progreso_modulo,tipo_evento,fecha_evento,detalle
1,161,iniciado,2026-09-17,
2,152,iniciado,2026-09-17,
3,469,iniciado,2026-09-17,
4,1102,iniciado,2026-09-17,
5,1175,iniciado,2026-09-17,
6,2555,iniciado,2026-09-17,
7,3027,iniciado,2026-09-17,
8,140,iniciado,2026-09-17,
9,2823,iniciado,2026-09-17,
10,1005,iniciado,2026-09-17,
11,3621,iniciado,2026-09-17,
12,3276,iniciado,2026-09-17,
13,3550,iniciado,2026-09-17,
14,2752,iniciado,2026-09-17,
15,2101,iniciado,2026-09-17,
16,1110,iniciado,2026-09-17,
17,2261,iniciado,2026-09-17,
18,2959,iniciado,2026-09-17,
19,1398,iniciado,2026-09-17,
20,4097,iniciado,2026-09-17,
21,32,iniciado,2026-09-17,
22,3837,iniciado,2026-09-17,
23,4081,iniciado,2026-09-17,
24,805,iniciado,2026-09-17,
25,3527,iniciado,2026-09-17,
26,2115,iniciado,2026-09-17,
27,1715,iniciado,2026-09-17,
28,1398,en_progreso,2026-09-17,
29,1696,iniciado,2026-09-17,
30,509,iniciado,2026-09-17,
31,463,iniciado,2026-09-17,
32,1908,iniciado,2026-09-17,
33,487,iniciado,2026-09-17,
34,1803,iniciado,2026-09-17,
35,1731,iniciado,2026-09-17,
36,3038,iniciado,2026-09-17,
37,1327,iniciado,2026-09-17,
38,4087,iniciado,2026-09-17,
39,224,iniciado,2026-09-17,
40,3692,iniciado,2026-09-17,
41,2318,iniciado,2026-09-17,
42,2710,iniciado,2026-09-17,
43,623,iniciado,2026-09-17,
44,1900,iniciado,2026-09-17,
45,399,iniciado,2026-09-17,
46,2783,iniciado,2026-09-17,
47,1481,iniciado,2026-09-17,
48,3167,iniciado,2026-09-17,
49,3115,iniciado,2026-09-17,
50,1818,iniciado,2026-09-17,
51,2901,iniciado,2026-09-17,
52,967,iniciado,2026-09-17,
53,3568,iniciado,2026-09-17,
54,357,iniciado,2026-09-17,
55,234,iniciado,2026-09-17,
56,3332,iniciado,2026-09-17,
57,1151,iniciado,2026-09-17,
58,3908,iniciado,2026-09-17,
59,1462,iniciado,2026-09-17,
60,405,iniciado,2026-09-17,
61,1175,completado,2026-09-17,Modulo finalizado por el estudiante
62,1908,en_progreso,2026-09-17,
63,1834,iniciado,2026-09-17,
64,821,iniciado,2026-09-17,
65,1862,iniciado,2026-09-17,
66,1784,iniciado,2026-09-17,
67,1058,iniciado,2026-09-17,
68,3382,iniciado,2026-09-17,
69,1341,iniciado,2026-09-17,
70,3550,completado,2026-09-17,Modulo finalizado por el estudiante
71,3266,iniciado,2026-09-17,
72,365,iniciado,2026-09-17,
73,3066,iniciado,2026-09-17,
74,3200,iniciado,2026-09-17,
75,863,iniciado,2026-09-17,
76,2694,iniciado,2026-09-17,
77,3686,iniciado,2026-09-17,
78,1232,iniciado,2026-09-17,
79,827,iniciado,2026-09-17,
80,2334,iniciado,2026-09-17,
81,1904,iniciado,2026-09-17,
82,1355,iniciado,2026-09-17,
83,3222,iniciado,2026-09-17,
84,3474,iniciado,2026-09-17,
85,2805,iniciado,2026-09-17,
86,1106,iniciado,2026-09-17,
87,3459,iniciado,2026-09-17,
88,1638,iniciado,2026-09-17,
89,3884,iniciado,2026-09-17,
90,3922,iniciado,2026-09-17,
91,288,iniciado,2026-09-17,
92,1157,iniciado,2026-09-17,
93,161,completado,2026-09-17,Modulo finalizado por el estudiante
94,2011,iniciado,2026-09-17,
95,1347,iniciado,2026-09-17,
96,334,iniciado,2026-09-17,
97,1069,iniciado,2026-09-17,
98,2851,iniciado,2026-09-17,
99,3631,iniciado,2026-09-17,
100,1584,iniciado,2026-09-17,
101,1073,iniciado,2026-09-17,
102,3302,iniciado,2026-09-17,
103,2527,iniciado,2026-09-17,
104,1988,iniciado,2026-09-17,
105,3240,iniciado,2026-09-17,
106,2311,iniciado,2026-09-17,
107,722,iniciado,2026-09-17,
108,1331,iniciado,2026-09-17,
109,701,iniciado,2026-09-17,
110,1242,iniciado,2026-09-17,
111,3768,iniciado,2026-09-17,
112,2823,en_progreso,2026-09-17,
113,2151,iniciado,2026-09-17,
114,2930,iniciado,2026-09-17,
115,2001,iniciado,2026-09-17,
116,1818,en_progreso,2026-09-17,
117,2574,iniciado,2026-09-17,
118,2498,iniciado,2026-09-17,
119,459,iniciado,2026-09-17,
120,3821,iniciado,2026-09-17,
121,245,iniciado,2026-09-17,
122,547,iniciado,2026-09-17,
123,772,iniciado,2026-09-17,
124,3161,iniciado,2026-09-17,
125,805,completado,2026-09-17,Modulo finalizado por el estudiante
126,2115,pausado,2026-09-17,
127,1936,iniciado,2026-09-17,
128,1915,iniciado,2026-09-17,
129,2993,iniciado,2026-09-17,
130,2365,iniciado,2026-09-17,
131,2669,iniciado,2026-09-17,
132,1265,iniciado,2026-09-17,
133,2789,iniciado,2026-09-17,
134,58,iniciado,2026-09-17,
135,3433,iniciado,2026-09-17,
136,3646,iniciado,2026-09-17,
137,570,iniciado,2026-09-17,
138,3443,iniciado,2026-09-17,
139,2710,completado,2026-09-17,Modulo finalizado por el estudiante
140,3888,iniciado,2026-09-17,
141,3228,iniciado,2026-09-17,
142,1715,en_progreso,2026-09-17,
143,2287,iniciado,2026-09-17,
144,16,iniciado,2026-09-17,
145,3650,iniciado,2026-09-17,
146,3635,iniciado,2026-09-17,
147,1323,iniciado,2026-09-17,
148,2531,iniciado,2026-09-17,
149,3853,iniciado,2026-09-17,
150,898,iniciado,2026-09-17,
151,2563,iniciado,2026-09-17,
152,527,iniciado,2026-09-17,
153,3153,iniciado,2026-09-17,
154,1505,iniciado,2026-09-17,
155,3218,iniciado,2026-09-17,
156,2563,pausado,2026-09-17,
157,772,en_progreso,2026-09-17,
158,3937,iniciado,2026-09-17,
159,2679,iniciado,2026-09-17,
160,1,iniciado,2026-09-17,
161,3009,iniciado,2026-09-17,
162,1632,iniciado,2026-09-17,
163,2473,iniciado,2026-09-17,
164,98,iniciado,2026-09-17,
165,557,iniciado,2026-09-17,
166,1824,iniciado,2026-09-17,
167,4087,en_progreso,2026-09-17,
168,2851,completado,2026-09-17,Modulo finalizado por el estudiante
169,433,iniciado,2026-09-17,
170,3700,iniciado,2026-09-17,
171,2460,iniciado,2026-09-17,
172,351,iniciado,2026-09-17,
173,3843,iniciado,2026-09-17,
174,2690,iniciado,2026-09-17,
175,3874,iniciado,2026-09-17,
176,627,iniciado,2026-09-17,
177,642,iniciado,2026-09-17,
178,3322,iniciado,2026-09-17,
179,2400,iniciado,2026-09-17,
180,2770,iniciado,2026-09-17,
181,837,iniciado,2026-09-17,
182,1331,en_progreso,2026-09-17,
183,1069,completado,2026-09-17,Modulo finalizado por el estudiante
184,3821,pausado,2026-09-17,
185,1013,iniciado,2026-09-17,
186,3609,iniciado,2026-09-17,
187,1568,iniciado,2026-09-17,
188,2001,abandonado,2026-09-17,Sin actividad posterior registrada
189,3280,iniciado,2026-09-17,
190,1878,iniciado,2026-09-17,
191,2205,iniciado,2026-09-17,
192,2619,iniciado,2026-09-17,
193,2281,iniciado,2026-09-17,
194,603,iniciado,2026-09-17,
195,1248,iniciado,2026-09-17,
196,1135,iniciado,2026-09-17,
197,324,iniciado,2026-09-17,
198,1706,iniciado,2026-09-17,
199,109,iniciado,2026-09-17,
200,2959,pausado,2026-09-17,
201,2959,en_progreso,2026-09-17,
202,3186,iniciado,2026-09-17,
203,302,iniciado,2026-09-17,
204,1157,en_progreso,2026-09-17,
205,1666,iniciado,2026-09-17,
206,361,iniciado,2026-09-17,
207,2602,iniciado,2026-09-17,
208,1200,iniciado,2026-09-17,
209,1403,iniciado,2026-09-17,
210,3382,en_progreso,2026-09-17,
211,3660,iniciado,2026-09-17,
212,2873,iniciado,2026-09-17,
213,2901,en_progreso,2026-09-17,
214,4093,iniciado,2026-09-17,
215,2044,iniciado,2026-09-17,
216,958,iniciado,2026-09-17,
217,473,iniciado,2026-09-17,
218,487,pausado,2026-09-17,
219,1780,iniciado,2026-09-17,
220,2127,iniciado,2026-09-17,
221,2062,iniciado,2026-09-17,
222,2365,completado,2026-09-17,Modulo finalizado por el estudiante
223,277,iniciado,2026-09-17,
224,3401,iniciado,2026-09-17,
225,3298,iniciado,2026-09-17,
226,3261,iniciado,2026-09-17,
227,491,iniciado,2026-09-17,
228,310,iniciado,2026-09-17,
229,2025,iniciado,2026-09-17,
230,3686,en_progreso,2026-09-17,
231,1253,iniciado,2026-09-17,
232,967,en_progreso,2026-09-17,
233,2121,iniciado,2026-09-17,
234,920,iniciado,2026-09-17,
235,1403,en_progreso,2026-09-17,
236,384,iniciado,2026-09-17,
237,2233,iniciado,2026-09-17,
238,4097,completado,2026-09-17,Modulo finalizado por el estudiante
239,2778,iniciado,2026-09-17,
240,491,en_progreso,2026-09-17,
241,76,iniciado,2026-09-17,
242,469,completado,2026-09-17,Modulo finalizado por el estudiante
243,1194,iniciado,2026-09-17,
244,841,iniciado,2026-09-17,
245,2044,en_progreso,2026-09-17,
246,2015,iniciado,2026-09-17,
247,302,en_progreso,2026-09-17,
248,1962,iniciado,2026-09-17,
249,1331,completado,2026-09-17,Modulo finalizado por el estudiante
250,3973,iniciado,2026-09-17,
251,2295,iniciado,2026-09-17,
252,1439,iniciado,2026-09-17,
253,2127,pausado,2026-09-17,
254,3700,abandonado,2026-09-17,Sin actividad posterior registrada
255,2805,pausado,2026-09-17,
256,2469,iniciado,2026-09-17,
257,782,iniciado,2026-09-17,
258,958,en_progreso,2026-09-17,
259,2917,iniciado,2026-09-17,
260,3731,iniciado,2026-09-17,
261,2742,iniciado,2026-09-17,
262,310,pausado,2026-09-17,
263,292,iniciado,2026-09-17,
264,259,iniciado,2026-09-17,
265,2941,iniciado,2026-09-17,
266,2412,iniciado,2026-09-17,
267,2546,iniciado,2026-09-17,
268,2685,iniciado,2026-09-17,
269,797,iniciado,2026-09-17,
270,292,abandonado,2026-09-17,Sin actividad posterior registrada
271,414,iniciado,2026-09-17,
272,943,iniciado,2026-09-17,
273,357,pausado,2026-09-17,
274,3417,iniciado,2026-09-17,
275,1187,iniciado,2026-09-17,
276,2035,iniciado,2026-09-17,
277,603,completado,2026-09-17,Modulo finalizado por el estudiante
278,2873,en_progreso,2026-09-17,
279,3129,iniciado,2026-09-17,
280,418,iniciado,2026-09-17,
281,2109,iniciado,2026-09-17,
282,3322,pausado,2026-09-17,
283,2653,iniciado,2026-09-17,
284,1595,iniciado,2026-09-17,
285,1319,iniciado,2026-09-17,
286,1042,iniciado,2026-09-17,
287,3388,iniciado,2026-09-17,
288,3631,en_progreso,2026-09-17,
289,662,iniciado,2026-09-17,
290,3397,iniciado,2026-09-17,
291,3261,en_progreso,2026-09-17,
292,3816,iniciado,2026-09-17,
293,373,iniciado,2026-09-17,
294,47,iniciado,2026-09-17,
295,2325,iniciado,2026-09-17,
296,3141,iniciado,2026-09-17,
297,2841,iniciado,2026-09-17,
298,505,iniciado,2026-09-17,
299,377,iniciado,2026-09-17,
300,2722,iniciado,2026-09-17,
301,1081,iniciado,2026-09-17,
302,2569,iniciado,2026-09-17,
303,1337,iniciado,2026-09-17,
304,666,iniciado,2026-09-17,
305,1762,iniciado,2026-09-17,
306,357,completado,2026-09-17,Modulo finalizado por el estudiante
307,1862,en_progreso,2026-09-17,
308,2752,pausado,2026-09-17,
309,3090,iniciado,2026-09-17,
310,4101,iniciado,2026-09-17,
311,3302,en_progreso,2026-09-17,
312,2801,iniciado,2026-09-17,
313,1513,iniciado,2026-09-17,
314,3353,iniciado,2026-09-17,
315,521,iniciado,2026-09-17,
316,676,iniciado,2026-09-17,
317,1332,iniciado,2026-09-17,
318,580,iniciado,2026-09-17,
319,536,iniciado,2026-09-17,
320,3772,iniciado,2026-09-17,
321,2797,iniciado,2026-09-17,
322,793,iniciado,2026-09-17,
323,1369,iniciado,2026-09-17,
324,1423,iniciado,2026-09-17,
325,3055,iniciado,2026-09-17,
326,1070,iniciado,2026-09-17,
327,3635,en_progreso,2026-09-17,
328,1332,en_progreso,2026-09-17,
329,263,iniciado,2026-09-17,
330,470,iniciado,2026-09-17,
331,3206,iniciado,2026-09-17,
332,2134,iniciado,2026-09-17,
333,1398,en_progreso,2026-09-17,
334,656,iniciado,2026-09-17,
335,3218,abandonado,2026-09-17,Sin actividad posterior registrada
336,821,pausado,2026-09-17,
337,2789,pausado,2026-09-17,
338,2833,iniciado,2026-09-17,
339,47,en_progreso,2026-09-17,
340,3504,iniciado,2026-09-17,
341,757,iniciado,2026-09-17,
342,2760,iniciado,2026-09-17,
343,183,iniciado,2026-09-17,
344,1862,pausado,2026-09-17,
345,753,iniciado,2026-09-17,
346,2172,iniciado,2026-09-17,
347,642,en_progreso,2026-09-17,
348,4049,iniciado,2026-09-17,
349,205,iniciado,2026-09-17,
350,1803,en_progreso,2026-09-17,
351,517,iniciado,2026-09-17,
352,1784,completado,2026-09-17,Modulo finalizado por el estudiante
353,2048,iniciado,2026-09-17,
354,3135,iniciado,2026-09-17,
355,3812,iniciado,2026-09-17,
356,786,iniciado,2026-09-17,
357,1200,completado,2026-09-17,Modulo finalizado por el estudiante
358,4068,iniciado,2026-09-17,
359,898,completado,2026-09-17,Modulo finalizado por el estudiante
360,132,iniciado,2026-09-17,
361,906,iniciado,2026-09-17,
362,3745,iniciado,2026-09-17,
363,1681,iniciado,2026-09-17,
364,3977,iniciado,2026-09-17,
365,2072,iniciado,2026-09-17,
366,4081,pausado,2026-09-17,
367,3735,iniciado,2026-09-17,
368,1257,iniciado,2026-09-17,
369,1347,en_progreso,2026-09-17,
370,1928,iniciado,2026-09-17,
371,199,iniciado,2026-09-17,
372,2388,iniciado,2026-09-17,
373,1124,iniciado,2026-09-17,
374,1013,completado,2026-09-17,Modulo finalizado por el estudiante
375,2334,en_progreso,2026-09-17,
376,1157,en_progreso,2026-09-17,
377,2011,en_progreso,2026-09-17,
378,3929,iniciado,2026-09-17,
379,1407,iniciado,2026-09-17,
380,1770,iniciado,2026-09-17,
381,3244,iniciado,2026-09-17,
382,2584,iniciado,2026-09-17,
383,2015,pausado,2026-09-17,
384,2718,iniciado,2026-09-17,
385,1676,iniciado,2026-09-17,
386,144,iniciado,2026-09-17,
387,580,completado,2026-09-17,Modulo finalizado por el estudiante
388,1319,en_progreso,2026-09-17,
389,1337,en_progreso,2026-09-17,
390,1744,iniciado,2026-09-17,
391,3706,iniciado,2026-09-17,
392,3998,iniciado,2026-09-17,
393,1584,en_progreso,2026-09-17,
394,581,iniciado,2026-09-17,
395,1940,iniciado,2026-09-17,
396,2905,iniciado,2026-09-17,
397,962,iniciado,2026-09-17,
398,1287,iniciado,2026-09-17,
399,228,iniciado,2026-09-17,
400,3599,iniciado,2026-09-17,
401,2200,iniciado,2026-09-17,
402,7,iniciado,2026-09-17,
403,2638,iniciado,2026-09-17,
404,4101,en_progreso,2026-09-17,
405,3772,pausado,2026-09-17,
406,998,iniciado,2026-09-17,
407,1834,en_progreso,2026-09-17,
408,1670,iniciado,2026-09-17,
409,3153,en_progreso,2026-09-17,
410,3654,iniciado,2026-09-17,
411,1519,iniciado,2026-09-17,
412,2574,en_progreso,2026-09-17,
413,2029,iniciado,2026-09-17,
414,3537,iniciado,2026-09-17,
415,1495,iniciado,2026-09-17,
416,2801,en_progreso,2026-09-17,
417,1908,pausado,2026-09-17,
418,884,iniciado,2026-09-17,
419,3109,iniciado,2026-09-17,
420,2867,iniciado,2026-09-17,
421,1523,iniciado,2026-09-17,
422,2044,en_progreso,2026-09-17,
423,1451,iniciado,2026-09-17,
424,1070,en_progreso,2026-09-17,
425,3313,iniciado,2026-09-17,
426,1628,iniciado,2026-09-17,
427,2359,iniciado,2026-09-17,
428,2233,en_progreso,2026-09-17,
429,2400,completado,2026-09-17,Modulo finalizado por el estudiante
430,4049,pausado,2026-09-17,
431,3332,en_progreso,2026-09-17,
432,3200,pausado,2026-09-17,
433,473,completado,2026-09-17,Modulo finalizado por el estudiante
434,3821,en_progreso,2026-09-17,
435,4101,en_progreso,2026-09-17,
436,1236,iniciado,2026-09-17,
437,2408,iniciado,2026-09-17,
438,3086,iniciado,2026-09-17,
439,3902,iniciado,2026-09-17,
440,373,en_progreso,2026-09-17,
441,2901,en_progreso,2026-09-17,
442,2511,iniciado,2026-09-17,
443,2015,en_progreso,2026-09-17,
444,26,iniciado,2026-09-17,
445,3816,completado,2026-09-17,Modulo finalizado por el estudiante
446,536,completado,2026-09-17,Modulo finalizado por el estudiante
447,1110,en_progreso,2026-09-17,
448,2627,iniciado,2026-09-17,
449,2354,iniciado,2026-09-17,
450,259,pausado,2026-09-17,
451,615,iniciado,2026-09-17,
452,2311,en_progreso,2026-09-17,
453,2690,abandonado,2026-09-17,Sin actividad posterior registrada
454,3003,iniciado,2026-09-17,
455,1601,iniciado,2026-09-17,
456,3843,completado,2026-09-17,Modulo finalizado por el estudiante
457,3101,iniciado,2026-09-17,
458,3654,completado,2026-09-17,Modulo finalizado por el estudiante
459,2151,completado,2026-09-17,Modulo finalizado por el estudiante
460,2778,en_progreso,2026-09-17,
461,2408,en_progreso,2026-09-17,
462,3228,en_progreso,2026-09-17,
463,2464,iniciado,2026-09-17,
464,3171,iniciado,2026-09-17,
465,1212,iniciado,2026-09-17,
466,1385,iniciado,2026-09-17,
467,2221,iniciado,2026-09-17,
468,399,pausado,2026-09-17,
469,1187,en_progreso,2026-09-17,
470,2742,en_progreso,2026-09-17,
471,1932,iniciado,2026-09-17,
472,3527,en_progreso,2026-09-17,
473,2085,iniciado,2026-09-17,
474,2052,iniciado,2026-09-17,
475,1670,en_progreso,2026-09-17,
476,1050,iniciado,2026-09-17,
477,2115,en_progreso,2026-09-17,
478,3537,en_progreso,2026-09-17,
479,2905,en_progreso,2026-09-17,
480,1776,iniciado,2026-09-17,
481,1509,iniciado,2026-09-17,
482,3833,iniciado,2026-09-17,
483,1966,iniciado,2026-09-17,
484,2109,en_progreso,2026-09-17,
485,4074,iniciado,2026-09-17,
486,3048,iniciado,2026-09-17,
487,1116,iniciado,2026-09-17,
488,2477,iniciado,2026-09-17,
489,1110,en_progreso,2026-09-17,
490,1962,en_progreso,2026-09-17,
491,2040,iniciado,2026-09-17,
492,3680,iniciado,2026-09-17,
493,841,completado,2026-09-17,Modulo finalizado por el estudiante
494,642,abandonado,2026-09-17,Sin actividad posterior registrada
495,2714,iniciado,2026-09-17,
496,140,completado,2026-09-17,Modulo finalizado por el estudiante
497,2993,pausado,2026-09-17,
498,141,iniciado,2026-09-17,
499,429,iniciado,2026-09-17,
500,3266,en_progreso,2026-09-17,
501,927,iniciado,2026-09-17,
502,259,en_progreso,2026-09-17,
503,2305,iniciado,2026-09-17,
504,1656,iniciado,2026-09-17,
505,1710,iniciado,2026-09-17,
506,3878,iniciado,2026-09-17,
507,1915,en_progreso,2026-09-17,
508,2127,en_progreso,2026-09-17,
509,98,pausado,2026-09-17,
510,267,iniciado,2026-09-17,
511,1770,en_progreso,2026-09-17,
512,3309,iniciado,2026-09-17,
513,209,iniciado,2026-09-17,
514,3844,iniciado,2026-09-17,
515,156,iniciado,2026-09-17,
516,1257,en_progreso,2026-09-17,
517,782,en_progreso,2026-09-17,
518,576,iniciado,2026-09-17,
519,2855,iniciado,2026-09-17,
520,1110,en_progreso,2026-09-17,
521,1862,en_progreso,2026-09-17,
522,3812,pausado,2026-09-17,
523,3964,iniciado,2026-09-17,
524,837,abandonado,2026-09-17,Sin actividad posterior registrada
525,542,iniciado,2026-09-17,
526,2930,en_progreso,2026-09-17,
527,3449,iniciado,2026-09-17,
528,1900,en_progreso,2026-09-17,
529,389,iniciado,2026-09-17,
530,2999,iniciado,2026-09-17,
531,3521,iniciado,2026-09-17,
532,3186,en_progreso,2026-09-17,
533,1532,iniciado,2026-09-17,
534,3484,iniciado,2026-09-17,
535,3044,iniciado,2026-09-17,
536,609,iniciado,2026-09-17,
537,4064,iniciado,2026-09-17,
538,2867,completado,2026-09-17,Modulo finalizado por el estudiante
539,1762,en_progreso,2026-09-17,
540,358,iniciado,2026-09-17,
541,2578,iniciado,2026-09-17,
542,3294,iniciado,2026-09-17,
543,1731,en_progreso,2026-09-17,
544,2498,en_progreso,2026-09-17,
545,3228,completado,2026-09-17,Modulo finalizado por el estudiante
546,2338,iniciado,2026-09-17,
547,3609,en_progreso,2026-09-17,
548,2657,iniciado,2026-09-17,
549,3309,en_progreso,2026-09-17,
550,2742,completado,2026-09-17,Modulo finalizado por el estudiante
551,2371,iniciado,2026-09-17,
552,2211,iniciado,2026-09-17,
553,3731,pausado,2026-09-17,
554,1642,iniciado,2026-09-17,
555,1253,completado,2026-09-17,Modulo finalizado por el estudiante
556,443,iniciado,2026-09-17,
557,1419,iniciado,2026-09-17,
558,2291,iniciado,2026-09-17,
559,1242,completado,2026-09-17,Modulo finalizado por el estudiante
560,2888,iniciado,2026-09-17,
561,3094,iniciado,2026-09-17,
562,3401,en_progreso,2026-09-17,
563,1650,iniciado,2026-09-17,
564,933,iniciado,2026-09-17,
565,2488,iniciado,2026-09-17,
566,1085,iniciado,2026-09-17,
567,1799,iniciado,2026-09-17,
568,4068,en_progreso,2026-09-17,
569,3021,iniciado,2026-09-17,
570,3580,iniciado,2026-09-17,
571,1403,pausado,2026-09-17,
572,2632,iniciado,2026-09-17,
573,980,iniciado,2026-09-17,
574,437,iniciado,2026-09-17,
575,1232,pausado,2026-09-17,
576,2494,iniciado,2026-09-17,
577,2819,iniciado,2026-09-17,
578,3867,iniciado,2026-09-17,
579,1228,iniciado,2026-09-17,
580,3521,en_progreso,2026-09-17,
581,2275,iniciado,2026-09-17,
582,4042,iniciado,2026-09-17,
583,86,iniciado,2026-09-17,
584,474,iniciado,2026-09-17,
585,1499,iniciado,2026-09-17,
586,1128,iniciado,2026-09-17,
587,2048,pausado,2026-09-17,
588,1554,iniciado,2026-09-17,
589,3378,iniciado,2026-09-17,
590,2945,iniciado,2026-09-17,
591,1866,iniciado,2026-09-17,
592,2408,pausado,2026-09-17,
593,1748,iniciado,2026-09-17,
594,2157,iniciado,2026-09-17,
595,3805,iniciado,2026-09-17,
596,2797,en_progreso,2026-09-17,
597,1373,iniciado,2026-09-17,
598,1554,en_progreso,2026-09-17,
599,990,iniciado,2026-09-17,
600,1607,iniciado,2026-09-17,
601,604,iniciado,2026-09-17,
602,3791,iniciado,2026-09-17,
603,2728,iniciado,2026-09-17,
604,3888,pausado,2026-09-17,
605,986,iniciado,2026-09-17,
606,1106,pausado,2026-09-17,
607,1407,pausado,2026-09-17,
608,3878,en_progreso,2026-09-17,
609,505,completado,2026-09-17,Modulo finalizado por el estudiante
610,1509,en_progreso,2026-09-17,
611,72,iniciado,2026-09-17,
612,3613,iniciado,2026-09-17,
613,2718,en_progreso,2026-09-17,
614,277,pausado,2026-09-17,
615,3562,iniciado,2026-09-17,
616,636,iniciado,2026-09-17,
617,3244,completado,2026-09-17,Modulo finalizado por el estudiante
618,2502,iniciado,2026-09-17,
619,517,completado,2026-09-17,Modulo finalizado por el estudiante
620,2905,en_progreso,2026-09-17,
621,1727,iniciado,2026-09-17,
622,943,abandonado,2026-09-17,Sin actividad posterior registrada
623,1291,iniciado,2026-09-17,
624,2441,iniciado,2026-09-17,
625,570,completado,2026-09-17,Modulo finalizado por el estudiante
626,2035,en_progreso,2026-09-17,
627,3498,iniciado,2026-09-17,
628,273,iniciado,2026-09-17,
629,776,iniciado,2026-09-17,
630,763,iniciado,2026-09-17,
631,2859,iniciado,2026-09-17,
632,1548,iniciado,2026-09-17,
633,437,abandonado,2026-09-17,Sin actividad posterior registrada
634,604,pausado,2026-09-17,
635,2115,pausado,2026-09-17,
636,4042,pausado,2026-09-17,
637,3969,iniciado,2026-09-17,
638,2669,en_progreso,2026-09-17,
639,1523,completado,2026-09-17,Modulo finalizado por el estudiante
640,2186,iniciado,2026-09-17,
641,1560,iniciado,2026-09-17,
642,2893,iniciado,2026-09-17,
643,3161,en_progreso,2026-09-17,
644,506,iniciado,2026-09-17,
645,3902,en_progreso,2026-09-17,
646,3372,iniciado,2026-09-17,
647,418,en_progreso,2026-09-17,
648,384,en_progreso,2026-09-17,
649,3521,pausado,2026-09-17,
650,1495,en_progreso,2026-09-17,
651,1451,pausado,2026-09-17,
652,2318,en_progreso,2026-09-17,
653,1351,iniciado,2026-09-17,
654,4028,iniciado,2026-09-17,
655,4049,pausado,2026-09-17,
656,3378,completado,2026-09-17,Modulo finalizado por el estudiante
657,1025,iniciado,2026-09-17,
658,2168,iniciado,2026-09-17,
659,581,en_progreso,2026-09-17,
660,1359,iniciado,2026-09-17,
661,730,iniciado,2026-09-17,
662,369,iniciado,2026-09-17,
663,310,en_progreso,2026-09-17,
664,3829,iniciado,2026-09-17,
665,2893,completado,2026-09-17,Modulo finalizado por el estudiante
666,2239,iniciado,2026-09-17,
667,632,iniciado,2026-09-17,
668,2396,iniciado,2026-09-17,
669,3521,en_progreso,2026-09-17,
670,1392,iniciado,2026-09-17,
671,2559,iniciado,2026-09-17,
672,2756,iniciado,2026-09-17,
673,2527,en_progreso,2026-09-17,
674,2200,pausado,2026-09-17,
675,3076,iniciado,2026-09-17,
676,1287,en_progreso,2026-09-17,
677,3443,completado,2026-09-17,Modulo finalizado por el estudiante
678,2926,iniciado,2026-09-17,
679,2981,iniciado,2026-09-17,
680,109,abandonado,2026-09-17,Sin actividad posterior registrada
681,3439,iniciado,2026-09-17,
682,1379,iniciado,2026-09-17,
683,2934,iniciado,2026-09-17,
684,215,iniciado,2026-09-17,
685,3908,completado,2026-09-17,Modulo finalizado por el estudiante
686,2408,en_progreso,2026-09-17,
687,1429,iniciado,2026-09-17,
688,937,iniciado,2026-09-17,
689,2977,iniciado,2026-09-17,
690,2227,iniciado,2026-09-17,
691,3245,iniciado,2026-09-17,
692,2523,iniciado,2026-09-17,
693,474,en_progreso,2026-09-17,
694,1646,iniciado,2026-09-17,
695,3427,iniciado,2026-09-17,
696,537,iniciado,2026-09-17,
697,831,iniciado,2026-09-17,
698,1689,iniciado,2026-09-17,
699,2097,iniciado,2026-09-17,
700,3556,iniciado,2026-09-17,
701,2542,iniciado,2026-09-17,
702,1485,iniciado,2026-09-17,
703,3388,completado,2026-09-17,Modulo finalizado por el estudiante
704,3894,iniciado,2026-09-17,
705,2811,iniciado,2026-09-17,
706,193,iniciado,2026-09-17,
707,2329,iniciado,2026-09-17,
708,459,en_progreso,2026-09-17,
709,3958,iniciado,2026-09-17,
710,2058,iniciado,2026-09-17,
711,2632,completado,2026-09-17,Modulo finalizado por el estudiante
712,7,pausado,2026-09-17,
713,2774,iniciado,2026-09-17,
714,2371,en_progreso,2026-09-17,
715,1848,iniciado,2026-09-17,
716,3177,iniciado,2026-09-17,
717,3874,en_progreso,2026-09-17,
718,267,en_progreso,2026-09-17,
719,1481,en_progreso,2026-09-17,
720,623,en_progreso,2026-09-17,
721,4098,iniciado,2026-09-17,
722,1236,pausado,2026-09-17,
723,1595,pausado,2026-09-17,
724,2819,en_progreso,2026-09-17,
725,581,en_progreso,2026-09-17,
726,797,en_progreso,2026-09-17,
727,2608,iniciado,2026-09-17,
728,3613,en_progreso,2026-09-17,
729,2418,iniciado,2026-09-17,
730,1257,en_progreso,2026-09-17,
731,994,iniciado,2026-09-17,
732,3055,en_progreso,2026-09-17,
733,365,en_progreso,2026-09-17,
734,2109,en_progreso,2026-09-17,
735,1369,completado,2026-09-17,Modulo finalizado por el estudiante
736,1458,iniciado,2026-09-17,
737,3721,iniciado,2026-09-17,
738,1532,completado,2026-09-17,Modulo finalizado por el estudiante
739,2949,iniciado,2026-09-17,
740,3372,en_progreso,2026-09-17,
741,2756,en_progreso,2026-09-17,
742,3909,iniciado,2026-09-17,
743,2778,en_progreso,2026-09-17,
744,986,abandonado,2026-09-17,Sin actividad posterior registrada
745,1236,pausado,2026-09-17,
746,1216,iniciado,2026-09-17,
747,3977,en_progreso,2026-09-17,
748,2430,iniciado,2026-09-17,
749,3617,iniciado,2026-09-17,
750,1951,iniciado,2026-09-17,
751,1976,iniciado,2026-09-17,
752,3397,completado,2026-09-17,Modulo finalizado por el estudiante
753,3332,abandonado,2026-09-17,Sin actividad posterior registrada
754,2546,abandonado,2026-09-17,Sin actividad posterior registrada
755,650,iniciado,2026-09-17,
756,2584,abandonado,2026-09-17,Sin actividad posterior registrada
757,1706,completado,2026-09-17,Modulo finalizado por el estudiante
758,2257,iniciado,2026-09-17,
759,513,iniciado,2026-09-17,
760,2711,iniciado,2026-09-17,
761,2344,iniciado,2026-09-17,
762,76,pausado,2026-09-17,
763,2091,iniciado,2026-09-17,
764,3366,iniciado,2026-09-17,
765,801,iniciado,2026-09-17,
766,389,en_progreso,2026-09-17,
767,1738,iniciado,2026-09-17,
768,3196,iniciado,2026-09-17,
769,3572,iniciado,2026-09-17,
770,2035,pausado,2026-09-17,
771,1689,completado,2026-09-17,Modulo finalizado por el estudiante
772,2748,iniciado,2026-09-17,
773,1946,iniciado,2026-09-17,
774,1632,pausado,2026-09-17,
775,3909,en_progreso,2026-09-17,
776,3167,en_progreso,2026-09-17,
777,1485,abandonado,2026-09-17,Sin actividad posterior registrada
778,3847,iniciado,2026-09-17,
779,470,en_progreso,2026-09-17,
780,3255,iniciado,2026-09-17,
781,3627,iniciado,2026-09-17,
782,513,en_progreso,2026-09-17,
783,152,en_progreso,2026-09-17,
784,1519,en_progreso,2026-09-17,
785,1265,en_progreso,2026-09-17,
786,4087,en_progreso,2026-09-17,
787,3129,completado,2026-09-17,Modulo finalizado por el estudiante
788,3182,iniciado,2026-09-17,
789,3521,en_progreso,2026-09-17,
790,740,iniciado,2026-09-17,
791,1206,iniciado,2026-09-17,
792,2376,iniciado,2026-09-17,
793,3280,en_progreso,2026-09-17,
794,47,completado,2026-09-17,Modulo finalizado por el estudiante
795,2396,completado,2026-09-17,Modulo finalizado por el estudiante
796,3488,iniciado,2026-09-17,
797,2811,en_progreso,2026-09-17,
798,1776,abandonado,2026-09-17,Sin actividad posterior registrada
799,1544,iniciado,2026-09-17,
800,3290,iniciado,2026-09-17,
801,2180,iniciado,2026-09-17,
802,3568,en_progreso,2026-09-17,
803,1042,abandonado,2026-09-17,Sin actividad posterior registrada
804,2498,en_progreso,2026-09-17,
805,1852,iniciado,2026-09-17,
806,2953,iniciado,2026-09-17,
807,1533,iniciado,2026-09-17,
808,3617,en_progreso,2026-09-17,
809,3401,en_progreso,2026-09-17,
810,3551,iniciado,2026-09-17,
811,4020,iniciado,2026-09-17,
812,3847,abandonado,2026-09-17,Sin actividad posterior registrada
813,3121,iniciado,2026-09-17,
814,3859,iniciado,2026-09-17,
815,2569,completado,2026-09-17,Modulo finalizado por el estudiante
816,1491,iniciado,2026-09-17,
817,4014,iniciado,2026-09-17,
818,1201,iniciado,2026-09-17,
819,3125,iniciado,2026-09-17,
820,1818,en_progreso,2026-09-17,
821,1303,iniciado,2026-09-17,
822,3504,completado,2026-09-17,Modulo finalizado por el estudiante
823,3969,pausado,2026-09-17,
824,711,iniciado,2026-09-17,
825,3240,en_progreso,2026-09-17,
826,209,en_progreso,2026-09-17,
827,2977,en_progreso,2026-09-17,
828,1533,en_progreso,2026-09-17,
829,1054,iniciado,2026-09-17,
830,682,iniciado,2026-09-17,
831,4068,en_progreso,2026-09-17,
832,2748,en_progreso,2026-09-17,
833,853,iniciado,2026-09-17,
834,1332,completado,2026-09-17,Modulo finalizado por el estudiante
835,2494,abandonado,2026-09-17,Sin actividad posterior registrada
836,1533,pausado,2026-09-17,
837,1748,completado,2026-09-17,Modulo finalizado por el estudiante
838,2418,abandonado,2026-09-17,Sin actividad posterior registrada
839,730,completado,2026-09-17,Modulo finalizado por el estudiante
840,1179,iniciado,2026-09-17,
841,3505,iniciado,2026-09-17,
842,3756,iniciado,2026-09-17,
843,3494,iniciado,2026-09-17,
844,2044,abandonado,2026-09-17,Sin actividad posterior registrada
845,2884,iniciado,2026-09-17,
846,1886,iniciado,2026-09-17,
847,470,completado,2026-09-17,Modulo finalizado por el estudiante
848,72,en_progreso,2026-09-17,
849,1900,pausado,2026-09-17,
850,3488,en_progreso,2026-09-17,
851,3302,completado,2026-09-17,Modulo finalizado por el estudiante
852,553,iniciado,2026-09-17,
853,3505,en_progreso,2026-09-17,
854,2901,en_progreso,2026-09-17,
855,3359,iniciado,2026-09-17,
856,330,iniciado,2026-09-17,
857,3290,completado,2026-09-17,Modulo finalizado por el estudiante
858,3635,en_progreso,2026-09-17,
859,726,iniciado,2026-09-17,
860,239,iniciado,2026-09-17,
861,199,en_progreso,2026-09-17,
862,501,iniciado,2026-09-17,
863,1224,iniciado,2026-09-17,
864,2793,iniciado,2026-09-17,
865,701,en_progreso,2026-09-17,
866,3859,pausado,2026-09-17,
867,2805,en_progreso,2026-09-17,
868,801,completado,2026-09-17,Modulo finalizado por el estudiante
869,3398,iniciado,2026-09-17,
870,509,completado,2026-09-17,Modulo finalizado por el estudiante
871,3186,en_progreso,2026-09-17,
872,173,iniciado,2026-09-17,
873,3584,iniciado,2026-09-17,
874,1908,en_progreso,2026-09-17,
875,1228,completado,2026-09-17,Modulo finalizado por el estudiante
876,510,iniciado,2026-09-17,
877,3568,en_progreso,2026-09-17,
878,3344,iniciado,2026-09-17,
879,1852,en_progreso,2026-09-17,
880,627,completado,2026-09-17,Modulo finalizado por el estudiante
881,2354,en_progreso,2026-09-17,
882,3309,pausado,2026-09-17,
883,115,iniciado,2026-09-17,
884,263,completado,2026-09-17,Modulo finalizado por el estudiante
885,1265,abandonado,2026-09-17,Sin actividad posterior registrada
886,4093,pausado,2026-09-17,
887,361,completado,2026-09-17,Modulo finalizado por el estudiante
888,2873,en_progreso,2026-09-17,
889,1216,en_progreso,2026-09-17,
890,3090,en_progreso,2026-09-17,
891,753,abandonado,2026-09-17,Sin actividad posterior registrada
892,2815,iniciado,2026-09-17,
893,1311,iniciado,2026-09-17,
894,906,en_progreso,2026-09-17,
895,676,en_progreso,2026-09-17,
896,1243,iniciado,2026-09-17,
897,3055,en_progreso,2026-09-17,
898,273,en_progreso,2026-09-17,
899,581,pausado,2026-09-17,
900,2484,iniciado,2026-09-17,
901,2334,completado,2026-09-17,Modulo finalizado por el estudiante
902,2679,pausado,2026-09-17,
903,2350,iniciado,2026-09-17,
904,2633,iniciado,2026-09-17,
905,1161,iniciado,2026-09-17,
906,3192,iniciado,2026-09-17,
907,228,pausado,2026-09-17,
908,3427,en_progreso,2026-09-17,
909,162,iniciado,2026-09-17,
910,320,iniciado,2026-09-17,
911,2502,completado,2026-09-17,Modulo finalizado por el estudiante
912,2211,pausado,2026-09-17,
913,2563,pausado,2026-09-17,
914,2305,en_progreso,2026-09-17,
915,3157,iniciado,2026-09-17,
916,772,en_progreso,2026-09-17,
917,3291,iniciado,2026-09-17,
918,3038,en_progreso,2026-09-17,
919,3101,en_progreso,2026-09-17,
920,3141,en_progreso,2026-09-17,
921,587,iniciado,2026-09-17,
922,3405,iniciado,2026-09-17,
923,3389,iniciado,2026-09-17,
924,4004,iniciado,2026-09-17,
925,2863,iniciado,2026-09-17,
926,3756,completado,2026-09-17,Modulo finalizado por el estudiante
927,2233,en_progreso,2026-09-17,
928,1762,completado,2026-09-17,Modulo finalizado por el estudiante
929,2068,iniciado,2026-09-17,
930,2157,pausado,2026-09-17,
931,1632,en_progreso,2026-09-17,
932,1940,abandonado,2026-09-17,Sin actividad posterior registrada
933,3584,completado,2026-09-17,Modulo finalizado por el estudiante
934,351,en_progreso,2026-09-17,
935,2250,iniciado,2026-09-17,
936,495,iniciado,2026-09-17,
937,3884,pausado,2026-09-17,
938,672,iniciado,2026-09-17,
939,2894,iniciado,2026-09-17,
940,314,iniciado,2026-09-17,
941,3048,abandonado,2026-09-17,Sin actividad posterior registrada
942,2922,iniciado,2026-09-17,
943,1715,pausado,2026-09-17,
944,2134,en_progreso,2026-09-17,
945,3918,iniciado,2026-09-17,
946,2200,completado,2026-09-17,Modulo finalizado por el estudiante
947,3768,en_progreso,2026-09-17,
948,1628,en_progreso,2026-09-17,
949,1116,en_progreso,2026-09-17,
950,553,en_progreso,2026-09-17,
951,587,completado,2026-09-17,Modulo finalizado por el estudiante
952,2977,en_progreso,2026-09-17,
953,2917,abandonado,2026-09-17,Sin actividad posterior registrada
954,3245,pausado,2026-09-17,
955,3359,pausado,2026-09-17,
956,3177,completado,2026-09-17,Modulo finalizado por el estudiante
957,3627,en_progreso,2026-09-17,
958,3668,iniciado,2026-09-17,
959,3981,iniciado,2026-09-17,
960,1613,iniciado,2026-09-17,
961,1763,iniciado,2026-09-17,
962,1824,en_progreso,2026-09-17,
963,2945,pausado,2026-09-17,
964,365,en_progreso,2026-09-17,
965,162,en_progreso,2026-09-17,
966,1955,iniciado,2026-09-17,
967,2180,en_progreso,2026-09-17,
968,1628,pausado,2026-09-17,
969,4060,iniciado,2026-09-17,
970,2953,pausado,2026-09-17,
971,273,en_progreso,2026-09-17,
972,259,pausado,2026-09-17,
973,1419,en_progreso,2026-09-17,
974,3167,en_progreso,2026-09-17,
975,3948,iniciado,2026-09-17,
976,2679,en_progreso,2026-09-17,
977,1481,pausado,2026-09-17,
978,3094,en_progreso,2026-09-17,
979,239,en_progreso,2026-09-17,
980,288,en_progreso,2026-09-17,
981,1110,completado,2026-09-17,Modulo finalizado por el estudiante
982,3994,iniciado,2026-09-17,
983,1333,iniciado,2026-09-17,
984,1513,en_progreso,2026-09-17,
985,3902,en_progreso,2026-09-17,
986,2783,pausado,2026-09-17,
987,2623,iniciado,2026-09-17,
988,2905,completado,2026-09-17,Modulo finalizado por el estudiante
989,1839,iniciado,2026-09-17,
990,373,en_progreso,2026-09-17,
991,2269,iniciado,2026-09-17,
992,98,en_progreso,2026-09-17,
993,1632,pausado,2026-09-17,
994,2981,en_progreso,2026-09-17,
995,1513,en_progreso,2026-09-17,
996,1690,iniciado,2026-09-17,
997,892,iniciado,2026-09-17,
998,3222,en_progreso,2026-09-17,
999,1878,en_progreso,2026-09-17,
1000,1278,iniciado,2026-09-17,
1001,2196,iniciado,2026-09-18,
1002,167,iniciado,2026-09-18,
1003,156,en_progreso,2026-09-18,
1004,3141,en_progreso,2026-09-18,
1005,3398,pausado,2026-09-18,
1006,2180,en_progreso,2026-09-18,
1007,32,completado,2026-09-18,Modulo finalizado por el estudiante
1008,831,pausado,2026-09-18,
1009,1766,iniciado,2026-09-18,
1010,1451,en_progreso,2026-09-18,
1011,1749,iniciado,2026-09-18,
1012,521,en_progreso,2026-09-18,
1013,1788,iniciado,2026-09-18,
1014,3153,en_progreso,2026-09-18,
1015,2397,iniciado,2026-09-18,
1016,2801,en_progreso,2026-09-18,
1017,410,iniciado,2026-09-18,
1018,2873,en_progreso,2026-09-18,
1019,1878,pausado,2026-09-18,
1020,3680,en_progreso,2026-09-18,
1021,4036,iniciado,2026-09-18,
1022,1513,abandonado,2026-09-18,Sin actividad posterior registrada
1023,1220,iniciado,2026-09-18,
1024,518,iniciado,2026-09-18,
1025,1980,iniciado,2026-09-18,
1026,1451,en_progreso,2026-09-18,
1027,849,iniciado,2026-09-18,
1028,1928,en_progreso,2026-09-18,
1029,3668,completado,2026-09-18,Modulo finalizado por el estudiante
1030,3392,iniciado,2026-09-18,
1031,373,pausado,2026-09-18,
1032,892,en_progreso,2026-09-18,
1033,2412,en_progreso,2026-09-18,
1034,3348,iniciado,2026-09-18,
1035,3603,iniciado,2026-09-18,
1036,2901,en_progreso,2026-09-18,
1037,4020,completado,2026-09-18,Modulo finalizado por el estudiante
1038,1201,completado,2026-09-18,Modulo finalizado por el estudiante
1039,1650,en_progreso,2026-09-18,
1040,2953,completado,2026-09-18,Modulo finalizado por el estudiante
1041,1646,en_progreso,2026-09-18,
1042,3366,en_progreso,2026-09-18,
1043,1291,pausado,2026-09-18,
1044,2815,en_progreso,2026-09-18,
1045,3044,en_progreso,2026-09-18,
1046,718,iniciado,2026-09-18,
1047,2669,en_progreso,2026-09-18,
1048,561,iniciado,2026-09-18,
1049,797,pausado,2026-09-18,
1050,3568,en_progreso,2026-09-18,
1051,1984,iniciado,2026-09-18,
1052,3115,abandonado,2026-09-18,Sin actividad posterior registrada
1053,2770,en_progreso,2026-09-18,
1054,58,pausado,2026-09-18,
1055,588,iniciado,2026-09-18,
1056,3580,completado,2026-09-18,Modulo finalizado por el estudiante
1057,3933,iniciado,2026-09-18,
1058,1392,completado,2026-09-18,Modulo finalizado por el estudiante
1059,1770,en_progreso,2026-09-18,
1060,2371,en_progreso,2026-09-18,
1061,3772,en_progreso,2026-09-18,
1062,927,en_progreso,2026-09-18,
1063,3276,en_progreso,2026-09-18,
1064,3186,en_progreso,2026-09-18,
1065,845,iniciado,2026-09-18,
1066,2819,abandonado,2026-09-18,Sin actividad posterior registrada
1067,2778,completado,2026-09-18,Modulo finalizado por el estudiante
1068,3141,en_progreso,2026-09-18,
1069,1886,completado,2026-09-18,Modulo finalizado por el estudiante
1070,1607,en_progreso,2026-09-18,
1071,2959,completado,2026-09-18,Modulo finalizado por el estudiante
1072,447,iniciado,2026-09-18,
1073,3837,en_progreso,2026-09-18,
1074,3988,iniciado,2026-09-18,
1075,2789,completado,2026-09-18,Modulo finalizado por el estudiante
1076,662,pausado,2026-09-18,
1077,2868,iniciado,2026-09-18,
1078,863,en_progreso,2026-09-18,
1079,2205,abandonado,2026-09-18,Sin actividad posterior registrada
1080,2829,iniciado,2026-09-18,
1081,3969,pausado,2026-09-18,
1082,1058,pausado,2026-09-18,
1083,2077,iniciado,2026-09-18,
1084,3531,iniciado,2026-09-18,
1085,3417,en_progreso,2026-09-18,
1086,2366,iniciado,2026-09-18,
1087,619,iniciado,2026-09-18,
1088,1297,iniciado,2026-09-18,
1089,1179,en_progreso,2026-09-18,
1090,2897,iniciado,2026-09-18,
1091,1206,pausado,2026-09-18,
1092,39,iniciado,2026-09-18,
1093,369,pausado,2026-09-18,
1094,310,en_progreso,2026-09-18,
1095,1723,iniciado,2026-09-18,
1096,369,en_progreso,2026-09-18,
1097,2555,en_progreso,2026-09-18,
1098,2981,pausado,2026-09-18,
1099,1272,iniciado,2026-09-18,
1100,4120,iniciado,2026-09-18,
1101,2484,completado,2026-09-18,Modulo finalizado por el estudiante
1102,998,en_progreso,2026-09-18,
1103,1844,iniciado,2026-09-18,
1104,2211,en_progreso,2026-09-18,
1105,283,iniciado,2026-09-18,
1106,3543,iniciado,2026-09-18,
1107,3439,abandonado,2026-09-18,Sin actividad posterior registrada
1108,506,en_progreso,2026-09-18,
1109,557,en_progreso,2026-09-18,
1110,2350,en_progreso,2026-09-18,
1111,2424,iniciado,2026-09-18,
1112,1307,iniciado,2026-09-18,
1113,395,iniciado,2026-09-18,
1114,2318,completado,2026-09-18,Modulo finalizado por el estudiante
1115,2878,iniciado,2026-09-18,
1116,506,en_progreso,2026-09-18,
1117,76,abandonado,2026-09-18,Sin actividad posterior registrada
1118,3969,completado,2026-09-18,Modulo finalizado por el estudiante
1119,873,iniciado,2026-09-18,
1120,2121,en_progreso,2026-09-18,
1121,2091,completado,2026-09-18,Modulo finalizado por el estudiante
1122,863,en_progreso,2026-09-18,
1123,1385,completado,2026-09-18,Modulo finalizado por el estudiante
1124,2388,en_progreso,2026-09-18,
1125,3853,abandonado,2026-09-18,Sin actividad posterior registrada
1126,2911,iniciado,2026-09-18,
1127,3488,pausado,2026-09-18,
1128,811,iniciado,2026-09-18,
1129,1005,en_progreso,2026-09-18,
1130,3038,pausado,2026-09-18,
1131,324,pausado,2026-09-18,
1132,306,iniciado,2026-09-18,
1133,267,pausado,2026-09-18,
1134,2648,iniciado,2026-09-18,
1135,2790,iniciado,2026-09-18,
1136,827,en_progreso,2026-09-18,
1137,980,en_progreso,2026-09-18,
1138,1232,en_progreso,2026-09-18,
1139,2981,en_progreso,2026-09-18,
1140,3261,en_progreso,2026-09-18,
1141,2960,iniciado,2026-09-18,
1142,2752,en_progreso,2026-09-18,
1143,3531,pausado,2026-09-18,
1144,1254,iniciado,2026-09-18,
1145,1386,iniciado,2026-09-18,
1146,2068,en_progreso,2026-09-18,
1147,2401,iniciado,2026-09-18,
1148,1656,completado,2026-09-18,Modulo finalizado por el estudiante
1149,384,en_progreso,2026-09-18,
1150,2949,abandonado,2026-09-18,Sin actividad posterior registrada
1151,389,en_progreso,2026-09-18,
1152,688,iniciado,2026-09-18,
1153,1824,completado,2026-09-18,Modulo finalizado por el estudiante
1154,1287,en_progreso,2026-09-18,
1155,2852,iniciado,2026-09-18,
1156,3716,iniciado,2026-09-18,
1157,1584,pausado,2026-09-18,
1158,3453,iniciado,2026-09-18,
1159,2779,iniciado,2026-09-18,
1160,43,iniciado,2026-09-18,
1161,3527,completado,2026-09-18,Modulo finalizado por el estudiante
1162,1568,completado,2026-09-18,Modulo finalizado por el estudiante
1163,537,completado,2026-09-18,Modulo finalizado por el estudiante
1164,701,en_progreso,2026-09-18,
1165,3922,pausado,2026-09-18,
1166,1423,en_progreso,2026-09-18,
1167,1794,iniciado,2026-09-18,
1168,1077,iniciado,2026-09-18,
1169,3627,pausado,2026-09-18,
1170,1379,en_progreso,2026-09-18,
1171,273,en_progreso,2026-09-18,
1172,1451,en_progreso,2026-09-18,
1173,676,pausado,2026-09-18,
1174,1370,iniciado,2026-09-18,
1175,849,pausado,2026-09-18,
1176,2888,pausado,2026-09-18,
1177,2941,en_progreso,2026-09-18,
1178,3646,completado,2026-09-18,Modulo finalizado por el estudiante
1179,2859,en_progreso,2026-09-18,
1180,2894,en_progreso,2026-09-18,
1181,1619,iniciado,2026-09-18,
1182,1900,completado,2026-09-18,Modulo finalizado por el estudiante
1183,215,completado,2026-09-18,Modulo finalizado por el estudiante
1184,1111,iniciado,2026-09-18,
1185,3603,en_progreso,2026-09-18,
1186,4116,iniciado,2026-09-18,
1187,2934,completado,2026-09-18,Modulo finalizado por el estudiante
1188,2121,abandonado,2026-09-18,Sin actividad posterior registrada
1189,3964,en_progreso,2026-09-18,
1190,853,abandonado,2026-09-18,Sin actividad posterior registrada
1191,933,completado,2026-09-18,Modulo finalizado por el estudiante
1192,141,en_progreso,2026-09-18,
1193,2164,iniciado,2026-09-18,
1194,3551,completado,2026-09-18,Modulo finalizado por el estudiante
1195,1311,en_progreso,2026-09-18,
1196,557,en_progreso,2026-09-18,
1197,2485,iniciado,2026-09-18,
1198,1176,iniciado,2026-09-18,
1199,1065,iniciado,2026-09-18,
1200,2430,en_progreso,2026-09-18,
1201,1206,en_progreso,2026-09-18,
1202,2085,en_progreso,2026-09-18,
1203,4093,en_progreso,2026-09-18,
1204,2092,iniciado,2026-09-18,
1205,3599,abandonado,2026-09-18,Sin actividad posterior registrada
1206,2829,en_progreso,2026-09-18,
1207,1370,en_progreso,2026-09-18,
1208,1393,iniciado,2026-09-18,
1209,209,en_progreso,2026-09-18,
1210,3867,completado,2026-09-18,Modulo finalizado por el estudiante
1211,2295,pausado,2026-09-18,
1212,2704,iniciado,2026-09-18,
1213,597,iniciado,2026-09-18,
1214,2015,completado,2026-09-18,Modulo finalizado por el estudiante
1215,1009,iniciado,2026-09-18,
1216,1337,en_progreso,2026-09-18,
1217,2748,completado,2026-09-18,Modulo finalizado por el estudiante
1218,2837,iniciado,2026-09-18,
1219,3642,iniciado,2026-09-18,
1220,3812,completado,2026-09-18,Modulo finalizado por el estudiante
1221,3909,pausado,2026-09-18,
1222,1901,iniciado,2026-09-18,
1223,2269,en_progreso,2026-09-18,
1224,1731,pausado,2026-09-18,
1225,3517,iniciado,2026-09-18,
1226,646,iniciado,2026-09-18,
1227,3817,iniciado,2026-09-18,
1228,1578,iniciado,2026-09-18,
1229,2679,en_progreso,2026-09-18,
1230,2105,iniciado,2026-09-18,
1231,3692,en_progreso,2026-09-18,
1232,2211,pausado,2026-09-18,
1233,1984,pausado,2026-09-18,
1234,916,iniciado,2026-09-18,
1235,3255,pausado,2026-09-18,
1236,2127,en_progreso,2026-09-18,
1237,1509,en_progreso,2026-09-18,
1238,3206,pausado,2026-09-18,
1239,2460,en_progreso,2026-09-18,
1240,2704,en_progreso,2026-09-18,
1241,3902,en_progreso,2026-09-18,
1242,2722,pausado,2026-09-18,
1243,3276,en_progreso,2026-09-18,
1244,3981,en_progreso,2026-09-18,
1245,1058,en_progreso,2026-09-18,
1246,2511,pausado,2026-09-18,
1247,4068,en_progreso,2026-09-18,
1248,3322,pausado,2026-09-18,
1249,3805,pausado,2026-09-18,
1250,2619,en_progreso,2026-09-18,
1251,3647,iniciado,2026-09-18,
1252,26,completado,2026-09-18,Modulo finalizado por el estudiante
1253,4081,completado,2026-09-18,Modulo finalizado por el estudiante
1254,4126,iniciado,2026-09-18,
1255,2239,en_progreso,2026-09-18,
1256,3686,en_progreso,2026-09-18,
1257,1315,iniciado,2026-09-18,
1258,628,iniciado,2026-09-18,
1259,2404,iniciado,2026-09-18,
1260,694,iniciado,2026-09-18,
1261,2454,iniciado,2026-09-18,
1262,3537,en_progreso,2026-09-18,
1263,1666,abandonado,2026-09-18,Sin actividad posterior registrada
1264,2338,pausado,2026-09-18,
1265,3817,completado,2026-09-18,Modulo finalizado por el estudiante
1266,2250,completado,2026-09-18,Modulo finalizado por el estudiante
1267,2888,en_progreso,2026-09-18,
1268,2517,iniciado,2026-09-18,
1269,2376,en_progreso,2026-09-18,
1270,3379,iniciado,2026-09-18,
1271,1458,completado,2026-09-18,Modulo finalizado por el estudiante
1272,2756,en_progreso,2026-09-18,
1273,2325,en_progreso,2026-09-18,
1274,1429,en_progreso,2026-09-18,
1275,425,iniciado,2026-09-18,
1276,722,en_progreso,2026-09-18,
1277,802,iniciado,2026-09-18,
1278,3749,iniciado,2026-09-18,
1279,1135,en_progreso,2026-09-18,
1280,2859,en_progreso,2026-09-18,
1281,2217,iniciado,2026-09-18,
1282,2040,completado,2026-09-18,Modulo finalizado por el estudiante
1283,3090,completado,2026-09-18,Modulo finalizado por el estudiante
1284,115,completado,2026-09-18,Modulo finalizado por el estudiante
1285,4060,pausado,2026-09-18,
1286,2527,en_progreso,2026-09-18,
1287,3998,en_progreso,2026-09-18,
1288,2211,en_progreso,2026-09-18,
1289,3192,completado,2026-09-18,Modulo finalizado por el estudiante
1290,2588,iniciado,2026-09-18,
1291,1161,en_progreso,2026-09-18,
1292,2041,iniciado,2026-09-18,
1293,1766,pausado,2026-09-18,
1294,2127,pausado,2026-09-18,
1295,2473,completado,2026-09-18,Modulo finalizado por el estudiante
1296,3294,en_progreso,2026-09-18,
1297,3135,pausado,2026-09-18,
1298,148,iniciado,2026-09-18,
1299,443,pausado,2026-09-18,
1300,705,iniciado,2026-09-18,
1301,2441,en_progreso,2026-09-18,
1302,1723,en_progreso,2026-09-18,
1303,4036,completado,2026-09-18,Modulo finalizado por el estudiante
1304,1462,completado,2026-09-18,Modulo finalizado por el estudiante
1305,2221,en_progreso,2026-09-18,
1306,102,iniciado,2026-09-18,
1307,3977,en_progreso,2026-09-18,
1308,1839,en_progreso,2026-09-18,
1309,3459,en_progreso,2026-09-18,
1310,1307,en_progreso,2026-09-18,
1311,802,en_progreso,2026-09-18,
1312,591,iniciado,2026-09-18,
1313,2973,iniciado,2026-09-18,
1314,1157,en_progreso,2026-09-18,
1315,1932,en_progreso,2026-09-18,
1316,3970,iniciado,2026-09-18,
1317,3813,iniciado,2026-09-18,
1318,591,completado,2026-09-18,Modulo finalizado por el estudiante
1319,863,abandonado,2026-09-18,Sin actividad posterior registrada
1320,557,pausado,2026-09-18,
1321,1646,pausado,2026-09-18,
1322,1976,en_progreso,2026-09-18,
1323,399,pausado,2026-09-18,
1324,3322,en_progreso,2026-09-18,
1325,1590,iniciado,2026-09-18,
1326,3635,pausado,2026-09-18,
1327,623,completado,2026-09-18,Modulo finalizado por el estudiante
1328,2987,iniciado,2026-09-18,
1329,224,en_progreso,2026-09-18,
1330,1951,en_progreso,2026-09-18,
1331,62,iniciado,2026-09-18,
1332,2221,completado,2026-09-18,Modulo finalizado por el estudiante
1333,547,en_progreso,2026-09-18,
1334,2437,iniciado,2026-09-18,
1335,3762,iniciado,2026-09-18,
1336,802,en_progreso,2026-09-18,
1337,3459,en_progreso,2026-09-18,
1338,2845,iniciado,2026-09-18,
1339,4116,en_progreso,2026-09-18,
1340,3888,pausado,2026-09-18,
1341,1707,iniciado,2026-09-18,
1342,1303,completado,2026-09-18,Modulo finalizado por el estudiante
1343,455,iniciado,2026-09-18,
1344,1472,iniciado,2026-09-18,
1345,2388,en_progreso,2026-09-18,
1346,3234,iniciado,2026-09-18,
1347,3556,en_progreso,2026-09-18,
1348,1715,en_progreso,2026-09-18,
1349,1359,en_progreso,2026-09-18,
1350,3731,completado,2026-09-18,Modulo finalizado por el estudiante
1351,2935,iniciado,2026-09-18,
1352,53,iniciado,2026-09-18,
1353,2743,iniciado,2026-09-18,
1354,1019,iniciado,2026-09-18,
1355,451,iniciado,2026-09-18,
1356,1283,iniciado,2026-09-18,
1357,3825,iniciado,2026-09-18,
1358,2144,iniciado,2026-09-18,
1359,2596,iniciado,2026-09-18,
1360,2930,completado,2026-09-18,Modulo finalizado por el estudiante
1361,3669,iniciado,2026-09-18,
1362,2527,pausado,2026-09-18,
1363,2608,en_progreso,2026-09-18,
1364,1554,en_progreso,2026-09-18,
1365,1619,pausado,2026-09-18,
1366,1936,en_progreso,2026-09-18,
1367,2251,iniciado,2026-09-18,
1368,3964,pausado,2026-09-18,
1369,1852,pausado,2026-09-18,
1370,1429,en_progreso,2026-09-18,
1371,3829,en_progreso,2026-09-18,
1372,2833,abandonado,2026-09-18,Sin actividad posterior registrada
1373,3669,en_progreso,2026-09-18,
1374,2570,iniciado,2026-09-18,
1375,1463,iniciado,2026-09-18,
1376,3859,pausado,2026-09-18,
1377,4042,en_progreso,2026-09-18,
1378,518,completado,2026-09-18,Modulo finalizado por el estudiante
1379,1564,iniciado,2026-09-18,
1380,1206,en_progreso,2026-09-18,
1381,3772,en_progreso,2026-09-18,
1382,288,pausado,2026-09-18,
1383,3716,completado,2026-09-18,Modulo finalizado por el estudiante
1384,3392,completado,2026-09-18,Modulo finalizado por el estudiante
1385,2608,en_progreso,2026-09-18,
1386,1505,en_progreso,2026-09-18,
1387,980,abandonado,2026-09-18,Sin actividad posterior registrada
1388,1337,completado,2026-09-18,Modulo finalizado por el estudiante
1389,2542,en_progreso,2026-09-18,
1390,2619,en_progreso,2026-09-18,
1391,283,en_progreso,2026-09-18,
1392,1613,en_progreso,2026-09-18,
1393,2960,completado,2026-09-18,Modulo finalizado por el estudiante
1394,3222,pausado,2026-09-18,
1395,3291,en_progreso,2026-09-18,
1396,2392,iniciado,2026-09-18,
1397,2350,en_progreso,2026-09-18,
1398,2275,en_progreso,2026-09-18,
1399,3245,abandonado,2026-09-18,Sin actividad posterior registrada
1400,513,completado,2026-09-18,Modulo finalizado por el estudiante
1401,1111,pausado,2026-09-18,
1402,1398,pausado,2026-09-18,
1403,821,en_progreso,2026-09-18,
1404,821,en_progreso,2026-09-18,
1405,3161,en_progreso,2026-09-18,
1406,1533,pausado,2026-09-18,
1407,3749,completado,2026-09-18,Modulo finalizado por el estudiante
1408,373,pausado,2026-09-18,
1409,1398,completado,2026-09-18,Modulo finalizado por el estudiante
1410,3326,iniciado,2026-09-18,
1411,3135,pausado,2026-09-18,
1412,1065,en_progreso,2026-09-18,
1413,3459,en_progreso,2026-09-18,
1414,740,en_progreso,2026-09-18,
1415,1628,pausado,2026-09-18,
1416,3015,iniciado,2026-09-18,
1417,1533,en_progreso,2026-09-18,
1418,1613,pausado,2026-09-18,
1419,1439,en_progreso,2026-09-18,
1420,425,pausado,2026-09-18,
1421,2291,pausado,2026-09-18,
1422,3210,iniciado,2026-09-18,
1423,1327,en_progreso,2026-09-18,
1424,3603,completado,2026-09-18,Modulo finalizado por el estudiante
1425,3060,iniciado,2026-09-18,
1426,3125,abandonado,2026-09-18,Sin actividad posterior registrada
1427,4087,pausado,2026-09-18,
1428,1423,pausado,2026-09-18,
1429,4074,completado,2026-09-18,Modulo finalizado por el estudiante
1430,2503,iniciado,2026-09-18,
1431,2756,pausado,2026-09-18,
1432,1472,en_progreso,2026-09-18,
1433,3393,iniciado,2026-09-18,
1434,2619,abandonado,2026-09-18,Sin actividad posterior registrada
1435,2503,en_progreso,2026-09-18,
1436,3589,iniciado,2026-09-18,
1437,542,completado,2026-09-18,Modulo finalizado por el estudiante
1438,1744,en_progreso,2026-09-18,
1439,3552,iniciado,2026-09-18,
1440,2109,completado,2026-09-18,Modulo finalizado por el estudiante
1441,2922,en_progreso,2026-09-18,
1442,1338,iniciado,2026-09-18,
1443,1715,en_progreso,2026-09-18,
1444,2738,iniciado,2026-09-18,
1445,7,pausado,2026-09-18,
1446,2878,en_progreso,2026-09-18,
1447,2756,en_progreso,2026-09-18,
1448,3344,en_progreso,2026-09-18,
1449,1413,iniciado,2026-09-18,
1450,2911,en_progreso,2026-09-18,
1451,3741,iniciado,2026-09-18,
1452,2578,en_progreso,2026-09-18,
1453,3255,completado,2026-09-18,Modulo finalizado por el estudiante
1454,3795,iniciado,2026-09-18,
1455,831,en_progreso,2026-09-18,
1456,2157,en_progreso,2026-09-18,
1457,588,en_progreso,2026-09-18,
1458,806,iniciado,2026-09-18,
1459,2657,completado,2026-09-18,Modulo finalizado por el estudiante
1460,1544,en_progreso,2026-09-18,
1461,2570,abandonado,2026-09-18,Sin actividad posterior registrada
1462,1297,en_progreso,2026-09-18,
1463,1025,completado,2026-09-18,Modulo finalizado por el estudiante
1464,2714,pausado,2026-09-18,
1465,711,completado,2026-09-18,Modulo finalizado por el estudiante
1466,1463,completado,2026-09-18,Modulo finalizado por el estudiante
1467,2192,iniciado,2026-09-18,
1468,1799,completado,2026-09-18,Modulo finalizado por el estudiante
1469,2711,en_progreso,2026-09-18,
1470,3894,en_progreso,2026-09-18,
1471,3537,en_progreso,2026-09-18,
1472,2863,en_progreso,2026-09-18,
1473,4087,en_progreso,2026-09-18,
1474,1707,completado,2026-09-18,Modulo finalizado por el estudiante
1475,3741,en_progreso,2026-09-18,
1476,2172,en_progreso,2026-09-18,
1477,3782,iniciado,2026-09-18,
1478,2011,en_progreso,2026-09-18,
1479,3494,abandonado,2026-09-18,Sin actividad posterior registrada
1480,2648,abandonado,2026-09-18,Sin actividad posterior registrada
1481,656,en_progreso,2026-09-18,
1482,519,iniciado,2026-09-18,
1483,2335,iniciado,2026-09-18,
1484,519,en_progreso,2026-09-18,
1485,3884,en_progreso,2026-09-18,
1486,811,en_progreso,2026-09-18,
1487,1403,en_progreso,2026-09-18,
1488,3488,en_progreso,2026-09-18,
1489,3627,completado,2026-09-18,Modulo finalizado por el estudiante
1490,2007,iniciado,2026-09-18,
1491,1681,pausado,2026-09-18,
1492,4075,iniciado,2026-09-18,
1493,2602,completado,2026-09-18,Modulo finalizado por el estudiante
1494,193,pausado,2026-09-18,
1495,1248,pausado,2026-09-18,
1496,1527,iniciado,2026-09-18,
1497,1212,pausado,2026-09-18,
1498,2301,iniciado,2026-09-18,
1499,510,completado,2026-09-18,Modulo finalizado por el estudiante
1500,3782,completado,2026-09-18,Modulo finalizado por el estudiante
1501,2354,en_progreso,2026-09-18,
1502,156,en_progreso,2026-09-18,
1503,1554,en_progreso,2026-09-18,
1504,1304,iniciado,2026-09-18,
1505,2829,en_progreso,2026-09-18,
1506,958,en_progreso,2026-09-18,
1507,2016,iniciado,2026-09-18,
1508,3317,iniciado,2026-09-18,
1509,3669,en_progreso,2026-09-18,
1510,746,iniciado,2026-09-18,
1511,1232,en_progreso,2026-09-18,
1512,1351,pausado,2026-09-18,
1513,2474,iniciado,2026-09-18,
1514,1527,pausado,2026-09-18,
1515,827,en_progreso,2026-09-18,
1516,3147,iniciado,2026-09-18,
1517,1584,pausado,2026-09-18,
1518,2251,pausado,2026-09-18,
1519,2424,completado,2026-09-18,Modulo finalizado por el estudiante
1520,1070,abandonado,2026-09-18,Sin actividad posterior registrada
1521,2578,en_progreso,2026-09-18,
1522,1894,iniciado,2026-09-18,
1523,3076,en_progreso,2026-09-18,
1524,125,iniciado,2026-09-18,
1525,3552,en_progreso,2026-09-18,
1526,3692,completado,2026-09-18,Modulo finalizado por el estudiante
1527,264,iniciado,2026-09-18,
1528,3256,iniciado,2026-09-18,
1529,4010,iniciado,2026-09-18,
1530,2661,iniciado,2026-09-18,
1531,1527,completado,2026-09-18,Modulo finalizado por el estudiante
1532,1229,iniciado,2026-09-18,
1533,3261,completado,2026-09-18,Modulo finalizado por el estudiante
1534,1176,pausado,2026-09-18,
1535,3326,en_progreso,2026-09-18,
1536,4120,pausado,2026-09-18,
1537,718,pausado,2026-09-18,
1538,3372,pausado,2026-09-18,
1539,1642,completado,2026-09-18,Modulo finalizado por el estudiante
1540,183,pausado,2026-09-18,
1541,3937,en_progreso,2026-09-18,
1542,1731,pausado,2026-09-18,
1543,927,en_progreso,2026-09-18,
1544,1932,en_progreso,2026-09-18,
1545,873,en_progreso,2026-09-18,
1546,2574,abandonado,2026-09-18,Sin actividad posterior registrada
1547,1569,iniciado,2026-09-18,
1548,4021,iniciado,2026-09-18,
1549,1794,completado,2026-09-18,Modulo finalizado por el estudiante
1550,2498,abandonado,2026-09-18,Sin actividad posterior registrada
1551,736,iniciado,2026-09-18,
1552,4064,abandonado,2026-09-18,Sin actividad posterior registrada
1553,3650,pausado,2026-09-18,
1554,2097,abandonado,2026-09-18,Sin actividad posterior registrada
1555,2987,en_progreso,2026-09-18,
1556,72,en_progreso,2026-09-18,
1557,1951,pausado,2026-09-18,
1558,3635,en_progreso,2026-09-18,
1559,3449,completado,2026-09-18,Modulo finalizado por el estudiante
1560,557,pausado,2026-09-18,
1561,2523,en_progreso,2026-09-18,
1562,3009,en_progreso,2026-09-18,
1563,3505,en_progreso,2026-09-18,
1564,3787,iniciado,2026-09-18,
1565,1607,pausado,2026-09-18,
1566,604,en_progreso,2026-09-18,
1567,1619,abandonado,2026-09-18,Sin actividad posterior registrada
1568,597,en_progreso,2026-09-18,
1569,705,en_progreso,2026-09-18,
1570,4014,pausado,2026-09-18,
1571,2901,en_progreso,2026-09-18,
1572,811,completado,2026-09-18,Modulo finalizado por el estudiante
1573,3552,en_progreso,2026-09-18,
1574,2172,completado,2026-09-18,Modulo finalizado por el estudiante
1575,1491,en_progreso,2026-09-18,
1576,2371,en_progreso,2026-09-18,
1577,1921,iniciado,2026-09-18,
1578,514,iniciado,2026-09-18,
1579,3717,iniciado,2026-09-18,
1580,1951,en_progreso,2026-09-18,
1581,1901,en_progreso,2026-09-18,
1582,632,completado,2026-09-18,Modulo finalizado por el estudiante
1583,2430,en_progreso,2026-09-18,
1584,3459,pausado,2026-09-18,
1585,119,iniciado,2026-09-18,
1586,267,completado,2026-09-18,Modulo finalizado por el estudiante
1587,1304,abandonado,2026-09-18,Sin actividad posterior registrada
1588,3044,en_progreso,2026-09-18,
1589,2981,en_progreso,2026-09-18,
1590,1243,en_progreso,2026-09-18,
1591,3222,en_progreso,2026-09-18,
1592,763,abandonado,2026-09-18,Sin actividad posterior registrada
1593,2911,en_progreso,2026-09-18,
1594,3589,completado,2026-09-18,Modulo finalizado por el estudiante
1595,682,en_progreso,2026-09-18,
1596,1278,pausado,2026-09-18,
1597,86,en_progreso,2026-09-18,
1598,4021,en_progreso,2026-09-18,
1599,340,iniciado,2026-09-18,
1600,2563,en_progreso,2026-09-18,
1601,3210,en_progreso,2026-09-18,
1602,3326,en_progreso,2026-09-18,
1603,3581,iniciado,2026-09-18,
1604,2811,en_progreso,2026-09-18,
1605,167,en_progreso,2026-09-18,
1606,2152,iniciado,2026-09-18,
1607,2287,pausado,2026-09-18,
1608,2661,pausado,2026-09-18,
1609,2382,iniciado,2026-09-18,
1610,389,completado,2026-09-18,Modulo finalizado por el estudiante
1611,1723,pausado,2026-09-18,
1612,351,en_progreso,2026-09-18,
1613,3171,en_progreso,2026-09-18,
1614,3234,en_progreso,2026-09-18,
1615,3280,en_progreso,2026-09-18,
1616,592,iniciado,2026-09-18,
1617,3562,pausado,2026-09-18,
1618,2973,pausado,2026-09-18,
1619,1161,en_progreso,2026-09-18,
1620,2217,en_progreso,2026-09-18,
1621,2227,pausado,2026-09-18,
1622,1681,en_progreso,2026-09-18,
1623,1992,iniciado,2026-09-18,
1624,806,pausado,2026-09-18,
1625,2555,en_progreso,2026-09-18,
1626,487,en_progreso,2026-09-18,
1627,1984,completado,2026-09-18,Modulo finalizado por el estudiante
1628,2999,en_progreso,2026-09-18,
1629,3031,iniciado,2026-09-18,
1630,1763,pausado,2026-09-18,
1631,2196,en_progreso,2026-09-18,
1632,4068,en_progreso,2026-09-18,
1633,273,abandonado,2026-09-18,Sin actividad posterior registrada
1634,3262,iniciado,2026-09-18,
1635,1681,en_progreso,2026-09-18,
1636,1151,en_progreso,2026-09-18,
1637,561,en_progreso,2026-09-18,
1638,597,completado,2026-09-18,Modulo finalizado por el estudiante
1639,3105,iniciado,2026-09-18,
1640,1220,completado,2026-09-18,Modulo finalizado por el estudiante
1641,3031,abandonado,2026-09-18,Sin actividad posterior registrada
1642,3382,pausado,2026-09-18,
1643,3505,pausado,2026-09-18,
1644,3309,completado,2026-09-18,Modulo finalizado por el estudiante
1645,3776,iniciado,2026-09-18,
1646,1433,iniciado,2026-09-18,
1647,156,en_progreso,2026-09-18,
1648,1662,iniciado,2026-09-18,
1649,1818,en_progreso,2026-09-18,
1650,757,pausado,2026-09-18,
1651,2152,en_progreso,2026-09-18,
1652,167,en_progreso,2026-09-18,
1653,2011,en_progreso,2026-09-18,
1654,1976,en_progreso,2026-09-18,
1655,3080,iniciado,2026-09-18,
1656,3240,en_progreso,2026-09-18,
1657,842,iniciado,2026-09-18,
1658,4101,pausado,2026-09-18,
1659,3669,en_progreso,2026-09-18,
1660,2281,en_progreso,2026-09-18,
1661,1468,iniciado,2026-09-18,
1662,1165,iniciado,2026-09-18,
1663,4106,iniciado,2026-09-18,
1664,2774,en_progreso,2026-09-18,
1665,1528,iniciado,2026-09-18,
1666,3693,iniciado,2026-09-18,
1667,3693,pausado,2026-09-18,
1668,2852,pausado,2026-09-18,
1669,245,en_progreso,2026-09-18,
1670,302,en_progreso,2026-09-18,
1671,1145,iniciado,2026-09-18,
1672,722,completado,2026-09-18,Modulo finalizado por el estudiante
1673,1554,en_progreso,2026-09-18,
1674,4054,iniciado,2026-09-18,
1675,2311,en_progreso,2026-09-18,
1676,3825,en_progreso,2026-09-18,
1677,3642,completado,2026-09-18,Modulo finalizado por el estudiante
1678,384,en_progreso,2026-09-18,
1679,2344,en_progreso,2026-09-18,
1680,1685,iniciado,2026-09-18,
1681,3130,iniciado,2026-09-18,
1682,2305,pausado,2026-09-18,
1683,3863,iniciado,2026-09-18,
1684,3484,en_progreso,2026-09-18,
1685,119,abandonado,2026-09-18,Sin actividad posterior registrada
1686,920,completado,2026-09-18,Modulo finalizado por el estudiante
1687,3366,en_progreso,2026-09-18,
1688,1936,en_progreso,2026-09-18,
1689,1319,en_progreso,2026-09-18,
1690,425,en_progreso,2026-09-18,
1691,1825,iniciado,2026-09-18,
1692,1202,iniciado,2026-09-18,
1693,1795,iniciado,2026-09-18,
1694,906,en_progreso,2026-09-18,
1695,2873,en_progreso,2026-09-18,
1696,1872,iniciado,2026-09-18,
1697,1882,iniciado,2026-09-18,
1698,3958,abandonado,2026-09-18,Sin actividad posterior registrada
1699,3521,completado,2026-09-18,Modulo finalizado por el estudiante
1700,1278,en_progreso,2026-09-18,
1701,934,iniciado,2026-09-18,
1702,3280,en_progreso,2026-09-18,
1703,410,en_progreso,2026-09-18,
1704,2685,en_progreso,2026-09-18,
1705,3157,en_progreso,2026-09-18,
1706,3072,iniciado,2026-09-18,
1707,3511,iniciado,2026-09-18,
1708,3466,iniciado,2026-09-18,
1709,3401,en_progreso,2026-09-18,
1710,1708,iniciado,2026-09-18,
1711,806,en_progreso,2026-09-18,
1712,3444,iniciado,2026-09-18,
1713,1638,completado,2026-09-18,Modulo finalizado por el estudiante
1714,3214,iniciado,2026-09-18,
1715,310,en_progreso,2026-09-18,
1716,2488,en_progreso,2026-09-18,
1717,1544,en_progreso,2026-09-18,
1718,483,iniciado,2026-09-18,
1719,3348,pausado,2026-09-18,
1720,2058,en_progreso,2026-09-18,
1721,4024,iniciado,2026-09-18,
1722,228,en_progreso,2026-09-18,
1723,3562,en_progreso,2026-09-18,
1724,2728,en_progreso,2026-09-18,
1725,543,iniciado,2026-09-18,
1726,1844,abandonado,2026-09-18,Sin actividad posterior registrada
1727,455,en_progreso,2026-09-18,
1728,1338,pausado,2026-09-18,
1729,2371,en_progreso,2026-09-18,
1730,1955,en_progreso,2026-09-18,
1731,2201,iniciado,2026-09-18,
1732,1818,pausado,2026-09-18,
1733,288,completado,2026-09-18,Modulo finalizado por el estudiante
1734,3537,en_progreso,2026-09-18,
1735,3027,pausado,2026-09-18,
1736,1533,en_progreso,2026-09-18,
1737,3291,completado,2026-09-18,Modulo finalizado por el estudiante
1738,1795,en_progreso,2026-09-18,
1739,1882,en_progreso,2026-09-18,
1740,3621,en_progreso,2026-09-18,
1741,455,en_progreso,2026-09-18,
1742,1766,completado,2026-09-18,Modulo finalizado por el estudiante
1743,3660,pausado,2026-09-18,
1744,4028,abandonado,2026-09-18,Sin actividad posterior registrada
1745,2859,en_progreso,2026-09-18,
1746,2764,iniciado,2026-09-18,
1747,1946,en_progreso,2026-09-18,
1748,1165,en_progreso,2026-09-18,
1749,1050,en_progreso,2026-09-18,
1750,418,en_progreso,2026-09-18,
1751,2760,completado,2026-09-18,Modulo finalizado por el estudiante
1752,4032,iniciado,2026-09-18,
1753,2859,en_progreso,2026-09-18,
1754,3372,en_progreso,2026-09-18,
1755,877,iniciado,2026-09-18,
1756,990,completado,2026-09-18,Modulo finalizado por el estudiante
1757,3405,completado,2026-09-18,Modulo finalizado por el estudiante
1758,892,pausado,2026-09-18,
1759,239,en_progreso,2026-09-18,
1760,1287,abandonado,2026-09-18,Sin actividad posterior registrada
1761,3338,iniciado,2026-09-18,
1762,1540,iniciado,2026-09-18,
1763,4116,pausado,2026-09-18,
1764,2430,en_progreso,2026-09-18,
1765,2551,iniciado,2026-09-18,
1766,1058,en_progreso,2026-09-18,
1767,2388,en_progreso,2026-09-18,
1768,2058,en_progreso,2026-09-18,
1769,873,completado,2026-09-18,Modulo finalizado por el estudiante
1770,3303,iniciado,2026-09-18,
1771,731,iniciado,2026-09-18,
1772,1355,en_progreso,2026-09-18,
1773,1996,iniciado,2026-09-18,
1774,3009,completado,2026-09-18,Modulo finalizado por el estudiante
1775,3888,completado,2026-09-18,Modulo finalizado por el estudiante
1776,656,en_progreso,2026-09-18,
1777,1477,iniciado,2026-09-18,
1778,2437,completado,2026-09-18,Modulo finalizado por el estudiante
1779,786,completado,2026-09-18,Modulo finalizado por el estudiante
1780,487,completado,2026-09-18,Modulo finalizado por el estudiante
1781,1206,completado,2026-09-18,Modulo finalizado por el estudiante
1782,1882,completado,2026-09-18,Modulo finalizado por el estudiante
1783,2244,iniciado,2026-09-18,
1784,298,iniciado,2026-09-18,
1785,2138,iniciado,2026-09-18,
1786,2743,en_progreso,2026-09-18,
1787,443,en_progreso,2026-09-18,
1788,521,completado,2026-09-18,Modulo finalizado por el estudiante
1789,3562,en_progreso,2026-09-18,
1790,216,iniciado,2026-09-18,
1791,1548,completado,2026-09-18,Modulo finalizado por el estudiante
1792,2563,pausado,2026-09-18,
1793,736,completado,2026-09-18,Modulo finalizado por el estudiante
1794,2551,en_progreso,2026-09-18,
1795,429,en_progreso,2026-09-18,
1796,802,en_progreso,2026-09-18,
1797,2868,en_progreso,2026-09-18,
1798,1291,en_progreso,2026-09-18,
1799,2269,pausado,2026-09-18,
1800,3401,en_progreso,2026-09-18,
1801,2728,pausado,2026-09-18,
1802,86,pausado,2026-09-18,
1803,3141,en_progreso,2026-09-18,
1804,2325,en_progreso,2026-09-18,
1805,3109,en_progreso,2026-09-18,
1806,459,en_progreso,2026-09-18,
1807,2859,en_progreso,2026-09-18,
1808,2764,pausado,2026-09-18,
1809,2101,completado,2026-09-18,Modulo finalizado por el estudiante
1810,239,pausado,2026-09-18,
1811,2011,en_progreso,2026-09-18,
1812,369,en_progreso,2026-09-18,
1813,3433,en_progreso,2026-09-18,
1814,1795,en_progreso,2026-09-18,
1815,1825,completado,2026-09-18,Modulo finalizado por el estudiante
1816,948,iniciado,2026-09-18,
1817,3745,en_progreso,2026-09-18,
1818,3453,en_progreso,2026-09-18,
1819,3912,iniciado,2026-09-18,
1820,2477,en_progreso,2026-09-18,
1821,1091,iniciado,2026-09-18,
1822,228,en_progreso,2026-09-18,
1823,2152,abandonado,2026-09-18,Sin actividad posterior registrada
1824,2961,iniciado,2026-09-18,
1825,2588,en_progreso,2026-09-18,
1826,1046,iniciado,2026-09-18,
1827,1544,en_progreso,2026-09-18,
1828,3593,iniciado,2026-09-18,
1829,1788,en_progreso,2026-09-18,
1830,2371,completado,2026-09-18,Modulo finalizado por el estudiante
1831,4075,en_progreso,2026-09-18,
1832,1828,iniciado,2026-09-18,
1833,1019,en_progreso,2026-09-18,
1834,2829,en_progreso,2026-09-18,
1835,2301,en_progreso,2026-09-18,
1836,973,iniciado,2026-09-18,
1837,2969,iniciado,2026-09-18,
1838,1584,en_progreso,2026-09-18,
1839,3621,en_progreso,2026-09-18,
1840,3922,en_progreso,2026-09-18,
1841,1890,iniciado,2026-09-18,
1842,2425,iniciado,2026-09-18,
1843,234,pausado,2026-09-18,
1844,1901,pausado,2026-09-18,
1845,2359,en_progreso,2026-09-18,
1846,314,en_progreso,2026-09-18,
1847,1962,en_progreso,2026-09-18,
1848,859,iniciado,2026-09-18,
1849,173,en_progreso,2026-09-18,
1850,2376,en_progreso,2026-09-18,
1851,3537,en_progreso,2026-09-18,
1852,3094,en_progreso,2026-09-18,
1853,2441,completado,2026-09-18,Modulo finalizado por el estudiante
1854,1996,en_progreso,2026-09-18,
1855,726,en_progreso,2026-09-18,
1856,3568,en_progreso,2026-09-18,
1857,148,pausado,2026-09-18,
1858,2732,iniciado,2026-09-18,
1859,2823,en_progreso,2026-09-18,
1860,1419,completado,2026-09-18,Modulo finalizado por el estudiante
1861,3844,en_progreso,2026-09-18,
1862,1544,pausado,2026-09-18,
1863,2685,en_progreso,2026-09-18,
1864,399,en_progreso,2026-09-18,
1865,2408,abandonado,2026-09-18,Sin actividad posterior registrada
1866,3741,abandonado,2026-09-18,Sin actividad posterior registrada
1867,1727,pausado,2026-09-18,
1868,3894,en_progreso,2026-09-18,
1869,1628,completado,2026-09-18,Modulo finalizado por el estudiante
1870,3902,pausado,2026-09-18,
1871,3837,pausado,2026-09-18,
1872,1951,en_progreso,2026-09-18,
1873,1095,iniciado,2026-09-18,
1874,737,iniciado,2026-09-18,
1875,1283,completado,2026-09-18,Modulo finalizado por el estudiante
1876,148,en_progreso,2026-09-18,
1877,2551,completado,2026-09-18,Modulo finalizado por el estudiante
1878,3003,en_progreso,2026-09-18,
1879,362,iniciado,2026-09-18,
1880,1676,en_progreso,2026-09-18,
1881,2627,en_progreso,2026-09-18,
1882,3153,en_progreso,2026-09-18,
1883,3528,iniciado,2026-09-18,
1884,399,en_progreso,2026-09-18,
1885,1858,iniciado,2026-09-18,
1886,676,completado,2026-09-18,Modulo finalizado por el estudiante
1887,3003,pausado,2026-09-18,
1888,994,completado,2026-09-18,Modulo finalizado por el estudiante
1889,682,en_progreso,2026-09-18,
1890,306,completado,2026-09-18,Modulo finalizado por el estudiante
1891,2829,en_progreso,2026-09-18,
1892,1744,completado,2026-09-18,Modulo finalizado por el estudiante
1893,1221,iniciado,2026-09-18,
1894,1866,completado,2026-09-18,Modulo finalizado por el estudiante
1895,2837,completado,2026-09-18,Modulo finalizado por el estudiante
1896,425,en_progreso,2026-09-18,
1897,3003,en_progreso,2026-09-18,
1898,3372,en_progreso,2026-09-18,
1899,906,pausado,2026-09-18,
1900,3182,en_progreso,2026-09-18,
1901,3948,completado,2026-09-18,Modulo finalizado por el estudiante
1902,1818,completado,2026-09-18,Modulo finalizado por el estudiante
1903,3086,en_progreso,2026-09-18,
1904,443,en_progreso,2026-09-18,
1905,3161,en_progreso,2026-09-18,
1906,3135,en_progreso,2026-09-18,
1907,2728,completado,2026-09-18,Modulo finalizado por el estudiante
1908,2973,en_progreso,2026-09-18,
1909,2653,en_progreso,2026-09-18,
1910,2196,en_progreso,2026-09-18,
1911,330,en_progreso,2026-09-18,
1912,2531,en_progreso,2026-09-18,
1913,1696,completado,2026-09-18,Modulo finalizado por el estudiante
1914,1723,pausado,2026-09-18,
1915,1862,abandonado,2026-09-18,Sin actividad posterior registrada
1916,688,completado,2026-09-18,Modulo finalizado por el estudiante
1917,2815,pausado,2026-09-18,
1918,1723,en_progreso,2026-09-18,
1919,2454,en_progreso,2026-09-18,
1920,1569,completado,2026-09-18,Modulo finalizado por el estudiante
1921,3382,en_progreso,2026-09-18,
1922,859,completado,2026-09-18,Modulo finalizado por el estudiante
1923,3171,pausado,2026-09-18,
1924,1036,iniciado,2026-09-18,
1925,860,iniciado,2026-09-18,
1926,2738,abandonado,2026-09-18,Sin actividad posterior registrada
1927,2555,en_progreso,2026-09-18,
1928,136,iniciado,2026-09-18,
1929,483,completado,2026-09-18,Modulo finalizado por el estudiante
1930,2774,en_progreso,2026-09-18,
1931,3206,en_progreso,2026-09-18,
1932,2718,pausado,2026-09-18,
1933,3604,iniciado,2026-09-18,
1934,3696,iniciado,2026-09-18,
1935,2578,en_progreso,2026-09-18,
1936,565,iniciado,2026-09-18,
1937,2344,en_progreso,2026-09-18,
1938,1976,completado,2026-09-18,Modulo finalizado por el estudiante
1939,1977,iniciado,2026-09-18,
1940,251,iniciado,2026-09-18,
1941,2176,iniciado,2026-09-18,
1942,283,pausado,2026-09-18,
1943,1065,en_progreso,2026-09-18,
1944,2081,iniciado,2026-09-18,
1945,2770,en_progreso,2026-09-18,
1946,3427,pausado,2026-09-18,
1947,624,iniciado,2026-09-18,
1948,677,iniciado,2026-09-18,
1949,514,en_progreso,2026-09-18,
1950,1828,pausado,2026-09-18,
1951,1977,completado,2026-09-18,Modulo finalizado por el estudiante
1952,1085,pausado,2026-09-18,
1953,2180,en_progreso,2026-09-18,
1954,726,pausado,2026-09-18,
1955,2603,iniciado,2026-09-18,
1956,2845,en_progreso,2026-09-18,
1957,2823,en_progreso,2026-09-18,
1958,1723,en_progreso,2026-09-18,
1959,4075,completado,2026-09-18,Modulo finalizado por el estudiante
1960,3266,en_progreso,2026-09-18,
1961,2911,en_progreso,2026-09-18,
1962,2608,completado,2026-09-18,Modulo finalizado por el estudiante
1963,1988,en_progreso,2026-09-18,
1964,2265,iniciado,2026-09-18,
1965,3206,en_progreso,2026-09-18,
1966,3787,pausado,2026-09-18,
1967,3284,iniciado,2026-09-18,
1968,2603,en_progreso,2026-09-18,
1969,3182,pausado,2026-09-18,
1970,3970,en_progreso,2026-09-18,
1971,2868,pausado,2026-09-18,
1972,3406,iniciado,2026-09-18,
1973,2052,en_progreso,2026-09-18,
1974,177,iniciado,2026-09-18,
1975,3153,completado,2026-09-18,Modulo finalizado por el estudiante
1976,576,en_progreso,2026-09-18,
1977,2275,en_progreso,2026-09-18,
1978,2233,en_progreso,2026-09-18,
1979,2588,completado,2026-09-18,Modulo finalizado por el estudiante
1980,4049,pausado,2026-09-18,
1981,3884,en_progreso,2026-09-18,
1982,1752,iniciado,2026-09-18,
1983,3647,en_progreso,2026-09-18,
1984,934,en_progreso,2026-09-18,
1985,2987,en_progreso,2026-09-18,
1986,3970,pausado,2026-09-18,
1987,3813,en_progreso,2026-09-18,
1988,1338,en_progreso,2026-09-18,
1989,1607,completado,2026-09-18,Modulo finalizado por el estudiante
1990,3878,en_progreso,2026-09-18,
1991,1715,en_progreso,2026-09-18,
1992,3970,en_progreso,2026-09-18,
1993,3721,en_progreso,2026-09-18,
1994,2138,completado,2026-09-18,Modulo finalizado por el estudiante
1995,782,en_progreso,2026-09-18,
1996,3929,en_progreso,2026-09-18,
1997,3613,en_progreso,2026-09-18,
1998,1102,completado,2026-09-18,Modulo finalizado por el estudiante
1999,1468,completado,2026-09-18,Modulo finalizado por el estudiante
2000,3825,en_progreso,2026-09-18,
2001,177,en_progreso,2026-09-19,
2002,2774,pausado,2026-09-19,
2003,3080,en_progreso,2026-09-19,
2004,2981,en_progreso,2026-09-19,
2005,1505,completado,2026-09-19,Modulo finalizado por el estudiante
2006,33,iniciado,2026-09-19,
2007,860,pausado,2026-09-19,
2008,1834,en_progreso,2026-09-19,
2009,1814,iniciado,2026-09-19,
2010,538,iniciado,2026-09-19,
2011,491,en_progreso,2026-09-19,
2012,1858,pausado,2026-09-19,
2013,239,pausado,2026-09-19,
2014,2935,en_progreso,2026-09-19,
2015,425,pausado,2026-09-19,
2016,3459,pausado,2026-09-19,
2017,1955,pausado,2026-09-19,
2018,3878,en_progreso,2026-09-19,
2019,1564,abandonado,2026-09-19,Sin actividad posterior registrada
2020,1257,completado,2026-09-19,Modulo finalizado por el estudiante
2021,2058,en_progreso,2026-09-19,
2022,1978,iniciado,2026-09-19,
2023,877,en_progreso,2026-09-19,
2024,1445,iniciado,2026-09-19,
2025,3868,iniciado,2026-09-19,
2026,3768,pausado,2026-09-19,
2027,3353,pausado,2026-09-19,
2028,2926,pausado,2026-09-19,
2029,884,en_progreso,2026-09-19,
2030,3531,pausado,2026-09-19,
2031,1187,pausado,2026-09-19,
2032,310,en_progreso,2026-09-19,
2033,1715,en_progreso,2026-09-19,
2034,3121,completado,2026-09-19,Modulo finalizado por el estudiante
2035,1710,en_progreso,2026-09-19,
2036,3552,en_progreso,2026-09-19,
2037,1338,pausado,2026-09-19,
2038,2954,iniciado,2026-09-19,
2039,1423,pausado,2026-09-19,
2040,2335,completado,2026-09-19,Modulo finalizado por el estudiante
2041,2173,iniciado,2026-09-19,
2042,1962,en_progreso,2026-09-19,
2043,2797,en_progreso,2026-09-19,
2044,576,en_progreso,2026-09-19,
2045,3750,iniciado,2026-09-19,
2046,2301,pausado,2026-09-19,
2047,2081,en_progreso,2026-09-19,
2048,2897,en_progreso,2026-09-19,
2049,58,pausado,2026-09-19,
2050,604,pausado,2026-09-19,
2051,2941,completado,2026-09-19,Modulo finalizado por el estudiante
2052,3537,en_progreso,2026-09-19,
2053,845,en_progreso,2026-09-19,
2054,3964,en_progreso,2026-09-19,
2055,962,en_progreso,2026-09-19,
2056,3450,iniciado,2026-09-19,
2057,1623,iniciado,2026-09-19,
2058,3528,en_progreso,2026-09-19,
2059,2021,iniciado,2026-09-19,
2060,874,iniciado,2026-09-19,
2061,2961,abandonado,2026-09-19,Sin actividad posterior registrada
2062,2906,iniciado,2026-09-19,
2063,1,pausado,2026-09-19,
2064,2694,en_progreso,2026-09-19,
2065,1670,en_progreso,2026-09-19,
2066,3130,completado,2026-09-19,Modulo finalizado por el estudiante
2067,459,pausado,2026-09-19,
2068,373,abandonado,2026-09-19,Sin actividad posterior registrada
2069,2926,completado,2026-09-19,Modulo finalizado por el estudiante
2070,682,pausado,2026-09-19,
2071,3021,en_progreso,2026-09-19,
2072,3353,en_progreso,2026-09-19,
2073,2969,completado,2026-09-19,Modulo finalizado por el estudiante
2074,3813,en_progreso,2026-09-19,
2075,3710,iniciado,2026-09-19,
2076,3593,en_progreso,2026-09-19,
2077,2474,en_progreso,2026-09-19,
2078,1834,en_progreso,2026-09-19,
2079,3256,en_progreso,2026-09-19,
2080,3488,en_progreso,2026-09-19,
2081,177,completado,2026-09-19,Modulo finalizado por el estudiante
2082,390,iniciado,2026-09-19,
2083,2829,en_progreso,2026-09-19,
2084,1169,iniciado,2026-09-19,
2085,2970,iniciado,2026-09-19,
2086,705,pausado,2026-09-19,
2087,3157,pausado,2026-09-19,
2088,1323,completado,2026-09-19,Modulo finalizado por el estudiante
2089,2222,iniciado,2026-09-19,
2090,1046,en_progreso,2026-09-19,
2091,1921,en_progreso,2026-09-19,
2092,4024,en_progreso,2026-09-19,
2093,3576,iniciado,2026-09-19,
2094,522,iniciado,2026-09-19,
2095,334,en_progreso,2026-09-19,
2096,576,en_progreso,2026-09-19,
2097,2460,en_progreso,2026-09-19,
2098,2535,iniciado,2026-09-19,
2099,1355,completado,2026-09-19,Modulo finalizado por el estudiante
2100,414,en_progreso,2026-09-19,
2101,3027,en_progreso,2026-09-19,
2102,2973,completado,2026-09-19,Modulo finalizado por el estudiante
2103,501,completado,2026-09-19,Modulo finalizado por el estudiante
2104,1291,en_progreso,2026-09-19,
2105,1165,completado,2026-09-19,Modulo finalizado por el estudiante
2106,324,en_progreso,2026-09-19,
2107,2115,en_progreso,2026-09-19,
2108,2488,en_progreso,2026-09-19,
2109,4037,iniciado,2026-09-19,
2110,3072,pausado,2026-09-19,
2111,2685,en_progreso,2026-09-19,
2112,320,pausado,2026-09-19,
2113,2981,en_progreso,2026-09-19,
2114,277,pausado,2026-09-19,
2115,2770,completado,2026-09-19,Modulo finalizado por el estudiante
2116,2911,en_progreso,2026-09-19,
2117,443,completado,2026-09-19,Modulo finalizado por el estudiante
2118,377,pausado,2026-09-19,
2119,3732,iniciado,2026-09-19,
2120,1278,en_progreso,2026-09-19,
2121,3154,iniciado,2026-09-19,
2122,1341,pausado,2026-09-19,
2123,220,iniciado,2026-09-19,
2124,3423,iniciado,2026-09-19,
2125,447,en_progreso,2026-09-19,
2126,2873,en_progreso,2026-09-19,
2127,3696,pausado,2026-09-19,
2128,1307,en_progreso,2026-09-19,
2129,3572,en_progreso,2026-09-19,
2130,399,en_progreso,2026-09-19,
2131,3105,abandonado,2026-09-19,Sin actividad posterior registrada
2132,405,en_progreso,2026-09-19,
2133,705,completado,2026-09-19,Modulo finalizado por el estudiante
2134,377,completado,2026-09-19,Modulo finalizado por el estudiante
2135,2007,en_progreso,2026-09-19,
2136,2987,pausado,2026-09-19,
2137,3389,abandonado,2026-09-19,Sin actividad posterior registrada
2138,3628,iniciado,2026-09-19,
2139,2901,en_progreso,2026-09-19,
2140,1632,completado,2026-09-19,Modulo finalizado por el estudiante
2141,553,completado,2026-09-19,Modulo finalizado por el estudiante
2142,718,en_progreso,2026-09-19,
2143,4116,pausado,2026-09-19,
2144,1477,en_progreso,2026-09-19,
2145,1867,iniciado,2026-09-19,
2146,1116,pausado,2026-09-19,
2147,1433,en_progreso,2026-09-19,
2148,283,en_progreso,2026-09-19,
2149,1506,iniciado,2026-09-19,
2150,245,en_progreso,2026-09-19,
2151,3537,abandonado,2026-09-19,Sin actividad posterior registrada
2152,877,pausado,2026-09-19,
2153,3038,pausado,2026-09-19,
2154,3094,en_progreso,2026-09-19,
2155,3829,completado,2026-09-19,Modulo finalizado por el estudiante
2156,2999,en_progreso,2026-09-19,
2157,3044,en_progreso,2026-09-19,
2158,1681,en_progreso,2026-09-19,
2159,220,completado,2026-09-19,Modulo finalizado por el estudiante
2160,1151,pausado,2026-09-19,
2161,3696,en_progreso,2026-09-19,
2162,2222,abandonado,2026-09-19,Sin actividad posterior registrada
2163,831,completado,2026-09-19,Modulo finalizado por el estudiante
2164,1291,completado,2026-09-19,Modulo finalizado por el estudiante
2165,962,completado,2026-09-19,Modulo finalizado por el estudiante
2166,144,en_progreso,2026-09-19,
2167,2257,completado,2026-09-19,Modulo finalizado por el estudiante
2168,4087,completado,2026-09-19,Modulo finalizado por el estudiante
2169,1451,en_progreso,2026-09-19,
2170,2072,completado,2026-09-19,Modulo finalizado por el estudiante
2171,2596,en_progreso,2026-09-19,
2172,2531,en_progreso,2026-09-19,
2173,1236,en_progreso,2026-09-19,
2174,2176,en_progreso,2026-09-19,
2175,1519,en_progreso,2026-09-19,
2176,3776,abandonado,2026-09-19,Sin actividad posterior registrada
2177,2954,en_progreso,2026-09-19,
2178,1420,iniciado,2026-09-19,
2179,967,pausado,2026-09-19,
2180,1439,en_progreso,2026-09-19,
2181,1878,pausado,2026-09-19,
2182,1710,en_progreso,2026-09-19,
2183,615,en_progreso,2026-09-19,
2184,1379,en_progreso,2026-09-19,
2185,2863,completado,2026-09-19,Modulo finalizado por el estudiante
2186,2970,pausado,2026-09-19,
2187,4126,pausado,2026-09-19,
2188,1081,en_progreso,2026-09-19,
2189,3693,completado,2026-09-19,Modulo finalizado por el estudiante
2190,3466,en_progreso,2026-09-19,
2191,4004,completado,2026-09-19,Modulo finalizado por el estudiante
2192,2797,en_progreso,2026-09-19,
2193,2196,pausado,2026-09-19,
2194,3066,en_progreso,2026-09-19,
2195,2058,pausado,2026-09-19,
2196,948,pausado,2026-09-19,
2197,1643,iniciado,2026-09-19,
2198,2217,en_progreso,2026-09-19,
2199,1554,en_progreso,2026-09-19,
2200,3366,pausado,2026-09-19,
2201,2559,en_progreso,2026-09-19,
2202,2815,en_progreso,2026-09-19,
2203,4098,en_progreso,2026-09-19,
2204,2841,pausado,2026-09-19,
2205,3444,en_progreso,2026-09-19,
2206,1278,pausado,2026-09-19,
2207,1224,completado,2026-09-19,Modulo finalizado por el estudiante
2208,793,en_progreso,2026-09-19,
2209,2627,pausado,2026-09-19,
2210,399,en_progreso,2026-09-19,
2211,3193,iniciado,2026-09-19,
2212,1073,pausado,2026-09-19,
2213,2081,en_progreso,2026-09-19,
2214,3647,pausado,2026-09-19,
2215,565,completado,2026-09-19,Modulo finalizado por el estudiante
2216,1194,en_progreso,2026-09-19,
2217,2855,en_progreso,2026-09-19,
2218,646,en_progreso,2026-09-19,
2219,3710,en_progreso,2026-09-19,
2220,1723,abandonado,2026-09-19,Sin actividad posterior registrada
2221,2438,iniciado,2026-09-19,
2222,3406,completado,2026-09-19,Modulo finalizado por el estudiante
2223,2790,en_progreso,2026-09-19,
2224,2454,completado,2026-09-19,Modulo finalizado por el estudiante
2225,4139,iniciado,2026-09-19,
2226,2633,en_progreso,2026-09-19,
2227,3556,en_progreso,2026-09-19,
2228,2685,pausado,2026-09-19,
2229,1495,en_progreso,2026-09-19,
2230,1278,en_progreso,2026-09-19,
2231,2981,en_progreso,2026-09-19,
2232,2081,pausado,2026-09-19,
2233,3933,en_progreso,2026-09-19,
2234,1800,iniciado,2026-09-19,
2235,2993,en_progreso,2026-09-19,
2236,2305,en_progreso,2026-09-19,
2237,3878,en_progreso,2026-09-19,
2238,3196,en_progreso,2026-09-19,
2239,1915,en_progreso,2026-09-19,
2240,2301,en_progreso,2026-09-19,
2241,3348,completado,2026-09-19,Modulo finalizado por el estudiante
2242,2704,en_progreso,2026-09-19,
2243,162,en_progreso,2026-09-19,
2244,2217,pausado,2026-09-19,
2245,2589,iniciado,2026-09-19,
2246,677,abandonado,2026-09-19,Sin actividad posterior registrada
2247,2945,en_progreso,2026-09-19,
2248,3141,pausado,2026-09-19,
2249,455,pausado,2026-09-19,
2250,726,completado,2026-09-19,Modulo finalizado por el estudiante
2251,1005,en_progreso,2026-09-19,
2252,1161,en_progreso,2026-09-19,
2253,2068,en_progreso,2026-09-19,
2254,2319,iniciado,2026-09-19,
2255,1373,completado,2026-09-19,Modulo finalizado por el estudiante
2256,2609,iniciado,2026-09-19,
2257,102,pausado,2026-09-19,
2258,289,iniciado,2026-09-19,
2259,1908,en_progreso,2026-09-19,
2260,3635,en_progreso,2026-09-19,
2261,1351,en_progreso,2026-09-19,
2262,827,en_progreso,2026-09-19,
2263,609,pausado,2026-09-19,
2264,1194,en_progreso,2026-09-19,
2265,2011,en_progreso,2026-09-19,
2266,4005,iniciado,2026-09-19,
2267,609,completado,2026-09-19,Modulo finalizado por el estudiante
2268,892,abandonado,2026-09-19,Sin actividad posterior registrada
2269,571,iniciado,2026-09-19,
2270,3222,en_progreso,2026-09-19,
2271,3787,completado,2026-09-19,Modulo finalizado por el estudiante
2272,2052,en_progreso,2026-09-19,
2273,414,pausado,2026-09-19,
2274,3505,en_progreso,2026-09-19,
2275,1650,completado,2026-09-19,Modulo finalizado por el estudiante
2276,3344,completado,2026-09-19,Modulo finalizado por el estudiante
2277,3157,completado,2026-09-19,Modulo finalizado por el estudiante
2278,1901,en_progreso,2026-09-19,
2279,378,iniciado,2026-09-19,
2280,2805,pausado,2026-09-19,
2281,62,completado,2026-09-19,Modulo finalizado por el estudiante
2282,2722,en_progreso,2026-09-19,
2283,3556,completado,2026-09-19,Modulo finalizado por el estudiante
2284,2542,pausado,2026-09-19,
2285,2397,en_progreso,2026-09-19,
2286,3635,en_progreso,2026-09-19,
2287,2981,completado,2026-09-19,Modulo finalizado por el estudiante
2288,2589,en_progreso,2026-09-19,
2289,1469,iniciado,2026-09-19,
2290,1767,iniciado,2026-09-19,
2291,1347,completado,2026-09-19,Modulo finalizado por el estudiante
2292,471,iniciado,2026-09-19,
2293,1528,completado,2026-09-19,Modulo finalizado por el estudiante
2294,1338,completado,2026-09-19,Modulo finalizado por el estudiante
2295,3178,iniciado,2026-09-19,
2296,3401,pausado,2026-09-19,
2297,1839,en_progreso,2026-09-19,
2298,1009,en_progreso,2026-09-19,
2299,1413,en_progreso,2026-09-19,
2300,3918,completado,2026-09-19,Modulo finalizado por el estudiante
2301,3091,iniciado,2026-09-19,
2302,53,en_progreso,2026-09-19,
2303,1327,pausado,2026-09-19,
2304,2718,pausado,2026-09-19,
2305,1324,iniciado,2026-09-19,
2306,3863,en_progreso,2026-09-19,
2307,2474,completado,2026-09-19,Modulo finalizado por el estudiante
2308,502,iniciado,2026-09-19,
2309,1613,en_progreso,2026-09-19,
2310,1681,pausado,2026-09-19,
2311,2016,en_progreso,2026-09-19,
2312,2344,abandonado,2026-09-19,Sin actividad posterior registrada
2313,3066,en_progreso,2026-09-19,
2314,1481,en_progreso,2026-09-19,
2315,4032,en_progreso,2026-09-19,
2316,2974,iniciado,2026-09-19,
2317,3863,en_progreso,2026-09-19,
2318,2700,iniciado,2026-09-19,
2319,1519,pausado,2026-09-19,
2320,2906,pausado,2026-09-19,
2321,531,iniciado,2026-09-19,
2322,1077,en_progreso,2026-09-19,
2323,1657,iniciado,2026-09-19,
2324,72,pausado,2026-09-19,
2325,672,en_progreso,2026-09-19,
2326,3080,en_progreso,2026-09-19,
2327,3576,completado,2026-09-19,Modulo finalizado por el estudiante
2328,2732,en_progreso,2026-09-19,
2329,1554,en_progreso,2026-09-19,
2330,1019,abandonado,2026-09-19,Sin actividad posterior registrada
2331,1386,completado,2026-09-19,Modulo finalizado por el estudiante
2332,2669,en_progreso,2026-09-19,
2333,2749,iniciado,2026-09-19,
2334,405,pausado,2026-09-19,
2335,3837,en_progreso,2026-09-19,
2336,3154,completado,2026-09-19,Modulo finalizado por el estudiante
2337,463,abandonado,2026-09-19,Sin actividad posterior registrada
2338,633,iniciado,2026-09-19,
2339,3131,iniciado,2026-09-19,
2340,2305,pausado,2026-09-19,
2341,3470,iniciado,2026-09-19,
2342,1248,completado,2026-09-19,Modulo finalizado por el estudiante
2343,2085,en_progreso,2026-09-19,
2344,3294,abandonado,2026-09-19,Sin actividad posterior registrada
2345,1685,pausado,2026-09-19,
2346,330,pausado,2026-09-19,
2347,531,completado,2026-09-19,Modulo finalizado por el estudiante
2348,1157,pausado,2026-09-19,
2349,1459,iniciado,2026-09-19,
2350,3710,en_progreso,2026-09-19,
2351,3086,en_progreso,2026-09-19,
2352,2511,pausado,2026-09-19,
2353,2633,en_progreso,2026-09-19,
2354,3970,en_progreso,2026-09-19,
2355,390,pausado,2026-09-19,
2356,1459,completado,2026-09-19,Modulo finalizado por el estudiante
2357,3517,pausado,2026-09-19,
2358,1106,en_progreso,2026-09-19,
2359,3643,iniciado,2026-09-19,
2360,812,iniciado,2026-09-19,
2361,1469,completado,2026-09-19,Modulo finalizado por el estudiante
2362,395,en_progreso,2026-09-19,
2363,3338,pausado,2026-09-19,
2364,3186,completado,2026-09-19,Modulo finalizado por el estudiante
2365,2442,iniciado,2026-09-19,
2366,666,en_progreso,2026-09-19,
2367,2233,completado,2026-09-19,Modulo finalizado por el estudiante
2368,2793,en_progreso,2026-09-19,
2369,3353,en_progreso,2026-09-19,
2370,1780,pausado,2026-09-19,
2371,148,en_progreso,2026-09-19,
2372,3222,pausado,2026-09-19,
2373,125,abandonado,2026-09-19,Sin actividad posterior registrada
2374,3788,iniciado,2026-09-19,
2375,1491,pausado,2026-09-19,
2376,973,en_progreso,2026-09-19,
2377,1536,iniciado,2026-09-19,
2378,1014,iniciado,2026-09-19,
2379,3284,en_progreso,2026-09-19,
2380,502,en_progreso,2026-09-19,
2381,1770,pausado,2026-09-19,
2382,888,iniciado,2026-09-19,
2383,1819,iniciado,2026-09-19,
2384,2287,pausado,2026-09-19,
2385,1595,pausado,2026-09-19,
2386,2227,completado,2026-09-19,Modulo finalizado por el estudiante
2387,3080,en_progreso,2026-09-19,
2388,1399,iniciado,2026-09-19,
2389,1788,en_progreso,2026-09-19,
2390,2868,completado,2026-09-19,Modulo finalizado por el estudiante
2391,7,pausado,2026-09-19,
2392,3027,en_progreso,2026-09-19,
2393,2888,en_progreso,2026-09-19,
2394,3522,iniciado,2026-09-19,
2395,2464,completado,2026-09-19,Modulo finalizado por el estudiante
2396,1141,iniciado,2026-09-19,
2397,1477,en_progreso,2026-09-19,
2398,2442,completado,2026-09-19,Modulo finalizado por el estudiante
2399,2718,en_progreso,2026-09-19,
2400,3423,completado,2026-09-19,Modulo finalizado por el estudiante
2401,3988,en_progreso,2026-09-19,
2402,3091,en_progreso,2026-09-19,
2403,615,en_progreso,2026-09-19,
2404,845,en_progreso,2026-09-19,
2405,2845,pausado,2026-09-19,
2406,2305,completado,2026-09-19,Modulo finalizado por el estudiante
2407,2653,en_progreso,2026-09-19,
2408,2110,iniciado,2026-09-19,
2409,1077,completado,2026-09-19,Modulo finalizado por el estudiante
2410,2841,pausado,2026-09-19,
2411,740,completado,2026-09-19,Modulo finalizado por el estudiante
2412,1529,iniciado,2026-09-19,
2413,2301,en_progreso,2026-09-19,
2414,1477,completado,2026-09-19,Modulo finalizado por el estudiante
2415,1560,pausado,2026-09-19,
2416,3298,pausado,2026-09-19,
2417,3710,en_progreso,2026-09-19,
2418,3003,en_progreso,2026-09-19,
2419,3038,en_progreso,2026-09-19,
2420,1065,abandonado,2026-09-19,Sin actividad posterior registrada
2421,1333,pausado,2026-09-19,
2422,1311,completado,2026-09-19,Modulo finalizado por el estudiante
2423,2287,en_progreso,2026-09-19,
2424,3973,completado,2026-09-19,Modulo finalizado por el estudiante
2425,2105,en_progreso,2026-09-19,
2426,3669,abandonado,2026-09-19,Sin actividad posterior registrada
2427,2779,abandonado,2026-09-19,Sin actividad posterior registrada
2428,689,iniciado,2026-09-19,
2429,2815,abandonado,2026-09-19,Sin actividad posterior registrada
2430,1834,completado,2026-09-19,Modulo finalizado por el estudiante
2431,2460,en_progreso,2026-09-19,
2432,82,iniciado,2026-09-19,
2433,4088,iniciado,2026-09-19,
2434,793,en_progreso,2026-09-19,
2435,849,en_progreso,2026-09-19,
2436,1472,en_progreso,2026-09-19,
2437,3674,iniciado,2026-09-19,
2438,447,completado,2026-09-19,Modulo finalizado por el estudiante
2439,3818,iniciado,2026-09-19,
2440,2993,en_progreso,2026-09-19,
2441,4060,completado,2026-09-19,Modulo finalizado por el estudiante
2442,2743,completado,2026-09-19,Modulo finalizado por el estudiante
2443,205,pausado,2026-09-19,
2444,1315,pausado,2026-09-19,
2445,1595,abandonado,2026-09-19,Sin actividad posterior registrada
2446,495,en_progreso,2026-09-19,
2447,3590,iniciado,2026-09-19,
2448,3981,completado,2026-09-19,Modulo finalizado por el estudiante
2449,2485,en_progreso,2026-09-19,
2450,167,en_progreso,2026-09-19,
2451,1639,iniciado,2026-09-19,
2452,1988,en_progreso,2026-09-19,
2453,2982,iniciado,2026-09-19,
2454,2295,pausado,2026-09-19,
2455,1009,en_progreso,2026-09-19,
2456,2115,pausado,2026-09-19,
2457,1341,en_progreso,2026-09-19,
2458,1297,en_progreso,2026-09-19,
2459,1420,pausado,2026-09-19,
2460,2623,completado,2026-09-19,Modulo finalizado por el estudiante
2461,3833,en_progreso,2026-09-19,
2462,1915,abandonado,2026-09-19,Sin actividad posterior registrada
2463,1670,pausado,2026-09-19,
2464,2376,pausado,2026-09-19,
2465,2563,completado,2026-09-19,Modulo finalizado por el estudiante
2466,1120,iniciado,2026-09-19,
2467,2139,iniciado,2026-09-19,
2468,2722,en_progreso,2026-09-19,
2469,1992,pausado,2026-09-19,
2470,3970,en_progreso,2026-09-19,
2471,3735,en_progreso,2026-09-19,
2472,3894,completado,2026-09-19,Modulo finalizado por el estudiante
2473,277,completado,2026-09-19,Modulo finalizado por el estudiante
2474,2797,completado,2026-09-19,Modulo finalizado por el estudiante
2475,1590,completado,2026-09-19,Modulo finalizado por el estudiante
2476,1284,iniciado,2026-09-19,
2477,3444,completado,2026-09-19,Modulo finalizado por el estudiante
2478,1225,iniciado,2026-09-19,
2479,3613,en_progreso,2026-09-19,
2480,4093,completado,2026-09-19,Modulo finalizado por el estudiante
2481,3868,completado,2026-09-19,Modulo finalizado por el estudiante
2482,3572,en_progreso,2026-09-19,
2483,224,en_progreso,2026-09-19,
2484,3280,en_progreso,2026-09-19,
2485,1646,en_progreso,2026-09-19,
2486,1128,en_progreso,2026-09-19,
2487,2029,en_progreso,2026-09-19,
2488,912,iniciado,2026-09-19,
2489,1429,completado,2026-09-19,Modulo finalizado por el estudiante
2490,2718,abandonado,2026-09-19,Sin actividad posterior registrada
2491,1646,pausado,2026-09-19,
2492,1883,iniciado,2026-09-19,
2493,619,en_progreso,2026-09-19,
2494,1258,iniciado,2026-09-19,
2495,3837,pausado,2026-09-19,
2496,2217,abandonado,2026-09-19,Sin actividad posterior registrada
2497,3167,en_progreso,2026-09-19,
2498,72,en_progreso,2026-09-19,
2499,2048,pausado,2026-09-19,
2500,3825,en_progreso,2026-09-19,
2501,3631,completado,2026-09-19,Modulo finalizado por el estudiante
2502,581,pausado,2026-09-19,
2503,2665,iniciado,2026-09-19,
2504,148,pausado,2026-09-19,
2505,3187,iniciado,2026-09-19,
2506,1819,completado,2026-09-19,Modulo finalizado por el estudiante
2507,1232,pausado,2026-09-19,
2508,3617,completado,2026-09-19,Modulo finalizado por el estudiante
2509,3982,iniciado,2026-09-19,
2510,1685,pausado,2026-09-19,
2511,628,en_progreso,2026-09-19,
2512,1697,iniciado,2026-09-19,
2513,2790,en_progreso,2026-09-19,
2514,3044,en_progreso,2026-09-19,
2515,3818,completado,2026-09-19,Modulo finalizado por el estudiante
2516,3964,completado,2026-09-19,Modulo finalizado por el estudiante
2517,2354,pausado,2026-09-19,
2518,4131,iniciado,2026-09-19,
2519,849,completado,2026-09-19,Modulo finalizado por el estudiante
2520,3725,iniciado,2026-09-19,
2521,538,completado,2026-09-19,Modulo finalizado por el estudiante
2522,3505,en_progreso,2026-09-19,
2523,189,iniciado,2026-09-19,
2524,3922,en_progreso,2026-09-19,
2525,1319,completado,2026-09-19,Modulo finalizado por el estudiante
2526,539,iniciado,2026-09-19,
2527,3902,en_progreso,2026-09-19,
2528,3664,iniciado,2026-09-19,
2529,1992,en_progreso,2026-09-19,
2530,662,completado,2026-09-19,Modulo finalizado por el estudiante
2531,2559,en_progreso,2026-09-19,
2532,3635,pausado,2026-09-19,
2533,132,en_progreso,2026-09-19,
2534,682,completado,2026-09-19,Modulo finalizado por el estudiante
2535,1157,en_progreso,2026-09-19,
2536,1166,iniciado,2026-09-19,
2537,3326,en_progreso,2026-09-19,
2538,1826,iniciado,2026-09-19,
2539,812,completado,2026-09-19,Modulo finalizado por el estudiante
2540,3393,en_progreso,2026-09-19,
2541,797,abandonado,2026-09-19,Sin actividad posterior registrada
2542,3072,en_progreso,2026-09-19,
2543,3768,completado,2026-09-19,Modulo finalizado por el estudiante
2544,718,en_progreso,2026-09-19,
2545,1333,pausado,2026-09-19,
2546,86,en_progreso,2026-09-19,
2547,2372,iniciado,2026-09-19,
2548,2977,en_progreso,2026-09-19,
2549,2531,completado,2026-09-19,Modulo finalizado por el estudiante
2550,2901,pausado,2026-09-19,
2551,2552,iniciado,2026-09-19,
2552,2855,en_progreso,2026-09-19,
2553,4135,iniciado,2026-09-19,
2554,3757,iniciado,2026-09-19,
2555,2945,en_progreso,2026-09-19,
2556,178,iniciado,2026-09-19,
2557,340,abandonado,2026-09-19,Sin actividad posterior registrada
2558,2265,en_progreso,2026-09-19,
2559,4061,iniciado,2026-09-19,
2560,2511,en_progreso,2026-09-19,
2561,3470,en_progreso,2026-09-19,
2562,3572,pausado,2026-09-19,
2563,3131,pausado,2026-09-19,
2564,2134,abandonado,2026-09-19,Sin actividad posterior registrada
2565,3015,en_progreso,2026-09-19,
2566,2438,en_progreso,2026-09-19,
2567,3745,pausado,2026-09-19,
2568,3155,iniciado,2026-09-19,
2569,4116,completado,2026-09-19,Modulo finalizado por el estudiante
2570,2438,en_progreso,2026-09-19,
2571,1894,completado,2026-09-19,Modulo finalizado por el estudiante
2572,2258,iniciado,2026-09-19,
2573,2350,pausado,2026-09-19,
2574,1752,en_progreso,2026-09-19,
2575,2085,abandonado,2026-09-19,Sin actividad posterior registrada
2576,3929,completado,2026-09-19,Modulo finalizado por el estudiante
2577,378,en_progreso,2026-09-19,
2578,2455,iniciado,2026-09-19,
2579,527,pausado,2026-09-19,
2580,2077,completado,2026-09-19,Modulo finalizado por el estudiante
2581,3182,en_progreso,2026-09-19,
2582,3210,en_progreso,2026-09-19,
2583,1980,completado,2026-09-19,Modulo finalizado por el estudiante
2584,2397,completado,2026-09-19,Modulo finalizado por el estudiante
2585,4120,en_progreso,2026-09-19,
2586,1749,en_progreso,2026-09-19,
2587,1202,en_progreso,2026-09-19,
2588,588,en_progreso,2026-09-19,
2589,624,completado,2026-09-19,Modulo finalizado por el estudiante
2590,3280,en_progreso,2026-09-19,
2591,3206,abandonado,2026-09-19,Sin actividad posterior registrada
2592,3572,pausado,2026-09-19,
2593,3686,pausado,2026-09-19,
2594,3488,completado,2026-09-19,Modulo finalizado por el estudiante
2595,3974,iniciado,2026-09-19,
2596,1495,en_progreso,2026-09-19,
2597,1731,completado,2026-09-19,Modulo finalizado por el estudiante
2598,1966,en_progreso,2026-09-19,
2599,3240,pausado,2026-09-19,
2600,395,en_progreso,2026-09-19,
2601,178,en_progreso,2026-09-19,
2602,2105,en_progreso,2026-09-19,
2603,2062,en_progreso,2026-09-19,
2604,3256,pausado,2026-09-19,
2605,298,en_progreso,2026-09-19,
2606,278,iniciado,2026-09-19,
2607,3869,iniciado,2026-09-19,
2608,455,en_progreso,2026-09-19,
2609,2771,iniciado,2026-09-19,
2610,3480,iniciado,2026-09-19,
2611,2511,en_progreso,2026-09-19,
2612,2911,en_progreso,2026-09-19,
2613,1584,pausado,2026-09-19,
2614,3401,en_progreso,2026-09-19,
2615,255,iniciado,2026-09-19,
2616,1236,en_progreso,2026-09-19,
2617,39,en_progreso,2026-09-19,
2618,757,completado,2026-09-19,Modulo finalizado por el estudiante
2619,1629,iniciado,2026-09-19,
2620,1828,en_progreso,2026-09-19,
2621,2443,iniciado,2026-09-19,
2622,995,iniciado,2026-09-19,
2623,712,iniciado,2026-09-19,
2624,2139,en_progreso,2026-09-19,
2625,3196,completado,2026-09-19,Modulo finalizado por el estudiante
2626,1981,iniciado,2026-09-19,
2627,405,en_progreso,2026-09-19,
2628,2475,iniciado,2026-09-19,
2629,102,en_progreso,2026-09-19,
2630,1752,pausado,2026-09-19,
2631,3284,en_progreso,2026-09-19,
2632,1629,en_progreso,2026-09-19,
2633,1814,en_progreso,2026-09-19,
2634,2627,completado,2026-09-19,Modulo finalizado por el estudiante
2635,2021,en_progreso,2026-09-19,
2636,1363,iniciado,2026-09-19,
2637,2475,pausado,2026-09-19,
2638,2982,en_progreso,2026-09-19,
2639,1895,iniciado,2026-09-19,
2640,1243,en_progreso,2026-09-19,
2641,2901,pausado,2026-09-19,
2642,3021,en_progreso,2026-09-19,
2643,1955,en_progreso,2026-09-19,
2644,3696,completado,2026-09-19,Modulo finalizado por el estudiante
2645,1327,en_progreso,2026-09-19,
2646,973,pausado,2026-09-19,
2647,3762,en_progreso,2026-09-19,
2648,3609,en_progreso,2026-09-19,
2649,3317,en_progreso,2026-09-19,
2650,3234,pausado,2026-09-19,
2651,3585,iniciado,2026-09-19,
2652,1803,completado,2026-09-19,Modulo finalizado por el estudiante
2653,3604,en_progreso,2026-09-19,
2654,2673,iniciado,2026-09-19,
2655,2511,pausado,2026-09-19,
2656,1536,pausado,2026-09-19,
2657,1970,iniciado,2026-09-19,
2658,2888,en_progreso,2026-09-19,
2659,216,en_progreso,2026-09-19,
2660,429,pausado,2026-09-19,
2661,502,pausado,2026-09-19,
2662,2888,en_progreso,2026-09-19,
2663,234,en_progreso,2026-09-19,
2664,3735,en_progreso,2026-09-19,
2665,2859,en_progreso,2026-09-19,
2666,561,completado,2026-09-19,Modulo finalizado por el estudiante
2667,1921,abandonado,2026-09-19,Sin actividad posterior registrada
2668,474,en_progreso,2026-09-19,
2669,1387,iniciado,2026-09-19,
2670,4054,en_progreso,2026-09-19,
2671,2982,pausado,2026-09-19,
2672,2035,en_progreso,2026-09-19,
2673,2319,completado,2026-09-19,Modulo finalizado por el estudiante
2674,3898,iniciado,2026-09-19,
2675,3433,en_progreso,2026-09-19,
2676,1872,en_progreso,2026-09-19,
2677,3895,iniciado,2026-09-19,
2678,2180,en_progreso,2026-09-19,
2679,3772,abandonado,2026-09-19,Sin actividad posterior registrada
2680,3466,completado,2026-09-19,Modulo finalizado por el estudiante
2681,1867,en_progreso,2026-09-19,
2682,1966,en_progreso,2026-09-19,
2683,3813,en_progreso,2026-09-19,
2684,474,en_progreso,2026-09-19,
2685,1835,iniciado,2026-09-19,
2686,701,pausado,2026-09-19,
2687,3933,completado,2026-09-19,Modulo finalizado por el estudiante
2688,514,pausado,2026-09-19,
2689,2401,en_progreso,2026-09-19,
2690,1732,iniciado,2026-09-19,
2691,1026,iniciado,2026-09-19,
2692,1212,en_progreso,2026-09-19,
2693,1095,en_progreso,2026-09-19,
2694,433,en_progreso,2026-09-19,
2695,2894,completado,2026-09-19,Modulo finalizado por el estudiante
2696,3003,en_progreso,2026-09-19,
2697,3557,iniciado,2026-09-19,
2698,723,iniciado,2026-09-19,
2699,3427,en_progreso,2026-09-19,
2700,3977,completado,2026-09-19,Modulo finalizado por el estudiante
2701,927,pausado,2026-09-19,
2702,245,en_progreso,2026-09-19,
2703,1339,iniciado,2026-09-19,
2704,2527,pausado,2026-09-19,
2705,2555,en_progreso,2026-09-19,
2706,2679,completado,2026-09-19,Modulo finalizado por el estudiante
2707,1106,en_progreso,2026-09-19,
2708,2511,en_progreso,2026-09-19,
2709,2164,en_progreso,2026-09-19,
2710,906,completado,2026-09-19,Modulo finalizado por el estudiante
2711,3474,en_progreso,2026-09-19,
2712,3680,en_progreso,2026-09-19,
2713,562,iniciado,2026-09-19,
2714,4088,completado,2026-09-19,Modulo finalizado por el estudiante
2715,683,iniciado,2026-09-19,
2716,1591,iniciado,2026-09-19,
2717,471,completado,2026-09-19,Modulo finalizado por el estudiante
2718,1529,en_progreso,2026-09-19,
2719,2485,en_progreso,2026-09-19,
2720,2564,iniciado,2026-09-19,
2721,1962,completado,2026-09-19,Modulo finalizado por el estudiante
2722,2354,en_progreso,2026-09-19,
2723,1327,en_progreso,2026-09-19,
2724,1258,en_progreso,2026-09-19,
2725,4101,pausado,2026-09-19,
2726,813,iniciado,2026-09-19,
2727,758,iniciado,2026-09-19,
2728,221,iniciado,2026-09-19,
2729,1608,iniciado,2026-09-19,
2730,2700,pausado,2026-09-19,
2731,772,completado,2026-09-19,Modulo finalizado por el estudiante
2732,2680,iniciado,2026-09-19,
2733,2555,pausado,2026-09-19,
2734,448,iniciado,2026-09-19,
2735,102,en_progreso,2026-09-19,
2736,3147,completado,2026-09-19,Modulo finalizado por el estudiante
2737,3498,en_progreso,2026-09-19,
2738,1623,en_progreso,2026-09-19,
2739,1341,en_progreso,2026-09-19,
2740,2615,iniciado,2026-09-19,
2741,358,en_progreso,2026-09-19,
2742,3427,en_progreso,2026-09-19,
2743,3298,en_progreso,2026-09-19,
2744,2443,en_progreso,2026-09-19,
2745,3276,en_progreso,2026-09-19,
2746,479,iniciado,2026-09-19,
2747,2987,abandonado,2026-09-19,Sin actividad posterior registrada
2748,384,abandonado,2026-09-19,Sin actividad posterior registrada
2749,3135,en_progreso,2026-09-19,
2750,3187,en_progreso,2026-09-19,
2751,245,pausado,2026-09-19,
2752,2102,iniciado,2026-09-19,
2753,1423,pausado,2026-09-19,
2754,2007,completado,2026-09-19,Modulo finalizado por el estudiante
2755,1946,en_progreso,2026-09-19,
2756,571,completado,2026-09-19,Modulo finalizado por el estudiante
2757,1867,en_progreso,2026-09-19,
2758,1895,completado,2026-09-19,Modulo finalizado por el estudiante
2759,998,completado,2026-09-19,Modulo finalizado por el estudiante
2760,3944,iniciado,2026-09-19,
2761,2661,abandonado,2026-09-19,Sin actividad posterior registrada
2762,2752,pausado,2026-09-19,
2763,746,en_progreso,2026-09-19,
2764,2624,iniciado,2026-09-19,
2765,209,en_progreso,2026-09-19,
2766,1141,completado,2026-09-19,Modulo finalizado por el estudiante
2767,1770,completado,2026-09-19,Modulo finalizado por el estudiante
2768,2945,en_progreso,2026-09-19,
2769,2714,en_progreso,2026-09-19,
2770,1095,en_progreso,2026-09-19,
2771,264,completado,2026-09-19,Modulo finalizado por el estudiante
2772,1858,en_progreso,2026-09-19,
2773,2488,completado,2026-09-19,Modulo finalizado por el estudiante
2774,2511,completado,2026-09-19,Modulo finalizado por el estudiante
2775,2186,en_progreso,2026-09-19,
2776,3988,en_progreso,2026-09-19,
2777,2974,en_progreso,2026-09-19,
2778,2412,en_progreso,2026-09-19,
2779,1032,iniciado,2026-09-19,
2780,3148,iniciado,2026-09-19,
2781,1651,iniciado,2026-09-19,
2782,1800,en_progreso,2026-09-19,
2783,1662,en_progreso,2026-09-19,
2784,2430,en_progreso,2026-09-19,
2785,2552,en_progreso,2026-09-19,
2786,1985,iniciado,2026-09-19,
2787,3557,abandonado,2026-09-19,Sin actividad posterior registrada
2788,1540,pausado,2026-09-19,
2789,320,en_progreso,2026-09-19,
2790,2041,en_progreso,2026-09-19,
2791,902,iniciado,2026-09-19,
2792,178,en_progreso,2026-09-19,
2793,2503,en_progreso,2026-09-19,
2794,3725,en_progreso,2026-09-19,
2795,3272,iniciado,2026-09-19,
2796,189,pausado,2026-09-19,
2797,3922,en_progreso,2026-09-19,
2798,2532,iniciado,2026-09-19,
2799,433,pausado,2026-09-19,
2800,3044,en_progreso,2026-09-19,
2801,1560,en_progreso,2026-09-19,
2802,1073,en_progreso,2026-09-19,
2803,3240,en_progreso,2026-09-19,
2804,4061,en_progreso,2026-09-19,
2805,1608,pausado,2026-09-19,
2806,2811,en_progreso,2026-09-19,
2807,418,en_progreso,2026-09-19,
2808,2535,abandonado,2026-09-19,Sin actividad posterior registrada
2809,3944,abandonado,2026-09-19,Sin actividad posterior registrada
2810,1795,pausado,2026-09-19,
2811,4106,en_progreso,2026-09-19,
2812,1690,completado,2026-09-19,Modulo finalizado por el estudiante
2813,4117,iniciado,2026-09-19,
2814,4106,completado,2026-09-19,Modulo finalizado por el estudiante
2815,3694,iniciado,2026-09-19,
2816,995,completado,2026-09-19,Modulo finalizado por el estudiante
2817,2911,en_progreso,2026-09-19,
2818,776,en_progreso,2026-09-19,
2819,2025,pausado,2026-09-19,
2820,2068,en_progreso,2026-09-19,
2821,718,pausado,2026-09-19,
2822,488,iniciado,2026-09-19,
2823,369,en_progreso,2026-09-19,
2824,2756,en_progreso,2026-09-19,
2825,3317,en_progreso,2026-09-19,
2826,3717,en_progreso,2026-09-19,
2827,2970,en_progreso,2026-09-19,
2828,3182,pausado,2026-09-19,
2829,1046,completado,2026-09-19,Modulo finalizado por el estudiante
2830,718,en_progreso,2026-09-19,
2831,310,completado,2026-09-19,Modulo finalizado por el estudiante
2832,2974,en_progreso,2026-09-19,
2833,1809,iniciado,2026-09-19,
2834,4107,iniciado,2026-09-19,
2835,1272,en_progreso,2026-09-19,
2836,1591,completado,2026-09-19,Modulo finalizado por el estudiante
2837,1407,en_progreso,2026-09-19,
2838,1540,en_progreso,2026-09-19,
2839,3076,en_progreso,2026-09-19,
2840,3424,iniciado,2026-09-19,
2841,3353,en_progreso,2026-09-19,
2842,3498,en_progreso,2026-09-19,
2843,234,completado,2026-09-19,Modulo finalizado por el estudiante
2844,167,en_progreso,2026-09-19,
2845,3326,en_progreso,2026-09-19,
2846,3303,en_progreso,2026-09-19,
2847,2859,completado,2026-09-19,Modulo finalizado por el estudiante
2848,3155,en_progreso,2026-09-19,
2849,2774,en_progreso,2026-09-19,
2850,2306,iniciado,2026-09-19,
2851,1676,en_progreso,2026-09-19,
2852,888,en_progreso,2026-09-19,
2853,1161,en_progreso,2026-09-19,
2854,1788,pausado,2026-09-19,
2855,1946,abandonado,2026-09-19,Sin actividad posterior registrada
2856,723,completado,2026-09-19,Modulo finalizado por el estudiante
2857,2965,iniciado,2026-09-19,
2858,3256,en_progreso,2026-09-19,
2859,672,en_progreso,2026-09-19,
2860,539,en_progreso,2026-09-19,
2861,3577,iniciado,2026-09-19,
2862,2388,en_progreso,2026-09-19,
2863,902,completado,2026-09-19,Modulo finalizado por el estudiante
2864,3345,iniciado,2026-09-19,
2865,1756,iniciado,2026-09-19,
2866,1091,completado,2026-09-19,Modulo finalizado por el estudiante
2867,2869,iniciado,2026-09-19,
2868,2965,en_progreso,2026-09-19,
2869,2864,iniciado,2026-09-19,
2870,141,en_progreso,2026-09-19,
2871,2633,abandonado,2026-09-19,Sin actividad posterior registrada
2872,1221,pausado,2026-09-19,
2873,268,iniciado,2026-09-19,
2874,283,en_progreso,2026-09-19,
2875,3799,iniciado,2026-09-19,
2876,3902,en_progreso,2026-09-19,
2877,592,en_progreso,2026-09-19,
2878,2058,completado,2026-09-19,Modulo finalizado por el estudiante
2879,2059,iniciado,2026-09-19,
2880,255,en_progreso,2026-09-19,
2881,1116,en_progreso,2026-09-19,
2882,2192,en_progreso,2026-09-19,
2883,1570,iniciado,2026-09-19,
2884,3621,pausado,2026-09-19,
2885,650,en_progreso,2026-09-19,
2886,2105,completado,2026-09-19,Modulo finalizado por el estudiante
2887,1901,pausado,2026-09-19,
2888,2059,completado,2026-09-19,Modulo finalizado por el estudiante
2889,1135,pausado,2026-09-19,
2890,2291,en_progreso,2026-09-19,
2891,768,iniciado,2026-09-19,
2892,4135,en_progreso,2026-09-19,
2893,2628,iniciado,2026-09-19,
2894,832,iniciado,2026-09-19,
2895,3517,completado,2026-09-19,Modulo finalizado por el estudiante
2896,782,en_progreso,2026-09-19,
2897,916,en_progreso,2026-09-19,
2898,1685,pausado,2026-09-19,
2899,2922,completado,2026-09-19,Modulo finalizado por el estudiante
2900,3080,en_progreso,2026-09-19,
2901,2749,completado,2026-09-19,Modulo finalizado por el estudiante
2902,2073,iniciado,2026-09-19,
2903,1858,pausado,2026-09-19,
2904,2376,pausado,2026-09-19,
2905,3994,pausado,2026-09-19,
2906,3467,iniciado,2026-09-19,
2907,2744,iniciado,2026-09-19,
2908,1491,abandonado,2026-09-19,Sin actividad posterior registrada
2909,3359,pausado,2026-09-19,
2910,289,pausado,2026-09-19,
2911,963,iniciado,2026-09-19,
2912,3027,pausado,2026-09-19,
2913,3609,completado,2026-09-19,Modulo finalizado por el estudiante
2914,2168,en_progreso,2026-09-19,
2915,183,pausado,2026-09-19,
2916,4076,iniciado,2026-09-19,
2917,604,en_progreso,2026-09-19,
2918,2392,en_progreso,2026-09-19,
2919,2350,en_progreso,2026-09-19,
2920,2729,iniciado,2026-09-19,
2921,351,pausado,2026-09-19,
2922,2999,en_progreso,2026-09-19,
2923,3859,en_progreso,2026-09-19,
2924,991,iniciado,2026-09-19,
2925,2658,iniciado,2026-09-19,
2926,3086,en_progreso,2026-09-19,
2927,3965,iniciado,2026-09-19,
2928,3735,completado,2026-09-19,Modulo finalizado por el estudiante
2929,1481,pausado,2026-09-19,
2930,1103,iniciado,2026-09-19,
2931,1387,en_progreso,2026-09-19,
2932,1681,completado,2026-09-19,Modulo finalizado por el estudiante
2933,4098,en_progreso,2026-09-19,
2934,1785,iniciado,2026-09-19,
2935,2774,en_progreso,2026-09-19,
2936,1540,en_progreso,2026-09-19,
2937,3158,iniciado,2026-09-19,
2938,2164,completado,2026-09-19,Modulo finalizado por el estudiante
2939,2261,completado,2026-09-19,Modulo finalizado por el estudiante
2940,815,iniciado,2026-09-19,
2941,1643,en_progreso,2026-09-19,
2942,448,en_progreso,2026-09-19,
2943,1439,pausado,2026-09-19,
2944,1216,en_progreso,2026-09-19,
2945,3266,pausado,2026-09-19,
2946,768,en_progreso,2026-09-19,
2947,1351,en_progreso,2026-09-19,
2948,3076,en_progreso,2026-09-19,
2949,554,iniciado,2026-09-19,
2950,2366,en_progreso,2026-09-19,
2951,3965,completado,2026-09-19,Modulo finalizado por el estudiante
2952,27,iniciado,2026-09-19,
2953,3193,abandonado,2026-09-19,Sin actividad posterior registrada
2954,888,en_progreso,2026-09-19,
2955,2756,en_progreso,2026-09-19,
2956,1629,en_progreso,2026-09-19,
2957,502,pausado,2026-09-19,
2958,1315,en_progreso,2026-09-19,
2959,216,completado,2026-09-19,Modulo finalizado por el estudiante
2960,999,iniciado,2026-09-19,
2961,2388,completado,2026-09-19,Modulo finalizado por el estudiante
2962,1005,completado,2026-09-19,Modulo finalizado por el estudiante
2963,209,abandonado,2026-09-19,Sin actividad posterior registrada
2964,2275,completado,2026-09-19,Modulo finalizado por el estudiante
2965,1078,iniciado,2026-09-19,
2966,1643,completado,2026-09-19,Modulo finalizado por el estudiante
2967,48,iniciado,2026-09-19,
2968,1691,iniciado,2026-09-19,
2969,3310,iniciado,2026-09-19,
2970,3518,iniciado,2026-09-19,
2971,592,completado,2026-09-19,Modulo finalizado por el estudiante
2972,1890,en_progreso,2026-09-19,
2973,3161,en_progreso,2026-09-19,
2974,746,completado,2026-09-19,Modulo finalizado por el estudiante
2975,2714,en_progreso,2026-09-19,
2976,1867,en_progreso,2026-09-19,
2977,1451,pausado,2026-09-19,
2978,72,pausado,2026-09-19,
2979,1676,pausado,2026-09-19,
2980,1111,en_progreso,2026-09-19,
2981,2325,completado,2026-09-19,Modulo finalizado por el estudiante
2982,2977,en_progreso,2026-09-19,
2983,532,iniciado,2026-09-19,
2984,1073,abandonado,2026-09-19,Sin actividad posterior registrada
2985,2771,en_progreso,2026-09-19,
2986,1478,iniciado,2026-09-19,
2987,2192,en_progreso,2026-09-19,
2988,1867,en_progreso,2026-09-19,
2989,58,en_progreso,2026-09-19,
2990,1341,en_progreso,2026-09-19,
2991,1745,iniciado,2026-09-19,
2992,907,iniciado,2026-09-19,
2993,2329,pausado,2026-09-19,
2994,4107,completado,2026-09-19,Modulo finalizado por el estudiante
2995,4024,en_progreso,2026-09-19,
2996,1682,iniciado,2026-09-19,
2997,2081,pausado,2026-09-19,
2998,1249,iniciado,2026-09-19,
2999,741,iniciado,2026-09-19,
3000,2774,en_progreso,2026-09-19,
3001,2430,en_progreso,2026-09-20,
3002,1327,en_progreso,2026-09-20,
3003,1145,pausado,2026-09-20,
3004,4098,en_progreso,2026-09-20,
3005,3445,iniciado,2026-09-20,
3006,1572,iniciado,2026-09-20,
3007,33,completado,2026-09-20,Modulo finalizado por el estudiante
3008,907,pausado,2026-09-20,
3009,1932,en_progreso,2026-09-20,
3010,1901,en_progreso,2026-09-20,
3011,2035,completado,2026-09-20,Modulo finalizado por el estudiante
3012,3528,en_progreso,2026-09-20,
3013,2669,en_progreso,2026-09-20,
3014,2168,en_progreso,2026-09-20,
3015,3664,pausado,2026-09-20,
3016,2052,pausado,2026-09-20,
3017,4112,iniciado,2026-09-20,
3018,405,en_progreso,2026-09-20,
3019,1646,abandonado,2026-09-20,Sin actividad posterior registrada
3020,1327,completado,2026-09-20,Modulo finalizado por el estudiante
3021,2180,en_progreso,2026-09-20,
3022,2073,en_progreso,2026-09-20,
3023,3919,iniciado,2026-09-20,
3024,1519,pausado,2026-09-20,
3025,3994,pausado,2026-09-20,
3026,3572,pausado,2026-09-20,
3027,3109,pausado,2026-09-20,
3028,927,en_progreso,2026-09-20,
3029,3745,pausado,2026-09-20,
3030,1249,pausado,2026-09-20,
3031,320,en_progreso,2026-09-20,
3032,1795,en_progreso,2026-09-20,
3033,3313,completado,2026-09-20,Modulo finalizado por el estudiante
3034,1788,en_progreso,2026-09-20,
3035,3762,en_progreso,2026-09-20,
3036,1399,pausado,2026-09-20,
3037,3148,en_progreso,2026-09-20,
3038,3410,iniciado,2026-09-20,
3039,2295,en_progreso,2026-09-20,
3040,776,en_progreso,2026-09-20,
3041,268,completado,2026-09-20,Modulo finalizado por el estudiante
3042,867,iniciado,2026-09-20,
3043,3664,en_progreso,2026-09-20,
3044,3484,en_progreso,2026-09-20,
3045,2729,en_progreso,2026-09-20,
3046,58,pausado,2026-09-20,
3047,633,pausado,2026-09-20,
3048,3135,completado,2026-09-20,Modulo finalizado por el estudiante
3049,3750,en_progreso,2026-09-20,
3050,899,iniciado,2026-09-20,
3051,2638,en_progreso,2026-09-20,
3052,1495,abandonado,2026-09-20,Sin actividad posterior registrada
3053,1026,en_progreso,2026-09-20,
3054,3660,en_progreso,2026-09-20,
3055,3577,en_progreso,2026-09-20,
3056,916,en_progreso,2026-09-20,
3057,3094,completado,2026-09-20,Modulo finalizado por el estudiante
3058,3511,en_progreso,2026-09-20,
3059,2068,completado,2026-09-20,Modulo finalizado por el estudiante
3060,1752,en_progreso,2026-09-20,
3061,3317,completado,2026-09-20,Modulo finalizado por el estudiante
3062,488,pausado,2026-09-20,
3063,399,abandonado,2026-09-20,Sin actividad posterior registrada
3064,3122,iniciado,2026-09-20,
3065,706,iniciado,2026-09-20,
3066,724,iniciado,2026-09-20,
3067,3874,en_progreso,2026-09-20,
3068,1519,en_progreso,2026-09-20,
3069,1216,completado,2026-09-20,Modulo finalizado por el estudiante
3070,4042,en_progreso,2026-09-20,
3071,3934,iniciado,2026-09-20,
3072,3819,iniciado,2026-09-20,
3073,2157,en_progreso,2026-09-20,
3074,672,en_progreso,2026-09-20,
3075,132,pausado,2026-09-20,
3076,1320,iniciado,2026-09-20,
3077,3453,en_progreso,2026-09-20,
3078,3706,en_progreso,2026-09-20,
3079,183,completado,2026-09-20,Modulo finalizado por el estudiante
3080,414,en_progreso,2026-09-20,
3081,2841,en_progreso,2026-09-20,
3082,3349,iniciado,2026-09-20,
3083,3382,en_progreso,2026-09-20,
3084,2354,en_progreso,2026-09-20,
3085,2503,en_progreso,2026-09-20,
3086,311,iniciado,2026-09-20,
3087,3949,iniciado,2026-09-20,
3088,3833,abandonado,2026-09-20,Sin actividad posterior registrada
3089,554,en_progreso,2026-09-20,
3090,610,iniciado,2026-09-20,
3091,1413,en_progreso,2026-09-20,
3092,793,en_progreso,2026-09-20,
3093,1420,completado,2026-09-20,Modulo finalizado por el estudiante
3094,444,iniciado,2026-09-20,
3095,2578,completado,2026-09-20,Modulo finalizado por el estudiante
3096,3229,iniciado,2026-09-20,
3097,554,en_progreso,2026-09-20,
3098,82,abandonado,2026-09-20,Sin actividad posterior registrada
3099,1356,iniciado,2026-09-20,
3100,958,en_progreso,2026-09-20,
3101,2326,iniciado,2026-09-20,
3102,345,iniciado,2026-09-20,
3103,948,en_progreso,2026-09-20,
3104,1524,iniciado,2026-09-20,
3105,2665,en_progreso,2026-09-20,
3106,3272,pausado,2026-09-20,
3107,2852,en_progreso,2026-09-20,
3108,334,pausado,2026-09-20,
3109,3182,en_progreso,2026-09-20,
3110,298,pausado,2026-09-20,
3111,2931,iniciado,2026-09-20,
3112,3109,en_progreso,2026-09-20,
3113,474,completado,2026-09-20,Modulo finalizado por el estudiante
3114,410,pausado,2026-09-20,
3115,3974,completado,2026-09-20,Modulo finalizado por el estudiante
3116,2338,en_progreso,2026-09-20,
3117,1407,pausado,2026-09-20,
3118,235,iniciado,2026-09-20,
3119,3643,en_progreso,2026-09-20,
3120,3318,iniciado,2026-09-20,
3121,3066,en_progreso,2026-09-20,
3122,3934,pausado,2026-09-20,
3123,1363,en_progreso,2026-09-20,
3124,3795,en_progreso,2026-09-20,
3125,429,en_progreso,2026-09-20,
3126,3310,abandonado,2026-09-20,Sin actividad posterior registrada
3127,433,en_progreso,2026-09-20,
3128,747,iniciado,2026-09-20,
3129,2008,iniciado,2026-09-20,
3130,410,completado,2026-09-20,Modulo finalizado por el estudiante
3131,2127,en_progreso,2026-09-20,
3132,3187,pausado,2026-09-20,
3133,3610,iniciado,2026-09-20,
3134,3859,en_progreso,2026-09-20,
3135,3262,en_progreso,2026-09-20,
3136,768,en_progreso,2026-09-20,
3137,3256,en_progreso,2026-09-20,
3138,1217,iniciado,2026-09-20,
3139,1978,en_progreso,2026-09-20,
3140,1519,en_progreso,2026-09-20,
3141,302,en_progreso,2026-09-20,
3142,1584,en_progreso,2026-09-20,
3143,737,pausado,2026-09-20,
3144,1506,en_progreso,2026-09-20,
3145,4145,iniciado,2026-09-20,
3146,2477,pausado,2026-09-20,
3147,628,en_progreso,2026-09-20,
3148,850,iniciado,2026-09-20,
3149,3200,en_progreso,2026-09-20,
3150,3250,iniciado,2026-09-20,
3151,845,en_progreso,2026-09-20,
3152,2092,completado,2026-09-20,Modulo finalizado por el estudiante
3153,235,completado,2026-09-20,Modulo finalizado por el estudiante
3154,1217,pausado,2026-09-20,
3155,3922,en_progreso,2026-09-20,
3156,2359,abandonado,2026-09-20,Sin actividad posterior registrada
3157,888,completado,2026-09-20,Modulo finalizado por el estudiante
3158,1356,completado,2026-09-20,Modulo finalizado por el estudiante
3159,1032,completado,2026-09-20,Modulo finalizado por el estudiante
3160,152,en_progreso,2026-09-20,
3161,2392,completado,2026-09-20,Modulo finalizado por el estudiante
3162,1421,iniciado,2026-09-20,
3163,1533,en_progreso,2026-09-20,
3164,2211,completado,2026-09-20,Modulo finalizado por el estudiante
3165,2761,iniciado,2026-09-20,
3166,1278,en_progreso,2026-09-20,
3167,2011,en_progreso,2026-09-20,
3168,1315,en_progreso,2026-09-20,
3169,2311,en_progreso,2026-09-20,
3170,1601,en_progreso,2026-09-20,
3171,4005,abandonado,2026-09-20,Sin actividad posterior registrada
3172,3158,en_progreso,2026-09-20,
3173,1499,en_progreso,2026-09-20,
3174,1524,en_progreso,2026-09-20,
3175,1985,pausado,2026-09-20,
3176,1800,en_progreso,2026-09-20,
3177,650,en_progreso,2026-09-20,
3178,1451,en_progreso,2026-09-20,
3179,3055,completado,2026-09-20,Modulo finalizado por el estudiante
3180,3167,pausado,2026-09-20,
3181,3952,iniciado,2026-09-20,
3182,1145,en_progreso,2026-09-20,
3183,3919,completado,2026-09-20,Modulo finalizado por el estudiante
3184,3674,en_progreso,2026-09-20,
3185,1727,en_progreso,2026-09-20,
3186,1872,en_progreso,2026-09-20,
3187,724,en_progreso,2026-09-20,
3188,2192,pausado,2026-09-20,
3189,1009,pausado,2026-09-20,
3190,1732,en_progreso,2026-09-20,
3191,1749,en_progreso,2026-09-20,
3192,3417,pausado,2026-09-20,
3193,1839,en_progreso,2026-09-20,
3194,1229,en_progreso,2026-09-20,
3195,973,pausado,2026-09-20,
3196,1633,iniciado,2026-09-20,
3197,3015,pausado,2026-09-20,
3198,3650,en_progreso,2026-09-20,
3199,1348,iniciado,2026-09-20,
3200,3970,en_progreso,2026-09-20,
3201,842,en_progreso,2026-09-20,
3202,2790,pausado,2026-09-20,
3203,429,en_progreso,2026-09-20,
3204,3398,en_progreso,2026-09-20,
3205,2895,iniciado,2026-09-20,
3206,2320,iniciado,2026-09-20,
3207,1393,en_progreso,2026-09-20,
3208,604,completado,2026-09-20,Modulo finalizado por el estudiante
3209,1258,en_progreso,2026-09-20,
3210,3038,en_progreso,2026-09-20,
3211,689,en_progreso,2026-09-20,
3212,3934,en_progreso,2026-09-20,
3213,1814,abandonado,2026-09-20,Sin actividad posterior registrada
3214,2596,pausado,2026-09-20,
3215,2954,en_progreso,2026-09-20,
3216,2615,completado,2026-09-20,Modulo finalizado por el estudiante
3217,2793,en_progreso,2026-09-20,
3218,3762,en_progreso,2026-09-20,
3219,2852,pausado,2026-09-20,
3220,1572,en_progreso,2026-09-20,
3221,1348,en_progreso,2026-09-20,
3222,3182,en_progreso,2026-09-20,
3223,2234,iniciado,2026-09-20,
3224,4101,en_progreso,2026-09-20,
3225,2412,en_progreso,2026-09-20,
3226,2425,en_progreso,2026-09-20,
3227,2265,completado,2026-09-20,Modulo finalizado por el estudiante
3228,3453,completado,2026-09-20,Modulo finalizado por el estudiante
3229,132,completado,2026-09-20,Modulo finalizado por el estudiante
3230,3401,en_progreso,2026-09-20,
3231,2025,en_progreso,2026-09-20,
3232,2447,iniciado,2026-09-20,
3233,3171,pausado,2026-09-20,
3234,3222,completado,2026-09-20,Modulo finalizado por el estudiante
3235,1261,iniciado,2026-09-20,
3236,2864,en_progreso,2026-09-20,
3237,173,en_progreso,2026-09-20,
3238,2354,pausado,2026-09-20,
3239,2752,completado,2026-09-20,Modulo finalizado por el estudiante
3240,3674,en_progreso,2026-09-20,
3241,3498,pausado,2026-09-20,
3242,162,en_progreso,2026-09-20,
3243,2714,en_progreso,2026-09-20,
3244,1883,en_progreso,2026-09-20,
3245,2196,en_progreso,2026-09-20,
3246,2460,en_progreso,2026-09-20,
3247,116,iniciado,2026-09-20,
3248,3178,en_progreso,2026-09-20,
3249,1292,iniciado,2026-09-20,
3250,3837,en_progreso,2026-09-20,
3251,239,completado,2026-09-20,Modulo finalizado por el estudiante
3252,1413,en_progreso,2026-09-20,
3253,877,en_progreso,2026-09-20,
3254,646,pausado,2026-09-20,
3255,1254,en_progreso,2026-09-20,
3256,2127,en_progreso,2026-09-20,
3257,646,completado,2026-09-20,Modulo finalizado por el estudiante
3258,937,abandonado,2026-09-20,Sin actividad posterior registrada
3259,610,pausado,2026-09-20,
3260,1795,pausado,2026-09-20,
3261,2180,en_progreso,2026-09-20,
3262,448,pausado,2026-09-20,
3263,3710,en_progreso,2026-09-20,
3264,1738,completado,2026-09-20,Modulo finalizado por el estudiante
3265,3562,completado,2026-09-20,Modulo finalizado por el estudiante
3266,3349,completado,2026-09-20,Modulo finalizado por el estudiante
3267,2008,en_progreso,2026-09-20,
3268,411,iniciado,2026-09-20,
3269,2974,pausado,2026-09-20,
3270,63,iniciado,2026-09-20,
3271,2460,completado,2026-09-20,Modulo finalizado por el estudiante
3272,598,iniciado,2026-09-20,
3273,2532,abandonado,2026-09-20,Sin actividad posterior registrada
3274,3762,completado,2026-09-20,Modulo finalizado por el estudiante
3275,2714,pausado,2026-09-20,
3276,2555,en_progreso,2026-09-20,
3277,3863,en_progreso,2026-09-20,
3278,3182,completado,2026-09-20,Modulo finalizado por el estudiante
3279,2753,iniciado,2026-09-20,
3280,2559,completado,2026-09-20,Modulo finalizado por el estudiante
3281,3511,en_progreso,2026-09-20,
3282,502,en_progreso,2026-09-20,
3283,2750,iniciado,2026-09-20,
3284,3379,pausado,2026-09-20,
3285,2201,en_progreso,2026-09-20,
3286,1872,en_progreso,2026-09-20,
3287,1478,en_progreso,2026-09-20,
3288,4149,iniciado,2026-09-20,
3289,1584,pausado,2026-09-20,
3290,3056,iniciado,2026-09-20,
3291,1120,en_progreso,2026-09-20,
3292,2878,pausado,2026-09-20,
3293,1379,pausado,2026-09-20,
3294,3825,pausado,2026-09-20,
3295,2642,iniciado,2026-09-20,
3296,98,en_progreso,2026-09-20,
3297,4101,en_progreso,2026-09-20,
3298,2139,en_progreso,2026-09-20,
3299,2485,abandonado,2026-09-20,Sin actividad posterior registrada
3300,3266,en_progreso,2026-09-20,
3301,1554,en_progreso,2026-09-20,
3302,1128,en_progreso,2026-09-20,
3303,4098,en_progreso,2026-09-20,
3304,2860,iniciado,2026-09-20,
3305,1592,iniciado,2026-09-20,
3306,3498,abandonado,2026-09-20,Sin actividad posterior registrada
3307,3101,pausado,2026-09-20,
3308,566,iniciado,2026-09-20,
3309,1135,en_progreso,2026-09-20,
3310,1745,en_progreso,2026-09-20,
3311,1572,en_progreso,2026-09-20,
3312,1691,pausado,2026-09-20,
3313,718,pausado,2026-09-20,
3314,2895,en_progreso,2026-09-20,
3315,1644,iniciado,2026-09-20,
3316,2774,en_progreso,2026-09-20,
3317,302,en_progreso,2026-09-20,
3318,636,completado,2026-09-20,Modulo finalizado por el estudiante
3319,2336,iniciado,2026-09-20,
3320,2897,en_progreso,2026-09-20,
3321,311,en_progreso,2026-09-20,
3322,1752,en_progreso,2026-09-20,
3323,3314,iniciado,2026-09-20,
3324,2438,pausado,2026-09-20,
3325,3674,en_progreso,2026-09-20,
3326,2669,completado,2026-09-20,Modulo finalizado por el estudiante
3327,1715,completado,2026-09-20,Modulo finalizado por el estudiante
3328,2517,en_progreso,2026-09-20,
3329,3628,abandonado,2026-09-20,Sin actividad posterior registrada
3330,562,completado,2026-09-20,Modulo finalizado por el estudiante
3331,1207,iniciado,2026-09-20,
3332,3721,en_progreso,2026-09-20,
3333,903,iniciado,2026-09-20,
3334,1374,iniciado,2026-09-20,
3335,1009,pausado,2026-09-20,
3336,903,en_progreso,2026-09-20,
3337,3531,en_progreso,2026-09-20,
3338,1670,pausado,2026-09-20,
3339,2685,en_progreso,2026-09-20,
3340,1524,completado,2026-09-20,Modulo finalizado por el estudiante
3341,3721,pausado,2026-09-20,
3342,1157,en_progreso,2026-09-20,
3343,3863,en_progreso,2026-09-20,
3344,813,en_progreso,2026-09-20,
3345,1767,pausado,2026-09-20,
3346,3379,completado,2026-09-20,Modulo finalizado por el estudiante
3347,2592,iniciado,2026-09-20,
3348,706,en_progreso,2026-09-20,
3349,2350,completado,2026-09-20,Modulo finalizado por el estudiante
3350,2945,en_progreso,2026-09-20,
3351,3568,en_progreso,2026-09-20,
3352,1858,pausado,2026-09-20,
3353,156,en_progreso,2026-09-20,
3354,3417,pausado,2026-09-20,
3355,136,abandonado,2026-09-20,Sin actividad posterior registrada
3356,4010,completado,2026-09-20,Modulo finalizado por el estudiante
3357,3427,en_progreso,2026-09-20,
3358,2790,en_progreso,2026-09-20,
3359,1608,en_progreso,2026-09-20,
3360,3791,completado,2026-09-20,Modulo finalizado por el estudiante
3361,527,en_progreso,2026-09-20,
3362,1852,pausado,2026-09-20,
3363,927,en_progreso,2026-09-20,
3364,1676,pausado,2026-09-20,
3365,2338,completado,2026-09-20,Modulo finalizado por el estudiante
3366,3272,en_progreso,2026-09-20,
3367,1451,en_progreso,2026-09-20,
3368,2366,completado,2026-09-20,Modulo finalizado por el estudiante
3369,7,pausado,2026-09-20,
3370,3223,iniciado,2026-09-20,
3371,2750,en_progreso,2026-09-20,
3372,2093,iniciado,2026-09-20,
3373,3710,completado,2026-09-20,Modulo finalizado por el estudiante
3374,3725,en_progreso,2026-09-20,
3375,1540,en_progreso,2026-09-20,
3376,2592,completado,2026-09-20,Modulo finalizado por el estudiante
3377,2869,en_progreso,2026-09-20,
3378,3632,iniciado,2026-09-20,
3379,1379,pausado,2026-09-20,
3380,1795,pausado,2026-09-20,
3381,3280,en_progreso,2026-09-20,
3382,647,iniciado,2026-09-20,
3383,2744,completado,2026-09-20,Modulo finalizado por el estudiante
3384,3869,completado,2026-09-20,Modulo finalizado por el estudiante
3385,2942,iniciado,2026-09-20,
3386,1691,en_progreso,2026-09-20,
3387,2860,abandonado,2026-09-20,Sin actividad posterior registrada
3388,1403,en_progreso,2026-09-20,
3389,1124,completado,2026-09-20,Modulo finalizado por el estudiante
3390,3010,iniciado,2026-09-20,
3391,782,completado,2026-09-20,Modulo finalizado por el estudiante
3392,1592,completado,2026-09-20,Modulo finalizado por el estudiante
3393,2430,en_progreso,2026-09-20,
3394,1540,completado,2026-09-20,Modulo finalizado por el estudiante
3395,1639,pausado,2026-09-20,
3396,3505,pausado,2026-09-20,
3397,3934,en_progreso,2026-09-20,
3398,3200,en_progreso,2026-09-20,
3399,3234,en_progreso,2026-09-20,
3400,1116,abandonado,2026-09-20,Sin actividad posterior registrada
3401,1379,pausado,2026-09-20,
3402,1357,iniciado,2026-09-20,
3403,2404,en_progreso,2026-09-20,
3404,2239,en_progreso,2026-09-20,
3405,3898,abandonado,2026-09-20,Sin actividad posterior registrada
3406,2935,abandonado,2026-09-20,Sin actividad posterior registrada
3407,724,en_progreso,2026-09-20,
3408,572,iniciado,2026-09-20,
3409,2609,en_progreso,2026-09-20,
3410,86,pausado,2026-09-20,
3411,2401,completado,2026-09-20,Modulo finalizado por el estudiante
3412,899,en_progreso,2026-09-20,
3413,1536,en_progreso,2026-09-20,
3414,3895,en_progreso,2026-09-20,
3415,4042,completado,2026-09-20,Modulo finalizado por el estudiante
3416,2234,abandonado,2026-09-20,Sin actividad posterior registrada
3417,3757,pausado,2026-09-20,
3418,2897,completado,2026-09-20,Modulo finalizado por el estudiante
3419,221,pausado,2026-09-20,
3420,1359,pausado,2026-09-20,
3421,1676,abandonado,2026-09-20,Sin actividad posterior registrada
3422,522,en_progreso,2026-09-20,
3423,3805,pausado,2026-09-20,
3424,572,en_progreso,2026-09-20,
3425,178,en_progreso,2026-09-20,
3426,1710,en_progreso,2026-09-20,
3427,1413,en_progreso,2026-09-20,
3428,1058,en_progreso,2026-09-20,
3429,2258,pausado,2026-09-20,
3430,1393,en_progreso,2026-09-20,
3431,1348,en_progreso,2026-09-20,
3432,1472,pausado,2026-09-20,
3433,2774,completado,2026-09-20,Modulo finalizado por el estudiante
3434,4076,en_progreso,2026-09-20,
3435,2011,abandonado,2026-09-20,Sin actividad posterior registrada
3436,1745,pausado,2026-09-20,
3437,2517,pausado,2026-09-20,
3438,2732,completado,2026-09-20,Modulo finalizado por el estudiante
3439,1169,abandonado,2026-09-20,Sin actividad posterior registrada
3440,2888,en_progreso,2026-09-20,
3441,2102,pausado,2026-09-20,
3442,1727,en_progreso,2026-09-20,
3443,2339,iniciado,2026-09-20,
3444,1601,en_progreso,2026-09-20,
3445,298,completado,2026-09-20,Modulo finalizado por el estudiante
3446,2974,completado,2026-09-20,Modulo finalizado por el estudiante
3447,1682,completado,2026-09-20,Modulo finalizado por el estudiante
3448,1341,pausado,2026-09-20,
3449,2060,iniciado,2026-09-20,
3450,1284,pausado,2026-09-20,
3451,3736,iniciado,2026-09-20,
3452,1451,pausado,2026-09-20,
3453,3978,iniciado,2026-09-20,
3454,4108,iniciado,2026-09-20,
3455,787,iniciado,2026-09-20,
3456,3792,iniciado,2026-09-20,
3457,557,completado,2026-09-20,Modulo finalizado por el estudiante
3458,3895,en_progreso,2026-09-20,
3459,205,pausado,2026-09-20,
3460,747,en_progreso,2026-09-20,
3461,2465,iniciado,2026-09-20,
3462,1033,iniciado,2026-09-20,
3463,1183,iniciado,2026-09-20,
3464,758,completado,2026-09-20,Modulo finalizado por el estudiante
3465,2157,en_progreso,2026-09-20,
3466,958,en_progreso,2026-09-20,
3467,2884,abandonado,2026-09-20,Sin actividad posterior registrada
3468,1727,pausado,2026-09-20,
3469,1981,completado,2026-09-20,Modulo finalizado por el estudiante
3470,2801,abandonado,2026-09-20,Sin actividad posterior registrada
3471,813,completado,2026-09-20,Modulo finalizado por el estudiante
3472,1324,completado,2026-09-20,Modulo finalizado por el estudiante
3473,4082,iniciado,2026-09-20,
3474,2351,iniciado,2026-09-20,
3475,3366,en_progreso,2026-09-20,
3476,72,en_progreso,2026-09-20,
3477,2173,pausado,2026-09-20,
3478,4068,en_progreso,2026-09-20,
3479,3863,completado,2026-09-20,Modulo finalizado por el estudiante
3480,615,pausado,2026-09-20,
3481,2829,en_progreso,2026-09-20,
3482,3393,en_progreso,2026-09-20,
3483,3920,iniciado,2026-09-20,
3484,369,pausado,2026-09-20,
3485,2783,completado,2026-09-20,Modulo finalizado por el estudiante
3486,1763,pausado,2026-09-20,
3487,663,iniciado,2026-09-20,
3488,806,en_progreso,2026-09-20,
3489,2965,en_progreso,2026-09-20,
3490,3250,en_progreso,2026-09-20,
3491,4054,completado,2026-09-20,Modulo finalizado por el estudiante
3492,3266,en_progreso,2026-09-20,
3493,899,completado,2026-09-20,Modulo finalizado por el estudiante
3494,3966,iniciado,2026-09-20,
3495,566,completado,2026-09-20,Modulo finalizado por el estudiante
3496,3721,en_progreso,2026-09-20,
3497,199,pausado,2026-09-20,
3498,1272,en_progreso,2026-09-20,
3499,2127,en_progreso,2026-09-20,
3500,3284,completado,2026-09-20,Modulo finalizado por el estudiante
3501,3902,en_progreso,2026-09-20,
3502,1125,iniciado,2026-09-20,
3503,701,completado,2026-09-20,Modulo finalizado por el estudiante
3504,2729,en_progreso,2026-09-20,
3505,3870,iniciado,2026-09-20,
3506,3613,abandonado,2026-09-20,Sin actividad posterior registrada
3507,302,completado,2026-09-20,Modulo finalizado por el estudiante
3508,1413,abandonado,2026-09-20,Sin actividad posterior registrada
3509,3417,en_progreso,2026-09-20,
3510,3353,en_progreso,2026-09-20,
3511,1357,en_progreso,2026-09-20,
3512,3618,iniciado,2026-09-20,
3513,11,iniciado,2026-09-20,
3514,1623,completado,2026-09-20,Modulo finalizado por el estudiante
3515,832,abandonado,2026-09-20,Sin actividad posterior registrada
3516,3276,en_progreso,2026-09-20,
3517,4014,completado,2026-09-20,Modulo finalizado por el estudiante
3518,747,en_progreso,2026-09-20,
3519,1387,pausado,2026-09-20,
3520,92,iniciado,2026-09-20,
3521,1033,en_progreso,2026-09-20,
3522,2517,en_progreso,2026-09-20,
3523,2869,en_progreso,2026-09-20,
3524,3604,en_progreso,2026-09-20,
3525,3732,en_progreso,2026-09-20,
3526,3998,en_progreso,2026-09-20,
3527,189,en_progreso,2026-09-20,
3528,2393,iniciado,2026-09-20,
3529,2555,pausado,2026-09-20,
3530,2965,pausado,2026-09-20,
3531,2673,en_progreso,2026-09-20,
3532,3694,en_progreso,2026-09-20,
3533,3795,pausado,2026-09-20,
3534,3322,pausado,2026-09-20,
3535,2269,abandonado,2026-09-20,Sin actividad posterior registrada
3536,3223,en_progreso,2026-09-20,
3537,2593,iniciado,2026-09-20,
3538,567,iniciado,2026-09-20,
3539,650,completado,2026-09-20,Modulo finalizado por el estudiante
3540,3966,completado,2026-09-20,Modulo finalizado por el estudiante
3541,3350,iniciado,2026-09-20,
3542,1261,en_progreso,2026-09-20,
3543,2469,en_progreso,2026-09-20,
3544,2477,pausado,2026-09-20,
3545,1835,en_progreso,2026-09-20,
3546,2228,iniciado,2026-09-20,
3547,889,iniciado,2026-09-20,
3548,4163,iniciado,2026-09-20,
3549,2864,en_progreso,2026-09-20,
3550,539,en_progreso,2026-09-20,
3551,2201,completado,2026-09-20,Modulo finalizado por el estudiante
3552,3380,iniciado,2026-09-20,
3553,358,pausado,2026-09-20,
3554,3410,pausado,2026-09-20,
3555,4082,en_progreso,2026-09-20,
3556,4049,completado,2026-09-20,Modulo finalizado por el estudiante
3557,2542,completado,2026-09-20,Modulo finalizado por el estudiante
3558,307,iniciado,2026-09-20,
3559,1697,pausado,2026-09-20,
3560,2069,iniciado,2026-09-20,
3561,593,iniciado,2026-09-20,
3562,3511,en_progreso,2026-09-20,
3563,2906,en_progreso,2026-09-20,
3564,3380,en_progreso,2026-09-20,
3565,3480,en_progreso,2026-09-20,
3566,3407,iniciado,2026-09-20,
3567,3788,pausado,2026-09-20,
3568,3912,pausado,2026-09-20,
3569,3706,completado,2026-09-20,Modulo finalizado por el estudiante
3570,1560,en_progreso,2026-09-20,
3571,1809,completado,2026-09-20,Modulo finalizado por el estudiante
3572,2062,en_progreso,2026-09-20,
3573,3433,pausado,2026-09-20,
3574,418,en_progreso,2026-09-20,
3575,189,en_progreso,2026-09-20,
3576,2244,en_progreso,2026-09-20,
3577,2186,en_progreso,2026-09-20,
3578,3450,pausado,2026-09-20,
3579,311,en_progreso,2026-09-20,
3580,299,iniciado,2026-09-20,
3581,4101,en_progreso,2026-09-20,
3582,2552,en_progreso,2026-09-20,
3583,1601,en_progreso,2026-09-20,
3584,2029,en_progreso,2026-09-20,
3585,4120,pausado,2026-09-20,
3586,3197,iniciado,2026-09-20,
3587,4061,en_progreso,2026-09-20,
3588,3647,en_progreso,2026-09-20,
3589,1243,completado,2026-09-20,Modulo finalizado por el estudiante
3590,1499,en_progreso,2026-09-20,
3591,3010,pausado,2026-09-20,
3592,1036,en_progreso,2026-09-20,
3593,1348,en_progreso,2026-09-20,
3594,2078,iniciado,2026-09-20,
3595,429,en_progreso,2026-09-20,
3596,2628,en_progreso,2026-09-20,
3597,1835,pausado,2026-09-20,
3598,3480,en_progreso,2026-09-20,
3599,1708,en_progreso,2026-09-20,
3600,1901,en_progreso,2026-09-20,
3601,2775,iniciado,2026-09-20,
3602,2139,en_progreso,2026-09-20,
3603,1423,en_progreso,2026-09-20,
3604,472,iniciado,2026-09-20,
3605,2367,iniciado,2026-09-20,
3606,1820,iniciado,2026-09-20,
3607,1992,en_progreso,2026-09-20,
3608,455,en_progreso,2026-09-20,
3609,3091,en_progreso,2026-09-20,
3610,2062,pausado,2026-09-20,
3611,3922,completado,2026-09-20,Modulo finalizado por el estudiante
3612,1374,en_progreso,2026-09-20,
3613,1026,pausado,2026-09-20,
3614,3988,en_progreso,2026-09-20,
3615,3821,en_progreso,2026-09-20,
3616,3522,en_progreso,2026-09-20,
3617,3427,pausado,2026-09-20,
3618,3799,en_progreso,2026-09-20,
3619,1852,en_progreso,2026-09-20,
3620,2670,iniciado,2026-09-20,
3621,3837,en_progreso,2026-09-20,
3622,330,en_progreso,2026-09-20,
3623,2784,iniciado,2026-09-20,
3624,2729,en_progreso,2026-09-20,
3625,1691,en_progreso,2026-09-20,
3626,522,pausado,2026-09-20,
3627,3076,en_progreso,2026-09-20,
3628,251,en_progreso,2026-09-20,
3629,3970,en_progreso,2026-09-20,
3630,3038,en_progreso,2026-09-20,
3631,588,completado,2026-09-20,Modulo finalizado por el estudiante
3632,2021,abandonado,2026-09-20,Sin actividad posterior registrada
3633,495,en_progreso,2026-09-20,
3634,1445,pausado,2026-09-20,
3635,2658,en_progreso,2026-09-20,
3636,2165,iniciado,2026-09-20,
3637,2212,iniciado,2026-09-20,
3638,1662,en_progreso,2026-09-20,
3639,4131,pausado,2026-09-20,
3640,3844,pausado,2026-09-20,
3641,395,en_progreso,2026-09-20,
3642,2306,en_progreso,2026-09-20,
3643,3998,abandonado,2026-09-20,Sin actividad posterior registrada
3644,3674,completado,2026-09-20,Modulo finalizado por el estudiante
3645,1966,en_progreso,2026-09-20,
3646,2062,en_progreso,2026-09-20,
3647,4043,iniciado,2026-09-20,
3648,2339,en_progreso,2026-09-20,
3649,495,en_progreso,2026-09-20,
3650,1932,completado,2026-09-20,Modulo finalizado por el estudiante
3651,4094,iniciado,2026-09-20,
3652,4163,completado,2026-09-20,Modulo finalizado por el estudiante
3653,539,pausado,2026-09-20,
3654,2552,en_progreso,2026-09-20,
3655,1810,iniciado,2026-09-20,
3656,1078,abandonado,2026-09-20,Sin actividad posterior registrada
3657,2016,completado,2026-09-20,Modulo finalizado por el estudiante
3658,2945,en_progreso,2026-09-20,
3659,903,en_progreso,2026-09-20,
3660,576,en_progreso,2026-09-20,
3661,3210,en_progreso,2026-09-20,
3662,3769,iniciado,2026-09-20,
3663,747,pausado,2026-09-20,
3664,900,iniciado,2026-09-20,
3665,952,iniciado,2026-09-20,
3666,1085,completado,2026-09-20,Modulo finalizado por el estudiante
3667,3813,completado,2026-09-20,Modulo finalizado por el estudiante
3668,967,pausado,2026-09-20,
3669,259,en_progreso,2026-09-20,
3670,1393,abandonado,2026-09-20,Sin actividad posterior registrada
3671,3732,en_progreso,2026-09-20,
3672,2729,en_progreso,2026-09-20,
3673,2852,completado,2026-09-20,Modulo finalizado por el estudiante
3674,1157,en_progreso,2026-09-20,
3675,2680,en_progreso,2026-09-20,
3676,2295,en_progreso,2026-09-20,
3677,948,completado,2026-09-20,Modulo finalizado por el estudiante
3678,3697,iniciado,2026-09-20,
3679,793,completado,2026-09-20,Modulo finalizado por el estudiante
3680,311,pausado,2026-09-20,
3681,2228,pausado,2026-09-20,
3682,589,iniciado,2026-09-20,
3683,3155,completado,2026-09-20,Modulo finalizado por el estudiante
3684,1691,en_progreso,2026-09-20,
3685,2733,iniciado,2026-09-20,
3686,3136,iniciado,2026-09-20,
3687,850,completado,2026-09-20,Modulo finalizado por el estudiante
3688,527,completado,2026-09-20,Modulo finalizado por el estudiante
3689,1315,completado,2026-09-20,Modulo finalizado por el estudiante
3690,2069,completado,2026-09-20,Modulo finalizado por el estudiante
3691,2503,en_progreso,2026-09-20,
3692,1379,en_progreso,2026-09-20,
3693,1325,iniciado,2026-09-20,
3694,173,en_progreso,2026-09-20,
3695,3975,iniciado,2026-09-20,
3696,1985,completado,2026-09-20,Modulo finalizado por el estudiante
3697,787,en_progreso,2026-09-20,
3698,2869,pausado,2026-09-20,
3699,802,completado,2026-09-20,Modulo finalizado por el estudiante
3700,2853,iniciado,2026-09-20,
3701,2729,pausado,2026-09-20,
3702,475,iniciado,2026-09-20,
3703,116,en_progreso,2026-09-20,
3704,3350,completado,2026-09-20,Modulo finalizado por el estudiante
3705,3721,en_progreso,2026-09-20,
3706,1710,en_progreso,2026-09-20,
3707,1403,en_progreso,2026-09-20,
3708,2775,en_progreso,2026-09-20,
3709,3044,pausado,2026-09-20,
3710,92,pausado,2026-09-20,
3711,3511,en_progreso,2026-09-20,
3712,2603,en_progreso,2026-09-20,
3713,3480,en_progreso,2026-09-20,
3714,502,en_progreso,2026-09-20,
3715,3210,en_progreso,2026-09-20,
3716,3091,pausado,2026-09-20,
3717,2339,completado,2026-09-20,Modulo finalizado por el estudiante
3718,259,pausado,2026-09-20,
3719,2244,en_progreso,2026-09-20,
3720,411,en_progreso,2026-09-20,
3721,3837,en_progreso,2026-09-20,
3722,1970,en_progreso,2026-09-20,
3723,1996,completado,2026-09-20,Modulo finalizado por el estudiante
3724,1036,completado,2026-09-20,Modulo finalizado por el estudiante
3725,2823,abandonado,2026-09-20,Sin actividad posterior registrada
3726,2911,pausado,2026-09-20,
3727,776,en_progreso,2026-09-20,
3728,2775,en_progreso,2026-09-20,
3729,1187,completado,2026-09-20,Modulo finalizado por el estudiante
3730,1867,completado,2026-09-20,Modulo finalizado por el estudiante
3731,3156,iniciado,2026-09-20,
3732,2393,abandonado,2026-09-20,Sin actividad posterior registrada
3733,3326,en_progreso,2026-09-20,
3734,3970,en_progreso,2026-09-20,
3735,283,completado,2026-09-20,Modulo finalizado por el estudiante
3736,1966,en_progreso,2026-09-20,
3737,2665,completado,2026-09-20,Modulo finalizado por el estudiante
3738,2680,completado,2026-09-20,Modulo finalizado por el estudiante
3739,2320,en_progreso,2026-09-20,
3740,3044,en_progreso,2026-09-20,
3741,1572,completado,2026-09-20,Modulo finalizado por el estudiante
3742,2579,iniciado,2026-09-20,
3743,472,en_progreso,2026-09-20,
3744,1081,en_progreso,2026-09-20,
3745,475,en_progreso,2026-09-20,
3746,2714,pausado,2026-09-20,
3747,2593,en_progreso,2026-09-20,
3748,2722,en_progreso,2026-09-20,
3749,2093,pausado,2026-09-20,
3750,2653,en_progreso,2026-09-20,
3751,334,en_progreso,2026-09-20,
3752,2173,en_progreso,2026-09-20,
3753,927,abandonado,2026-09-20,Sin actividad posterior registrada
3754,821,completado,2026-09-20,Modulo finalizado por el estudiante
3755,4153,iniciado,2026-09-20,
3756,2673,en_progreso,2026-09-20,
3757,3967,iniciado,2026-09-20,
3758,2192,en_progreso,2026-09-20,
3759,199,pausado,2026-09-20,
3760,4157,iniciado,2026-09-20,
3761,2750,completado,2026-09-20,Modulo finalizado por el estudiante
3762,2239,en_progreso,2026-09-20,
3763,787,en_progreso,2026-09-20,
3764,3988,en_progreso,2026-09-20,
3765,162,pausado,2026-09-20,
3766,3066,en_progreso,2026-09-20,
3767,666,en_progreso,2026-09-20,
3768,2722,en_progreso,2026-09-20,
3769,3003,en_progreso,2026-09-20,
3770,444,en_progreso,2026-09-20,
3771,2714,abandonado,2026-09-20,Sin actividad posterior registrada
3772,1890,pausado,2026-09-20,
3773,390,en_progreso,2026-09-20,
3774,1780,completado,2026-09-20,Modulo finalizado por el estudiante
3775,3923,iniciado,2026-09-20,
3776,1037,iniciado,2026-09-20,
3777,2168,en_progreso,2026-09-20,
3778,1202,completado,2026-09-20,Modulo finalizado por el estudiante
3779,1399,completado,2026-09-20,Modulo finalizado por el estudiante
3780,162,en_progreso,2026-09-20,
3781,2864,completado,2026-09-20,Modulo finalizado por el estudiante
3782,3393,en_progreso,2026-09-20,
3783,395,en_progreso,2026-09-20,
3784,2931,en_progreso,2026-09-20,
3785,3531,en_progreso,2026-09-20,
3786,3949,en_progreso,2026-09-20,
3787,3178,en_progreso,2026-09-20,
3788,3393,pausado,2026-09-20,
3789,1095,completado,2026-09-20,Modulo finalizado por el estudiante
3790,737,en_progreso,2026-09-20,
3791,324,completado,2026-09-20,Modulo finalizado por el estudiante
3792,3183,iniciado,2026-09-20,
3793,889,en_progreso,2026-09-20,
3794,1333,en_progreso,2026-09-20,
3795,1691,completado,2026-09-20,Modulo finalizado por el estudiante
3796,1478,en_progreso,2026-09-20,
3797,1633,en_progreso,2026-09-20,
3798,3280,en_progreso,2026-09-20,
3799,3647,completado,2026-09-20,Modulo finalizado por el estudiante
3800,900,en_progreso,2026-09-20,
3801,3721,en_progreso,2026-09-20,
3802,251,completado,2026-09-20,Modulo finalizado por el estudiante
3803,178,en_progreso,2026-09-20,
3804,3552,en_progreso,2026-09-20,
3805,3518,en_progreso,2026-09-20,
3806,3060,completado,2026-09-20,Modulo finalizado por el estudiante
3807,3353,en_progreso,2026-09-20,
3808,2965,en_progreso,2026-09-20,
3809,2455,en_progreso,2026-09-20,
3810,358,en_progreso,2026-09-20,
3811,2845,en_progreso,2026-09-20,
3812,1852,completado,2026-09-20,Modulo finalizado por el estudiante
3813,1887,iniciado,2026-09-20,
3814,2052,abandonado,2026-09-20,Sin actividad posterior registrada
3815,741,completado,2026-09-20,Modulo finalizado por el estudiante
3816,3171,pausado,2026-09-20,
3817,1887,en_progreso,2026-09-20,
3818,2756,en_progreso,2026-09-20,
3819,1727,completado,2026-09-20,Modulo finalizado por el estudiante
3820,3795,en_progreso,2026-09-20,
3821,934,completado,2026-09-20,Modulo finalizado por el estudiante
3822,3568,pausado,2026-09-20,
3823,1142,iniciado,2026-09-20,
3824,935,iniciado,2026-09-20,
3825,3072,abandonado,2026-09-20,Sin actividad posterior registrada
3826,2869,en_progreso,2026-09-20,
3827,148,en_progreso,2026-09-20,
3828,2798,iniciado,2026-09-20,
3829,1423,en_progreso,2026-09-20,
3830,303,iniciado,2026-09-20,
3831,1683,iniciado,2026-09-20,
3832,3044,pausado,2026-09-20,
3833,4037,pausado,2026-09-20,
3834,1702,iniciado,2026-09-20,
3835,3314,en_progreso,2026-09-20,
3836,773,iniciado,2026-09-20,
3837,1560,pausado,2026-09-20,
3838,2443,en_progreso,2026-09-20,
3839,3518,pausado,2026-09-20,
3840,2176,pausado,2026-09-20,
3841,444,en_progreso,2026-09-20,
3842,3398,en_progreso,2026-09-20,
3843,3769,en_progreso,2026-09-20,
3844,2382,en_progreso,2026-09-20,
3845,3445,completado,2026-09-20,Modulo finalizado por el estudiante
3846,827,en_progreso,2026-09-20,
3847,3086,en_progreso,2026-09-20,
3848,1982,iniciado,2026-09-20,
3849,2906,en_progreso,2026-09-20,
3850,3178,en_progreso,2026-09-20,
3851,1887,en_progreso,2026-09-20,
3852,1771,iniciado,2026-09-20,
3853,3660,en_progreso,2026-09-20,
3854,3285,iniciado,2026-09-20,
3855,3010,pausado,2026-09-20,
3856,1771,en_progreso,2026-09-20,
3857,1970,pausado,2026-09-20,
3858,2527,pausado,2026-09-20,
3859,3884,en_progreso,2026-09-20,
3860,4050,iniciado,2026-09-20,
3861,3577,pausado,2026-09-20,
3862,307,pausado,2026-09-20,
3863,1009,en_progreso,2026-09-20,
3864,2295,en_progreso,2026-09-20,
3865,193,pausado,2026-09-20,
3866,625,iniciado,2026-09-20,
3867,1145,en_progreso,2026-09-20,
3868,884,en_progreso,2026-09-20,
3869,3091,completado,2026-09-20,Modulo finalizado por el estudiante
3870,2895,completado,2026-09-20,Modulo finalizado por el estudiante
3871,365,pausado,2026-09-20,
3872,3200,en_progreso,2026-09-20,
3873,4094,en_progreso,2026-09-20,
3874,1033,en_progreso,2026-09-20,
3875,3372,en_progreso,2026-09-20,
3876,3970,completado,2026-09-20,Modulo finalizado por el estudiante
3877,1560,pausado,2026-09-20,
3878,1151,abandonado,2026-09-20,Sin actividad posterior registrada
3879,1662,pausado,2026-09-20,
3880,1339,completado,2026-09-20,Modulo finalizado por el estudiante
3881,1767,completado,2026-09-20,Modulo finalizado por el estudiante
3882,1236,pausado,2026-09-20,
3883,3010,en_progreso,2026-09-20,
3884,1633,en_progreso,2026-09-20,
3885,3359,en_progreso,2026-09-20,
3886,2062,abandonado,2026-09-20,Sin actividad posterior registrada
3887,845,en_progreso,2026-09-20,
3888,472,en_progreso,2026-09-20,
3889,1529,pausado,2026-09-20,
3890,1278,en_progreso,2026-09-20,
3891,3474,pausado,2026-09-20,
3892,787,en_progreso,2026-09-20,
3893,1423,en_progreso,2026-09-20,
3894,3285,en_progreso,2026-09-20,
3895,572,en_progreso,2026-09-20,
3896,572,pausado,2026-09-20,
3897,787,en_progreso,2026-09-20,
3898,916,en_progreso,2026-09-20,
3899,2931,en_progreso,2026-09-20,
3900,1716,iniciado,2026-09-20,
3901,1901,en_progreso,2026-09-20,
3902,519,pausado,2026-09-20,
3903,1370,en_progreso,2026-09-20,
3904,228,completado,2026-09-20,Modulo finalizado por el estudiante
3905,1047,iniciado,2026-09-20,
3906,2555,completado,2026-09-20,Modulo finalizado por el estudiante
3907,1050,completado,2026-09-20,Modulo finalizado por el estudiante
3908,224,abandonado,2026-09-20,Sin actividad posterior registrada
3909,2425,completado,2026-09-20,Modulo finalizado por el estudiante
3910,1125,completado,2026-09-20,Modulo finalizado por el estudiante
3911,1732,completado,2026-09-20,Modulo finalizado por el estudiante
3912,48,en_progreso,2026-09-20,
3913,1997,iniciado,2026-09-20,
3914,1708,en_progreso,2026-09-20,
3915,3256,en_progreso,2026-09-20,
3916,3136,en_progreso,2026-09-20,
3917,647,en_progreso,2026-09-20,
3918,4021,en_progreso,2026-09-20,
3919,2017,iniciado,2026-09-20,
3920,1763,pausado,2026-09-20,
3921,1166,en_progreso,2026-09-20,
3922,2475,completado,2026-09-20,Modulo finalizado por el estudiante
3923,3197,en_progreso,2026-09-20,
3924,554,en_progreso,2026-09-20,
3925,1933,iniciado,2026-09-20,
3926,1478,en_progreso,2026-09-20,
3927,2756,completado,2026-09-20,Modulo finalizado por el estudiante
3928,1970,en_progreso,2026-09-20,
3929,58,en_progreso,2026-09-20,
3930,1403,en_progreso,2026-09-20,
3931,1828,en_progreso,2026-09-20,
3932,1853,iniciado,2026-09-20,
3933,672,pausado,2026-09-20,
3934,1763,en_progreso,2026-09-20,
3935,773,en_progreso,2026-09-20,
3936,3757,en_progreso,2026-09-20,
3937,2906,completado,2026-09-20,Modulo finalizado por el estudiante
3938,4117,completado,2026-09-20,Modulo finalizado por el estudiante
3939,1472,pausado,2026-09-20,
3940,3697,completado,2026-09-20,Modulo finalizado por el estudiante
3941,488,en_progreso,2026-09-20,
3942,2186,en_progreso,2026-09-20,
3943,369,completado,2026-09-20,Modulo finalizado por el estudiante
3944,3141,en_progreso,2026-09-20,
3945,973,en_progreso,2026-09-20,
3946,666,pausado,2026-09-20,
3947,3621,en_progreso,2026-09-20,
3948,2753,completado,2026-09-20,Modulo finalizado por el estudiante
3949,2793,en_progreso,2026-09-20,
3950,3489,iniciado,2026-09-20,
3951,351,pausado,2026-09-20,
3952,4153,completado,2026-09-20,Modulo finalizado por el estudiante
3953,144,en_progreso,2026-09-20,
3954,1312,iniciado,2026-09-20,
3955,3590,en_progreso,2026-09-20,
3956,390,en_progreso,2026-09-20,
3957,418,abandonado,2026-09-20,Sin actividad posterior registrada
3958,2923,iniciado,2026-09-20,
3959,193,en_progreso,2026-09-20,
3960,787,completado,2026-09-20,Modulo finalizado por el estudiante
3961,4015,iniciado,2026-09-20,
3962,2593,en_progreso,2026-09-20,
3963,2771,completado,2026-09-20,Modulo finalizado por el estudiante
3964,2301,en_progreso,2026-09-20,
3965,4108,completado,2026-09-20,Modulo finalizado por el estudiante
3966,776,pausado,2026-09-20,
3967,2102,en_progreso,2026-09-20,
3968,2402,iniciado,2026-09-20,
3969,3285,en_progreso,2026-09-20,
3970,16,completado,2026-09-20,Modulo finalizado por el estudiante
3971,1785,en_progreso,2026-09-20,
3972,2616,iniciado,2026-09-20,
3973,3303,en_progreso,2026-09-20,
3974,2853,en_progreso,2026-09-20,
3975,651,iniciado,2026-09-20,
3976,193,completado,2026-09-20,Modulo finalizado por el estudiante
3977,2589,pausado,2026-09-20,
3978,92,en_progreso,2026-09-20,
3979,3694,en_progreso,2026-09-20,
3980,299,en_progreso,2026-09-20,
3981,2711,en_progreso,2026-09-20,
3982,334,en_progreso,2026-09-20,
3983,1400,iniciado,2026-09-20,
3984,3581,en_progreso,2026-09-20,
3985,4157,completado,2026-09-20,Modulo finalizado por el estudiante
3986,1421,en_progreso,2026-09-20,
3987,4101,en_progreso,2026-09-20,
3988,1651,en_progreso,2026-09-20,
3989,1054,pausado,2026-09-20,
3990,2638,pausado,2026-09-20,
3991,289,abandonado,2026-09-20,Sin actividad posterior registrada
3992,3994,pausado,2026-09-20,
3993,3272,en_progreso,2026-09-20,
3994,884,en_progreso,2026-09-20,
3995,3351,iniciado,2026-09-20,
3996,2931,en_progreso,2026-09-20,
3997,851,iniciado,2026-09-20,
3998,2873,completado,2026-09-20,Modulo finalizado por el estudiante
3999,3489,en_progreso,2026-09-20,
4000,3298,en_progreso,2026-09-20,
4001,2609,en_progreso,2026-09-21,
4002,1400,en_progreso,2026-09-21,
4003,1212,pausado,2026-09-21,
4004,3398,en_progreso,2026-09-21,
4005,1683,completado,2026-09-21,Modulo finalizado por el estudiante
4006,34,iniciado,2026-09-21,
4007,958,pausado,2026-09-21,
4008,2048,en_progreso,2026-09-21,
4009,2025,en_progreso,2026-09-21,
4010,2180,completado,2026-09-21,Modulo finalizado por el estudiante
4011,3757,en_progreso,2026-09-21,
4012,2853,en_progreso,2026-09-21,
4013,2311,en_progreso,2026-09-21,
4014,3909,pausado,2026-09-21,
4015,2196,pausado,2026-09-21,
4016,433,en_progreso,2026-09-21,
4017,1745,abandonado,2026-09-21,Sin actividad posterior registrada
4018,1400,completado,2026-09-21,Modulo finalizado por el estudiante
4019,2329,en_progreso,2026-09-21,
4020,2239,en_progreso,2026-09-21,
4021,4158,iniciado,2026-09-21,
4022,1608,pausado,2026-09-21,
4023,4037,en_progreso,2026-09-21,
4024,3326,pausado,2026-09-21,
4025,991,en_progreso,2026-09-21,
4026,3982,pausado,2026-09-21,
4027,1325,pausado,2026-09-21,
4028,345,en_progreso,2026-09-21,
4029,1896,iniciado,2026-09-21,
4030,2465,en_progreso,2026-09-21,
4031,3531,completado,2026-09-21,Modulo finalizado por el estudiante
4032,1890,en_progreso,2026-09-21,
4033,4011,iniciado,2026-09-21,
4034,2853,en_progreso,2026-09-21,
4035,3489,en_progreso,2026-09-21,
4036,2658,completado,2026-09-21,Modulo finalizado por el estudiante
4037,2455,en_progreso,2026-09-21,
4038,814,iniciado,2026-09-21,
4039,3178,en_progreso,2026-09-21,
4040,637,iniciado,2026-09-21,
4041,907,pausado,2026-09-21,
4042,2616,pausado,2026-09-21,
4043,2367,en_progreso,2026-09-21,
4044,3298,en_progreso,2026-09-21,
4045,58,pausado,2026-09-21,
4046,666,pausado,2026-09-21,
4047,3351,completado,2026-09-21,Modulo finalizado por el estudiante
4048,3988,en_progreso,2026-09-21,
4049,949,iniciado,2026-09-21,
4050,2811,en_progreso,2026-09-21,
4051,1578,abandonado,2026-09-21,Sin actividad posterior registrada
4052,1092,iniciado,2026-09-21,
4053,3171,completado,2026-09-21,Modulo finalizado por el estudiante
4054,3902,en_progreso,2026-09-21,
4055,3799,en_progreso,2026-09-21,
4056,967,en_progreso,2026-09-21,
4057,3318,completado,2026-09-21,Modulo finalizado por el estudiante
4058,3736,en_progreso,2026-09-21,
4059,2228,completado,2026-09-21,Modulo finalizado por el estudiante
4060,1853,en_progreso,2026-09-21,
4061,3543,completado,2026-09-21,Modulo finalizado por el estudiante
4062,514,pausado,2026-09-21,
4063,429,abandonado,2026-09-21,Sin actividad posterior registrada
4064,3338,completado,2026-09-21,Modulo finalizado por el estudiante
4065,759,iniciado,2026-09-21,
4066,4118,iniciado,2026-09-21,
4067,2970,completado,2026-09-21,Modulo finalizado por el estudiante
4068,1006,iniciado,2026-09-21,
4069,1608,en_progreso,2026-09-21,
4070,1284,completado,2026-09-21,Modulo finalizado por el estudiante
4071,1225,pausado,2026-09-21,
4072,2465,abandonado,2026-09-21,Sin actividad posterior registrada
4073,4068,en_progreso,2026-09-21,
4074,2829,en_progreso,2026-09-21,
4075,2060,en_progreso,2026-09-21,
4076,3686,en_progreso,2026-09-21,
4077,3949,en_progreso,2026-09-21,
4078,194,iniciado,2026-09-21,
4079,1997,en_progreso,2026-09-21,
4080,4169,iniciado,2026-09-21,
4081,3044,en_progreso,2026-09-21,
4082,3581,pausado,2026-09-21,
4083,1464,iniciado,2026-09-21,
4084,2965,completado,2026-09-21,Modulo finalizado por el estudiante
4085,1166,en_progreso,2026-09-21,
4086,2173,en_progreso,2026-09-21,
4087,330,pausado,2026-09-21,
4088,4043,en_progreso,2026-09-21,
4089,2070,iniciado,2026-09-21,
4090,637,en_progreso,2026-09-21,
4091,2798,en_progreso,2026-09-21,
4092,2896,iniciado,2026-09-21,
4093,1509,completado,2026-09-21,Modulo finalizado por el estudiante
4094,475,en_progreso,2026-09-21,
4095,3450,en_progreso,2026-09-21,
4096,3393,completado,2026-09-21,Modulo finalizado por el estudiante
4097,558,iniciado,2026-09-21,
4098,1430,iniciado,2026-09-21,
4099,1009,en_progreso,2026-09-21,
4100,2477,completado,2026-09-21,Modulo finalizado por el estudiante
4101,999,en_progreso,2026-09-21,
4102,1608,completado,2026-09-21,Modulo finalizado por el estudiante
4103,2845,en_progreso,2026-09-21,
4104,3480,pausado,2026-09-21,
4105,3056,en_progreso,2026-09-21,
4106,358,pausado,2026-09-21,
4107,3401,en_progreso,2026-09-21,
4108,311,pausado,2026-09-21,
4109,3158,completado,2026-09-21,Modulo finalizado por el estudiante
4110,3326,en_progreso,2026-09-21,
4111,495,completado,2026-09-21,Modulo finalizado por el estudiante
4112,433,pausado,2026-09-21,
4113,1421,en_progreso,2026-09-21,
4114,3577,en_progreso,2026-09-21,
4115,3878,en_progreso,2026-09-21,
4116,3544,iniciado,2026-09-21,
4117,3280,en_progreso,2026-09-21,
4118,4169,pausado,2026-09-21,
4119,1439,en_progreso,2026-09-21,
4120,4037,en_progreso,2026-09-21,
4121,455,en_progreso,2026-09-21,
4122,3528,abandonado,2026-09-21,Sin actividad posterior registrada
4123,459,en_progreso,2026-09-21,
4124,783,iniciado,2026-09-21,
4125,2139,completado,2026-09-21,Modulo finalizado por el estudiante
4126,1472,en_progreso,2026-09-21,
4127,3407,pausado,2026-09-21,
4128,3830,iniciado,2026-09-21,
4129,4098,en_progreso,2026-09-21,
4130,3470,en_progreso,2026-09-21,
4131,794,iniciado,2026-09-21,
4132,1601,en_progreso,2026-09-21,
4133,3467,en_progreso,2026-09-21,
4134,1278,pausado,2026-09-21,
4135,1236,pausado,2026-09-21,
4136,1601,en_progreso,2026-09-21,
4137,314,en_progreso,2026-09-21,
4138,1685,en_progreso,2026-09-21,
4139,773,pausado,2026-09-21,
4140,1584,en_progreso,2026-09-21,
4141,2670,pausado,2026-09-21,
4142,656,en_progreso,2026-09-21,
4143,889,en_progreso,2026-09-21,
4144,3655,iniciado,2026-09-21,
4145,3459,en_progreso,2026-09-21,
4146,1868,iniciado,2026-09-21,
4147,2251,completado,2026-09-21,Modulo finalizado por el estudiante
4148,245,completado,2026-09-21,Modulo finalizado por el estudiante
4149,1278,pausado,2026-09-21,
4150,4158,en_progreso,2026-09-21,
4151,2523,abandonado,2026-09-21,Sin actividad posterior registrada
4152,921,iniciado,2026-09-21,
4153,1430,completado,2026-09-21,Modulo finalizado por el estudiante
4154,1092,completado,2026-09-21,Modulo finalizado por el estudiante
4155,156,en_progreso,2026-09-21,
4156,2564,completado,2026-09-21,Modulo finalizado por el estudiante
4157,1506,en_progreso,2026-09-21,
4158,633,en_progreso,2026-09-21,
4159,2945,en_progreso,2026-09-21,
4160,2888,en_progreso,2026-09-21,
4161,1370,en_progreso,2026-09-21,
4162,2469,en_progreso,2026-09-21,
4163,1697,en_progreso,2026-09-21,
4164,3372,en_progreso,2026-09-21,
4165,1573,iniciado,2026-09-21,
4166,1096,iniciado,2026-09-21,
4167,3650,abandonado,2026-09-21,Sin actividad posterior registrada
4168,1609,iniciado,2026-09-21,
4169,240,iniciado,2026-09-21,
4170,637,pausado,2026-09-21,
4171,2106,iniciado,2026-09-21,
4172,1896,en_progreso,2026-09-21,
4173,683,en_progreso,2026-09-21,
4174,1536,en_progreso,2026-09-21,
4175,3272,completado,2026-09-21,Modulo finalizado por el estudiante
4176,3382,pausado,2026-09-21,
4177,1207,en_progreso,2026-09-21,
4178,4158,completado,2026-09-21,Modulo finalizado por el estudiante
4179,3920,en_progreso,2026-09-21,
4180,1820,en_progreso,2026-09-21,
4181,1982,en_progreso,2026-09-21,
4182,747,en_progreso,2026-09-21,
4183,2336,pausado,2026-09-21,
4184,1058,pausado,2026-09-21,
4185,1826,en_progreso,2026-09-21,
4186,1839,en_progreso,2026-09-21,
4187,3648,iniciado,2026-09-21,
4188,3819,pausado,2026-09-21,
4189,2911,en_progreso,2026-09-21,
4190,3214,en_progreso,2026-09-21,
4191,1033,pausado,2026-09-21,
4192,1719,iniciado,2026-09-21,
4193,3240,pausado,2026-09-21,
4194,3895,en_progreso,2026-09-21,
4195,1421,pausado,2026-09-21,
4196,1357,completado,2026-09-21,Modulo finalizado por el estudiante
4197,877,en_progreso,2026-09-21,
4198,2977,pausado,2026-09-21,
4199,455,en_progreso,2026-09-21,
4200,3621,en_progreso,2026-09-21,
4201,3109,en_progreso,2026-09-21,
4202,27,completado,2026-09-21,Modulo finalizado por el estudiante
4203,628,completado,2026-09-21,Modulo finalizado por el estudiante
4204,1328,iniciado,2026-09-21,
4205,1086,iniciado,2026-09-21,
4206,3262,en_progreso,2026-09-21,
4207,718,en_progreso,2026-09-21,
4208,4176,iniciado,2026-09-21,
4209,3339,iniciado,2026-09-21,
4210,3511,pausado,2026-09-21,
4211,2772,iniciado,2026-09-21,
4212,3859,completado,2026-09-21,Modulo finalizado por el estudiante
4213,3172,iniciado,2026-09-21,
4214,2670,completado,2026-09-21,Modulo finalizado por el estudiante
4215,3446,iniciado,2026-09-21,
4216,2790,completado,2026-09-21,Modulo finalizado por el estudiante
4217,2977,en_progreso,2026-09-21,
4218,4011,en_progreso,2026-09-21,
4219,3044,pausado,2026-09-21,
4220,1670,en_progreso,2026-09-21,
4221,1421,en_progreso,2026-09-21,
4222,3398,en_progreso,2026-09-21,
4223,2367,pausado,2026-09-21,
4224,1307,en_progreso,2026-09-21,
4225,3407,en_progreso,2026-09-21,
4226,2628,en_progreso,2026-09-21,
4227,133,iniciado,2026-09-21,
4228,3621,en_progreso,2026-09-21,
4229,2165,en_progreso,2026-09-21,
4230,2624,en_progreso,2026-09-21,
4231,3795,completado,2026-09-21,Modulo finalizado por el estudiante
4232,3066,en_progreso,2026-09-21,
4233,178,en_progreso,2026-09-21,
4234,2512,iniciado,2026-09-21,
4235,1006,completado,2026-09-21,Modulo finalizado por el estudiante
4236,747,abandonado,2026-09-21,Sin actividad posterior registrada
4237,3359,en_progreso,2026-09-21,
4238,3563,iniciado,2026-09-21,
4239,4154,iniciado,2026-09-21,
4240,167,en_progreso,2026-09-21,
4241,2898,iniciado,2026-09-21,
4242,1126,iniciado,2026-09-21,
4243,311,en_progreso,2026-09-21,
4244,2855,en_progreso,2026-09-21,
4245,2340,iniciado,2026-09-21,
4246,1697,completado,2026-09-21,Modulo finalizado por el estudiante
4247,2642,en_progreso,2026-09-21,
4248,116,pausado,2026-09-21,
4249,320,abandonado,2026-09-21,Sin actividad posterior registrada
4250,2165,en_progreso,2026-09-21,
4251,4109,iniciado,2026-09-21,
4252,252,iniciado,2026-09-21,
4253,189,completado,2026-09-21,Modulo finalizado por el estudiante
4254,1229,completado,2026-09-21,Modulo finalizado por el estudiante
4255,3920,en_progreso,2026-09-21,
4256,683,pausado,2026-09-21,
4257,1333,en_progreso,2026-09-21,
4258,2287,en_progreso,2026-09-21,
4259,683,completado,2026-09-21,Modulo finalizado por el estudiante
4260,1007,iniciado,2026-09-21,
4261,1890,en_progreso,2026-09-21,
4262,1896,pausado,2026-09-21,
4263,2326,en_progreso,2026-09-21,
4264,479,pausado,2026-09-21,
4265,3952,en_progreso,2026-09-21,
4266,1835,completado,2026-09-21,Modulo finalizado por el estudiante
4267,3792,completado,2026-09-21,Modulo finalizado por el estudiante
4268,3577,completado,2026-09-21,Modulo finalizado por el estudiante
4269,2140,iniciado,2026-09-21,
4270,3359,en_progreso,2026-09-21,
4271,3197,pausado,2026-09-21,
4272,63,completado,2026-09-21,Modulo finalizado por el estudiante
4273,3092,iniciado,2026-09-21,
4274,629,iniciado,2026-09-21,
4275,2729,abandonado,2026-09-21,Sin actividad posterior registrada
4276,4015,completado,2026-09-21,Modulo finalizado por el estudiante
4277,2898,pausado,2026-09-21,
4278,2751,iniciado,2026-09-21,
4279,1096,pausado,2026-09-21,
4280,4109,en_progreso,2026-09-21,
4281,3401,completado,2026-09-21,Modulo finalizado por el estudiante
4282,2931,en_progreso,2026-09-21,
4283,1639,en_progreso,2026-09-21,
4284,528,iniciado,2026-09-21,
4285,1708,completado,2026-09-21,Modulo finalizado por el estudiante
4286,1478,completado,2026-09-21,Modulo finalizado por el estudiante
4287,3604,pausado,2026-09-21,
4288,2351,en_progreso,2026-09-21,
4289,1982,en_progreso,2026-09-21,
4290,1570,en_progreso,2026-09-21,
4291,1692,iniciado,2026-09-21,
4292,3511,en_progreso,2026-09-21,
4293,522,en_progreso,2026-09-21,
4294,3505,completado,2026-09-21,Modulo finalizado por el estudiante
4295,3003,pausado,2026-09-21,
4296,3101,en_progreso,2026-09-21,
4297,1795,en_progreso,2026-09-21,
4298,1868,pausado,2026-09-21,
4299,2287,en_progreso,2026-09-21,
4300,2673,abandonado,2026-09-21,Sin actividad posterior registrada
4301,3474,en_progreso,2026-09-21,
4302,1657,en_progreso,2026-09-21,
4303,1194,en_progreso,2026-09-21,
4304,1145,en_progreso,2026-09-21,
4305,1698,iniciado,2026-09-21,
4306,3732,abandonado,2026-09-21,Sin actividad posterior registrada
4307,3322,pausado,2026-09-21,
4308,598,completado,2026-09-21,Modulo finalizado por el estudiante
4309,1804,iniciado,2026-09-21,
4310,1374,en_progreso,2026-09-21,
4311,3380,en_progreso,2026-09-21,
4312,334,pausado,2026-09-21,
4313,759,pausado,2026-09-21,
4314,3109,en_progreso,2026-09-21,
4315,1739,iniciado,2026-09-21,
4316,2971,iniciado,2026-09-21,
4317,3027,en_progreso,2026-09-21,
4318,314,en_progreso,2026-09-21,
4319,672,completado,2026-09-21,Modulo finalizado por el estudiante
4320,2503,en_progreso,2026-09-21,
4321,330,en_progreso,2026-09-21,
4322,1853,en_progreso,2026-09-21,
4323,3532,iniciado,2026-09-21,
4324,2616,pausado,2026-09-21,
4325,3920,en_progreso,2026-09-21,
4326,2853,completado,2026-09-21,Modulo finalizado por el estudiante
4327,1810,completado,2026-09-21,Modulo finalizado por el estudiante
4328,2704,en_progreso,2026-09-21,
4329,3870,abandonado,2026-09-21,Sin actividad posterior registrada
4330,593,completado,2026-09-21,Modulo finalizado por el estudiante
4331,1272,pausado,2026-09-21,
4332,1613,pausado,2026-09-21,
4333,958,en_progreso,2026-09-21,
4334,958,en_progreso,2026-09-21,
4335,3769,en_progreso,2026-09-21,
4336,1763,pausado,2026-09-21,
4337,2869,en_progreso,2026-09-21,
4338,1613,completado,2026-09-21,Modulo finalizado por el estudiante
4339,3971,iniciado,2026-09-21,
4340,3736,pausado,2026-09-21,
4341,1221,en_progreso,2026-09-21,
4342,4109,en_progreso,2026-09-21,
4343,860,en_progreso,2026-09-21,
4344,1872,pausado,2026-09-21,
4345,3604,completado,2026-09-21,Modulo finalizado por el estudiante
4346,2772,en_progreso,2026-09-21,
4347,2512,completado,2026-09-21,Modulo finalizado por el estudiante
4348,3172,en_progreso,2026-09-21,
4349,3796,iniciado,2026-09-21,
4350,246,iniciado,2026-09-21,
4351,2733,pausado,2026-09-21,
4352,3825,en_progreso,2026-09-21,
4353,3648,pausado,2026-09-21,
4354,141,abandonado,2026-09-21,Sin actividad posterior registrada
4355,1651,pausado,2026-09-21,
4356,1096,en_progreso,2026-09-21,
4357,1709,iniciado,2026-09-21,
4358,1128,abandonado,2026-09-21,Sin actividad posterior registrada
4359,2764,pausado,2026-09-21,
4360,3136,abandonado,2026-09-21,Sin actividad posterior registrada
4361,2982,en_progreso,2026-09-21,
4362,629,completado,2026-09-21,Modulo finalizado por el estudiante
4363,2025,en_progreso,2026-09-21,
4364,2513,iniciado,2026-09-21,
4365,3489,en_progreso,2026-09-21,
4366,1544,en_progreso,2026-09-21,
4367,2543,iniciado,2026-09-21,
4368,3276,completado,2026-09-21,Modulo finalizado por el estudiante
4369,7,pausado,2026-09-21,
4370,3450,en_progreso,2026-09-21,
4371,3298,en_progreso,2026-09-21,
4372,3982,en_progreso,2026-09-21,
4373,1644,en_progreso,2026-09-21,
4374,2775,completado,2026-09-21,Modulo finalizado por el estudiante
4375,3086,en_progreso,2026-09-21,
4376,3884,completado,2026-09-21,Modulo finalizado por el estudiante
4377,973,en_progreso,2026-09-21,
4378,2565,iniciado,2026-09-21,
4379,567,en_progreso,2026-09-21,
4380,684,iniciado,2026-09-21,
4381,2927,iniciado,2026-09-21,
4382,706,pausado,2026-09-21,
4383,949,en_progreso,2026-09-21,
4384,3250,pausado,2026-09-21,
4385,2624,completado,2026-09-21,Modulo finalizado por el estudiante
4386,2999,en_progreso,2026-09-21,
4387,2389,iniciado,2026-09-21,
4388,1194,completado,2026-09-21,Modulo finalizado por el estudiante
4389,3240,pausado,2026-09-21,
4390,822,iniciado,2026-09-21,
4391,451,en_progreso,2026-09-21,
4392,2616,en_progreso,2026-09-21,
4393,1644,completado,2026-09-21,Modulo finalizado por el estudiante
4394,1739,pausado,2026-09-21,
4395,3745,pausado,2026-09-21,
4396,4180,iniciado,2026-09-21,
4397,3122,completado,2026-09-21,Modulo finalizado por el estudiante
4398,2841,en_progreso,2026-09-21,
4399,3511,completado,2026-09-21,Modulo finalizado por el estudiante
4400,2351,en_progreso,2026-09-21,
4401,1183,abandonado,2026-09-21,Sin actividad posterior registrada
4402,1470,iniciado,2026-09-21,
4403,3648,en_progreso,2026-09-21,
4404,2596,en_progreso,2026-09-21,
4405,2382,en_progreso,2026-09-21,
4406,4145,abandonado,2026-09-21,Sin actividad posterior registrada
4407,3167,abandonado,2026-09-21,Sin actividad posterior registrada
4408,768,en_progreso,2026-09-21,
4409,605,iniciado,2026-09-21,
4410,2793,en_progreso,2026-09-21,
4411,86,pausado,2026-09-21,
4412,2593,completado,2026-09-21,Modulo finalizado por el estudiante
4413,952,en_progreso,2026-09-21,
4414,1639,en_progreso,2026-09-21,
4415,4139,en_progreso,2026-09-21,
4416,3407,en_progreso,2026-09-21,
4417,3109,completado,2026-09-21,Modulo finalizado por el estudiante
4418,229,iniciado,2026-09-21,
4419,3949,en_progreso,2026-09-21,
4420,1771,abandonado,2026-09-21,Sin actividad posterior registrada
4421,554,en_progreso,2026-09-21,
4422,4055,iniciado,2026-09-21,
4423,605,en_progreso,2026-09-21,
4424,184,iniciado,2026-09-21,
4425,299,en_progreso,2026-09-21,
4426,2252,iniciado,2026-09-21,
4427,2340,en_progreso,2026-09-21,
4428,2609,pausado,2026-09-21,
4429,1126,en_progreso,2026-09-21,
4430,2398,iniciado,2026-09-21,
4431,3971,pausado,2026-09-21,
4432,3187,completado,2026-09-21,Modulo finalizado por el estudiante
4433,874,en_progreso,2026-09-21,
4434,2927,en_progreso,2026-09-21,
4435,2971,completado,2026-09-21,Modulo finalizado por el estudiante
4436,3484,en_progreso,2026-09-21,
4437,2157,abandonado,2026-09-21,Sin actividad posterior registrada
4438,1848,pausado,2026-09-21,
4439,2704,pausado,2026-09-21,
4440,2911,completado,2026-09-21,Modulo finalizado por el estudiante
4441,1236,abandonado,2026-09-21,Sin actividad posterior registrada
4442,3095,iniciado,2026-09-21,
4443,637,en_progreso,2026-09-21,
4444,3694,en_progreso,2026-09-21,
4445,148,abandonado,2026-09-21,Sin actividad posterior registrada
4446,2513,en_progreso,2026-09-21,
4447,314,completado,2026-09-21,Modulo finalizado por el estudiante
4448,3200,completado,2026-09-21,Modulo finalizado por el estudiante
4449,1785,completado,2026-09-21,Modulo finalizado por el estudiante
4450,1431,iniciado,2026-09-21,
4451,3909,completado,2026-09-21,Modulo finalizado por el estudiante
4452,1359,pausado,2026-09-21,
4453,3988,en_progreso,2026-09-21,
4454,842,pausado,2026-09-21,
4455,4037,pausado,2026-09-21,
4456,1908,completado,2026-09-21,Modulo finalizado por el estudiante
4457,221,pausado,2026-09-21,
4458,803,iniciado,2026-09-21,
4459,558,completado,2026-09-21,Modulo finalizado por el estudiante
4460,2029,pausado,2026-09-21,
4461,1103,en_progreso,2026-09-21,
4462,2306,en_progreso,2026-09-21,
4463,1026,en_progreso,2026-09-21,
4464,3095,abandonado,2026-09-21,Sin actividad posterior registrada
4465,1836,iniciado,2026-09-21,
4466,2110,completado,2026-09-21,Modulo finalizado por el estudiante
4467,3003,abandonado,2026-09-21,Sin actividad posterior registrada
4468,867,completado,2026-09-21,Modulo finalizado por el estudiante
4469,1403,completado,2026-09-21,Modulo finalizado por el estudiante
4470,2517,abandonado,2026-09-21,Sin actividad posterior registrada
4471,3605,iniciado,2026-09-21,
4472,2306,en_progreso,2026-09-21,
4473,1645,iniciado,2026-09-21,
4474,3467,en_progreso,2026-09-21,
4475,1633,pausado,2026-09-21,
4476,4118,completado,2026-09-21,Modulo finalizado por el estudiante
4477,651,pausado,2026-09-21,
4478,3038,en_progreso,2026-09-21,
4479,3632,en_progreso,2026-09-21,
4480,4169,en_progreso,2026-09-21,
4481,1878,pausado,2026-09-21,
4482,706,en_progreso,2026-09-21,
4483,1887,abandonado,2026-09-21,Sin actividad posterior registrada
4484,702,iniciado,2026-09-21,
4485,594,iniciado,2026-09-21,
4486,1460,iniciado,2026-09-21,
4487,3474,en_progreso,2026-09-21,
4488,3489,en_progreso,2026-09-21,
4489,958,completado,2026-09-21,Modulo finalizado por el estudiante
4490,605,completado,2026-09-21,Modulo finalizado por el estudiante
4491,3982,en_progreso,2026-09-21,
4492,217,iniciado,2026-09-21,
4493,2340,en_progreso,2026-09-21,
4494,1464,completado,2026-09-21,Modulo finalizado por el estudiante
4495,606,iniciado,2026-09-21,
4496,2326,en_progreso,2026-09-21,
4497,2276,iniciado,2026-09-21,
4498,395,en_progreso,2026-09-21,
4499,737,completado,2026-09-21,Modulo finalizado por el estudiante
4500,2927,en_progreso,2026-09-21,
4501,4126,pausado,2026-09-21,
4502,144,en_progreso,2026-09-21,
4503,768,completado,2026-09-21,Modulo finalizado por el estudiante
4504,1292,en_progreso,2026-09-21,
4505,1307,pausado,2026-09-21,
4506,1445,en_progreso,2026-09-21,
4507,3864,iniciado,2026-09-21,
4508,11,en_progreso,2026-09-21,
4509,794,en_progreso,2026-09-21,
4510,663,pausado,2026-09-21,
4511,173,en_progreso,2026-09-21,
4512,1472,pausado,2026-09-21,
4513,92,en_progreso,2026-09-21,
4514,2711,en_progreso,2026-09-21,
4515,3080,en_progreso,2026-09-21,
4516,3837,en_progreso,2026-09-21,
4517,3978,en_progreso,2026-09-21,
4518,3380,en_progreso,2026-09-21,
4519,199,en_progreso,2026-09-21,
4520,2579,en_progreso,2026-09-21,
4521,2865,iniciado,2026-09-21,
4522,479,completado,2026-09-21,Modulo finalizado por el estudiante
4523,1997,pausado,2026-09-21,
4524,433,en_progreso,2026-09-21,
4525,3796,en_progreso,2026-09-21,
4526,3874,en_progreso,2026-09-21,
4527,3920,en_progreso,2026-09-21,
4528,694,completado,2026-09-21,Modulo finalizado por el estudiante
4529,3578,iniciado,2026-09-21,
4530,1341,en_progreso,2026-09-21,
4531,2659,iniciado,2026-09-21,
4532,2127,completado,2026-09-21,Modulo finalizado por el estudiante
4533,2556,iniciado,2026-09-21,
4534,2671,iniciado,2026-09-21,
4535,581,en_progreso,2026-09-21,
4536,1584,en_progreso,2026-09-21,
4537,3066,en_progreso,2026-09-21,
4538,572,en_progreso,2026-09-21,
4539,2354,completado,2026-09-21,Modulo finalizado por el estudiante
4540,3605,en_progreso,2026-09-21,
4541,3643,en_progreso,2026-09-21,
4542,2244,completado,2026-09-21,Modulo finalizado por el estudiante
4543,2733,completado,2026-09-21,Modulo finalizado por el estudiante
4544,330,abandonado,2026-09-21,Sin actividad posterior registrada
4545,3895,en_progreso,2026-09-21,
4546,3298,en_progreso,2026-09-21,
4547,1401,iniciado,2026-09-21,
4548,656,en_progreso,2026-09-21,
4549,702,completado,2026-09-21,Modulo finalizado por el estudiante
4550,3721,en_progreso,2026-09-21,
4551,3643,abandonado,2026-09-21,Sin actividad posterior registrada
4552,4037,pausado,2026-09-21,
4553,4159,iniciado,2026-09-21,
4554,3618,en_progreso,2026-09-21,
4555,1670,en_progreso,2026-09-21,
4556,1933,completado,2026-09-21,Modulo finalizado por el estudiante
4557,2229,iniciado,2026-09-21,
4558,34,en_progreso,2026-09-21,
4559,2579,en_progreso,2026-09-21,
4560,199,en_progreso,2026-09-21,
4561,2389,en_progreso,2026-09-21,
4562,2340,en_progreso,2026-09-21,
4563,3694,pausado,2026-09-21,
4564,345,en_progreso,2026-09-21,
4565,315,iniciado,2026-09-21,
4566,519,en_progreso,2026-09-21,
4567,3161,pausado,2026-09-21,
4568,2671,en_progreso,2026-09-21,
4569,695,iniciado,2026-09-21,
4570,2181,iniciado,2026-09-21,
4571,2776,iniciado,2026-09-21,
4572,673,iniciado,2026-09-21,
4573,1768,iniciado,2026-09-21,
4574,3860,iniciado,2026-09-21,
4575,3172,en_progreso,2026-09-21,
4576,1370,en_progreso,2026-09-21,
4577,39,en_progreso,2026-09-21,
4578,845,completado,2026-09-21,Modulo finalizado por el estudiante
4579,1804,en_progreso,2026-09-21,
4580,2776,en_progreso,2026-09-21,
4581,1433,en_progreso,2026-09-21,
4582,2252,en_progreso,2026-09-21,
4583,269,iniciado,2026-09-21,
4584,2811,en_progreso,2026-09-21,
4585,1963,iniciado,2026-09-21,
4586,3745,en_progreso,2026-09-21,
4587,4139,en_progreso,2026-09-21,
4588,144,abandonado,2026-09-21,Sin actividad posterior registrada
4589,1093,iniciado,2026-09-21,
4590,4021,en_progreso,2026-09-21,
4591,2301,en_progreso,2026-09-21,
4592,1529,en_progreso,2026-09-21,
4593,511,iniciado,2026-09-21,
4594,2552,completado,2026-09-21,Modulo finalizado por el estudiante
4595,2144,en_progreso,2026-09-21,
4596,502,en_progreso,2026-09-21,
4597,3322,en_progreso,2026-09-21,
4598,2239,pausado,2026-09-21,
4599,4176,completado,2026-09-21,Modulo finalizado por el estudiante
4600,1472,en_progreso,2026-09-21,
4601,1103,pausado,2026-09-21,
4602,496,iniciado,2026-09-21,
4603,1126,abandonado,2026-09-21,Sin actividad posterior registrada
4604,4094,en_progreso,2026-09-21,
4605,3788,en_progreso,2026-09-21,
4606,3686,pausado,2026-09-21,
4607,4068,en_progreso,2026-09-21,
4608,1986,iniciado,2026-09-21,
4609,949,en_progreso,2026-09-21,
4610,4109,en_progreso,2026-09-21,
4611,370,iniciado,2026-09-21,
4612,2252,en_progreso,2026-09-21,
4613,2927,en_progreso,2026-09-21,
4614,1800,en_progreso,2026-09-21,
4615,567,pausado,2026-09-21,
4616,3314,en_progreso,2026-09-21,
4617,269,en_progreso,2026-09-21,
4618,1207,en_progreso,2026-09-21,
4619,949,abandonado,2026-09-21,Sin actividad posterior registrada
4620,2927,en_progreso,2026-09-21,
4621,2186,abandonado,2026-09-21,Sin actividad posterior registrada
4622,539,en_progreso,2026-09-21,
4623,1554,pausado,2026-09-21,
4624,2865,en_progreso,2026-09-21,
4625,2329,en_progreso,2026-09-21,
4626,2659,completado,2026-09-21,Modulo finalizado por el estudiante
4627,3912,en_progreso,2026-09-21,
4628,2115,en_progreso,2026-09-21,
4629,2478,iniciado,2026-09-21,
4630,1788,en_progreso,2026-09-21,
4631,3937,completado,2026-09-21,Modulo finalizado por el estudiante
4632,2111,iniciado,2026-09-21,
4633,522,pausado,2026-09-21,
4634,877,completado,2026-09-21,Modulo finalizado por el estudiante
4635,1963,abandonado,2026-09-21,Sin actividad posterior registrada
4636,2553,iniciado,2026-09-21,
4637,803,pausado,2026-09-21,
4638,539,en_progreso,2026-09-21,
4639,2081,completado,2026-09-21,Modulo finalizado por el estudiante
4640,3450,en_progreso,2026-09-21,
4641,3339,en_progreso,2026-09-21,
4642,1161,abandonado,2026-09-21,Sin actividad posterior registrada
4643,2192,completado,2026-09-21,Modulo finalizado por el estudiante
4644,3201,iniciado,2026-09-21,
4645,1232,en_progreso,2026-09-21,
4646,506,en_progreso,2026-09-21,
4647,3339,completado,2026-09-21,Modulo finalizado por el estudiante
4648,3454,iniciado,2026-09-21,
4649,252,pausado,2026-09-21,
4650,4050,en_progreso,2026-09-21,
4651,1033,en_progreso,2026-09-21,
4652,4094,completado,2026-09-21,Modulo finalizado por el estudiante
4653,1051,iniciado,2026-09-21,
4654,2869,en_progreso,2026-09-21,
4655,1510,iniciado,2026-09-21,
4656,2901,pausado,2026-09-21,
4657,2931,en_progreso,2026-09-21,
4658,3080,completado,2026-09-21,Modulo finalizado por el estudiante
4659,1249,en_progreso,2026-09-21,
4660,2888,en_progreso,2026-09-21,
4661,2469,en_progreso,2026-09-21,
4662,1026,completado,2026-09-21,Modulo finalizado por el estudiante
4663,3971,en_progreso,2026-09-21,
4664,4180,en_progreso,2026-09-21,
4665,633,pausado,2026-09-21,
4666,3394,iniciado,2026-09-21,
4667,773,en_progreso,2026-09-21,
4668,1728,iniciado,2026-09-21,
4669,2942,completado,2026-09-21,Modulo finalizado por el estudiante
4670,912,completado,2026-09-21,Modulo finalizado por el estudiante
4671,572,completado,2026-09-21,Modulo finalizado por el estudiante
4672,1407,completado,2026-09-21,Modulo finalizado por el estudiante
4673,2258,completado,2026-09-21,Modulo finalizado por el estudiante
4674,2711,en_progreso,2026-09-21,
4675,1499,en_progreso,2026-09-21,
4676,1423,en_progreso,2026-09-21,
4677,2144,completado,2026-09-21,Modulo finalizado por el estudiante
4678,851,en_progreso,2026-09-21,
4679,3101,pausado,2026-09-21,
4680,868,iniciado,2026-09-21,
4681,3081,iniciado,2026-09-21,
4682,2931,pausado,2026-09-21,
4683,514,en_progreso,2026-09-21,
4684,935,en_progreso,2026-09-21,
4685,3459,en_progreso,2026-09-21,
4686,1510,en_progreso,2026-09-21,
4687,2754,iniciado,2026-09-21,
4688,4169,completado,2026-09-21,Modulo finalizado por el estudiante
4689,2993,en_progreso,2026-09-21,
4690,3285,pausado,2026-09-21,
4691,92,pausado,2026-09-21,
4692,3783,iniciado,2026-09-21,
4693,1533,pausado,2026-09-21,
4694,1839,en_progreso,2026-09-21,
4695,1529,pausado,2026-09-21,
4696,1212,pausado,2026-09-21,
4697,543,en_progreso,2026-09-21,
4698,3450,en_progreso,2026-09-21,
4699,3340,iniciado,2026-09-21,
4700,3635,en_progreso,2026-09-21,
4701,284,iniciado,2026-09-21,
4702,4149,en_progreso,2026-09-21,
4703,92,en_progreso,2026-09-21,
4704,1529,pausado,2026-09-21,
4705,4112,en_progreso,2026-09-21,
4706,2115,en_progreso,2026-09-21,
4707,2173,completado,2026-09-21,Modulo finalizado por el estudiante
4708,1120,completado,2026-09-21,Modulo finalizado por el estudiante
4709,3044,abandonado,2026-09-21,Sin actividad posterior registrada
4710,3161,pausado,2026-09-21,
4711,842,en_progreso,2026-09-21,
4712,2993,en_progreso,2026-09-21,
4713,1285,iniciado,2026-09-21,
4714,269,en_progreso,2026-09-21,
4715,2596,abandonado,2026-09-21,Sin actividad posterior registrada
4716,3581,en_progreso,2026-09-21,
4717,1230,iniciado,2026-09-21,
4718,1804,en_progreso,2026-09-21,
4719,2111,en_progreso,2026-09-21,
4720,2869,completado,2026-09-21,Modulo finalizado por el estudiante
4721,2888,completado,2026-09-21,Modulo finalizado por el estudiante
4722,2503,en_progreso,2026-09-21,
4723,3285,en_progreso,2026-09-21,
4724,1698,completado,2026-09-21,Modulo finalizado por el estudiante
4725,2784,en_progreso,2026-09-21,
4726,1166,en_progreso,2026-09-21,
4727,514,en_progreso,2026-09-21,
4728,2923,pausado,2026-09-21,
4729,2793,en_progreso,2026-09-21,
4730,2927,en_progreso,2026-09-21,
4731,2281,pausado,2026-09-21,
4732,2855,en_progreso,2026-09-21,
4733,378,en_progreso,2026-09-21,
4734,2340,en_progreso,2026-09-21,
4735,1009,abandonado,2026-09-21,Sin actividad posterior registrada
4736,889,completado,2026-09-21,Modulo finalizado por el estudiante
4737,2878,en_progreso,2026-09-21,
4738,2372,en_progreso,2026-09-21,
4739,221,pausado,2026-09-21,
4740,2954,completado,2026-09-21,Modulo finalizado por el estudiante
4741,2402,en_progreso,2026-09-21,
4742,851,en_progreso,2026-09-21,
4743,1768,en_progreso,2026-09-21,
4744,1212,en_progreso,2026-09-21,
4745,3711,iniciado,2026-09-21,
4746,724,en_progreso,2026-09-21,
4747,2927,en_progreso,2026-09-21,
4748,3256,en_progreso,2026-09-21,
4749,488,en_progreso,2026-09-21,
4750,2923,abandonado,2026-09-21,Sin actividad posterior registrada
4751,2036,iniciado,2026-09-21,
4752,2252,pausado,2026-09-21,
4753,3635,en_progreso,2026-09-21,
4754,999,pausado,2026-09-21,
4755,4185,iniciado,2026-09-21,
4756,1121,iniciado,2026-09-21,
4757,2336,en_progreso,2026-09-21,
4758,1297,completado,2026-09-21,Modulo finalizado por el estudiante
4759,1510,completado,2026-09-21,Modulo finalizado por el estudiante
4760,178,en_progreso,2026-09-21,
4761,3092,completado,2026-09-21,Modulo finalizado por el estudiante
4762,3648,en_progreso,2026-09-21,
4763,448,en_progreso,2026-09-21,
4764,3183,en_progreso,2026-09-21,
4765,3799,en_progreso,2026-09-21,
4766,488,en_progreso,2026-09-21,
4767,2229,en_progreso,2026-09-21,
4768,3648,pausado,2026-09-21,
4769,1188,iniciado,2026-09-21,
4770,803,en_progreso,2026-09-21,
4771,365,completado,2026-09-21,Modulo finalizado por el estudiante
4772,3424,en_progreso,2026-09-21,
4773,2060,completado,2026-09-21,Modulo finalizado por el estudiante
4774,1433,en_progreso,2026-09-21,
4775,1800,completado,2026-09-21,Modulo finalizado por el estudiante
4776,1593,iniciado,2026-09-21,
4777,1272,pausado,2026-09-21,
4778,3648,en_progreso,2026-09-21,
4779,4055,en_progreso,2026-09-21,
4780,1086,pausado,2026-09-21,
4781,3830,en_progreso,2026-09-21,
4782,3988,en_progreso,2026-09-21,
4783,269,completado,2026-09-21,Modulo finalizado por el estudiante
4784,194,en_progreso,2026-09-21,
4785,3814,iniciado,2026-09-21,
4786,1692,pausado,2026-09-21,
4787,3788,en_progreso,2026-09-21,
4788,3298,completado,2026-09-21,Modulo finalizado por el estudiante
4789,3605,en_progreso,2026-09-21,
4790,3210,en_progreso,2026-09-21,
4791,2666,iniciado,2026-09-21,
4792,1883,en_progreso,2026-09-21,
4793,999,en_progreso,2026-09-21,
4794,1316,iniciado,2026-09-21,
4795,2193,iniciado,2026-09-21,
4796,4011,en_progreso,2026-09-21,
4797,2029,pausado,2026-09-21,
4798,2239,abandonado,2026-09-21,Sin actividad posterior registrada
4799,806,completado,2026-09-21,Modulo finalizado por el estudiante
4800,3410,pausado,2026-09-21,
4801,2029,en_progreso,2026-09-21,
4802,2972,iniciado,2026-09-21,
4803,1570,en_progreso,2026-09-21,
4804,2503,completado,2026-09-21,Modulo finalizado por el estudiante
4805,2761,en_progreso,2026-09-21,
4806,1014,completado,2026-09-21,Modulo finalizado por el estudiante
4807,3821,pausado,2026-09-21,
4808,1230,completado,2026-09-21,Modulo finalizado por el estudiante
4809,3314,abandonado,2026-09-21,Sin actividad posterior registrada
4810,3101,en_progreso,2026-09-21,
4811,162,en_progreso,2026-09-21,
4812,3021,abandonado,2026-09-21,Sin actividad posterior registrada
4813,1370,pausado,2026-09-21,
4814,315,en_progreso,2026-09-21,
4815,3141,en_progreso,2026-09-21,
4816,663,en_progreso,2026-09-21,
4817,2372,completado,2026-09-21,Modulo finalizado por el estudiante
4818,2373,iniciado,2026-09-21,
4819,303,en_progreso,2026-09-21,
4820,1258,en_progreso,2026-09-21,
4821,2513,en_progreso,2026-09-21,
4822,1781,iniciado,2026-09-21,
4823,4120,pausado,2026-09-21,
4824,727,iniciado,2026-09-21,
4825,794,abandonado,2026-09-21,Sin actividad posterior registrada
4826,2594,iniciado,2026-09-21,
4827,2430,completado,2026-09-21,Modulo finalizado por el estudiante
4828,2193,pausado,2026-09-21,
4829,2376,completado,2026-09-21,Modulo finalizado por el estudiante
4830,1292,pausado,2026-09-21,
4831,2653,en_progreso,2026-09-21,
4832,860,pausado,2026-09-21,
4833,3172,en_progreso,2026-09-21,
4834,3427,en_progreso,2026-09-21,
4835,2036,en_progreso,2026-09-21,
4836,1901,pausado,2026-09-21,
4837,3382,completado,2026-09-21,Modulo finalizado por el estudiante
4838,3552,en_progreso,2026-09-21,
4839,3178,completado,2026-09-21,Modulo finalizado por el estudiante
4840,2398,en_progreso,2026-09-21,
4841,2757,iniciado,2026-09-21,
4842,3885,iniciado,2026-09-21,
4843,1970,completado,2026-09-21,Modulo finalizado por el estudiante
4844,4159,en_progreso,2026-09-21,
4845,3844,pausado,2026-09-21,
4846,345,pausado,2026-09-21,
4847,1103,en_progreso,2026-09-21,
4848,2476,iniciado,2026-09-21,
4849,921,completado,2026-09-21,Modulo finalizado por el estudiante
4850,1544,en_progreso,2026-09-21,
4851,673,en_progreso,2026-09-21,
4852,2764,en_progreso,2026-09-21,
4853,2711,en_progreso,2026-09-21,
4854,3156,completado,2026-09-21,Modulo finalizado por el estudiante
4855,414,pausado,2026-09-21,
4856,3459,en_progreso,2026-09-21,
4857,3201,en_progreso,2026-09-21,
4858,1121,en_progreso,2026-09-21,
4859,3648,en_progreso,2026-09-21,
4860,1692,pausado,2026-09-21,
4861,1249,abandonado,2026-09-21,Sin actividad posterior registrada
4862,1786,iniciado,2026-09-21,
4863,3725,en_progreso,2026-09-21,
4864,1896,completado,2026-09-21,Modulo finalizado por el estudiante
4865,1341,pausado,2026-09-21,
4866,3277,iniciado,2026-09-21,
4867,2029,en_progreso,2026-09-21,
4868,1752,en_progreso,2026-09-21,
4869,3632,en_progreso,2026-09-21,
4870,2259,iniciado,2026-09-21,
4871,913,iniciado,2026-09-21,
4872,1853,en_progreso,2026-09-21,
4873,511,en_progreso,2026-09-21,
4874,1645,pausado,2026-09-21,
4875,1374,en_progreso,2026-09-21,
4876,3757,pausado,2026-09-21,
4877,860,en_progreso,2026-09-21,
4878,1536,en_progreso,2026-09-21,
4879,3552,en_progreso,2026-09-21,
4880,619,en_progreso,2026-09-21,
4881,619,pausado,2026-09-21,
4882,860,en_progreso,2026-09-21,
4883,1007,en_progreso,2026-09-21,
4884,3197,en_progreso,2026-09-21,
4885,1836,en_progreso,2026-09-21,
4886,563,iniciado,2026-09-21,
4887,3825,en_progreso,2026-09-21,
4888,252,completado,2026-09-21,Modulo finalizado por el estudiante
4889,1142,en_progreso,2026-09-21,
4890,246,abandonado,2026-09-21,Sin actividad posterior registrada
4891,2628,completado,2026-09-21,Modulo finalizado por el estudiante
4892,1221,completado,2026-09-21,Modulo finalizado por el estudiante
4893,1853,completado,2026-09-21,Modulo finalizado por el estudiante
4894,48,en_progreso,2026-09-21,
4895,2176,en_progreso,2026-09-21,
4896,3635,en_progreso,2026-09-21,
4897,846,iniciado,2026-09-21,
4898,3383,iniciado,2026-09-21,
4899,3148,en_progreso,2026-09-21,
4900,2140,en_progreso,2026-09-21,
4901,1657,pausado,2026-09-21,
4902,72,pausado,2026-09-21,
4903,1890,pausado,2026-09-21,
4904,1261,en_progreso,2026-09-21,
4905,2694,completado,2026-09-21,Modulo finalizado por el estudiante
4906,3450,en_progreso,2026-09-21,
4907,599,iniciado,2026-09-21,
4908,1217,abandonado,2026-09-21,Sin actividad posterior registrada
4909,3214,en_progreso,2026-09-21,
4910,1692,en_progreso,2026-09-21,
4911,1719,abandonado,2026-09-21,Sin actividad posterior registrada
4912,1955,pausado,2026-09-21,
4913,3837,en_progreso,2026-09-21,
4914,1529,en_progreso,2026-09-21,
4915,1986,en_progreso,2026-09-21,
4916,2008,pausado,2026-09-21,
4917,1901,en_progreso,2026-09-21,
4918,842,en_progreso,2026-09-21,
4919,4055,en_progreso,2026-09-21,
4920,3183,completado,2026-09-21,Modulo finalizado por el estudiante
4921,1421,completado,2026-09-21,Modulo finalizado por el estudiante
4922,3988,completado,2026-09-21,Modulo finalizado por el estudiante
4923,528,en_progreso,2026-09-21,
4924,2377,iniciado,2026-09-21,
4925,511,completado,2026-09-21,Modulo finalizado por el estudiante
4926,695,en_progreso,2026-09-21,
4927,3402,iniciado,2026-09-21,
4928,1328,pausado,2026-09-21,
4929,959,iniciado,2026-09-21,
4930,1058,en_progreso,2026-09-21,
4931,724,pausado,2026-09-21,
4932,3912,en_progreso,2026-09-21,
4933,2975,iniciado,2026-09-21,
4934,370,en_progreso,2026-09-21,
4935,3066,pausado,2026-09-21,
4936,3757,en_progreso,2026-09-21,
4937,156,en_progreso,2026-09-21,
4938,1422,iniciado,2026-09-21,
4939,3885,en_progreso,2026-09-21,
4940,444,en_progreso,2026-09-21,
4941,472,abandonado,2026-09-21,Sin actividad posterior registrada
4942,3197,en_progreso,2026-09-21,
4943,860,completado,2026-09-21,Modulo finalizado por el estudiante
4944,2805,en_progreso,2026-09-21,
4945,2999,completado,2026-09-21,Modulo finalizado por el estudiante
4946,2489,iniciado,2026-09-21,
4947,2476,en_progreso,2026-09-21,
4948,3632,en_progreso,2026-09-21,
4949,738,iniciado,2026-09-21,
4950,1179,abandonado,2026-09-21,Sin actividad posterior registrada
4951,2629,iniciado,2026-09-21,
4952,3572,en_progreso,2026-09-21,
4953,17,iniciado,2026-09-21,
4954,162,abandonado,2026-09-21,Sin actividad posterior registrada
4955,3148,pausado,2026-09-21,
4956,3680,en_progreso,2026-09-21,
4957,1511,iniciado,2026-09-21,
4958,1624,iniciado,2026-09-21,
4959,3123,iniciado,2026-09-21,
4960,2295,en_progreso,2026-09-21,
4961,712,en_progreso,2026-09-21,
4962,4120,completado,2026-09-21,Modulo finalizado por el estudiante
4963,92,en_progreso,2026-09-21,
4964,3994,en_progreso,2026-09-21,
4965,334,en_progreso,2026-09-21,
4966,2945,en_progreso,2026-09-21,
4967,390,en_progreso,2026-09-21,
4968,1533,completado,2026-09-21,Modulo finalizado por el estudiante
4969,3885,en_progreso,2026-09-21,
4970,2102,en_progreso,2026-09-21,
4971,3518,en_progreso,2026-09-21,
4972,425,pausado,2026-09-21,
4973,3978,completado,2026-09-21,Modulo finalizado por el estudiante
4974,1166,pausado,2026-09-21,
4975,2870,iniciado,2026-09-21,
4976,3757,en_progreso,2026-09-21,
4977,2553,completado,2026-09-21,Modulo finalizado por el estudiante
4978,2082,iniciado,2026-09-21,
4979,2793,en_progreso,2026-09-21,
4980,1231,iniciado,2026-09-21,
4981,3632,en_progreso,2026-09-21,
4982,1966,completado,2026-09-21,Modulo finalizado por el estudiante
4983,916,completado,2026-09-21,Modulo finalizado por el estudiante
4984,405,pausado,2026-09-21,
4985,2793,pausado,2026-09-21,
4986,861,iniciado,2026-09-21,
4987,2603,en_progreso,2026-09-21,
4988,522,completado,2026-09-21,Modulo finalizado por el estudiante
4989,2455,en_progreso,2026-09-21,
4990,1278,en_progreso,2026-09-21,
4991,4068,pausado,2026-09-21,
4992,496,en_progreso,2026-09-21,
4993,3783,en_progreso,2026-09-21,
4994,2193,en_progreso,2026-09-21,
4995,1387,completado,2026-09-21,Modulo finalizado por el estudiante
4996,738,pausado,2026-09-21,
4997,3256,completado,2026-09-21,Modulo finalizado por el estudiante
4998,4061,pausado,2026-09-21,
4999,2666,completado,2026-09-21,Modulo finalizado por el estudiante
5000,3725,en_progreso,2026-09-21,
