id_progreso_modulo,id_inscripcion,id_modulo,estado_modulo,porcentaje_avance_modulo,fecha_actualizacion
1,1,38,en_progreso,10,2026-09-19
2,1,39,no_iniciado,0,2026-08-11
3,1,40,no_iniciado,0,2026-08-11
4,1,41,no_iniciado,0,2026-08-11
5,1,42,no_iniciado,0,2026-08-11
6,1,43,no_iniciado,0,2026-08-11
7,2,1,en_progreso,10,2026-09-21
8,2,2,no_iniciado,0,2026-07-22
9,2,3,no_iniciado,0,2026-07-22
10,2,4,no_iniciado,0,2026-07-22
11,3,56,en_progreso,34.76,2026-09-21
12,3,57,no_iniciado,0,2026-05-23
13,3,58,no_iniciado,0,2026-05-23
14,3,59,no_iniciado,0,2026-05-23
15,3,60,no_iniciado,0,2026-05-23
16,4,5,completado,100,2026-09-20
17,4,6,en_progreso,10,2026-09-21
18,4,7,no_iniciado,0,2026-07-30
19,4,8,no_iniciado,0,2026-07-30
20,5,38,no_iniciado,0,2026-08-20
21,5,39,no_iniciado,0,2026-08-20
22,5,40,no_iniciado,0,2026-08-20
23,5,41,no_iniciado,0,2026-08-20
24,5,42,no_iniciado,0,2026-08-20
25,5,43,no_iniciado,0,2026-08-20
26,6,50,completado,100,2026-09-18
27,6,51,completado,100,2026-09-21
28,6,52,no_iniciado,0,2026-09-07
29,6,53,no_iniciado,0,2026-09-07
30,6,54,no_iniciado,0,2026-09-07
31,6,55,no_iniciado,0,2026-09-07
32,7,21,completado,100,2026-09-18
33,7,22,completado,100,2026-09-20
34,7,23,en_progreso,22.15,2026-09-21
35,7,24,no_iniciado,0,2026-08-18
36,7,25,no_iniciado,0,2026-08-18
37,7,26,no_iniciado,0,2026-08-18
38,7,27,no_iniciado,0,2026-08-18
39,8,17,en_progreso,58.36,2026-09-21
40,8,18,no_iniciado,0,2026-07-02
41,8,19,no_iniciado,0,2026-07-02
42,8,20,no_iniciado,0,2026-07-02
43,9,9,en_progreso,10,2026-09-18
44,9,10,no_iniciado,0,2026-05-18
45,9,11,no_iniciado,0,2026-05-18
46,9,12,no_iniciado,0,2026-05-18
47,10,32,completado,100,2026-09-17
48,10,33,en_progreso,48.08,2026-09-21
49,10,34,no_iniciado,0,2026-08-30
50,10,35,no_iniciado,0,2026-08-30
51,10,36,no_iniciado,0,2026-08-30
52,10,37,no_iniciado,0,2026-08-30
53,11,56,en_progreso,22.87,2026-09-19
54,11,57,no_iniciado,0,2026-06-06
55,11,58,no_iniciado,0,2026-06-06
56,11,59,no_iniciado,0,2026-06-06
57,11,60,no_iniciado,0,2026-06-06
58,12,17,en_progreso,40.78,2026-09-21
59,12,18,no_iniciado,0,2026-04-26
60,12,19,no_iniciado,0,2026-04-26
61,12,20,no_iniciado,0,2026-04-26
62,13,38,completado,100,2026-09-19
63,13,39,completado,100,2026-09-21
64,13,40,no_iniciado,0,2026-08-09
65,13,41,no_iniciado,0,2026-08-09
66,13,42,no_iniciado,0,2026-08-09
67,13,43,no_iniciado,0,2026-08-09
68,14,9,no_iniciado,0,2026-09-03
69,14,10,no_iniciado,0,2026-09-03
70,14,11,no_iniciado,0,2026-09-03
71,14,12,no_iniciado,0,2026-09-03
72,15,5,en_progreso,57.4,2026-09-21
73,15,6,no_iniciado,0,2026-05-11
74,15,7,no_iniciado,0,2026-05-11
75,15,8,no_iniciado,0,2026-05-11
76,16,50,abandonado,10,2026-09-18
77,16,51,no_iniciado,0,2026-05-27
78,16,52,no_iniciado,0,2026-05-27
79,16,53,no_iniciado,0,2026-05-27
80,16,54,no_iniciado,0,2026-05-27
81,16,55,no_iniciado,0,2026-05-27
82,17,17,abandonado,10,2026-09-20
83,17,18,no_iniciado,0,2026-04-23
84,17,19,no_iniciado,0,2026-04-23
85,17,20,no_iniciado,0,2026-04-23
86,18,38,en_progreso,31.58,2026-09-21
87,18,39,no_iniciado,0,2026-07-14
88,18,40,no_iniciado,0,2026-07-14
89,18,41,no_iniciado,0,2026-07-14
90,18,42,no_iniciado,0,2026-07-14
91,18,43,no_iniciado,0,2026-07-14
92,19,44,en_progreso,53.82,2026-09-21
93,19,45,no_iniciado,0,2026-06-19
94,19,46,no_iniciado,0,2026-06-19
95,19,47,no_iniciado,0,2026-06-19
96,19,48,no_iniciado,0,2026-06-19
97,19,49,no_iniciado,0,2026-06-19
98,20,13,en_progreso,34.49,2026-09-20
99,20,14,no_iniciado,0,2026-07-10
100,20,15,no_iniciado,0,2026-07-10
101,20,16,no_iniciado,0,2026-07-10
102,21,21,en_progreso,43.69,2026-09-19
103,21,22,no_iniciado,0,2026-05-19
104,21,23,no_iniciado,0,2026-05-19
105,21,24,no_iniciado,0,2026-05-19
106,21,25,no_iniciado,0,2026-05-19
107,21,26,no_iniciado,0,2026-05-19
108,21,27,no_iniciado,0,2026-05-19
109,22,38,abandonado,10,2026-09-17
110,22,39,no_iniciado,0,2026-07-09
111,22,40,no_iniciado,0,2026-07-09
112,22,41,no_iniciado,0,2026-07-09
113,22,42,no_iniciado,0,2026-07-09
114,22,43,no_iniciado,0,2026-07-09
115,23,1,completado,100,2026-09-18
116,23,2,en_progreso,32.52,2026-09-21
117,23,3,no_iniciado,0,2026-09-01
118,23,4,no_iniciado,0,2026-09-01
119,24,44,abandonado,10,2026-09-18
120,24,45,no_iniciado,0,2026-05-29
121,24,46,no_iniciado,0,2026-05-29
122,24,47,no_iniciado,0,2026-05-29
123,24,48,no_iniciado,0,2026-05-29
124,24,49,no_iniciado,0,2026-05-29
125,25,21,abandonado,10,2026-09-19
126,25,22,no_iniciado,0,2026-07-08
127,25,23,no_iniciado,0,2026-07-08
128,25,24,no_iniciado,0,2026-07-08
129,25,25,no_iniciado,0,2026-07-08
130,25,26,no_iniciado,0,2026-07-08
131,25,27,no_iniciado,0,2026-07-08
132,26,1,completado,100,2026-09-20
133,26,2,en_progreso,10,2026-09-21
134,26,3,no_iniciado,0,2026-07-26
135,26,4,no_iniciado,0,2026-07-26
136,27,5,abandonado,10,2026-09-20
137,27,6,no_iniciado,0,2026-08-16
138,27,7,no_iniciado,0,2026-08-16
139,27,8,no_iniciado,0,2026-08-16
140,28,17,completado,100,2026-09-17
141,28,18,abandonado,49.77,2026-09-21
142,28,19,no_iniciado,0,2026-07-20
143,28,20,no_iniciado,0,2026-07-20
144,29,13,abandonado,71.12,2026-09-21
145,29,14,no_iniciado,0,2026-09-09
146,29,15,no_iniciado,0,2026-09-09
147,29,16,no_iniciado,0,2026-09-09
148,30,13,abandonado,68.91,2026-09-21
149,30,14,no_iniciado,0,2026-09-08
150,30,15,no_iniciado,0,2026-09-08
151,30,16,no_iniciado,0,2026-09-08
152,31,5,en_progreso,55.81,2026-09-20
153,31,6,no_iniciado,0,2026-05-02
154,31,7,no_iniciado,0,2026-05-02
155,31,8,no_iniciado,0,2026-05-02
156,32,56,en_progreso,95,2026-09-21
157,32,57,no_iniciado,0,2026-09-04
158,32,58,no_iniciado,0,2026-09-04
159,32,59,no_iniciado,0,2026-09-04
160,32,60,no_iniciado,0,2026-09-04
161,33,32,completado,100,2026-09-17
162,33,33,abandonado,95,2026-09-21
163,33,34,no_iniciado,0,2026-05-16
164,33,35,no_iniciado,0,2026-05-16
165,33,36,no_iniciado,0,2026-05-16
166,33,37,no_iniciado,0,2026-05-16
167,34,38,en_progreso,95,2026-09-21
168,34,39,no_iniciado,0,2026-07-29
169,34,40,no_iniciado,0,2026-07-29
170,34,41,no_iniciado,0,2026-07-29
171,34,42,no_iniciado,0,2026-07-29
172,34,43,no_iniciado,0,2026-07-29
173,35,9,en_progreso,76,2026-09-21
174,35,10,no_iniciado,0,2026-05-30
175,35,11,no_iniciado,0,2026-05-30
176,35,12,no_iniciado,0,2026-05-30
177,36,32,completado,100,2026-09-19
178,36,33,en_progreso,95,2026-09-21
179,36,34,no_iniciado,0,2026-08-06
180,36,35,no_iniciado,0,2026-08-06
181,36,36,no_iniciado,0,2026-08-06
182,36,37,no_iniciado,0,2026-08-06
183,37,38,completado,100,2026-09-20
184,37,39,en_progreso,10,2026-09-21
185,37,40,no_iniciado,0,2026-06-22
186,37,41,no_iniciado,0,2026-06-22
187,37,42,no_iniciado,0,2026-06-22
188,37,43,no_iniciado,0,2026-06-22
189,38,9,completado,100,2026-09-21
190,38,10,no_iniciado,0,2026-08-26
191,38,11,no_iniciado,0,2026-08-26
192,38,12,no_iniciado,0,2026-08-26
193,39,38,completado,100,2026-09-20
194,39,39,en_progreso,34.23,2026-09-21
195,39,40,no_iniciado,0,2026-07-21
196,39,41,no_iniciado,0,2026-07-21
197,39,42,no_iniciado,0,2026-07-21
198,39,43,no_iniciado,0,2026-07-21
199,40,44,en_progreso,62.53,2026-09-21
200,40,45,no_iniciado,0,2026-07-31
201,40,46,no_iniciado,0,2026-07-31
202,40,47,no_iniciado,0,2026-07-31
203,40,48,no_iniciado,0,2026-07-31
204,40,49,no_iniciado,0,2026-07-31
205,41,13,en_progreso,10,2026-09-20
206,41,14,no_iniciado,0,2026-07-02
207,41,15,no_iniciado,0,2026-07-02
208,41,16,no_iniciado,0,2026-07-02
209,42,38,abandonado,53.79,2026-09-19
210,42,39,no_iniciado,0,2026-06-19
211,42,40,no_iniciado,0,2026-06-19
212,42,41,no_iniciado,0,2026-06-19
213,42,42,no_iniciado,0,2026-06-19
214,42,43,no_iniciado,0,2026-06-19
215,43,56,completado,100,2026-09-18
216,43,57,completado,100,2026-09-19
217,43,58,en_progreso,10,2026-09-21
218,43,59,no_iniciado,0,2026-05-23
219,43,60,no_iniciado,0,2026-05-23
220,44,13,completado,100,2026-09-19
221,44,14,en_progreso,10,2026-09-21
222,44,15,no_iniciado,0,2026-07-18
223,44,16,no_iniciado,0,2026-07-18
224,45,17,abandonado,43.04,2026-09-20
225,45,18,no_iniciado,0,2026-08-01
226,45,19,no_iniciado,0,2026-08-01
227,45,20,no_iniciado,0,2026-08-01
228,46,50,completado,100,2026-09-20
229,46,51,en_progreso,10,2026-09-21
230,46,52,no_iniciado,0,2026-06-25
231,46,53,no_iniciado,0,2026-06-25
232,46,54,no_iniciado,0,2026-06-25
233,46,55,no_iniciado,0,2026-06-25
234,47,56,completado,100,2026-09-19
235,47,57,completado,100,2026-09-20
236,47,58,no_iniciado,0,2026-08-04
237,47,59,no_iniciado,0,2026-08-04
238,47,60,no_iniciado,0,2026-08-04
239,48,32,completado,100,2026-09-20
240,48,33,en_progreso,10,2026-09-21
241,48,34,no_iniciado,0,2026-06-27
242,48,35,no_iniciado,0,2026-06-27
243,48,36,no_iniciado,0,2026-06-27
244,48,37,no_iniciado,0,2026-06-27
245,49,38,completado,100,2026-09-21
246,49,39,abandonado,10,2026-09-21
247,49,40,no_iniciado,0,2026-08-29
248,49,41,no_iniciado,0,2026-08-29
249,49,42,no_iniciado,0,2026-08-29
250,49,43,no_iniciado,0,2026-08-29
251,50,5,completado,100,2026-09-20
252,50,6,completado,100,2026-09-21
253,50,7,no_iniciado,0,2026-09-06
254,50,8,no_iniciado,0,2026-09-06
255,51,13,en_progreso,28.55,2026-09-19
256,51,14,no_iniciado,0,2026-08-30
257,51,15,no_iniciado,0,2026-08-30
258,51,16,no_iniciado,0,2026-08-30
259,52,5,en_progreso,45.06,2026-09-20
260,52,6,no_iniciado,0,2026-08-22
261,52,7,no_iniciado,0,2026-08-22
262,52,8,no_iniciado,0,2026-08-22
263,53,1,completado,100,2026-09-17
264,53,2,completado,100,2026-09-19
265,53,3,no_iniciado,0,2026-09-01
266,53,4,no_iniciado,0,2026-09-01
267,54,44,completado,100,2026-09-18
268,54,45,completado,100,2026-09-20
269,54,46,completado,100,2026-09-21
270,54,47,no_iniciado,0,2026-06-10
271,54,48,no_iniciado,0,2026-06-10
272,54,49,no_iniciado,0,2026-06-10
273,55,13,abandonado,63.98,2026-09-18
274,55,14,no_iniciado,0,2026-08-16
275,55,15,no_iniciado,0,2026-08-16
276,55,16,no_iniciado,0,2026-08-16
277,56,44,completado,100,2026-09-19
278,56,45,en_progreso,10,2026-09-19
279,56,46,no_iniciado,0,2026-07-23
280,56,47,no_iniciado,0,2026-07-23
281,56,48,no_iniciado,0,2026-07-23
282,56,49,no_iniciado,0,2026-07-23
283,57,56,completado,100,2026-09-20
284,57,57,en_progreso,10,2026-09-21
285,57,58,no_iniciado,0,2026-05-27
286,57,59,no_iniciado,0,2026-05-27
287,57,60,no_iniciado,0,2026-05-27
288,58,5,completado,100,2026-09-18
289,58,6,abandonado,10,2026-09-20
290,58,7,no_iniciado,0,2026-06-06
291,58,8,no_iniciado,0,2026-06-06
292,59,50,abandonado,10,2026-09-17
293,59,51,no_iniciado,0,2026-06-13
294,59,52,no_iniciado,0,2026-06-13
295,59,53,no_iniciado,0,2026-06-13
296,59,54,no_iniciado,0,2026-06-13
297,59,55,no_iniciado,0,2026-06-13
298,60,1,completado,100,2026-09-20
299,60,2,en_progreso,31.5,2026-09-21
300,60,3,no_iniciado,0,2026-08-06
301,60,4,no_iniciado,0,2026-08-06
302,61,13,completado,100,2026-09-20
303,61,14,en_progreso,28.55,2026-09-21
304,61,15,no_iniciado,0,2026-06-16
305,61,16,no_iniciado,0,2026-06-16
306,62,1,completado,100,2026-09-18
307,62,2,en_progreso,10,2026-09-20
308,62,3,no_iniciado,0,2026-06-02
309,62,4,no_iniciado,0,2026-06-02
310,63,5,completado,100,2026-09-19
311,63,6,en_progreso,68.39,2026-09-21
312,63,7,no_iniciado,0,2026-06-16
313,63,8,no_iniciado,0,2026-06-16
314,64,38,completado,100,2026-09-21
315,64,39,en_progreso,27.42,2026-09-21
316,64,40,no_iniciado,0,2026-06-15
317,64,41,no_iniciado,0,2026-06-15
318,64,42,no_iniciado,0,2026-06-15
319,64,43,no_iniciado,0,2026-06-15
320,65,17,abandonado,40.04,2026-09-21
321,65,18,no_iniciado,0,2026-09-03
322,65,19,no_iniciado,0,2026-09-03
323,65,20,no_iniciado,0,2026-09-03
324,66,32,completado,100,2026-09-20
325,66,33,no_iniciado,0,2026-05-30
326,66,34,no_iniciado,0,2026-05-30
327,66,35,no_iniciado,0,2026-05-30
328,66,36,no_iniciado,0,2026-05-30
329,66,37,no_iniciado,0,2026-05-30
330,67,13,abandonado,59.51,2026-09-21
331,67,14,no_iniciado,0,2026-09-01
332,67,15,no_iniciado,0,2026-09-01
333,67,16,no_iniciado,0,2026-09-01
334,68,38,en_progreso,80.21,2026-09-21
335,68,39,no_iniciado,0,2026-09-03
336,68,40,no_iniciado,0,2026-09-03
337,68,41,no_iniciado,0,2026-09-03
338,68,42,no_iniciado,0,2026-09-03
339,68,43,no_iniciado,0,2026-09-03
340,69,56,abandonado,10,2026-09-19
341,69,57,no_iniciado,0,2026-07-23
342,69,58,no_iniciado,0,2026-07-23
343,69,59,no_iniciado,0,2026-07-23
344,69,60,no_iniciado,0,2026-07-23
345,70,44,en_progreso,41.8,2026-09-21
346,70,45,no_iniciado,0,2026-06-20
347,70,46,no_iniciado,0,2026-06-20
348,70,47,no_iniciado,0,2026-06-20
349,70,48,no_iniciado,0,2026-06-20
350,70,49,no_iniciado,0,2026-06-20
351,71,32,en_progreso,40.64,2026-09-20
352,71,33,no_iniciado,0,2026-07-22
353,71,34,no_iniciado,0,2026-07-22
354,71,35,no_iniciado,0,2026-07-22
355,71,36,no_iniciado,0,2026-07-22
356,71,37,no_iniciado,0,2026-07-22
357,72,13,completado,100,2026-09-17
358,72,14,en_progreso,49.81,2026-09-21
359,72,15,no_iniciado,0,2026-06-26
360,72,16,no_iniciado,0,2026-06-26
361,73,28,completado,100,2026-09-17
362,73,29,en_progreso,10,2026-09-18
363,73,30,no_iniciado,0,2026-08-06
364,73,31,no_iniciado,0,2026-08-06
365,74,13,completado,100,2026-09-21
366,74,14,no_iniciado,0,2026-09-07
367,74,15,no_iniciado,0,2026-09-07
368,74,16,no_iniciado,0,2026-09-07
369,75,5,completado,100,2026-09-20
370,75,6,en_progreso,27.7,2026-09-21
371,75,7,no_iniciado,0,2026-06-12
372,75,8,no_iniciado,0,2026-06-12
373,76,28,abandonado,54.42,2026-09-19
374,76,29,no_iniciado,0,2026-06-14
375,76,30,no_iniciado,0,2026-06-14
376,76,31,no_iniciado,0,2026-06-14
377,77,21,completado,100,2026-09-19
378,77,22,en_progreso,40.84,2026-09-21
379,77,23,no_iniciado,0,2026-05-13
380,77,24,no_iniciado,0,2026-05-13
381,77,25,no_iniciado,0,2026-05-13
382,77,26,no_iniciado,0,2026-05-13
383,77,27,no_iniciado,0,2026-05-13
384,78,56,abandonado,66.58,2026-09-19
385,78,57,no_iniciado,0,2026-08-09
386,78,58,no_iniciado,0,2026-08-09
387,78,59,no_iniciado,0,2026-08-09
388,78,60,no_iniciado,0,2026-08-09
389,79,32,completado,100,2026-09-18
390,79,33,en_progreso,60.16,2026-09-21
391,79,34,no_iniciado,0,2026-08-29
392,79,35,no_iniciado,0,2026-08-29
393,79,36,no_iniciado,0,2026-08-29
394,79,37,no_iniciado,0,2026-08-29
395,80,1,en_progreso,95,2026-09-21
396,80,2,no_iniciado,0,2026-08-03
397,80,3,no_iniciado,0,2026-08-03
398,80,4,no_iniciado,0,2026-08-03
399,81,50,abandonado,95,2026-09-20
400,81,51,no_iniciado,0,2026-07-02
401,81,52,no_iniciado,0,2026-07-02
402,81,53,no_iniciado,0,2026-07-02
403,81,54,no_iniciado,0,2026-07-02
404,81,55,no_iniciado,0,2026-07-02
405,82,56,en_progreso,62.14,2026-09-21
406,82,57,no_iniciado,0,2026-07-05
407,82,58,no_iniciado,0,2026-07-05
408,82,59,no_iniciado,0,2026-07-05
409,82,60,no_iniciado,0,2026-07-05
410,83,5,completado,100,2026-09-20
411,83,6,en_progreso,30.99,2026-09-20
412,83,7,no_iniciado,0,2026-06-26
413,83,8,no_iniciado,0,2026-06-26
414,84,28,en_progreso,47.1,2026-09-21
415,84,29,no_iniciado,0,2026-05-18
416,84,30,no_iniciado,0,2026-05-18
417,84,31,no_iniciado,0,2026-05-18
418,85,21,abandonado,87.41,2026-09-20
419,85,22,no_iniciado,0,2026-06-15
420,85,23,no_iniciado,0,2026-06-15
421,85,24,no_iniciado,0,2026-06-15
422,85,25,no_iniciado,0,2026-06-15
423,85,26,no_iniciado,0,2026-06-15
424,85,27,no_iniciado,0,2026-06-15
425,86,5,en_progreso,44.18,2026-09-21
426,86,6,no_iniciado,0,2026-04-28
427,86,7,no_iniciado,0,2026-04-28
428,86,8,no_iniciado,0,2026-04-28
429,87,13,abandonado,86.97,2026-09-21
430,87,14,no_iniciado,0,2026-06-14
431,87,15,no_iniciado,0,2026-06-14
432,87,16,no_iniciado,0,2026-06-14
433,88,13,en_progreso,82.19,2026-09-21
434,88,14,no_iniciado,0,2026-09-05
435,88,15,no_iniciado,0,2026-09-05
436,88,16,no_iniciado,0,2026-09-05
437,89,32,abandonado,10,2026-09-17
438,89,33,no_iniciado,0,2026-05-05
439,89,34,no_iniciado,0,2026-05-05
440,89,35,no_iniciado,0,2026-05-05
441,89,36,no_iniciado,0,2026-05-05
442,89,37,no_iniciado,0,2026-05-05
443,90,9,completado,100,2026-09-19
444,90,10,en_progreso,61.14,2026-09-21
445,90,11,no_iniciado,0,2026-06-26
446,90,12,no_iniciado,0,2026-06-26
447,91,28,completado,100,2026-09-19
448,91,29,en_progreso,51.63,2026-09-21
449,91,30,no_iniciado,0,2026-07-14
450,91,31,no_iniciado,0,2026-07-14
451,92,17,en_progreso,31.85,2026-09-21
452,92,18,no_iniciado,0,2026-08-25
453,92,19,no_iniciado,0,2026-08-25
454,92,20,no_iniciado,0,2026-08-25
455,93,13,en_progreso,95,2026-09-21
456,93,14,no_iniciado,0,2026-06-08
457,93,15,no_iniciado,0,2026-06-08
458,93,16,no_iniciado,0,2026-06-08
459,94,5,en_progreso,57.85,2026-09-21
460,94,6,no_iniciado,0,2026-09-12
461,94,7,no_iniciado,0,2026-09-12
462,94,8,no_iniciado,0,2026-09-12
463,95,38,abandonado,10,2026-09-19
464,95,39,no_iniciado,0,2026-07-22
465,95,40,no_iniciado,0,2026-07-22
466,95,41,no_iniciado,0,2026-07-22
467,95,42,no_iniciado,0,2026-07-22
468,95,43,no_iniciado,0,2026-07-22
469,96,5,completado,100,2026-09-17
470,96,6,completado,100,2026-09-17
471,96,7,completado,100,2026-09-19
472,96,8,abandonado,51.56,2026-09-21
473,97,50,completado,100,2026-09-17
474,97,51,completado,100,2026-09-20
475,97,52,en_progreso,47.35,2026-09-21
476,97,53,no_iniciado,0,2026-05-29
477,97,54,no_iniciado,0,2026-05-29
478,97,55,no_iniciado,0,2026-05-29
479,98,1,completado,100,2026-09-21
480,98,2,no_iniciado,0,2026-08-02
481,98,3,no_iniciado,0,2026-08-02
482,98,4,no_iniciado,0,2026-08-02
483,99,5,completado,100,2026-09-18
484,99,6,no_iniciado,0,2026-06-11
485,99,7,no_iniciado,0,2026-06-11
486,99,8,no_iniciado,0,2026-06-11
487,100,13,completado,100,2026-09-18
488,100,14,en_progreso,71.6,2026-09-21
489,100,15,no_iniciado,0,2026-08-07
490,100,16,no_iniciado,0,2026-08-07
491,101,28,en_progreso,50.37,2026-09-19
492,101,29,no_iniciado,0,2026-09-02
493,101,30,no_iniciado,0,2026-09-02
494,101,31,no_iniciado,0,2026-09-02
495,102,32,completado,100,2026-09-21
496,102,33,en_progreso,31.43,2026-09-21
497,102,34,no_iniciado,0,2026-06-11
498,102,35,no_iniciado,0,2026-06-11
499,102,36,no_iniciado,0,2026-06-11
500,102,37,no_iniciado,0,2026-06-11
501,103,13,completado,100,2026-09-19
502,103,14,en_progreso,70.01,2026-09-21
503,103,15,no_iniciado,0,2026-05-16
504,103,16,no_iniciado,0,2026-05-16
505,104,1,completado,100,2026-09-17
506,104,2,en_progreso,77.73,2026-09-21
507,104,3,no_iniciado,0,2026-05-11
508,104,4,no_iniciado,0,2026-05-11
509,105,9,completado,100,2026-09-17
510,105,10,completado,100,2026-09-18
511,105,11,completado,100,2026-09-21
512,105,12,no_iniciado,0,2026-08-17
513,106,1,completado,100,2026-09-18
514,106,2,en_progreso,59.59,2026-09-21
515,106,3,no_iniciado,0,2026-09-10
516,106,4,no_iniciado,0,2026-09-10
517,107,28,completado,100,2026-09-17
518,107,29,completado,100,2026-09-18
519,107,30,en_progreso,46.78,2026-09-21
520,107,31,no_iniciado,0,2026-08-11
521,108,32,completado,100,2026-09-18
522,108,33,completado,100,2026-09-21
523,108,34,no_iniciado,0,2026-06-05
524,108,35,no_iniciado,0,2026-06-05
525,108,36,no_iniciado,0,2026-06-05
526,108,37,no_iniciado,0,2026-06-05
527,109,17,completado,100,2026-09-20
528,109,18,en_progreso,27.92,2026-09-21
529,109,19,no_iniciado,0,2026-06-06
530,109,20,no_iniciado,0,2026-06-06
531,110,56,completado,100,2026-09-19
532,110,57,en_progreso,10,2026-09-19
533,110,58,no_iniciado,0,2026-04-29
534,110,59,no_iniciado,0,2026-04-29
535,110,60,no_iniciado,0,2026-04-29
536,111,38,completado,100,2026-09-17
537,111,39,completado,100,2026-09-18
538,111,40,completado,100,2026-09-19
539,111,41,en_progreso,83.59,2026-09-21
540,111,42,no_iniciado,0,2026-08-28
541,111,43,no_iniciado,0,2026-08-28
542,112,56,completado,100,2026-09-18
543,112,57,en_progreso,25.41,2026-09-21
544,112,58,no_iniciado,0,2026-08-01
545,112,59,no_iniciado,0,2026-08-01
546,112,60,no_iniciado,0,2026-08-01
547,113,32,en_progreso,25.43,2026-09-18
548,113,33,no_iniciado,0,2026-06-02
549,113,34,no_iniciado,0,2026-06-02
550,113,35,no_iniciado,0,2026-06-02
551,113,36,no_iniciado,0,2026-06-02
552,113,37,no_iniciado,0,2026-06-02
553,114,9,completado,100,2026-09-19
554,114,10,en_progreso,79.5,2026-09-21
555,114,11,no_iniciado,0,2026-08-21
556,114,12,no_iniciado,0,2026-08-21
557,115,17,completado,100,2026-09-20
558,115,18,completado,100,2026-09-21
559,115,19,no_iniciado,0,2026-06-04
560,115,20,no_iniciado,0,2026-06-04
561,116,1,completado,100,2026-09-19
562,116,2,completado,100,2026-09-20
563,116,3,en_progreso,10,2026-09-21
564,116,4,no_iniciado,0,2026-04-30
565,117,56,completado,100,2026-09-19
566,117,57,completado,100,2026-09-20
567,117,58,en_progreso,32.62,2026-09-21
568,117,59,no_iniciado,0,2026-05-09
569,117,60,no_iniciado,0,2026-05-09
570,118,38,completado,100,2026-09-17
571,118,39,completado,100,2026-09-19
572,118,40,completado,100,2026-09-21
573,118,41,no_iniciado,0,2026-07-09
574,118,42,no_iniciado,0,2026-07-09
575,118,43,no_iniciado,0,2026-07-09
576,119,1,en_progreso,69.97,2026-09-20
577,119,2,no_iniciado,0,2026-06-23
578,119,3,no_iniciado,0,2026-06-23
579,119,4,no_iniciado,0,2026-06-23
580,120,21,completado,100,2026-09-17
581,120,22,en_progreso,56.17,2026-09-21
582,120,23,no_iniciado,0,2026-09-06
583,120,24,no_iniciado,0,2026-09-06
584,120,25,no_iniciado,0,2026-09-06
585,120,26,no_iniciado,0,2026-09-06
586,120,27,no_iniciado,0,2026-09-06
587,121,1,completado,100,2026-09-17
588,121,2,completado,100,2026-09-20
589,121,3,en_progreso,10,2026-09-20
590,121,4,no_iniciado,0,2026-07-20
591,122,50,completado,100,2026-09-18
592,122,51,completado,100,2026-09-19
593,122,52,completado,100,2026-09-21
594,122,53,en_progreso,10,2026-09-21
595,122,54,no_iniciado,0,2026-05-09
596,122,55,no_iniciado,0,2026-05-09
597,123,32,completado,100,2026-09-18
598,123,33,completado,100,2026-09-21
599,123,34,en_progreso,10,2026-09-21
600,123,35,no_iniciado,0,2026-08-30
601,123,36,no_iniciado,0,2026-08-30
602,123,37,no_iniciado,0,2026-08-30
603,124,38,completado,100,2026-09-17
604,124,39,completado,100,2026-09-20
605,124,40,completado,100,2026-09-21
606,124,41,en_progreso,10,2026-09-21
607,124,42,no_iniciado,0,2026-05-16
608,124,43,no_iniciado,0,2026-05-16
609,125,50,completado,100,2026-09-19
610,125,51,en_progreso,10,2026-09-20
611,125,52,no_iniciado,0,2026-04-21
612,125,53,no_iniciado,0,2026-04-21
613,125,54,no_iniciado,0,2026-04-21
614,125,55,no_iniciado,0,2026-04-21
615,126,1,en_progreso,40.41,2026-09-20
616,126,2,no_iniciado,0,2026-08-04
617,126,3,no_iniciado,0,2026-08-04
618,126,4,no_iniciado,0,2026-08-04
619,127,5,en_progreso,41.89,2026-09-21
620,127,6,no_iniciado,0,2026-05-20
621,127,7,no_iniciado,0,2026-05-20
622,127,8,no_iniciado,0,2026-05-20
623,128,9,completado,100,2026-09-18
624,128,10,completado,100,2026-09-19
625,128,11,en_progreso,10,2026-09-20
626,128,12,no_iniciado,0,2026-07-08
627,129,56,completado,100,2026-09-17
628,129,57,completado,100,2026-09-21
629,129,58,completado,100,2026-09-21
630,129,59,no_iniciado,0,2026-08-24
631,129,60,no_iniciado,0,2026-08-24
632,130,5,completado,100,2026-09-18
633,130,6,en_progreso,20.58,2026-09-21
634,130,7,no_iniciado,0,2026-07-21
635,130,8,no_iniciado,0,2026-07-21
636,131,50,completado,100,2026-09-20
637,131,51,en_progreso,41.43,2026-09-21
638,131,52,no_iniciado,0,2026-07-21
639,131,53,no_iniciado,0,2026-07-21
640,131,54,no_iniciado,0,2026-07-21
641,131,55,no_iniciado,0,2026-07-21
642,132,13,abandonado,25.47,2026-09-17
643,132,14,no_iniciado,0,2026-08-24
644,132,15,no_iniciado,0,2026-08-24
645,132,16,no_iniciado,0,2026-08-24
646,133,5,completado,100,2026-09-20
647,133,6,en_progreso,30.97,2026-09-20
648,133,7,no_iniciado,0,2026-05-28
649,133,8,no_iniciado,0,2026-05-28
650,134,44,completado,100,2026-09-20
651,134,45,en_progreso,10,2026-09-21
652,134,46,no_iniciado,0,2026-09-13
653,134,47,no_iniciado,0,2026-09-13
654,134,48,no_iniciado,0,2026-09-13
655,134,49,no_iniciado,0,2026-09-13
656,135,44,en_progreso,91.89,2026-09-21
657,135,45,no_iniciado,0,2026-06-14
658,135,46,no_iniciado,0,2026-06-14
659,135,47,no_iniciado,0,2026-06-14
660,135,48,no_iniciado,0,2026-06-14
661,135,49,no_iniciado,0,2026-06-14
662,136,1,completado,100,2026-09-19
663,136,2,en_progreso,33.24,2026-09-21
664,136,3,no_iniciado,0,2026-06-21
665,136,4,no_iniciado,0,2026-06-21
666,137,44,en_progreso,38.46,2026-09-21
667,137,45,no_iniciado,0,2026-06-14
668,137,46,no_iniciado,0,2026-06-14
669,137,47,no_iniciado,0,2026-06-14
670,137,48,no_iniciado,0,2026-06-14
671,137,49,no_iniciado,0,2026-06-14
672,138,5,completado,100,2026-09-21
673,138,6,en_progreso,26.62,2026-09-21
674,138,7,no_iniciado,0,2026-08-23
675,138,8,no_iniciado,0,2026-08-23
676,139,50,completado,100,2026-09-18
677,139,51,abandonado,10,2026-09-19
678,139,52,no_iniciado,0,2026-05-01
679,139,53,no_iniciado,0,2026-05-01
680,139,54,no_iniciado,0,2026-05-01
681,139,55,no_iniciado,0,2026-05-01
682,140,44,completado,100,2026-09-19
683,140,45,completado,100,2026-09-21
684,140,46,en_progreso,10,2026-09-21
685,140,47,no_iniciado,0,2026-05-07
686,140,48,no_iniciado,0,2026-05-07
687,140,49,no_iniciado,0,2026-05-07
688,141,38,completado,100,2026-09-18
689,141,39,en_progreso,32.02,2026-09-20
690,141,40,no_iniciado,0,2026-08-24
691,141,41,no_iniciado,0,2026-08-24
692,141,42,no_iniciado,0,2026-08-24
693,141,43,no_iniciado,0,2026-08-24
694,142,21,completado,100,2026-09-21
695,142,22,en_progreso,28.21,2026-09-21
696,142,23,no_iniciado,0,2026-08-09
697,142,24,no_iniciado,0,2026-08-09
698,142,25,no_iniciado,0,2026-08-09
699,142,26,no_iniciado,0,2026-08-09
700,142,27,no_iniciado,0,2026-08-09
701,143,17,completado,100,2026-09-20
702,143,18,completado,100,2026-09-21
703,143,19,no_iniciado,0,2026-06-04
704,143,20,no_iniciado,0,2026-06-04
705,144,50,completado,100,2026-09-19
706,144,51,en_progreso,48.75,2026-09-21
707,144,52,no_iniciado,0,2026-08-01
708,144,53,no_iniciado,0,2026-08-01
709,144,54,no_iniciado,0,2026-08-01
710,144,55,no_iniciado,0,2026-08-01
711,145,21,completado,100,2026-09-18
712,145,22,en_progreso,29.9,2026-09-21
713,145,23,no_iniciado,0,2026-09-10
714,145,24,no_iniciado,0,2026-09-10
715,145,25,no_iniciado,0,2026-09-10
716,145,26,no_iniciado,0,2026-09-10
717,145,27,no_iniciado,0,2026-09-10
718,146,13,en_progreso,95,2026-09-21
719,146,14,no_iniciado,0,2026-09-07
720,146,15,no_iniciado,0,2026-09-07
721,146,16,no_iniciado,0,2026-09-07
722,147,17,completado,100,2026-09-18
723,147,18,completado,100,2026-09-19
724,147,19,en_progreso,62.73,2026-09-21
725,147,20,no_iniciado,0,2026-04-27
726,148,9,completado,100,2026-09-19
727,148,10,en_progreso,10,2026-09-21
728,148,11,no_iniciado,0,2026-05-23
729,148,12,no_iniciado,0,2026-05-23
730,149,50,completado,100,2026-09-17
731,149,51,en_progreso,10,2026-09-18
732,149,52,no_iniciado,0,2026-07-10
733,149,53,no_iniciado,0,2026-07-10
734,149,54,no_iniciado,0,2026-07-10
735,149,55,no_iniciado,0,2026-07-10
736,150,17,completado,100,2026-09-18
737,150,18,completado,100,2026-09-21
738,150,19,en_progreso,10,2026-09-21
739,150,20,no_iniciado,0,2026-05-24
740,151,32,completado,100,2026-09-19
741,151,33,completado,100,2026-09-20
742,151,34,no_iniciado,0,2026-04-27
743,151,35,no_iniciado,0,2026-04-27
744,151,36,no_iniciado,0,2026-04-27
745,151,37,no_iniciado,0,2026-04-27
746,152,21,completado,100,2026-09-19
747,152,22,abandonado,66.25,2026-09-21
748,152,23,no_iniciado,0,2026-07-06
749,152,24,no_iniciado,0,2026-07-06
750,152,25,no_iniciado,0,2026-07-06
751,152,26,no_iniciado,0,2026-07-06
752,152,27,no_iniciado,0,2026-07-06
753,153,1,abandonado,10,2026-09-17
754,153,2,no_iniciado,0,2026-07-25
755,153,3,no_iniciado,0,2026-07-25
756,153,4,no_iniciado,0,2026-07-25
757,154,44,completado,100,2026-09-19
758,154,45,completado,100,2026-09-20
759,154,46,en_progreso,10,2026-09-21
760,154,47,no_iniciado,0,2026-05-26
761,154,48,no_iniciado,0,2026-05-26
762,154,49,no_iniciado,0,2026-05-26
763,155,56,abandonado,10,2026-09-18
764,155,57,no_iniciado,0,2026-09-12
765,155,58,no_iniciado,0,2026-09-12
766,155,59,no_iniciado,0,2026-09-12
767,155,60,no_iniciado,0,2026-09-12
768,156,5,completado,100,2026-09-21
769,156,6,no_iniciado,0,2026-06-15
770,156,7,no_iniciado,0,2026-06-15
771,156,8,no_iniciado,0,2026-06-15
772,157,13,completado,100,2026-09-19
773,157,14,en_progreso,48.27,2026-09-21
774,157,15,no_iniciado,0,2026-04-27
775,157,16,no_iniciado,0,2026-04-27
776,158,38,en_progreso,60.42,2026-09-20
777,158,39,no_iniciado,0,2026-04-21
778,158,40,no_iniciado,0,2026-04-21
779,158,41,no_iniciado,0,2026-04-21
780,158,42,no_iniciado,0,2026-04-21
781,158,43,no_iniciado,0,2026-04-21
782,159,17,completado,100,2026-09-20
783,159,18,en_progreso,10,2026-09-21
784,159,19,no_iniciado,0,2026-06-16
785,159,20,no_iniciado,0,2026-06-16
786,160,21,completado,100,2026-09-18
787,160,22,completado,100,2026-09-20
788,160,23,no_iniciado,0,2026-08-08
789,160,24,no_iniciado,0,2026-08-08
790,160,25,no_iniciado,0,2026-08-08
791,160,26,no_iniciado,0,2026-08-08
792,160,27,no_iniciado,0,2026-08-08
793,161,13,completado,100,2026-09-20
794,161,14,abandonado,31.98,2026-09-21
795,161,15,no_iniciado,0,2026-08-15
796,161,16,no_iniciado,0,2026-08-15
797,162,17,abandonado,30.75,2026-09-19
798,162,18,no_iniciado,0,2026-05-10
799,162,19,no_iniciado,0,2026-05-10
800,162,20,no_iniciado,0,2026-05-10
801,163,9,completado,100,2026-09-17
802,163,10,completado,100,2026-09-20
803,163,11,en_progreso,33.66,2026-09-21
804,163,12,no_iniciado,0,2026-06-24
805,164,38,completado,100,2026-09-17
806,164,39,completado,100,2026-09-21
807,164,40,no_iniciado,0,2026-06-14
808,164,41,no_iniciado,0,2026-06-14
809,164,42,no_iniciado,0,2026-06-14
810,164,43,no_iniciado,0,2026-06-14
811,165,17,completado,100,2026-09-18
812,165,18,completado,100,2026-09-19
813,165,19,completado,100,2026-09-20
814,165,20,en_progreso,10,2026-09-21
815,166,50,en_progreso,10,2026-09-19
816,166,51,no_iniciado,0,2026-08-22
817,166,52,no_iniciado,0,2026-08-22
818,166,53,no_iniciado,0,2026-08-22
819,166,54,no_iniciado,0,2026-08-22
820,166,55,no_iniciado,0,2026-08-22
821,167,38,completado,100,2026-09-20
822,167,39,en_progreso,10,2026-09-21
823,167,40,no_iniciado,0,2026-08-03
824,167,41,no_iniciado,0,2026-08-03
825,167,42,no_iniciado,0,2026-08-03
826,167,43,no_iniciado,0,2026-08-03
827,168,1,en_progreso,86.54,2026-09-20
828,168,2,no_iniciado,0,2026-07-30
829,168,3,no_iniciado,0,2026-07-30
830,168,4,no_iniciado,0,2026-07-30
831,169,38,completado,100,2026-09-19
832,169,39,abandonado,10,2026-09-20
833,169,40,no_iniciado,0,2026-07-24
834,169,41,no_iniciado,0,2026-07-24
835,169,42,no_iniciado,0,2026-07-24
836,169,43,no_iniciado,0,2026-07-24
837,170,17,abandonado,10,2026-09-17
838,170,18,no_iniciado,0,2026-05-16
839,170,19,no_iniciado,0,2026-05-16
840,170,20,no_iniciado,0,2026-05-16
841,171,5,completado,100,2026-09-17
842,171,6,en_progreso,62.14,2026-09-21
843,171,7,no_iniciado,0,2026-07-26
844,171,8,no_iniciado,0,2026-07-26
845,172,17,completado,100,2026-09-21
846,172,18,en_progreso,10,2026-09-21
847,172,19,no_iniciado,0,2026-07-19
848,172,20,no_iniciado,0,2026-07-19
849,173,5,completado,100,2026-09-19
850,173,6,completado,100,2026-09-20
851,173,7,en_progreso,49.73,2026-09-21
852,173,8,no_iniciado,0,2026-06-11
853,174,38,abandonado,10,2026-09-18
854,174,39,no_iniciado,0,2026-05-27
855,174,40,no_iniciado,0,2026-05-27
856,174,41,no_iniciado,0,2026-05-27
857,174,42,no_iniciado,0,2026-05-27
858,174,43,no_iniciado,0,2026-05-27
859,175,9,completado,100,2026-09-18
860,175,10,completado,100,2026-09-21
861,175,11,en_progreso,10,2026-09-21
862,175,12,no_iniciado,0,2026-05-11
863,176,17,abandonado,57.87,2026-09-18
864,176,18,no_iniciado,0,2026-06-23
865,176,19,no_iniciado,0,2026-06-23
866,176,20,no_iniciado,0,2026-06-23
867,177,44,completado,100,2026-09-21
868,177,45,en_progreso,10,2026-09-21
869,177,46,no_iniciado,0,2026-05-21
870,177,47,no_iniciado,0,2026-05-21
871,177,48,no_iniciado,0,2026-05-21
872,177,49,no_iniciado,0,2026-05-21
873,178,13,completado,100,2026-09-18
874,178,14,en_progreso,29.57,2026-09-21
875,178,15,no_iniciado,0,2026-09-08
876,178,16,no_iniciado,0,2026-09-08
877,179,21,completado,100,2026-09-21
878,179,22,no_iniciado,0,2026-07-18
879,179,23,no_iniciado,0,2026-07-18
880,179,24,no_iniciado,0,2026-07-18
881,179,25,no_iniciado,0,2026-07-18
882,179,26,no_iniciado,0,2026-07-18
883,179,27,no_iniciado,0,2026-07-18
884,180,13,en_progreso,49.87,2026-09-20
885,180,14,no_iniciado,0,2026-08-23
886,180,15,no_iniciado,0,2026-08-23
887,180,16,no_iniciado,0,2026-08-23
888,181,17,completado,100,2026-09-20
889,181,18,completado,100,2026-09-21
890,181,19,no_iniciado,0,2026-06-08
891,181,20,no_iniciado,0,2026-06-08
892,182,32,abandonado,23.67,2026-09-19
893,182,33,no_iniciado,0,2026-09-06
894,182,34,no_iniciado,0,2026-09-06
895,182,35,no_iniciado,0,2026-09-06
896,182,36,no_iniciado,0,2026-09-06
897,182,37,no_iniciado,0,2026-09-06
898,183,17,completado,100,2026-09-17
899,183,18,completado,100,2026-09-20
900,183,19,en_progreso,29.37,2026-09-20
901,183,20,no_iniciado,0,2026-05-26
902,184,1,completado,100,2026-09-19
903,184,2,en_progreso,49.42,2026-09-20
904,184,3,no_iniciado,0,2026-04-22
905,184,4,no_iniciado,0,2026-04-22
906,185,50,completado,100,2026-09-19
907,185,51,en_progreso,10,2026-09-21
908,185,52,no_iniciado,0,2026-09-10
909,185,53,no_iniciado,0,2026-09-10
910,185,54,no_iniciado,0,2026-09-10
911,185,55,no_iniciado,0,2026-09-10
912,186,17,completado,100,2026-09-21
913,186,18,en_progreso,10,2026-09-21
914,186,19,no_iniciado,0,2026-06-24
915,186,20,no_iniciado,0,2026-06-24
916,187,1,completado,100,2026-09-21
917,187,2,no_iniciado,0,2026-06-16
918,187,3,no_iniciado,0,2026-06-16
919,187,4,no_iniciado,0,2026-06-16
920,188,21,completado,100,2026-09-18
921,188,22,completado,100,2026-09-21
922,188,23,no_iniciado,0,2026-08-08
923,188,24,no_iniciado,0,2026-08-08
924,188,25,no_iniciado,0,2026-08-08
925,188,26,no_iniciado,0,2026-08-08
926,188,27,no_iniciado,0,2026-08-08
927,189,50,abandonado,77.84,2026-09-20
928,189,51,no_iniciado,0,2026-08-28
929,189,52,no_iniciado,0,2026-08-28
930,189,53,no_iniciado,0,2026-08-28
931,189,54,no_iniciado,0,2026-08-28
932,189,55,no_iniciado,0,2026-08-28
933,190,9,completado,100,2026-09-18
934,190,10,completado,100,2026-09-20
935,190,11,en_progreso,30.91,2026-09-21
936,190,12,no_iniciado,0,2026-09-14
937,191,32,abandonado,10,2026-09-20
938,191,33,no_iniciado,0,2026-05-27
939,191,34,no_iniciado,0,2026-05-27
940,191,35,no_iniciado,0,2026-05-27
941,191,36,no_iniciado,0,2026-05-27
942,191,37,no_iniciado,0,2026-05-27
943,192,56,abandonado,10,2026-09-17
944,192,57,no_iniciado,0,2026-05-24
945,192,58,no_iniciado,0,2026-05-24
946,192,59,no_iniciado,0,2026-05-24
947,192,60,no_iniciado,0,2026-05-24
948,193,28,completado,100,2026-09-20
949,193,29,abandonado,47.78,2026-09-21
950,193,30,no_iniciado,0,2026-08-16
951,193,31,no_iniciado,0,2026-08-16
952,194,38,en_progreso,31.72,2026-09-21
953,194,39,no_iniciado,0,2026-08-22
954,194,40,no_iniciado,0,2026-08-22
955,194,41,no_iniciado,0,2026-08-22
956,194,42,no_iniciado,0,2026-08-22
957,194,43,no_iniciado,0,2026-08-22
958,195,5,completado,100,2026-09-21
959,195,6,en_progreso,10,2026-09-21
960,195,7,no_iniciado,0,2026-07-07
961,195,8,no_iniciado,0,2026-07-07
962,196,56,completado,100,2026-09-19
963,196,57,en_progreso,10,2026-09-19
964,196,58,no_iniciado,0,2026-07-12
965,196,59,no_iniciado,0,2026-07-12
966,196,60,no_iniciado,0,2026-07-12
967,197,38,en_progreso,48.41,2026-09-21
968,197,39,no_iniciado,0,2026-07-29
969,197,40,no_iniciado,0,2026-07-29
970,197,41,no_iniciado,0,2026-07-29
971,197,42,no_iniciado,0,2026-07-29
972,197,43,no_iniciado,0,2026-07-29
973,198,21,en_progreso,57.79,2026-09-21
974,198,22,no_iniciado,0,2026-06-22
975,198,23,no_iniciado,0,2026-06-22
976,198,24,no_iniciado,0,2026-06-22
977,198,25,no_iniciado,0,2026-06-22
978,198,26,no_iniciado,0,2026-06-22
979,198,27,no_iniciado,0,2026-06-22
980,199,38,abandonado,21.02,2026-09-18
981,199,39,no_iniciado,0,2026-05-06
982,199,40,no_iniciado,0,2026-05-06
983,199,41,no_iniciado,0,2026-05-06
984,199,42,no_iniciado,0,2026-05-06
985,199,43,no_iniciado,0,2026-05-06
986,200,9,abandonado,10,2026-09-17
987,200,10,no_iniciado,0,2026-07-06
988,200,11,no_iniciado,0,2026-07-06
989,200,12,no_iniciado,0,2026-07-06
990,201,28,completado,100,2026-09-18
991,201,29,en_progreso,24.05,2026-09-21
992,201,30,no_iniciado,0,2026-08-27
993,201,31,no_iniciado,0,2026-08-27
994,202,1,completado,100,2026-09-18
995,202,2,completado,100,2026-09-19
996,202,3,no_iniciado,0,2026-05-08
997,202,4,no_iniciado,0,2026-05-08
998,203,21,completado,100,2026-09-19
999,203,22,en_progreso,52.04,2026-09-21
1000,203,23,no_iniciado,0,2026-05-25
1001,203,24,no_iniciado,0,2026-05-25
1002,203,25,no_iniciado,0,2026-05-25
1003,203,26,no_iniciado,0,2026-05-25
1004,203,27,no_iniciado,0,2026-05-25
1005,204,1,completado,100,2026-09-19
1006,204,2,completado,100,2026-09-21
1007,204,3,en_progreso,34.03,2026-09-21
1008,204,4,no_iniciado,0,2026-05-17
1009,205,13,abandonado,74.55,2026-09-21
1010,205,14,no_iniciado,0,2026-07-21
1011,205,15,no_iniciado,0,2026-07-21
1012,205,16,no_iniciado,0,2026-07-21
1013,206,50,completado,100,2026-09-17
1014,206,51,completado,100,2026-09-21
1015,206,52,no_iniciado,0,2026-06-21
1016,206,53,no_iniciado,0,2026-06-21
1017,206,54,no_iniciado,0,2026-06-21
1018,206,55,no_iniciado,0,2026-06-21
1019,207,50,abandonado,27.46,2026-09-19
1020,207,51,no_iniciado,0,2026-06-07
1021,207,52,no_iniciado,0,2026-06-07
1022,207,53,no_iniciado,0,2026-06-07
1023,207,54,no_iniciado,0,2026-06-07
1024,207,55,no_iniciado,0,2026-06-07
1025,208,21,completado,100,2026-09-18
1026,208,22,completado,100,2026-09-21
1027,208,23,no_iniciado,0,2026-04-21
1028,208,24,no_iniciado,0,2026-04-21
1029,208,25,no_iniciado,0,2026-04-21
1030,208,26,no_iniciado,0,2026-04-21
1031,208,27,no_iniciado,0,2026-04-21
1032,209,28,completado,100,2026-09-20
1033,209,29,en_progreso,60.29,2026-09-21
1034,209,30,no_iniciado,0,2026-06-09
1035,209,31,no_iniciado,0,2026-06-09
1036,210,44,completado,100,2026-09-20
1037,210,45,en_progreso,10,2026-09-20
1038,210,46,no_iniciado,0,2026-07-03
1039,210,47,no_iniciado,0,2026-07-03
1040,210,48,no_iniciado,0,2026-07-03
1041,210,49,no_iniciado,0,2026-07-03
1042,211,9,abandonado,10,2026-09-17
1043,211,10,no_iniciado,0,2026-06-04
1044,211,11,no_iniciado,0,2026-06-04
1045,211,12,no_iniciado,0,2026-06-04
1046,212,9,completado,100,2026-09-19
1047,212,10,en_progreso,10,2026-09-20
1048,212,11,no_iniciado,0,2026-07-15
1049,212,12,no_iniciado,0,2026-07-15
1050,213,28,completado,100,2026-09-20
1051,213,29,en_progreso,10,2026-09-21
1052,213,30,no_iniciado,0,2026-09-13
1053,213,31,no_iniciado,0,2026-09-13
1054,214,9,en_progreso,10,2026-09-20
1055,214,10,no_iniciado,0,2026-06-10
1056,214,11,no_iniciado,0,2026-06-10
1057,214,12,no_iniciado,0,2026-06-10
1058,215,21,en_progreso,73.89,2026-09-21
1059,215,22,no_iniciado,0,2026-06-23
1060,215,23,no_iniciado,0,2026-06-23
1061,215,24,no_iniciado,0,2026-06-23
1062,215,25,no_iniciado,0,2026-06-23
1063,215,26,no_iniciado,0,2026-06-23
1064,215,27,no_iniciado,0,2026-06-23
1065,216,28,abandonado,42.5,2026-09-19
1066,216,29,no_iniciado,0,2026-06-17
1067,216,30,no_iniciado,0,2026-06-17
1068,216,31,no_iniciado,0,2026-06-17
1069,217,13,completado,100,2026-09-17
1070,217,14,abandonado,28.7,2026-09-18
1071,217,15,no_iniciado,0,2026-08-11
1072,217,16,no_iniciado,0,2026-08-11
1073,218,9,abandonado,25.8,2026-09-19
1074,218,10,no_iniciado,0,2026-09-07
1075,218,11,no_iniciado,0,2026-09-07
1076,218,12,no_iniciado,0,2026-09-07
1077,219,5,completado,100,2026-09-19
1078,219,6,abandonado,10,2026-09-20
1079,219,7,no_iniciado,0,2026-08-09
1080,219,8,no_iniciado,0,2026-08-09
1081,220,1,en_progreso,35.87,2026-09-20
1082,220,2,no_iniciado,0,2026-04-22
1083,220,3,no_iniciado,0,2026-04-22
1084,220,4,no_iniciado,0,2026-04-22
1085,221,32,completado,100,2026-09-20
1086,221,33,en_progreso,10,2026-09-21
1087,221,34,no_iniciado,0,2026-06-09
1088,221,35,no_iniciado,0,2026-06-09
1089,221,36,no_iniciado,0,2026-06-09
1090,221,37,no_iniciado,0,2026-06-09
1091,222,13,completado,100,2026-09-19
1092,222,14,completado,100,2026-09-21
1093,222,15,en_progreso,10,2026-09-21
1094,222,16,no_iniciado,0,2026-08-24
1095,223,21,completado,100,2026-09-20
1096,223,22,en_progreso,29.77,2026-09-21
1097,223,23,no_iniciado,0,2026-06-28
1098,223,24,no_iniciado,0,2026-06-28
1099,223,25,no_iniciado,0,2026-06-28
1100,223,26,no_iniciado,0,2026-06-28
1101,223,27,no_iniciado,0,2026-06-28
1102,224,17,completado,100,2026-09-18
1103,224,18,en_progreso,52.62,2026-09-21
1104,224,19,no_iniciado,0,2026-09-01
1105,224,20,no_iniciado,0,2026-09-01
1106,225,13,en_progreso,52.38,2026-09-19
1107,225,14,no_iniciado,0,2026-06-04
1108,225,15,no_iniciado,0,2026-06-04
1109,225,16,no_iniciado,0,2026-06-04
1110,226,50,completado,100,2026-09-17
1111,226,51,en_progreso,32.84,2026-09-19
1112,226,52,no_iniciado,0,2026-05-02
1113,226,53,no_iniciado,0,2026-05-02
1114,226,54,no_iniciado,0,2026-05-02
1115,226,55,no_iniciado,0,2026-05-02
1116,227,28,abandonado,41.56,2026-09-20
1117,227,29,no_iniciado,0,2026-08-27
1118,227,30,no_iniciado,0,2026-08-27
1119,227,31,no_iniciado,0,2026-08-27
1120,228,17,completado,100,2026-09-21
1121,228,18,en_progreso,28,2026-09-21
1122,228,19,no_iniciado,0,2026-05-12
1123,228,20,no_iniciado,0,2026-05-12
1124,229,5,completado,100,2026-09-20
1125,229,6,completado,100,2026-09-20
1126,229,7,abandonado,21.18,2026-09-21
1127,229,8,no_iniciado,0,2026-07-19
1128,230,21,abandonado,49.23,2026-09-21
1129,230,22,no_iniciado,0,2026-06-18
1130,230,23,no_iniciado,0,2026-06-18
1131,230,24,no_iniciado,0,2026-06-18
1132,230,25,no_iniciado,0,2026-06-18
1133,230,26,no_iniciado,0,2026-06-18
1134,230,27,no_iniciado,0,2026-06-18
1135,231,50,en_progreso,41.52,2026-09-20
1136,231,51,no_iniciado,0,2026-05-21
1137,231,52,no_iniciado,0,2026-05-21
1138,231,53,no_iniciado,0,2026-05-21
1139,231,54,no_iniciado,0,2026-05-21
1140,231,55,no_iniciado,0,2026-05-21
1141,232,28,completado,100,2026-09-19
1142,232,29,en_progreso,32.56,2026-09-21
1143,232,30,no_iniciado,0,2026-07-07
1144,232,31,no_iniciado,0,2026-07-07
1145,233,50,en_progreso,56.83,2026-09-21
1146,233,51,no_iniciado,0,2026-08-31
1147,233,52,no_iniciado,0,2026-08-31
1148,233,53,no_iniciado,0,2026-08-31
1149,233,54,no_iniciado,0,2026-08-31
1150,233,55,no_iniciado,0,2026-08-31
1151,234,38,abandonado,27.23,2026-09-20
1152,234,39,no_iniciado,0,2026-07-26
1153,234,40,no_iniciado,0,2026-07-26
1154,234,41,no_iniciado,0,2026-07-26
1155,234,42,no_iniciado,0,2026-07-26
1156,234,43,no_iniciado,0,2026-07-26
1157,235,1,en_progreso,95,2026-09-20
1158,235,2,no_iniciado,0,2026-09-03
1159,235,3,no_iniciado,0,2026-09-03
1160,235,4,no_iniciado,0,2026-09-03
1161,236,5,abandonado,77.83,2026-09-21
1162,236,6,no_iniciado,0,2026-06-19
1163,236,7,no_iniciado,0,2026-06-19
1164,236,8,no_iniciado,0,2026-06-19
1165,237,9,completado,100,2026-09-19
1166,237,10,en_progreso,67.54,2026-09-21
1167,237,11,no_iniciado,0,2026-09-01
1168,237,12,no_iniciado,0,2026-09-01
1169,238,44,abandonado,10,2026-09-20
1170,238,45,no_iniciado,0,2026-05-12
1171,238,46,no_iniciado,0,2026-05-12
1172,238,47,no_iniciado,0,2026-05-12
1173,238,48,no_iniciado,0,2026-05-12
1174,238,49,no_iniciado,0,2026-05-12
1175,239,1,completado,100,2026-09-17
1176,239,2,en_progreso,10,2026-09-18
1177,239,3,no_iniciado,0,2026-08-22
1178,239,4,no_iniciado,0,2026-08-22
1179,240,5,abandonado,20.32,2026-09-21
1180,240,6,no_iniciado,0,2026-06-16
1181,240,7,no_iniciado,0,2026-06-16
1182,240,8,no_iniciado,0,2026-06-16
1183,241,28,abandonado,10,2026-09-21
1184,241,29,no_iniciado,0,2026-06-30
1185,241,30,no_iniciado,0,2026-06-30
1186,241,31,no_iniciado,0,2026-06-30
1187,242,21,completado,100,2026-09-20
1188,242,22,en_progreso,10,2026-09-21
1189,242,23,no_iniciado,0,2026-08-17
1190,242,24,no_iniciado,0,2026-08-17
1191,242,25,no_iniciado,0,2026-08-17
1192,242,26,no_iniciado,0,2026-08-17
1193,242,27,no_iniciado,0,2026-08-17
1194,243,50,completado,100,2026-09-21
1195,243,51,no_iniciado,0,2026-06-01
1196,243,52,no_iniciado,0,2026-06-01
1197,243,53,no_iniciado,0,2026-06-01
1198,243,54,no_iniciado,0,2026-06-01
1199,243,55,no_iniciado,0,2026-06-01
1200,244,44,completado,100,2026-09-17
1201,244,45,completado,100,2026-09-18
1202,244,46,completado,100,2026-09-20
1203,244,47,no_iniciado,0,2026-06-01
1204,244,48,no_iniciado,0,2026-06-01
1205,244,49,no_iniciado,0,2026-06-01
1206,245,38,completado,100,2026-09-18
1207,245,39,en_progreso,38.18,2026-09-21
1208,245,40,no_iniciado,0,2026-05-15
1209,245,41,no_iniciado,0,2026-05-15
1210,245,42,no_iniciado,0,2026-05-15
1211,245,43,no_iniciado,0,2026-05-15
1212,246,28,en_progreso,47.29,2026-09-21
1213,246,29,no_iniciado,0,2026-07-21
1214,246,30,no_iniciado,0,2026-07-21
1215,246,31,no_iniciado,0,2026-07-21
1216,247,13,completado,100,2026-09-20
1217,247,14,abandonado,10,2026-09-21
1218,247,15,no_iniciado,0,2026-05-19
1219,247,16,no_iniciado,0,2026-05-19
1220,248,17,completado,100,2026-09-18
1221,248,18,completado,100,2026-09-21
1222,248,19,no_iniciado,0,2026-07-17
1223,248,20,no_iniciado,0,2026-07-17
1224,249,1,completado,100,2026-09-19
1225,249,2,en_progreso,10,2026-09-21
1226,249,3,no_iniciado,0,2026-09-12
1227,249,4,no_iniciado,0,2026-09-12
1228,250,28,completado,100,2026-09-17
1229,250,29,completado,100,2026-09-21
1230,250,30,completado,100,2026-09-21
1231,250,31,en_progreso,10,2026-09-21
1232,251,1,en_progreso,59.99,2026-09-21
1233,251,2,no_iniciado,0,2026-07-01
1234,251,3,no_iniciado,0,2026-07-01
1235,251,4,no_iniciado,0,2026-07-01
1236,252,38,abandonado,48.89,2026-09-21
1237,252,39,no_iniciado,0,2026-07-09
1238,252,40,no_iniciado,0,2026-07-09
1239,252,41,no_iniciado,0,2026-07-09
1240,252,42,no_iniciado,0,2026-07-09
1241,252,43,no_iniciado,0,2026-07-09
1242,253,50,completado,100,2026-09-17
1243,253,51,completado,100,2026-09-20
1244,253,52,no_iniciado,0,2026-09-03
1245,253,53,no_iniciado,0,2026-09-03
1246,253,54,no_iniciado,0,2026-09-03
1247,253,55,no_iniciado,0,2026-09-03
1248,254,56,completado,100,2026-09-19
1249,254,57,abandonado,34.21,2026-09-21
1250,254,58,no_iniciado,0,2026-08-04
1251,254,59,no_iniciado,0,2026-08-04
1252,254,60,no_iniciado,0,2026-08-04
1253,255,13,completado,100,2026-09-17
1254,255,14,en_progreso,23.84,2026-09-20
1255,255,15,no_iniciado,0,2026-07-20
1256,255,16,no_iniciado,0,2026-07-20
1257,256,28,completado,100,2026-09-19
1258,256,29,en_progreso,72.66,2026-09-21
1259,256,30,no_iniciado,0,2026-09-14
1260,256,31,no_iniciado,0,2026-09-14
1261,257,5,en_progreso,56.16,2026-09-21
1262,257,6,no_iniciado,0,2026-08-02
1263,257,7,no_iniciado,0,2026-08-02
1264,257,8,no_iniciado,0,2026-08-02
1265,258,21,abandonado,28.49,2026-09-17
1266,258,22,no_iniciado,0,2026-08-26
1267,258,23,no_iniciado,0,2026-08-26
1268,258,24,no_iniciado,0,2026-08-26
1269,258,25,no_iniciado,0,2026-08-26
1270,258,26,no_iniciado,0,2026-08-26
1271,258,27,no_iniciado,0,2026-08-26
1272,259,44,en_progreso,58.37,2026-09-21
1273,259,45,no_iniciado,0,2026-06-01
1274,259,46,no_iniciado,0,2026-06-01
1275,259,47,no_iniciado,0,2026-06-01
1276,259,48,no_iniciado,0,2026-06-01
1277,259,49,no_iniciado,0,2026-06-01
1278,260,56,en_progreso,95,2026-09-21
1279,260,57,no_iniciado,0,2026-09-14
1280,260,58,no_iniciado,0,2026-09-14
1281,260,59,no_iniciado,0,2026-09-14
1282,260,60,no_iniciado,0,2026-09-14
1283,261,5,completado,100,2026-09-18
1284,261,6,completado,100,2026-09-21
1285,261,7,en_progreso,10,2026-09-21
1286,261,8,no_iniciado,0,2026-06-07
1287,262,17,abandonado,35.8,2026-09-18
1288,262,18,no_iniciado,0,2026-08-30
1289,262,19,no_iniciado,0,2026-08-30
1290,262,20,no_iniciado,0,2026-08-30
1291,263,38,completado,100,2026-09-19
1292,263,39,en_progreso,31.48,2026-09-21
1293,263,40,no_iniciado,0,2026-09-13
1294,263,41,no_iniciado,0,2026-09-13
1295,263,42,no_iniciado,0,2026-09-13
1296,263,43,no_iniciado,0,2026-09-13
1297,264,50,completado,100,2026-09-21
1298,264,51,no_iniciado,0,2026-08-13
1299,264,52,no_iniciado,0,2026-08-13
1300,264,53,no_iniciado,0,2026-08-13
1301,264,54,no_iniciado,0,2026-08-13
1302,264,55,no_iniciado,0,2026-08-13
1303,265,28,completado,100,2026-09-18
1304,265,29,abandonado,10,2026-09-18
1305,265,30,no_iniciado,0,2026-05-05
1306,265,31,no_iniciado,0,2026-05-05
1307,266,28,en_progreso,48.38,2026-09-21
1308,266,29,no_iniciado,0,2026-07-31
1309,266,30,no_iniciado,0,2026-07-31
1310,266,31,no_iniciado,0,2026-07-31
1311,267,17,completado,100,2026-09-19
1312,267,18,en_progreso,10,2026-09-20
1313,267,19,no_iniciado,0,2026-07-15
1314,267,20,no_iniciado,0,2026-07-15
1315,268,9,completado,100,2026-09-20
1316,268,10,en_progreso,10,2026-09-21
1317,268,11,no_iniciado,0,2026-07-31
1318,268,12,no_iniciado,0,2026-07-31
1319,269,13,completado,100,2026-09-19
1320,269,14,en_progreso,10,2026-09-20
1321,269,15,no_iniciado,0,2026-09-03
1322,269,16,no_iniciado,0,2026-09-03
1323,270,28,completado,100,2026-09-19
1324,270,29,completado,100,2026-09-20
1325,270,30,en_progreso,10,2026-09-21
1326,270,31,no_iniciado,0,2026-06-29
1327,271,28,completado,100,2026-09-20
1328,271,29,en_progreso,10,2026-09-21
1329,271,30,no_iniciado,0,2026-05-05
1330,271,31,no_iniciado,0,2026-05-05
1331,272,50,completado,100,2026-09-17
1332,272,51,completado,100,2026-09-17
1333,272,52,en_progreso,47.95,2026-09-21
1334,272,53,no_iniciado,0,2026-08-07
1335,272,54,no_iniciado,0,2026-08-07
1336,272,55,no_iniciado,0,2026-08-07
1337,273,9,completado,100,2026-09-18
1338,273,10,completado,100,2026-09-19
1339,273,11,completado,100,2026-09-20
1340,273,12,no_iniciado,0,2026-05-11
1341,274,44,en_progreso,85.75,2026-09-21
1342,274,45,no_iniciado,0,2026-05-01
1343,274,46,no_iniciado,0,2026-05-01
1344,274,47,no_iniciado,0,2026-05-01
1345,274,48,no_iniciado,0,2026-05-01
1346,274,49,no_iniciado,0,2026-05-01
1347,275,17,completado,100,2026-09-19
1348,275,18,en_progreso,61.11,2026-09-20
1349,275,19,no_iniciado,0,2026-08-04
1350,275,20,no_iniciado,0,2026-08-04
1351,276,28,en_progreso,40.35,2026-09-19
1352,276,29,no_iniciado,0,2026-07-27
1353,276,30,no_iniciado,0,2026-07-27
1354,276,31,no_iniciado,0,2026-07-27
1355,277,1,completado,100,2026-09-19
1356,277,2,completado,100,2026-09-20
1357,277,3,completado,100,2026-09-21
1358,277,4,no_iniciado,0,2026-05-29
1359,278,17,en_progreso,33.2,2026-09-21
1360,278,18,no_iniciado,0,2026-08-09
1361,278,19,no_iniciado,0,2026-08-09
1362,278,20,no_iniciado,0,2026-08-09
1363,279,50,en_progreso,21.96,2026-09-20
1364,279,51,no_iniciado,0,2026-08-02
1365,279,52,no_iniciado,0,2026-08-02
1366,279,53,no_iniciado,0,2026-08-02
1367,279,54,no_iniciado,0,2026-08-02
1368,279,55,no_iniciado,0,2026-08-02
1369,280,28,completado,100,2026-09-17
1370,280,29,en_progreso,94.18,2026-09-21
1371,280,30,no_iniciado,0,2026-05-19
1372,280,31,no_iniciado,0,2026-05-19
1373,281,44,completado,100,2026-09-19
1374,281,45,en_progreso,56.45,2026-09-21
1375,281,46,no_iniciado,0,2026-05-21
1376,281,47,no_iniciado,0,2026-05-21
1377,281,48,no_iniciado,0,2026-05-21
1378,281,49,no_iniciado,0,2026-05-21
1379,282,50,en_progreso,51.53,2026-09-20
1380,282,51,no_iniciado,0,2026-06-22
1381,282,52,no_iniciado,0,2026-06-22
1382,282,53,no_iniciado,0,2026-06-22
1383,282,54,no_iniciado,0,2026-06-22
1384,282,55,no_iniciado,0,2026-06-22
1385,283,21,completado,100,2026-09-18
1386,283,22,completado,100,2026-09-19
1387,283,23,completado,100,2026-09-21
1388,283,24,no_iniciado,0,2026-07-30
1389,283,25,no_iniciado,0,2026-07-30
1390,283,26,no_iniciado,0,2026-07-30
1391,283,27,no_iniciado,0,2026-07-30
1392,284,32,completado,100,2026-09-18
1393,284,33,abandonado,49.06,2026-09-20
1394,284,34,no_iniciado,0,2026-07-14
1395,284,35,no_iniciado,0,2026-07-14
1396,284,36,no_iniciado,0,2026-07-14
1397,284,37,no_iniciado,0,2026-07-14
1398,285,56,completado,100,2026-09-18
1399,285,57,completado,100,2026-09-20
1400,285,58,completado,100,2026-09-21
1401,285,59,en_progreso,10,2026-09-21
1402,285,60,no_iniciado,0,2026-05-12
1403,286,13,completado,100,2026-09-21
1404,286,14,no_iniciado,0,2026-08-30
1405,286,15,no_iniciado,0,2026-08-30
1406,286,16,no_iniciado,0,2026-08-30
1407,287,38,completado,100,2026-09-21
1408,287,39,no_iniciado,0,2026-05-29
1409,287,40,no_iniciado,0,2026-05-29
1410,287,41,no_iniciado,0,2026-05-29
1411,287,42,no_iniciado,0,2026-05-29
1412,287,43,no_iniciado,0,2026-05-29
1413,288,32,abandonado,80.04,2026-09-20
1414,288,33,no_iniciado,0,2026-09-06
1415,288,34,no_iniciado,0,2026-09-06
1416,288,35,no_iniciado,0,2026-09-06
1417,288,36,no_iniciado,0,2026-09-06
1418,288,37,no_iniciado,0,2026-09-06
1419,289,9,completado,100,2026-09-18
1420,289,10,completado,100,2026-09-20
1421,289,11,completado,100,2026-09-21
1422,289,12,en_progreso,10,2026-09-21
1423,290,50,en_progreso,95,2026-09-21
1424,290,51,no_iniciado,0,2026-07-23
1425,290,52,no_iniciado,0,2026-07-23
1426,290,53,no_iniciado,0,2026-07-23
1427,290,54,no_iniciado,0,2026-07-23
1428,290,55,no_iniciado,0,2026-07-23
1429,291,5,completado,100,2026-09-19
1430,291,6,completado,100,2026-09-21
1431,291,7,en_progreso,10,2026-09-21
1432,291,8,no_iniciado,0,2026-05-07
1433,292,38,en_progreso,70.38,2026-09-21
1434,292,39,no_iniciado,0,2026-07-28
1435,292,40,no_iniciado,0,2026-07-28
1436,292,41,no_iniciado,0,2026-07-28
1437,292,42,no_iniciado,0,2026-07-28
1438,292,43,no_iniciado,0,2026-07-28
1439,293,50,en_progreso,58.32,2026-09-21
1440,293,51,no_iniciado,0,2026-07-15
1441,293,52,no_iniciado,0,2026-07-15
1442,293,53,no_iniciado,0,2026-07-15
1443,293,54,no_iniciado,0,2026-07-15
1444,293,55,no_iniciado,0,2026-07-15
1445,294,44,en_progreso,22.21,2026-09-21
1446,294,45,no_iniciado,0,2026-04-30
1447,294,46,no_iniciado,0,2026-04-30
1448,294,47,no_iniciado,0,2026-04-30
1449,294,48,no_iniciado,0,2026-04-30
1450,294,49,no_iniciado,0,2026-04-30
1451,295,21,en_progreso,95,2026-09-20
1452,295,22,no_iniciado,0,2026-07-17
1453,295,23,no_iniciado,0,2026-07-17
1454,295,24,no_iniciado,0,2026-07-17
1455,295,25,no_iniciado,0,2026-07-17
1456,295,26,no_iniciado,0,2026-07-17
1457,295,27,no_iniciado,0,2026-07-17
1458,296,5,completado,100,2026-09-18
1459,296,6,completado,100,2026-09-19
1460,296,7,en_progreso,10,2026-09-21
1461,296,8,no_iniciado,0,2026-05-15
1462,297,50,completado,100,2026-09-18
1463,297,51,completado,100,2026-09-18
1464,297,52,completado,100,2026-09-21
1465,297,53,no_iniciado,0,2026-07-28
1466,297,54,no_iniciado,0,2026-07-28
1467,297,55,no_iniciado,0,2026-07-28
1468,298,13,completado,100,2026-09-18
1469,298,14,completado,100,2026-09-19
1470,298,15,en_progreso,10,2026-09-21
1471,298,16,no_iniciado,0,2026-07-09
1472,299,56,en_progreso,75.38,2026-09-21
1473,299,57,no_iniciado,0,2026-07-17
1474,299,58,no_iniciado,0,2026-07-17
1475,299,59,no_iniciado,0,2026-07-17
1476,299,60,no_iniciado,0,2026-07-17
1477,300,1,completado,100,2026-09-19
1478,300,2,completado,100,2026-09-21
1479,300,3,no_iniciado,0,2026-08-07
1480,300,4,no_iniciado,0,2026-08-07
1481,301,13,en_progreso,43.93,2026-09-19
1482,301,14,no_iniciado,0,2026-05-01
1483,301,15,no_iniciado,0,2026-05-01
1484,301,16,no_iniciado,0,2026-05-01
1485,302,44,abandonado,10,2026-09-17
1486,302,45,no_iniciado,0,2026-08-06
1487,302,46,no_iniciado,0,2026-08-06
1488,302,47,no_iniciado,0,2026-08-06
1489,302,48,no_iniciado,0,2026-08-06
1490,302,49,no_iniciado,0,2026-08-06
1491,303,5,abandonado,25.56,2026-09-19
1492,303,6,no_iniciado,0,2026-07-18
1493,303,7,no_iniciado,0,2026-07-18
1494,303,8,no_iniciado,0,2026-07-18
1495,304,28,abandonado,59.12,2026-09-20
1496,304,29,no_iniciado,0,2026-08-28
1497,304,30,no_iniciado,0,2026-08-28
1498,304,31,no_iniciado,0,2026-08-28
1499,305,50,en_progreso,57.46,2026-09-21
1500,305,51,no_iniciado,0,2026-06-18
1501,305,52,no_iniciado,0,2026-06-18
1502,305,53,no_iniciado,0,2026-06-18
1503,305,54,no_iniciado,0,2026-06-18
1504,305,55,no_iniciado,0,2026-06-18
1505,306,13,completado,100,2026-09-19
1506,306,14,en_progreso,48.44,2026-09-21
1507,306,15,no_iniciado,0,2026-09-07
1508,306,16,no_iniciado,0,2026-09-07
1509,307,28,completado,100,2026-09-21
1510,307,29,completado,100,2026-09-21
1511,307,30,en_progreso,10,2026-09-21
1512,307,31,no_iniciado,0,2026-04-24
1513,308,32,abandonado,30.43,2026-09-18
1514,308,33,no_iniciado,0,2026-07-05
1515,308,34,no_iniciado,0,2026-07-05
1516,308,35,no_iniciado,0,2026-07-05
1517,308,36,no_iniciado,0,2026-07-05
1518,308,37,no_iniciado,0,2026-07-05
1519,309,13,en_progreso,76.97,2026-09-20
1520,309,14,no_iniciado,0,2026-06-08
1521,309,15,no_iniciado,0,2026-06-08
1522,309,16,no_iniciado,0,2026-06-08
1523,310,9,completado,100,2026-09-17
1524,310,10,completado,100,2026-09-20
1525,310,11,no_iniciado,0,2026-04-20
1526,310,12,no_iniciado,0,2026-04-20
1527,311,56,completado,100,2026-09-18
1528,311,57,completado,100,2026-09-19
1529,311,58,en_progreso,55.48,2026-09-21
1530,311,59,no_iniciado,0,2026-09-11
1531,311,60,no_iniciado,0,2026-09-11
1532,312,1,completado,100,2026-09-17
1533,312,2,completado,100,2026-09-21
1534,312,3,no_iniciado,0,2026-06-01
1535,312,4,no_iniciado,0,2026-06-01
1536,313,5,en_progreso,66.98,2026-09-21
1537,313,6,no_iniciado,0,2026-08-10
1538,313,7,no_iniciado,0,2026-08-10
1539,313,8,no_iniciado,0,2026-08-10
1540,314,13,completado,100,2026-09-20
1541,314,14,no_iniciado,0,2026-05-04
1542,314,15,no_iniciado,0,2026-05-04
1543,314,16,no_iniciado,0,2026-05-04
1544,315,9,en_progreso,95,2026-09-21
1545,315,10,no_iniciado,0,2026-04-28
1546,315,11,no_iniciado,0,2026-04-28
1547,315,12,no_iniciado,0,2026-04-28
1548,316,38,completado,100,2026-09-18
1549,316,39,no_iniciado,0,2026-07-11
1550,316,40,no_iniciado,0,2026-07-11
1551,316,41,no_iniciado,0,2026-07-11
1552,316,42,no_iniciado,0,2026-07-11
1553,316,43,no_iniciado,0,2026-07-11
1554,317,32,en_progreso,95,2026-09-21
1555,317,33,no_iniciado,0,2026-06-25
1556,317,34,no_iniciado,0,2026-06-25
1557,317,35,no_iniciado,0,2026-06-25
1558,317,36,no_iniciado,0,2026-06-25
1559,317,37,no_iniciado,0,2026-06-25
1560,318,1,en_progreso,35.8,2026-09-20
1561,318,2,no_iniciado,0,2026-09-03
1562,318,3,no_iniciado,0,2026-09-03
1563,318,4,no_iniciado,0,2026-09-03
1564,319,13,abandonado,10,2026-09-19
1565,319,14,no_iniciado,0,2026-05-02
1566,319,15,no_iniciado,0,2026-05-02
1567,319,16,no_iniciado,0,2026-05-02
1568,320,5,completado,100,2026-09-18
1569,320,6,completado,100,2026-09-18
1570,320,7,en_progreso,43.96,2026-09-21
1571,320,8,no_iniciado,0,2026-08-03
1572,321,32,completado,100,2026-09-20
1573,321,33,en_progreso,10,2026-09-21
1574,321,34,no_iniciado,0,2026-05-01
1575,321,35,no_iniciado,0,2026-05-01
1576,321,36,no_iniciado,0,2026-05-01
1577,321,37,no_iniciado,0,2026-05-01
1578,322,32,abandonado,10,2026-09-21
1579,322,33,no_iniciado,0,2026-05-03
1580,322,34,no_iniciado,0,2026-05-03
1581,322,35,no_iniciado,0,2026-05-03
1582,322,36,no_iniciado,0,2026-05-03
1583,322,37,no_iniciado,0,2026-05-03
1584,323,38,en_progreso,89.88,2026-09-21
1585,323,39,no_iniciado,0,2026-07-20
1586,323,40,no_iniciado,0,2026-07-20
1587,323,41,no_iniciado,0,2026-07-20
1588,323,42,no_iniciado,0,2026-07-20
1589,323,43,no_iniciado,0,2026-07-20
1590,324,56,completado,100,2026-09-19
1591,324,57,completado,100,2026-09-19
1592,324,58,completado,100,2026-09-20
1593,324,59,en_progreso,10,2026-09-21
1594,324,60,no_iniciado,0,2026-04-26
1595,325,44,abandonado,10,2026-09-19
1596,325,45,no_iniciado,0,2026-06-14
1597,325,46,no_iniciado,0,2026-06-14
1598,325,47,no_iniciado,0,2026-06-14
1599,325,48,no_iniciado,0,2026-06-14
1600,325,49,no_iniciado,0,2026-06-14
1601,326,32,en_progreso,93.67,2026-09-21
1602,326,33,no_iniciado,0,2026-07-08
1603,326,34,no_iniciado,0,2026-07-08
1604,326,35,no_iniciado,0,2026-07-08
1605,326,36,no_iniciado,0,2026-07-08
1606,326,37,no_iniciado,0,2026-07-08
1607,327,44,completado,100,2026-09-18
1608,327,45,completado,100,2026-09-21
1609,327,46,en_progreso,10,2026-09-21
1610,327,47,no_iniciado,0,2026-05-24
1611,327,48,no_iniciado,0,2026-05-24
1612,327,49,no_iniciado,0,2026-05-24
1613,328,38,completado,100,2026-09-21
1614,328,39,no_iniciado,0,2026-05-16
1615,328,40,no_iniciado,0,2026-05-16
1616,328,41,no_iniciado,0,2026-05-16
1617,328,42,no_iniciado,0,2026-05-16
1618,328,43,no_iniciado,0,2026-05-16
1619,329,28,abandonado,10,2026-09-18
1620,329,29,no_iniciado,0,2026-09-15
1621,329,30,no_iniciado,0,2026-09-15
1622,329,31,no_iniciado,0,2026-09-15
1623,330,56,completado,100,2026-09-20
1624,330,57,en_progreso,10,2026-09-21
1625,330,58,no_iniciado,0,2026-08-22
1626,330,59,no_iniciado,0,2026-08-22
1627,330,60,no_iniciado,0,2026-08-22
1628,331,9,completado,100,2026-09-18
1629,331,10,en_progreso,40,2026-09-19
1630,331,11,no_iniciado,0,2026-09-08
1631,331,12,no_iniciado,0,2026-09-08
1632,332,32,completado,100,2026-09-19
1633,332,33,en_progreso,43.14,2026-09-21
1634,332,34,no_iniciado,0,2026-08-23
1635,332,35,no_iniciado,0,2026-08-23
1636,332,36,no_iniciado,0,2026-08-23
1637,332,37,no_iniciado,0,2026-08-23
1638,333,17,completado,100,2026-09-18
1639,333,18,en_progreso,44.07,2026-09-21
1640,333,19,no_iniciado,0,2026-07-10
1641,333,20,no_iniciado,0,2026-07-10
1642,334,13,completado,100,2026-09-18
1643,334,14,completado,100,2026-09-19
1644,334,15,completado,100,2026-09-21
1645,334,16,en_progreso,10,2026-09-21
1646,335,17,abandonado,43.72,2026-09-20
1647,335,18,no_iniciado,0,2026-07-03
1648,335,19,no_iniciado,0,2026-07-03
1649,335,20,no_iniciado,0,2026-07-03
1650,336,38,completado,100,2026-09-19
1651,336,39,en_progreso,34.23,2026-09-21
1652,336,40,no_iniciado,0,2026-07-16
1653,336,41,no_iniciado,0,2026-07-16
1654,336,42,no_iniciado,0,2026-07-16
1655,336,43,no_iniciado,0,2026-07-16
1656,337,32,completado,100,2026-09-18
1657,337,33,en_progreso,23.46,2026-09-21
1658,337,34,no_iniciado,0,2026-07-02
1659,337,35,no_iniciado,0,2026-07-02
1660,337,36,no_iniciado,0,2026-07-02
1661,337,37,no_iniciado,0,2026-07-02
1662,338,13,en_progreso,50.66,2026-09-20
1663,338,14,no_iniciado,0,2026-07-01
1664,338,15,no_iniciado,0,2026-07-01
1665,338,16,no_iniciado,0,2026-07-01
1666,339,17,abandonado,10,2026-09-18
1667,339,18,no_iniciado,0,2026-05-05
1668,339,19,no_iniciado,0,2026-05-05
1669,339,20,no_iniciado,0,2026-05-05
1670,340,32,en_progreso,74.65,2026-09-21
1671,340,33,no_iniciado,0,2026-08-30
1672,340,34,no_iniciado,0,2026-08-30
1673,340,35,no_iniciado,0,2026-08-30
1674,340,36,no_iniciado,0,2026-08-30
1675,340,37,no_iniciado,0,2026-08-30
1676,341,56,abandonado,51.08,2026-09-20
1677,341,57,no_iniciado,0,2026-08-26
1678,341,58,no_iniciado,0,2026-08-26
1679,341,59,no_iniciado,0,2026-08-26
1680,341,60,no_iniciado,0,2026-08-26
1681,342,13,completado,100,2026-09-19
1682,342,14,completado,100,2026-09-20
1683,342,15,completado,100,2026-09-21
1684,342,16,no_iniciado,0,2026-08-02
1685,343,17,en_progreso,25,2026-09-21
1686,343,18,no_iniciado,0,2026-05-15
1687,343,19,no_iniciado,0,2026-05-15
1688,343,20,no_iniciado,0,2026-05-15
1689,344,21,completado,100,2026-09-17
1690,344,22,completado,100,2026-09-19
1691,344,23,completado,100,2026-09-20
1692,344,24,en_progreso,26.7,2026-09-21
1693,344,25,no_iniciado,0,2026-08-24
1694,344,26,no_iniciado,0,2026-08-24
1695,344,27,no_iniciado,0,2026-08-24
1696,345,38,completado,100,2026-09-18
1697,345,39,completado,100,2026-09-21
1698,345,40,completado,100,2026-09-21
1699,345,41,no_iniciado,0,2026-06-26
1700,345,42,no_iniciado,0,2026-06-26
1701,345,43,no_iniciado,0,2026-06-26
1702,346,9,en_progreso,10,2026-09-20
1703,346,10,no_iniciado,0,2026-05-13
1704,346,11,no_iniciado,0,2026-05-13
1705,346,12,no_iniciado,0,2026-05-13
1706,347,13,completado,100,2026-09-17
1707,347,14,completado,100,2026-09-18
1708,347,15,completado,100,2026-09-21
1709,347,16,en_progreso,10,2026-09-21
1710,348,56,en_progreso,80.54,2026-09-20
1711,348,57,no_iniciado,0,2026-08-02
1712,348,58,no_iniciado,0,2026-08-02
1713,348,59,no_iniciado,0,2026-08-02
1714,348,60,no_iniciado,0,2026-08-02
1715,349,9,completado,100,2026-09-20
1716,349,10,en_progreso,10,2026-09-20
1717,349,11,no_iniciado,0,2026-07-05
1718,349,12,no_iniciado,0,2026-07-05
1719,350,13,abandonado,10,2026-09-21
1720,350,14,no_iniciado,0,2026-07-31
1721,350,15,no_iniciado,0,2026-07-31
1722,350,16,no_iniciado,0,2026-07-31
1723,351,5,abandonado,61.6,2026-09-19
1724,351,6,no_iniciado,0,2026-05-14
1725,351,7,no_iniciado,0,2026-05-14
1726,351,8,no_iniciado,0,2026-05-14
1727,352,28,completado,100,2026-09-20
1728,352,29,en_progreso,10,2026-09-21
1729,352,30,no_iniciado,0,2026-09-08
1730,352,31,no_iniciado,0,2026-09-08
1731,353,21,completado,100,2026-09-19
1732,353,22,completado,100,2026-09-20
1733,353,23,no_iniciado,0,2026-06-02
1734,353,24,no_iniciado,0,2026-06-02
1735,353,25,no_iniciado,0,2026-06-02
1736,353,26,no_iniciado,0,2026-06-02
1737,353,27,no_iniciado,0,2026-06-02
1738,354,38,completado,100,2026-09-20
1739,354,39,en_progreso,10,2026-09-21
1740,354,40,no_iniciado,0,2026-04-20
1741,354,41,no_iniciado,0,2026-04-20
1742,354,42,no_iniciado,0,2026-04-20
1743,354,43,no_iniciado,0,2026-04-20
1744,355,28,completado,100,2026-09-18
1745,355,29,abandonado,28.01,2026-09-21
1746,355,30,no_iniciado,0,2026-09-13
1747,355,31,no_iniciado,0,2026-09-13
1748,356,1,completado,100,2026-09-17
1749,356,2,en_progreso,45.12,2026-09-20
1750,356,3,no_iniciado,0,2026-04-24
1751,356,4,no_iniciado,0,2026-04-24
1752,357,28,en_progreso,75.92,2026-09-21
1753,357,29,no_iniciado,0,2026-06-16
1754,357,30,no_iniciado,0,2026-06-16
1755,357,31,no_iniciado,0,2026-06-16
1756,358,44,en_progreso,10,2026-09-19
1757,358,45,no_iniciado,0,2026-07-18
1758,358,46,no_iniciado,0,2026-07-18
1759,358,47,no_iniciado,0,2026-07-18
1760,358,48,no_iniciado,0,2026-07-18
1761,358,49,no_iniciado,0,2026-07-18
1762,359,1,completado,100,2026-09-17
1763,359,2,en_progreso,23.31,2026-09-21
1764,359,3,no_iniciado,0,2026-08-28
1765,359,4,no_iniciado,0,2026-08-28
1766,360,28,completado,100,2026-09-18
1767,360,29,completado,100,2026-09-20
1768,360,30,en_progreso,21.7,2026-09-21
1769,360,31,no_iniciado,0,2026-09-06
1770,361,32,completado,100,2026-09-19
1771,361,33,abandonado,20.25,2026-09-21
1772,361,34,no_iniciado,0,2026-08-03
1773,361,35,no_iniciado,0,2026-08-03
1774,361,36,no_iniciado,0,2026-08-03
1775,361,37,no_iniciado,0,2026-08-03
1776,362,1,abandonado,10,2026-09-17
1777,362,2,no_iniciado,0,2026-07-11
1778,362,3,no_iniciado,0,2026-07-11
1779,362,4,no_iniciado,0,2026-07-11
1780,363,17,completado,100,2026-09-20
1781,363,18,en_progreso,10,2026-09-21
1782,363,19,no_iniciado,0,2026-08-01
1783,363,20,no_iniciado,0,2026-08-01
1784,364,28,completado,100,2026-09-17
1785,364,29,completado,100,2026-09-21
1786,364,30,en_progreso,10,2026-09-21
1787,364,31,no_iniciado,0,2026-07-02
1788,365,38,en_progreso,93.84,2026-09-21
1789,365,39,no_iniciado,0,2026-06-03
1790,365,40,no_iniciado,0,2026-06-03
1791,365,41,no_iniciado,0,2026-06-03
1792,365,42,no_iniciado,0,2026-06-03
1793,365,43,no_iniciado,0,2026-06-03
1794,366,56,completado,100,2026-09-18
1795,366,57,en_progreso,76.61,2026-09-21
1796,366,58,no_iniciado,0,2026-06-07
1797,366,59,no_iniciado,0,2026-06-07
1798,366,60,no_iniciado,0,2026-06-07
1799,367,13,completado,100,2026-09-18
1800,367,14,completado,100,2026-09-21
1801,367,15,no_iniciado,0,2026-07-18
1802,367,16,no_iniciado,0,2026-07-18
1803,368,32,completado,100,2026-09-19
1804,368,33,en_progreso,41.83,2026-09-21
1805,368,34,no_iniciado,0,2026-06-26
1806,368,35,no_iniciado,0,2026-06-26
1807,368,36,no_iniciado,0,2026-06-26
1808,368,37,no_iniciado,0,2026-06-26
1809,369,56,completado,100,2026-09-20
1810,369,57,completado,100,2026-09-21
1811,369,58,no_iniciado,0,2026-05-20
1812,369,59,no_iniciado,0,2026-05-20
1813,369,60,no_iniciado,0,2026-05-20
1814,370,28,abandonado,34.21,2026-09-20
1815,370,29,no_iniciado,0,2026-06-12
1816,370,30,no_iniciado,0,2026-06-12
1817,370,31,no_iniciado,0,2026-06-12
1818,371,32,completado,100,2026-09-18
1819,371,33,completado,100,2026-09-19
1820,371,34,en_progreso,30,2026-09-21
1821,371,35,no_iniciado,0,2026-05-26
1822,371,36,no_iniciado,0,2026-05-26
1823,371,37,no_iniciado,0,2026-05-26
1824,372,28,completado,100,2026-09-18
1825,372,29,completado,100,2026-09-18
1826,372,30,en_progreso,32.51,2026-09-21
1827,372,31,no_iniciado,0,2026-09-07
1828,373,50,en_progreso,47.75,2026-09-20
1829,373,51,no_iniciado,0,2026-09-15
1830,373,52,no_iniciado,0,2026-09-15
1831,373,53,no_iniciado,0,2026-09-15
1832,373,54,no_iniciado,0,2026-09-15
1833,373,55,no_iniciado,0,2026-09-15
1834,374,56,completado,100,2026-09-19
1835,374,57,completado,100,2026-09-21
1836,374,58,en_progreso,29.69,2026-09-21
1837,374,59,no_iniciado,0,2026-05-11
1838,374,60,no_iniciado,0,2026-05-11
1839,375,56,en_progreso,95,2026-09-21
1840,375,57,no_iniciado,0,2026-04-26
1841,375,58,no_iniciado,0,2026-04-26
1842,375,59,no_iniciado,0,2026-04-26
1843,375,60,no_iniciado,0,2026-04-26
1844,376,9,abandonado,10,2026-09-18
1845,376,10,no_iniciado,0,2026-08-26
1846,376,11,no_iniciado,0,2026-08-26
1847,376,12,no_iniciado,0,2026-08-26
1848,377,9,en_progreso,10,2026-09-21
1849,377,10,no_iniciado,0,2026-07-10
1850,377,11,no_iniciado,0,2026-07-10
1851,377,12,no_iniciado,0,2026-07-10
1852,378,44,completado,100,2026-09-20
1853,378,45,completado,100,2026-09-21
1854,378,46,no_iniciado,0,2026-08-17
1855,378,47,no_iniciado,0,2026-08-17
1856,378,48,no_iniciado,0,2026-08-17
1857,378,49,no_iniciado,0,2026-08-17
1858,379,1,en_progreso,31.99,2026-09-20
1859,379,2,no_iniciado,0,2026-09-15
1860,379,3,no_iniciado,0,2026-09-15
1861,379,4,no_iniciado,0,2026-09-15
1862,380,28,abandonado,45.68,2026-09-18
1863,380,29,no_iniciado,0,2026-04-23
1864,380,30,no_iniciado,0,2026-04-23
1865,380,31,no_iniciado,0,2026-04-23
1866,381,44,completado,100,2026-09-18
1867,381,45,completado,100,2026-09-20
1868,381,46,en_progreso,10,2026-09-21
1869,381,47,no_iniciado,0,2026-06-05
1870,381,48,no_iniciado,0,2026-06-05
1871,381,49,no_iniciado,0,2026-06-05
1872,382,50,en_progreso,49.04,2026-09-21
1873,382,51,no_iniciado,0,2026-05-30
1874,382,52,no_iniciado,0,2026-05-30
1875,382,53,no_iniciado,0,2026-05-30
1876,382,54,no_iniciado,0,2026-05-30
1877,382,55,no_iniciado,0,2026-05-30
1878,383,1,en_progreso,32.67,2026-09-21
1879,383,2,no_iniciado,0,2026-05-03
1880,383,3,no_iniciado,0,2026-05-03
1881,383,4,no_iniciado,0,2026-05-03
1882,384,5,completado,100,2026-09-18
1883,384,6,en_progreso,45.23,2026-09-21
1884,384,7,no_iniciado,0,2026-05-09
1885,384,8,no_iniciado,0,2026-05-09
1886,385,28,completado,100,2026-09-18
1887,385,29,abandonado,46.7,2026-09-21
1888,385,30,no_iniciado,0,2026-08-13
1889,385,31,no_iniciado,0,2026-08-13
1890,386,9,en_progreso,62.71,2026-09-21
1891,386,10,no_iniciado,0,2026-04-26
1892,386,11,no_iniciado,0,2026-04-26
1893,386,12,no_iniciado,0,2026-04-26
1894,387,32,completado,100,2026-09-19
1895,387,33,completado,100,2026-09-19
1896,387,34,completado,100,2026-09-21
1897,387,35,no_iniciado,0,2026-07-15
1898,387,36,no_iniciado,0,2026-07-15
1899,387,37,no_iniciado,0,2026-07-15
1900,388,1,completado,100,2026-09-18
1901,388,2,en_progreso,95,2026-09-21
1902,388,3,no_iniciado,0,2026-08-14
1903,388,4,no_iniciado,0,2026-08-14
1904,389,28,en_progreso,10,2026-09-17
1905,389,29,no_iniciado,0,2026-08-28
1906,389,30,no_iniciado,0,2026-08-28
1907,389,31,no_iniciado,0,2026-08-28
1908,390,21,completado,100,2026-09-21
1909,390,22,no_iniciado,0,2026-09-03
1910,390,23,no_iniciado,0,2026-09-03
1911,390,24,no_iniciado,0,2026-09-03
1912,390,25,no_iniciado,0,2026-09-03
1913,390,26,no_iniciado,0,2026-09-03
1914,390,27,no_iniciado,0,2026-09-03
1915,391,32,abandonado,50.12,2026-09-19
1916,391,33,no_iniciado,0,2026-04-29
1917,391,34,no_iniciado,0,2026-04-29
1918,391,35,no_iniciado,0,2026-04-29
1919,391,36,no_iniciado,0,2026-04-29
1920,391,37,no_iniciado,0,2026-04-29
1921,392,21,abandonado,27.01,2026-09-19
1922,392,22,no_iniciado,0,2026-06-06
1923,392,23,no_iniciado,0,2026-06-06
1924,392,24,no_iniciado,0,2026-06-06
1925,392,25,no_iniciado,0,2026-06-06
1926,392,26,no_iniciado,0,2026-06-06
1927,392,27,no_iniciado,0,2026-06-06
1928,393,28,en_progreso,30.05,2026-09-18
1929,393,29,no_iniciado,0,2026-09-10
1930,393,30,no_iniciado,0,2026-09-10
1931,393,31,no_iniciado,0,2026-09-10
1932,394,28,completado,100,2026-09-20
1933,394,29,completado,100,2026-09-21
1934,394,30,no_iniciado,0,2026-04-28
1935,394,31,no_iniciado,0,2026-04-28
1936,395,17,en_progreso,50.63,2026-09-18
1937,395,18,no_iniciado,0,2026-07-07
1938,395,19,no_iniciado,0,2026-07-07
1939,395,20,no_iniciado,0,2026-07-07
1940,396,32,abandonado,10,2026-09-17
1941,396,33,no_iniciado,0,2026-07-14
1942,396,34,no_iniciado,0,2026-07-14
1943,396,35,no_iniciado,0,2026-07-14
1944,396,36,no_iniciado,0,2026-07-14
1945,396,37,no_iniciado,0,2026-07-14
1946,397,56,abandonado,44.49,2026-09-19
1947,397,57,no_iniciado,0,2026-06-04
1948,397,58,no_iniciado,0,2026-06-04
1949,397,59,no_iniciado,0,2026-06-04
1950,397,60,no_iniciado,0,2026-06-04
1951,398,1,en_progreso,66.2,2026-09-18
1952,398,2,no_iniciado,0,2026-08-02
1953,398,3,no_iniciado,0,2026-08-02
1954,398,4,no_iniciado,0,2026-08-02
1955,399,21,en_progreso,48.61,2026-09-21
1956,399,22,no_iniciado,0,2026-06-01
1957,399,23,no_iniciado,0,2026-06-01
1958,399,24,no_iniciado,0,2026-06-01
1959,399,25,no_iniciado,0,2026-06-01
1960,399,26,no_iniciado,0,2026-06-01
1961,399,27,no_iniciado,0,2026-06-01
1962,400,13,completado,100,2026-09-19
1963,400,14,abandonado,10,2026-09-21
1964,400,15,no_iniciado,0,2026-09-13
1965,400,16,no_iniciado,0,2026-09-13
1966,401,5,completado,100,2026-09-21
1967,401,6,no_iniciado,0,2026-04-30
1968,401,7,no_iniciado,0,2026-04-30
1969,401,8,no_iniciado,0,2026-04-30
1970,402,50,completado,100,2026-09-21
1971,402,51,no_iniciado,0,2026-05-17
1972,402,52,no_iniciado,0,2026-05-17
1973,402,53,no_iniciado,0,2026-05-17
1974,402,54,no_iniciado,0,2026-05-17
1975,402,55,no_iniciado,0,2026-05-17
1976,403,1,completado,100,2026-09-18
1977,403,2,completado,100,2026-09-18
1978,403,3,en_progreso,29.51,2026-09-20
1979,403,4,no_iniciado,0,2026-07-26
1980,404,13,completado,100,2026-09-19
1981,404,14,completado,100,2026-09-20
1982,404,15,en_progreso,37.62,2026-09-21
1983,404,16,no_iniciado,0,2026-06-15
1984,405,1,completado,100,2026-09-18
1985,405,2,completado,100,2026-09-20
1986,405,3,en_progreso,30.29,2026-09-21
1987,405,4,no_iniciado,0,2026-06-04
1988,406,9,en_progreso,33.82,2026-09-19
1989,406,10,no_iniciado,0,2026-09-09
1990,406,11,no_iniciado,0,2026-09-09
1991,406,12,no_iniciado,0,2026-09-09
1992,407,13,en_progreso,45.83,2026-09-20
1993,407,14,no_iniciado,0,2026-08-09
1994,407,15,no_iniciado,0,2026-08-09
1995,407,16,no_iniciado,0,2026-08-09
1996,408,56,completado,100,2026-09-20
1997,408,57,en_progreso,23.57,2026-09-21
1998,408,58,no_iniciado,0,2026-06-20
1999,408,59,no_iniciado,0,2026-06-20
2000,408,60,no_iniciado,0,2026-06-20
2001,409,50,abandonado,10,2026-09-17
2002,409,51,no_iniciado,0,2026-08-10
2003,409,52,no_iniciado,0,2026-08-10
2004,409,53,no_iniciado,0,2026-08-10
2005,409,54,no_iniciado,0,2026-08-10
2006,409,55,no_iniciado,0,2026-08-10
2007,410,5,completado,100,2026-09-19
2008,410,6,en_progreso,29.92,2026-09-21
2009,410,7,no_iniciado,0,2026-08-14
2010,410,8,no_iniciado,0,2026-08-14
2011,411,13,abandonado,95,2026-09-20
2012,411,14,no_iniciado,0,2026-08-28
2013,411,15,no_iniciado,0,2026-08-28
2014,411,16,no_iniciado,0,2026-08-28
2015,412,32,completado,100,2026-09-18
2016,412,33,completado,100,2026-09-20
2017,412,34,en_progreso,10,2026-09-20
2018,412,35,no_iniciado,0,2026-06-21
2019,412,36,no_iniciado,0,2026-06-21
2020,412,37,no_iniciado,0,2026-06-21
2021,413,17,abandonado,32.67,2026-09-20
2022,413,18,no_iniciado,0,2026-06-05
2023,413,19,no_iniciado,0,2026-06-05
2024,413,20,no_iniciado,0,2026-06-05
2025,414,9,en_progreso,58.98,2026-09-21
2026,414,10,no_iniciado,0,2026-06-17
2027,414,11,no_iniciado,0,2026-06-17
2028,414,12,no_iniciado,0,2026-06-17
2029,415,44,en_progreso,78.2,2026-09-21
2030,415,45,no_iniciado,0,2026-05-17
2031,415,46,no_iniciado,0,2026-05-17
2032,415,47,no_iniciado,0,2026-05-17
2033,415,48,no_iniciado,0,2026-05-17
2034,415,49,no_iniciado,0,2026-05-17
2035,416,56,completado,100,2026-09-20
2036,416,57,en_progreso,34.86,2026-09-21
2037,416,58,no_iniciado,0,2026-08-26
2038,416,59,no_iniciado,0,2026-08-26
2039,416,60,no_iniciado,0,2026-08-26
2040,417,5,completado,100,2026-09-18
2041,417,6,en_progreso,31.25,2026-09-19
2042,417,7,no_iniciado,0,2026-07-30
2043,417,8,no_iniciado,0,2026-07-30
2044,418,9,abandonado,33.21,2026-09-17
2045,418,10,no_iniciado,0,2026-06-01
2046,418,11,no_iniciado,0,2026-06-01
2047,418,12,no_iniciado,0,2026-06-01
2048,419,5,en_progreso,23.23,2026-09-21
2049,419,6,no_iniciado,0,2026-07-09
2050,419,7,no_iniciado,0,2026-07-09
2051,419,8,no_iniciado,0,2026-07-09
2052,420,44,abandonado,50.94,2026-09-20
2053,420,45,no_iniciado,0,2026-06-17
2054,420,46,no_iniciado,0,2026-06-17
2055,420,47,no_iniciado,0,2026-06-17
2056,420,48,no_iniciado,0,2026-06-17
2057,420,49,no_iniciado,0,2026-06-17
2058,421,17,completado,100,2026-09-19
2059,421,18,completado,100,2026-09-19
2060,421,19,completado,100,2026-09-21
2061,421,20,no_iniciado,0,2026-06-12
2062,422,50,abandonado,67.76,2026-09-20
2063,422,51,no_iniciado,0,2026-05-01
2064,422,52,no_iniciado,0,2026-05-01
2065,422,53,no_iniciado,0,2026-05-01
2066,422,54,no_iniciado,0,2026-05-01
2067,422,55,no_iniciado,0,2026-05-01
2068,423,28,completado,100,2026-09-20
2069,423,29,completado,100,2026-09-20
2070,423,30,en_progreso,10,2026-09-21
2071,423,31,no_iniciado,0,2026-08-06
2072,424,56,completado,100,2026-09-19
2073,424,57,en_progreso,25.33,2026-09-20
2074,424,58,no_iniciado,0,2026-08-12
2075,424,59,no_iniciado,0,2026-08-12
2076,424,60,no_iniciado,0,2026-08-12
2077,425,13,completado,100,2026-09-19
2078,425,14,en_progreso,10,2026-09-20
2079,425,15,no_iniciado,0,2026-09-09
2080,425,16,no_iniciado,0,2026-09-09
2081,426,5,completado,100,2026-09-21
2082,426,6,en_progreso,10,2026-09-21
2083,426,7,no_iniciado,0,2026-05-24
2084,426,8,no_iniciado,0,2026-05-24
2085,427,44,abandonado,49.61,2026-09-19
2086,427,45,no_iniciado,0,2026-08-19
2087,427,46,no_iniciado,0,2026-08-19
2088,427,47,no_iniciado,0,2026-08-19
2089,427,48,no_iniciado,0,2026-08-19
2090,427,49,no_iniciado,0,2026-08-19
2091,428,50,completado,100,2026-09-18
2092,428,51,completado,100,2026-09-20
2093,428,52,en_progreso,10,2026-09-20
2094,428,53,no_iniciado,0,2026-08-29
2095,428,54,no_iniciado,0,2026-08-29
2096,428,55,no_iniciado,0,2026-08-29
2097,429,13,abandonado,10,2026-09-18
2098,429,14,no_iniciado,0,2026-07-11
2099,429,15,no_iniciado,0,2026-07-11
2100,429,16,no_iniciado,0,2026-07-11
2101,430,5,completado,100,2026-09-18
2102,430,6,en_progreso,58.03,2026-09-21
2103,430,7,no_iniciado,0,2026-08-05
2104,430,8,no_iniciado,0,2026-08-05
2105,431,17,completado,100,2026-09-19
2106,431,18,en_progreso,10,2026-09-21
2107,431,19,no_iniciado,0,2026-07-25
2108,431,20,no_iniciado,0,2026-07-25
2109,432,50,completado,100,2026-09-18
2110,432,51,completado,100,2026-09-21
2111,432,52,en_progreso,31.99,2026-09-21
2112,432,53,no_iniciado,0,2026-04-29
2113,432,54,no_iniciado,0,2026-04-29
2114,432,55,no_iniciado,0,2026-04-29
2115,433,44,en_progreso,80.01,2026-09-21
2116,433,45,no_iniciado,0,2026-06-25
2117,433,46,no_iniciado,0,2026-06-25
2118,433,47,no_iniciado,0,2026-06-25
2119,433,48,no_iniciado,0,2026-06-25
2120,433,49,no_iniciado,0,2026-06-25
2121,434,44,abandonado,23.21,2026-09-18
2122,434,45,no_iniciado,0,2026-08-22
2123,434,46,no_iniciado,0,2026-08-22
2124,434,47,no_iniciado,0,2026-08-22
2125,434,48,no_iniciado,0,2026-08-22
2126,434,49,no_iniciado,0,2026-08-22
2127,435,21,completado,100,2026-09-21
2128,435,22,no_iniciado,0,2026-08-28
2129,435,23,no_iniciado,0,2026-08-28
2130,435,24,no_iniciado,0,2026-08-28
2131,435,25,no_iniciado,0,2026-08-28
2132,435,26,no_iniciado,0,2026-08-28
2133,435,27,no_iniciado,0,2026-08-28
2134,436,28,abandonado,29.98,2026-09-19
2135,436,29,no_iniciado,0,2026-07-03
2136,436,30,no_iniciado,0,2026-07-03
2137,436,31,no_iniciado,0,2026-07-03
2138,437,50,completado,100,2026-09-18
2139,437,51,completado,100,2026-09-21
2140,437,52,en_progreso,26.88,2026-09-21
2141,437,53,no_iniciado,0,2026-07-30
2142,437,54,no_iniciado,0,2026-07-30
2143,437,55,no_iniciado,0,2026-07-30
2144,438,21,completado,100,2026-09-21
2145,438,22,no_iniciado,0,2026-06-20
2146,438,23,no_iniciado,0,2026-06-20
2147,438,24,no_iniciado,0,2026-06-20
2148,438,25,no_iniciado,0,2026-06-20
2149,438,26,no_iniciado,0,2026-06-20
2150,438,27,no_iniciado,0,2026-06-20
2151,439,38,completado,100,2026-09-17
2152,439,39,abandonado,31.11,2026-09-18
2153,439,40,no_iniciado,0,2026-09-02
2154,439,41,no_iniciado,0,2026-09-02
2155,439,42,no_iniciado,0,2026-09-02
2156,439,43,no_iniciado,0,2026-09-02
2157,440,21,abandonado,76.35,2026-09-21
2158,440,22,no_iniciado,0,2026-07-09
2159,440,23,no_iniciado,0,2026-07-09
2160,440,24,no_iniciado,0,2026-07-09
2161,440,25,no_iniciado,0,2026-07-09
2162,440,26,no_iniciado,0,2026-07-09
2163,440,27,no_iniciado,0,2026-07-09
2164,441,1,completado,100,2026-09-19
2165,441,2,en_progreso,36.88,2026-09-21
2166,441,3,no_iniciado,0,2026-07-08
2167,441,4,no_iniciado,0,2026-07-08
2168,442,28,en_progreso,56.43,2026-09-20
2169,442,29,no_iniciado,0,2026-05-18
2170,442,30,no_iniciado,0,2026-05-18
2171,442,31,no_iniciado,0,2026-05-18
2172,443,5,completado,100,2026-09-18
2173,443,6,completado,100,2026-09-21
2174,443,7,no_iniciado,0,2026-06-17
2175,443,8,no_iniciado,0,2026-06-17
2176,444,28,en_progreso,57.81,2026-09-21
2177,444,29,no_iniciado,0,2026-07-02
2178,444,30,no_iniciado,0,2026-07-02
2179,444,31,no_iniciado,0,2026-07-02
2180,445,50,completado,100,2026-09-21
2181,445,51,en_progreso,10,2026-09-21
2182,445,52,no_iniciado,0,2026-05-25
2183,445,53,no_iniciado,0,2026-05-25
2184,445,54,no_iniciado,0,2026-05-25
2185,445,55,no_iniciado,0,2026-05-25
2186,446,32,abandonado,56.13,2026-09-21
2187,446,33,no_iniciado,0,2026-09-13
2188,446,34,no_iniciado,0,2026-09-13
2189,446,35,no_iniciado,0,2026-09-13
2190,446,36,no_iniciado,0,2026-09-13
2191,446,37,no_iniciado,0,2026-09-13
2192,447,9,completado,100,2026-09-21
2193,447,10,en_progreso,33.63,2026-09-21
2194,447,11,no_iniciado,0,2026-08-02
2195,447,12,no_iniciado,0,2026-08-02
2196,448,28,en_progreso,65.34,2026-09-21
2197,448,29,no_iniciado,0,2026-07-20
2198,448,30,no_iniciado,0,2026-07-20
2199,448,31,no_iniciado,0,2026-07-20
2200,449,56,completado,100,2026-09-17
2201,449,57,completado,100,2026-09-20
2202,449,58,no_iniciado,0,2026-06-05
2203,449,59,no_iniciado,0,2026-06-05
2204,449,60,no_iniciado,0,2026-06-05
2205,450,38,abandonado,10,2026-09-18
2206,450,39,no_iniciado,0,2026-06-02
2207,450,40,no_iniciado,0,2026-06-02
2208,450,41,no_iniciado,0,2026-06-02
2209,450,42,no_iniciado,0,2026-06-02
2210,450,43,no_iniciado,0,2026-06-02
2211,451,50,completado,100,2026-09-20
2212,451,51,en_progreso,10,2026-09-20
2213,451,52,no_iniciado,0,2026-06-17
2214,451,53,no_iniciado,0,2026-06-17
2215,451,54,no_iniciado,0,2026-06-17
2216,451,55,no_iniciado,0,2026-06-17
2217,452,17,abandonado,36.81,2026-09-19
2218,452,18,no_iniciado,0,2026-09-04
2219,452,19,no_iniciado,0,2026-09-04
2220,452,20,no_iniciado,0,2026-09-04
2221,453,38,completado,100,2026-09-18
2222,453,39,abandonado,10,2026-09-19
2223,453,40,no_iniciado,0,2026-05-18
2224,453,41,no_iniciado,0,2026-05-18
2225,453,42,no_iniciado,0,2026-05-18
2226,453,43,no_iniciado,0,2026-05-18
2227,454,32,completado,100,2026-09-19
2228,454,33,completado,100,2026-09-21
2229,454,34,en_progreso,32.44,2026-09-21
2230,454,35,no_iniciado,0,2026-07-18
2231,454,36,no_iniciado,0,2026-07-18
2232,454,37,no_iniciado,0,2026-07-18
2233,455,50,completado,100,2026-09-19
2234,455,51,abandonado,10,2026-09-20
2235,455,52,no_iniciado,0,2026-05-01
2236,455,53,no_iniciado,0,2026-05-01
2237,455,54,no_iniciado,0,2026-05-01
2238,455,55,no_iniciado,0,2026-05-01
2239,456,56,abandonado,78.5,2026-09-21
2240,456,57,no_iniciado,0,2026-08-07
2241,456,58,no_iniciado,0,2026-08-07
2242,456,59,no_iniciado,0,2026-08-07
2243,456,60,no_iniciado,0,2026-08-07
2244,457,44,completado,100,2026-09-21
2245,457,45,no_iniciado,0,2026-07-09
2246,457,46,no_iniciado,0,2026-07-09
2247,457,47,no_iniciado,0,2026-07-09
2248,457,48,no_iniciado,0,2026-07-09
2249,457,49,no_iniciado,0,2026-07-09
2250,458,21,completado,100,2026-09-18
2251,458,22,completado,100,2026-09-21
2252,458,23,en_progreso,47.58,2026-09-21
2253,458,24,no_iniciado,0,2026-07-09
2254,458,25,no_iniciado,0,2026-07-09
2255,458,26,no_iniciado,0,2026-07-09
2256,458,27,no_iniciado,0,2026-07-09
2257,459,13,completado,100,2026-09-19
2258,459,14,completado,100,2026-09-21
2259,459,15,en_progreso,10,2026-09-21
2260,459,16,no_iniciado,0,2026-08-06
2261,460,17,completado,100,2026-09-19
2262,460,18,no_iniciado,0,2026-07-31
2263,460,19,no_iniciado,0,2026-07-31
2264,460,20,no_iniciado,0,2026-07-31
2265,461,13,completado,100,2026-09-20
2266,461,14,no_iniciado,0,2026-05-16
2267,461,15,no_iniciado,0,2026-05-16
2268,461,16,no_iniciado,0,2026-05-16
2269,462,32,abandonado,29.96,2026-09-20
2270,462,33,no_iniciado,0,2026-07-04
2271,462,34,no_iniciado,0,2026-07-04
2272,462,35,no_iniciado,0,2026-07-04
2273,462,36,no_iniciado,0,2026-07-04
2274,462,37,no_iniciado,0,2026-07-04
2275,463,44,completado,100,2026-09-19
2276,463,45,en_progreso,10,2026-09-21
2277,463,46,no_iniciado,0,2026-06-06
2278,463,47,no_iniciado,0,2026-06-06
2279,463,48,no_iniciado,0,2026-06-06
2280,463,49,no_iniciado,0,2026-06-06
2281,464,50,en_progreso,26.63,2026-09-21
2282,464,51,no_iniciado,0,2026-06-08
2283,464,52,no_iniciado,0,2026-06-08
2284,464,53,no_iniciado,0,2026-06-08
2285,464,54,no_iniciado,0,2026-06-08
2286,464,55,no_iniciado,0,2026-06-08
2287,465,28,en_progreso,68.24,2026-09-21
2288,465,29,no_iniciado,0,2026-05-29
2289,465,30,no_iniciado,0,2026-05-29
2290,465,31,no_iniciado,0,2026-05-29
2291,466,1,en_progreso,20.68,2026-09-19
2292,466,2,no_iniciado,0,2026-06-23
2293,466,3,no_iniciado,0,2026-06-23
2294,466,4,no_iniciado,0,2026-06-23
2295,467,32,en_progreso,84.28,2026-09-21
2296,467,33,no_iniciado,0,2026-08-23
2297,467,34,no_iniciado,0,2026-08-23
2298,467,35,no_iniciado,0,2026-08-23
2299,467,36,no_iniciado,0,2026-08-23
2300,467,37,no_iniciado,0,2026-08-23
2301,468,9,en_progreso,95,2026-09-21
2302,468,10,no_iniciado,0,2026-05-05
2303,468,11,no_iniciado,0,2026-05-05
2304,468,12,no_iniciado,0,2026-05-05
2305,469,32,completado,100,2026-09-19
2306,469,33,en_progreso,70.48,2026-09-21
2307,469,34,no_iniciado,0,2026-07-16
2308,469,35,no_iniciado,0,2026-07-16
2309,469,36,no_iniciado,0,2026-07-16
2310,469,37,no_iniciado,0,2026-07-16
2311,470,21,en_progreso,80.04,2026-09-21
2312,470,22,no_iniciado,0,2026-07-01
2313,470,23,no_iniciado,0,2026-07-01
2314,470,24,no_iniciado,0,2026-07-01
2315,470,25,no_iniciado,0,2026-07-01
2316,470,26,no_iniciado,0,2026-07-01
2317,470,27,no_iniciado,0,2026-07-01
2318,471,21,completado,100,2026-09-18
2319,471,22,completado,100,2026-09-19
2320,471,23,en_progreso,22.8,2026-09-20
2321,471,24,no_iniciado,0,2026-05-07
2322,471,25,no_iniciado,0,2026-05-07
2323,471,26,no_iniciado,0,2026-05-07
2324,471,27,no_iniciado,0,2026-05-07
2325,472,17,completado,100,2026-09-19
2326,472,18,en_progreso,55.39,2026-09-21
2327,472,19,no_iniciado,0,2026-08-02
2328,472,20,no_iniciado,0,2026-08-02
2329,473,56,en_progreso,43.78,2026-09-21
2330,473,57,no_iniciado,0,2026-09-07
2331,473,58,no_iniciado,0,2026-09-07
2332,473,59,no_iniciado,0,2026-09-07
2333,473,60,no_iniciado,0,2026-09-07
2334,474,17,completado,100,2026-09-17
2335,474,18,completado,100,2026-09-19
2336,474,19,en_progreso,21.82,2026-09-21
2337,474,20,no_iniciado,0,2026-05-26
2338,475,38,completado,100,2026-09-20
2339,475,39,completado,100,2026-09-20
2340,475,40,en_progreso,76.45,2026-09-21
2341,475,41,no_iniciado,0,2026-04-30
2342,475,42,no_iniciado,0,2026-04-30
2343,475,43,no_iniciado,0,2026-04-30
2344,476,38,abandonado,47.78,2026-09-19
2345,476,39,no_iniciado,0,2026-06-11
2346,476,40,no_iniciado,0,2026-06-11
2347,476,41,no_iniciado,0,2026-06-11
2348,476,42,no_iniciado,0,2026-06-11
2349,476,43,no_iniciado,0,2026-06-11
2350,477,5,completado,100,2026-09-20
2351,477,6,en_progreso,42.24,2026-09-21
2352,477,7,no_iniciado,0,2026-07-02
2353,477,8,no_iniciado,0,2026-07-02
2354,478,56,completado,100,2026-09-21
2355,478,57,no_iniciado,0,2026-08-28
2356,478,58,no_iniciado,0,2026-08-28
2357,478,59,no_iniciado,0,2026-08-28
2358,478,60,no_iniciado,0,2026-08-28
2359,479,32,abandonado,34.7,2026-09-20
2360,479,33,no_iniciado,0,2026-08-15
2361,479,34,no_iniciado,0,2026-08-15
2362,479,35,no_iniciado,0,2026-08-15
2363,479,36,no_iniciado,0,2026-08-15
2364,479,37,no_iniciado,0,2026-08-15
2365,480,38,completado,100,2026-09-17
2366,480,39,completado,100,2026-09-20
2367,480,40,en_progreso,34.94,2026-09-21
2368,480,41,no_iniciado,0,2026-08-15
2369,480,42,no_iniciado,0,2026-08-15
2370,480,43,no_iniciado,0,2026-08-15
2371,481,56,completado,100,2026-09-18
2372,481,57,completado,100,2026-09-21
2373,481,58,en_progreso,10,2026-09-21
2374,481,59,no_iniciado,0,2026-04-27
2375,481,60,no_iniciado,0,2026-04-27
2376,482,50,completado,100,2026-09-21
2377,482,51,en_progreso,10,2026-09-21
2378,482,52,no_iniciado,0,2026-05-04
2379,482,53,no_iniciado,0,2026-05-04
2380,482,54,no_iniciado,0,2026-05-04
2381,482,55,no_iniciado,0,2026-05-04
2382,483,32,en_progreso,54.76,2026-09-21
2383,483,33,no_iniciado,0,2026-05-26
2384,483,34,no_iniciado,0,2026-05-26
2385,483,35,no_iniciado,0,2026-05-26
2386,483,36,no_iniciado,0,2026-05-26
2387,483,37,no_iniciado,0,2026-05-26
2388,484,1,completado,100,2026-09-19
2389,484,2,en_progreso,25.11,2026-09-21
2390,484,3,no_iniciado,0,2026-09-14
2391,484,4,no_iniciado,0,2026-09-14
2392,485,5,completado,100,2026-09-20
2393,485,6,abandonado,10,2026-09-20
2394,485,7,no_iniciado,0,2026-08-12
2395,485,8,no_iniciado,0,2026-08-12
2396,486,13,completado,100,2026-09-17
2397,486,14,completado,100,2026-09-19
2398,486,15,en_progreso,21.64,2026-09-21
2399,486,16,no_iniciado,0,2026-09-07
2400,487,28,completado,100,2026-09-17
2401,487,29,completado,100,2026-09-20
2402,487,30,en_progreso,21.15,2026-09-21
2403,487,31,no_iniciado,0,2026-08-28
2404,488,13,en_progreso,31.17,2026-09-20
2405,488,14,no_iniciado,0,2026-08-06
2406,488,15,no_iniciado,0,2026-08-06
2407,488,16,no_iniciado,0,2026-08-06
2408,489,17,abandonado,47.91,2026-09-18
2409,489,18,no_iniciado,0,2026-06-01
2410,489,19,no_iniciado,0,2026-06-01
2411,489,20,no_iniciado,0,2026-06-01
2412,490,44,en_progreso,72.02,2026-09-20
2413,490,45,no_iniciado,0,2026-07-22
2414,490,46,no_iniciado,0,2026-07-22
2415,490,47,no_iniciado,0,2026-07-22
2416,490,48,no_iniciado,0,2026-07-22
2417,490,49,no_iniciado,0,2026-07-22
2418,491,32,abandonado,10,2026-09-17
2419,491,33,no_iniciado,0,2026-05-30
2420,491,34,no_iniciado,0,2026-05-30
2421,491,35,no_iniciado,0,2026-05-30
2422,491,36,no_iniciado,0,2026-05-30
2423,491,37,no_iniciado,0,2026-05-30
2424,492,38,completado,100,2026-09-18
2425,492,39,completado,100,2026-09-20
2426,492,40,no_iniciado,0,2026-06-23
2427,492,41,no_iniciado,0,2026-06-23
2428,492,42,no_iniciado,0,2026-06-23
2429,492,43,no_iniciado,0,2026-06-23
2430,493,21,completado,100,2026-09-21
2431,493,22,no_iniciado,0,2026-06-17
2432,493,23,no_iniciado,0,2026-06-17
2433,493,24,no_iniciado,0,2026-06-17
2434,493,25,no_iniciado,0,2026-06-17
2435,493,26,no_iniciado,0,2026-06-17
2436,493,27,no_iniciado,0,2026-06-17
2437,494,28,completado,100,2026-09-18
2438,494,29,en_progreso,43.95,2026-09-20
2439,494,30,no_iniciado,0,2026-04-22
2440,494,31,no_iniciado,0,2026-04-22
2441,495,38,completado,100,2026-09-18
2442,495,39,completado,100,2026-09-19
2443,495,40,en_progreso,41.3,2026-09-20
2444,495,41,no_iniciado,0,2026-05-31
2445,495,42,no_iniciado,0,2026-05-31
2446,495,43,no_iniciado,0,2026-05-31
2447,496,21,en_progreso,10,2026-09-20
2448,496,22,no_iniciado,0,2026-05-26
2449,496,23,no_iniciado,0,2026-05-26
2450,496,24,no_iniciado,0,2026-05-26
2451,496,25,no_iniciado,0,2026-05-26
2452,496,26,no_iniciado,0,2026-05-26
2453,496,27,no_iniciado,0,2026-05-26
2454,497,32,completado,100,2026-09-19
2455,497,33,en_progreso,66.92,2026-09-21
2456,497,34,no_iniciado,0,2026-09-10
2457,497,35,no_iniciado,0,2026-09-10
2458,497,36,no_iniciado,0,2026-09-10
2459,497,37,no_iniciado,0,2026-09-10
2460,498,17,completado,100,2026-09-20
2461,498,18,no_iniciado,0,2026-05-12
2462,498,19,no_iniciado,0,2026-05-12
2463,498,20,no_iniciado,0,2026-05-12
2464,499,56,completado,100,2026-09-19
2465,499,57,abandonado,23.16,2026-09-21
2466,499,58,no_iniciado,0,2026-09-12
2467,499,59,no_iniciado,0,2026-09-12
2468,499,60,no_iniciado,0,2026-09-12
2469,500,5,en_progreso,66.05,2026-09-21
2470,500,6,no_iniciado,0,2026-09-13
2471,500,7,no_iniciado,0,2026-09-13
2472,500,8,no_iniciado,0,2026-09-13
2473,501,13,completado,100,2026-09-18
2474,501,14,completado,100,2026-09-19
2475,501,15,completado,100,2026-09-20
2476,501,16,en_progreso,34.46,2026-09-21
2477,502,21,completado,100,2026-09-21
2478,502,22,en_progreso,10,2026-09-21
2479,502,23,no_iniciado,0,2026-06-06
2480,502,24,no_iniciado,0,2026-06-06
2481,502,25,no_iniciado,0,2026-06-06
2482,502,26,no_iniciado,0,2026-06-06
2483,502,27,no_iniciado,0,2026-06-06
2484,503,5,completado,100,2026-09-18
2485,503,6,abandonado,48.15,2026-09-20
2486,503,7,no_iniciado,0,2026-09-02
2487,503,8,no_iniciado,0,2026-09-02
2488,504,38,completado,100,2026-09-19
2489,504,39,en_progreso,10,2026-09-21
2490,504,40,no_iniciado,0,2026-08-15
2491,504,41,no_iniciado,0,2026-08-15
2492,504,42,no_iniciado,0,2026-08-15
2493,504,43,no_iniciado,0,2026-08-15
2494,505,9,abandonado,10,2026-09-17
2495,505,10,no_iniciado,0,2026-09-03
2496,505,11,no_iniciado,0,2026-09-03
2497,505,12,no_iniciado,0,2026-09-03
2498,506,13,abandonado,50.13,2026-09-18
2499,506,14,no_iniciado,0,2026-05-29
2500,506,15,no_iniciado,0,2026-05-29
2501,506,16,no_iniciado,0,2026-05-29
2502,507,56,completado,100,2026-09-17
2503,507,57,completado,100,2026-09-21
2504,507,58,no_iniciado,0,2026-07-06
2505,507,59,no_iniciado,0,2026-07-06
2506,507,60,no_iniciado,0,2026-07-06
2507,508,17,no_iniciado,0,2026-06-05
2508,508,18,no_iniciado,0,2026-06-05
2509,508,19,no_iniciado,0,2026-06-05
2510,508,20,no_iniciado,0,2026-06-05
2511,509,44,completado,100,2026-09-19
2512,509,45,completado,100,2026-09-21
2513,509,46,en_progreso,49.95,2026-09-21
2514,509,47,no_iniciado,0,2026-08-05
2515,509,48,no_iniciado,0,2026-08-05
2516,509,49,no_iniciado,0,2026-08-05
2517,510,44,abandonado,50.5,2026-09-21
2518,510,45,no_iniciado,0,2026-06-21
2519,510,46,no_iniciado,0,2026-06-21
2520,510,47,no_iniciado,0,2026-06-21
2521,510,48,no_iniciado,0,2026-06-21
2522,510,49,no_iniciado,0,2026-06-21
2523,511,17,abandonado,33.26,2026-09-21
2524,511,18,no_iniciado,0,2026-06-13
2525,511,19,no_iniciado,0,2026-06-13
2526,511,20,no_iniciado,0,2026-06-13
2527,512,5,en_progreso,44.25,2026-09-20
2528,512,6,no_iniciado,0,2026-07-02
2529,512,7,no_iniciado,0,2026-07-02
2530,512,8,no_iniciado,0,2026-07-02
2531,513,17,completado,100,2026-09-19
2532,513,18,abandonado,10,2026-09-20
2533,513,19,no_iniciado,0,2026-07-19
2534,513,20,no_iniciado,0,2026-07-19
2535,514,21,abandonado,10,2026-09-19
2536,514,22,no_iniciado,0,2026-08-01
2537,514,23,no_iniciado,0,2026-08-01
2538,514,24,no_iniciado,0,2026-08-01
2539,514,25,no_iniciado,0,2026-08-01
2540,514,26,no_iniciado,0,2026-08-01
2541,514,27,no_iniciado,0,2026-08-01
2542,515,17,completado,100,2026-09-20
2543,515,18,en_progreso,10,2026-09-21
2544,515,19,no_iniciado,0,2026-08-23
2545,515,20,no_iniciado,0,2026-08-23
2546,516,56,abandonado,10,2026-09-17
2547,516,57,no_iniciado,0,2026-06-28
2548,516,58,no_iniciado,0,2026-06-28
2549,516,59,no_iniciado,0,2026-06-28
2550,516,60,no_iniciado,0,2026-06-28
2551,517,9,completado,100,2026-09-18
2552,517,10,completado,100,2026-09-21
2553,517,11,completado,100,2026-09-21
2554,517,12,no_iniciado,0,2026-06-18
2555,518,17,completado,100,2026-09-20
2556,518,18,en_progreso,10,2026-09-21
2557,518,19,no_iniciado,0,2026-06-09
2558,518,20,no_iniciado,0,2026-06-09
2559,519,1,completado,100,2026-09-20
2560,519,2,no_iniciado,0,2026-06-28
2561,519,3,no_iniciado,0,2026-06-28
2562,519,4,no_iniciado,0,2026-06-28
2563,520,38,completado,100,2026-09-19
2564,520,39,completado,100,2026-09-21
2565,520,40,en_progreso,10,2026-09-21
2566,520,41,no_iniciado,0,2026-07-28
2567,520,42,no_iniciado,0,2026-07-28
2568,520,43,no_iniciado,0,2026-07-28
2569,521,56,completado,100,2026-09-17
2570,521,57,abandonado,10,2026-09-18
2571,521,58,no_iniciado,0,2026-07-25
2572,521,59,no_iniciado,0,2026-07-25
2573,521,60,no_iniciado,0,2026-07-25
2574,522,9,abandonado,26.13,2026-09-18
2575,522,10,no_iniciado,0,2026-07-19
2576,522,11,no_iniciado,0,2026-07-19
2577,522,12,no_iniciado,0,2026-07-19
2578,523,32,completado,100,2026-09-20
2579,523,33,en_progreso,42.73,2026-09-21
2580,523,34,no_iniciado,0,2026-05-09
2581,523,35,no_iniciado,0,2026-05-09
2582,523,36,no_iniciado,0,2026-05-09
2583,523,37,no_iniciado,0,2026-05-09
2584,524,5,abandonado,10,2026-09-17
2585,524,6,no_iniciado,0,2026-09-07
2586,524,7,no_iniciado,0,2026-09-07
2587,524,8,no_iniciado,0,2026-09-07
2588,525,1,completado,100,2026-09-18
2589,525,2,en_progreso,30.97,2026-09-20
2590,525,3,no_iniciado,0,2026-07-20
2591,525,4,no_iniciado,0,2026-07-20
2592,526,17,completado,100,2026-09-20
2593,526,18,completado,100,2026-09-21
2594,526,19,en_progreso,10,2026-09-21
2595,526,20,no_iniciado,0,2026-09-14
2596,527,32,abandonado,53.42,2026-09-21
2597,527,33,no_iniciado,0,2026-06-21
2598,527,34,no_iniciado,0,2026-06-21
2599,527,35,no_iniciado,0,2026-06-21
2600,527,36,no_iniciado,0,2026-06-21
2601,527,37,no_iniciado,0,2026-06-21
2602,528,50,completado,100,2026-09-18
2603,528,51,en_progreso,58.17,2026-09-21
2604,528,52,no_iniciado,0,2026-05-29
2605,528,53,no_iniciado,0,2026-05-29
2606,528,54,no_iniciado,0,2026-05-29
2607,528,55,no_iniciado,0,2026-05-29
2608,529,21,completado,100,2026-09-18
2609,529,22,en_progreso,45.07,2026-09-21
2610,529,23,no_iniciado,0,2026-06-30
2611,529,24,no_iniciado,0,2026-06-30
2612,529,25,no_iniciado,0,2026-06-30
2613,529,26,no_iniciado,0,2026-06-30
2614,529,27,no_iniciado,0,2026-06-30
2615,530,9,completado,100,2026-09-20
2616,530,10,en_progreso,31.82,2026-09-21
2617,530,11,no_iniciado,0,2026-06-19
2618,530,12,no_iniciado,0,2026-06-19
2619,531,17,abandonado,41.66,2026-09-18
2620,531,18,no_iniciado,0,2026-07-09
2621,531,19,no_iniciado,0,2026-07-09
2622,531,20,no_iniciado,0,2026-07-09
2623,532,5,completado,100,2026-09-19
2624,532,6,completado,100,2026-09-21
2625,532,7,no_iniciado,0,2026-04-28
2626,532,8,no_iniciado,0,2026-04-28
2627,533,56,completado,100,2026-09-19
2628,533,57,completado,100,2026-09-21
2629,533,58,en_progreso,10,2026-09-21
2630,533,59,no_iniciado,0,2026-08-07
2631,533,60,no_iniciado,0,2026-08-07
2632,534,32,completado,100,2026-09-17
2633,534,33,abandonado,44.75,2026-09-19
2634,534,34,no_iniciado,0,2026-06-01
2635,534,35,no_iniciado,0,2026-06-01
2636,534,36,no_iniciado,0,2026-06-01
2637,534,37,no_iniciado,0,2026-06-01
2638,535,5,en_progreso,30.83,2026-09-20
2639,535,6,no_iniciado,0,2026-09-10
2640,535,7,no_iniciado,0,2026-09-10
2641,535,8,no_iniciado,0,2026-09-10
2642,536,50,en_progreso,21.23,2026-09-21
2643,536,51,no_iniciado,0,2026-05-18
2644,536,52,no_iniciado,0,2026-05-18
2645,536,53,no_iniciado,0,2026-05-18
2646,536,54,no_iniciado,0,2026-05-18
2647,536,55,no_iniciado,0,2026-05-18
2648,537,56,abandonado,10,2026-09-18
2649,537,57,no_iniciado,0,2026-04-23
2650,537,58,no_iniciado,0,2026-04-23
2651,537,59,no_iniciado,0,2026-04-23
2652,537,60,no_iniciado,0,2026-04-23
2653,538,1,en_progreso,85.76,2026-09-21
2654,538,2,no_iniciado,0,2026-06-09
2655,538,3,no_iniciado,0,2026-06-09
2656,538,4,no_iniciado,0,2026-06-09
2657,539,9,completado,100,2026-09-18
2658,539,10,completado,100,2026-09-21
2659,539,11,completado,100,2026-09-21
2660,539,12,no_iniciado,0,2026-08-05
2661,540,17,abandonado,10,2026-09-19
2662,540,18,no_iniciado,0,2026-08-11
2663,540,19,no_iniciado,0,2026-08-11
2664,540,20,no_iniciado,0,2026-08-11
2665,541,5,completado,100,2026-09-20
2666,541,6,completado,100,2026-09-21
2667,541,7,no_iniciado,0,2026-08-10
2668,541,8,no_iniciado,0,2026-08-10
2669,542,13,completado,100,2026-09-20
2670,542,14,completado,100,2026-09-21
2671,542,15,en_progreso,31.32,2026-09-21
2672,542,16,no_iniciado,0,2026-09-06
2673,543,38,abandonado,32.22,2026-09-21
2674,543,39,no_iniciado,0,2026-07-10
2675,543,40,no_iniciado,0,2026-07-10
2676,543,41,no_iniciado,0,2026-07-10
2677,543,42,no_iniciado,0,2026-07-10
2678,543,43,no_iniciado,0,2026-07-10
2679,544,44,completado,100,2026-09-19
2680,544,45,completado,100,2026-09-20
2681,544,46,no_iniciado,0,2026-06-16
2682,544,47,no_iniciado,0,2026-06-16
2683,544,48,no_iniciado,0,2026-06-16
2684,544,49,no_iniciado,0,2026-06-16
2685,545,56,en_progreso,68.44,2026-09-20
2686,545,57,no_iniciado,0,2026-05-19
2687,545,58,no_iniciado,0,2026-05-19
2688,545,59,no_iniciado,0,2026-05-19
2689,545,60,no_iniciado,0,2026-05-19
2690,546,13,abandonado,10,2026-09-17
2691,546,14,no_iniciado,0,2026-05-28
2692,546,15,no_iniciado,0,2026-05-28
2693,546,16,no_iniciado,0,2026-05-28
2694,547,38,completado,100,2026-09-21
2695,547,39,no_iniciado,0,2026-06-23
2696,547,40,no_iniciado,0,2026-06-23
2697,547,41,no_iniciado,0,2026-06-23
2698,547,42,no_iniciado,0,2026-06-23
2699,547,43,no_iniciado,0,2026-06-23
2700,548,28,en_progreso,10,2026-09-19
2701,548,29,no_iniciado,0,2026-06-03
2702,548,30,no_iniciado,0,2026-06-03
2703,548,31,no_iniciado,0,2026-06-03
2704,549,32,en_progreso,69.38,2026-09-21
2705,549,33,no_iniciado,0,2026-07-02
2706,549,34,no_iniciado,0,2026-07-02
2707,549,35,no_iniciado,0,2026-07-02
2708,549,36,no_iniciado,0,2026-07-02
2709,549,37,no_iniciado,0,2026-07-02
2710,550,17,completado,100,2026-09-17
2711,550,18,en_progreso,91.19,2026-09-21
2712,550,19,no_iniciado,0,2026-08-08
2713,550,20,no_iniciado,0,2026-08-08
2714,551,28,abandonado,67.33,2026-09-20
2715,551,29,no_iniciado,0,2026-06-06
2716,551,30,no_iniciado,0,2026-06-06
2717,551,31,no_iniciado,0,2026-06-06
2718,552,17,abandonado,45.28,2026-09-19
2719,552,18,no_iniciado,0,2026-07-25
2720,552,19,no_iniciado,0,2026-07-25
2721,552,20,no_iniciado,0,2026-07-25
2722,553,44,en_progreso,92.36,2026-09-20
2723,553,45,no_iniciado,0,2026-08-04
2724,553,46,no_iniciado,0,2026-08-04
2725,553,47,no_iniciado,0,2026-08-04
2726,553,48,no_iniciado,0,2026-08-04
2727,553,49,no_iniciado,0,2026-08-04
2728,554,1,completado,100,2026-09-18
2729,554,2,abandonado,76.87,2026-09-21
2730,554,3,no_iniciado,0,2026-08-25
2731,554,4,no_iniciado,0,2026-08-25
2732,555,44,completado,100,2026-09-20
2733,555,45,completado,100,2026-09-21
2734,555,46,no_iniciado,0,2026-08-30
2735,555,47,no_iniciado,0,2026-08-30
2736,555,48,no_iniciado,0,2026-08-30
2737,555,49,no_iniciado,0,2026-08-30
2738,556,5,abandonado,10,2026-09-18
2739,556,6,no_iniciado,0,2026-06-24
2740,556,7,no_iniciado,0,2026-06-24
2741,556,8,no_iniciado,0,2026-06-24
2742,557,50,completado,100,2026-09-17
2743,557,51,completado,100,2026-09-19
2744,557,52,completado,100,2026-09-20
2745,557,53,no_iniciado,0,2026-06-08
2746,557,54,no_iniciado,0,2026-06-08
2747,557,55,no_iniciado,0,2026-06-08
2748,558,17,completado,100,2026-09-18
2749,558,18,completado,100,2026-09-19
2750,558,19,completado,100,2026-09-20
2751,558,20,en_progreso,10,2026-09-21
2752,559,5,completado,100,2026-09-20
2753,559,6,completado,100,2026-09-20
2754,559,7,en_progreso,10,2026-09-21
2755,559,8,no_iniciado,0,2026-07-23
2756,560,9,completado,100,2026-09-20
2757,560,10,en_progreso,10,2026-09-21
2758,560,11,no_iniciado,0,2026-09-07
2759,560,12,no_iniciado,0,2026-09-07
2760,561,13,completado,100,2026-09-18
2761,561,14,en_progreso,32.98,2026-09-21
2762,561,15,no_iniciado,0,2026-08-22
2763,561,16,no_iniciado,0,2026-08-22
2764,562,38,en_progreso,30.36,2026-09-21
2765,562,39,no_iniciado,0,2026-09-10
2766,562,40,no_iniciado,0,2026-09-10
2767,562,41,no_iniciado,0,2026-09-10
2768,562,42,no_iniciado,0,2026-09-10
2769,562,43,no_iniciado,0,2026-09-10
2770,563,9,completado,100,2026-09-19
2771,563,10,completado,100,2026-09-20
2772,563,11,en_progreso,30.33,2026-09-21
2773,563,12,no_iniciado,0,2026-07-24
2774,564,28,completado,100,2026-09-20
2775,564,29,completado,100,2026-09-21
2776,564,30,en_progreso,25.7,2026-09-21
2777,564,31,no_iniciado,0,2026-07-18
2778,565,56,completado,100,2026-09-18
2779,565,57,abandonado,10,2026-09-19
2780,565,58,no_iniciado,0,2026-05-22
2781,565,59,no_iniciado,0,2026-05-22
2782,565,60,no_iniciado,0,2026-05-22
2783,566,44,completado,100,2026-09-20
2784,566,45,en_progreso,29.04,2026-09-21
2785,566,46,no_iniciado,0,2026-09-09
2786,566,47,no_iniciado,0,2026-09-09
2787,566,48,no_iniciado,0,2026-09-09
2788,566,49,no_iniciado,0,2026-09-09
2789,567,17,completado,100,2026-09-18
2790,567,18,completado,100,2026-09-21
2791,567,19,no_iniciado,0,2026-06-27
2792,567,20,no_iniciado,0,2026-06-27
2793,568,1,en_progreso,95,2026-09-21
2794,568,2,no_iniciado,0,2026-05-22
2795,568,3,no_iniciado,0,2026-05-22
2796,568,4,no_iniciado,0,2026-05-22
2797,569,17,completado,100,2026-09-19
2798,569,18,en_progreso,22.75,2026-09-21
2799,569,19,no_iniciado,0,2026-05-17
2800,569,20,no_iniciado,0,2026-05-17
2801,570,17,abandonado,50.14,2026-09-20
2802,570,18,no_iniciado,0,2026-09-06
2803,570,19,no_iniciado,0,2026-09-06
2804,570,20,no_iniciado,0,2026-09-06
2805,571,32,en_progreso,54.5,2026-09-21
2806,571,33,no_iniciado,0,2026-08-04
2807,571,34,no_iniciado,0,2026-08-04
2808,571,35,no_iniciado,0,2026-08-04
2809,571,36,no_iniciado,0,2026-08-04
2810,571,37,no_iniciado,0,2026-08-04
2811,572,5,en_progreso,95,2026-09-21
2812,572,6,no_iniciado,0,2026-07-23
2813,572,7,no_iniciado,0,2026-07-23
2814,572,8,no_iniciado,0,2026-07-23
2815,573,13,abandonado,52.29,2026-09-19
2816,573,14,no_iniciado,0,2026-05-25
2817,573,15,no_iniciado,0,2026-05-25
2818,573,16,no_iniciado,0,2026-05-25
2819,574,17,abandonado,23.37,2026-09-18
2820,574,18,no_iniciado,0,2026-08-03
2821,574,19,no_iniciado,0,2026-08-03
2822,574,20,no_iniciado,0,2026-08-03
2823,575,44,abandonado,73.61,2026-09-20
2824,575,45,no_iniciado,0,2026-08-22
2825,575,46,no_iniciado,0,2026-08-22
2826,575,47,no_iniciado,0,2026-08-22
2827,575,48,no_iniciado,0,2026-08-22
2828,575,49,no_iniciado,0,2026-08-22
2829,576,13,en_progreso,95,2026-09-21
2830,576,14,no_iniciado,0,2026-05-01
2831,576,15,no_iniciado,0,2026-05-01
2832,576,16,no_iniciado,0,2026-05-01
2833,577,28,abandonado,10,2026-09-18
2834,577,29,no_iniciado,0,2026-07-30
2835,577,30,no_iniciado,0,2026-07-30
2836,577,31,no_iniciado,0,2026-07-30
2837,578,5,completado,100,2026-09-18
2838,578,6,no_iniciado,0,2026-04-26
2839,578,7,no_iniciado,0,2026-04-26
2840,578,8,no_iniciado,0,2026-04-26
2841,579,13,en_progreso,37.16,2026-09-21
2842,579,14,no_iniciado,0,2026-05-04
2843,579,15,no_iniciado,0,2026-05-04
2844,579,16,no_iniciado,0,2026-05-04
2845,580,50,en_progreso,68.64,2026-09-21
2846,580,51,no_iniciado,0,2026-08-27
2847,580,52,no_iniciado,0,2026-08-27
2848,580,53,no_iniciado,0,2026-08-27
2849,580,54,no_iniciado,0,2026-08-27
2850,580,55,no_iniciado,0,2026-08-27
2851,581,9,completado,100,2026-09-17
2852,581,10,completado,100,2026-09-20
2853,581,11,completado,100,2026-09-21
2854,581,12,no_iniciado,0,2026-04-29
2855,582,9,en_progreso,93.71,2026-09-21
2856,582,10,no_iniciado,0,2026-09-15
2857,582,11,no_iniciado,0,2026-09-15
2858,582,12,no_iniciado,0,2026-09-15
2859,583,5,completado,100,2026-09-19
2860,583,6,abandonado,10,2026-09-20
2861,583,7,no_iniciado,0,2026-04-21
2862,583,8,no_iniciado,0,2026-04-21
2863,584,9,completado,100,2026-09-19
2864,584,10,completado,100,2026-09-20
2865,584,11,en_progreso,29.15,2026-09-21
2866,584,12,no_iniciado,0,2026-07-09
2867,585,44,completado,100,2026-09-17
2868,585,45,completado,100,2026-09-19
2869,585,46,completado,100,2026-09-21
2870,585,47,en_progreso,10,2026-09-21
2871,585,48,no_iniciado,0,2026-05-16
2872,585,49,no_iniciado,0,2026-05-16
2873,586,56,completado,100,2026-09-20
2874,586,57,no_iniciado,0,2026-08-20
2875,586,58,no_iniciado,0,2026-08-20
2876,586,59,no_iniciado,0,2026-08-20
2877,586,60,no_iniciado,0,2026-08-20
2878,587,32,en_progreso,31.82,2026-09-21
2879,587,33,no_iniciado,0,2026-06-03
2880,587,34,no_iniciado,0,2026-06-03
2881,587,35,no_iniciado,0,2026-06-03
2882,587,36,no_iniciado,0,2026-06-03
2883,587,37,no_iniciado,0,2026-06-03
2884,588,5,abandonado,10,2026-09-20
2885,588,6,no_iniciado,0,2026-05-03
2886,588,7,no_iniciado,0,2026-05-03
2887,588,8,no_iniciado,0,2026-05-03
2888,589,56,completado,100,2026-09-21
2889,589,57,no_iniciado,0,2026-09-04
2890,589,58,no_iniciado,0,2026-09-04
2891,589,59,no_iniciado,0,2026-09-04
2892,589,60,no_iniciado,0,2026-09-04
2893,590,17,completado,100,2026-09-17
2894,590,18,completado,100,2026-09-19
2895,590,19,completado,100,2026-09-20
2896,590,20,en_progreso,10,2026-09-21
2897,591,28,completado,100,2026-09-20
2898,591,29,en_progreso,10,2026-09-21
2899,591,30,no_iniciado,0,2026-04-21
2900,591,31,no_iniciado,0,2026-04-21
2901,592,17,en_progreso,95,2026-09-21
2902,592,18,no_iniciado,0,2026-06-01
2903,592,19,no_iniciado,0,2026-06-01
2904,592,20,no_iniciado,0,2026-06-01
2905,593,38,completado,100,2026-09-17
2906,593,39,completado,100,2026-09-20
2907,593,40,no_iniciado,0,2026-07-27
2908,593,41,no_iniciado,0,2026-07-27
2909,593,42,no_iniciado,0,2026-07-27
2910,593,43,no_iniciado,0,2026-07-27
2911,594,32,completado,100,2026-09-21
2912,594,33,no_iniciado,0,2026-07-17
2913,594,34,no_iniciado,0,2026-07-17
2914,594,35,no_iniciado,0,2026-07-17
2915,594,36,no_iniciado,0,2026-07-17
2916,594,37,no_iniciado,0,2026-07-17
2917,595,56,abandonado,10,2026-09-17
2918,595,57,no_iniciado,0,2026-07-01
2919,595,58,no_iniciado,0,2026-07-01
2920,595,59,no_iniciado,0,2026-07-01
2921,595,60,no_iniciado,0,2026-07-01
2922,596,5,completado,100,2026-09-19
2923,596,6,abandonado,10,2026-09-21
2924,596,7,no_iniciado,0,2026-05-01
2925,596,8,no_iniciado,0,2026-05-01
2926,597,1,completado,100,2026-09-19
2927,597,2,en_progreso,95,2026-09-21
2928,597,3,no_iniciado,0,2026-08-17
2929,597,4,no_iniciado,0,2026-08-17
2930,598,28,completado,100,2026-09-18
2931,598,29,en_progreso,92.46,2026-09-21
2932,598,30,no_iniciado,0,2026-08-21
2933,598,31,no_iniciado,0,2026-08-21
2934,599,21,completado,100,2026-09-18
2935,599,22,abandonado,33.83,2026-09-20
2936,599,23,no_iniciado,0,2026-08-27
2937,599,24,no_iniciado,0,2026-08-27
2938,599,25,no_iniciado,0,2026-08-27
2939,599,26,no_iniciado,0,2026-08-27
2940,599,27,no_iniciado,0,2026-08-27
2941,600,17,completado,100,2026-09-19
2942,600,18,completado,100,2026-09-21
2943,600,19,no_iniciado,0,2026-08-17
2944,600,20,no_iniciado,0,2026-08-17
2945,601,1,en_progreso,95,2026-09-21
2946,601,2,no_iniciado,0,2026-07-22
2947,601,3,no_iniciado,0,2026-07-22
2948,601,4,no_iniciado,0,2026-07-22
2949,602,5,abandonado,10,2026-09-18
2950,602,6,no_iniciado,0,2026-08-26
2951,602,7,no_iniciado,0,2026-08-26
2952,602,8,no_iniciado,0,2026-08-26
2953,603,50,completado,100,2026-09-18
2954,603,51,completado,100,2026-09-21
2955,603,52,no_iniciado,0,2026-07-23
2956,603,53,no_iniciado,0,2026-07-23
2957,603,54,no_iniciado,0,2026-07-23
2958,603,55,no_iniciado,0,2026-07-23
2959,604,44,completado,100,2026-09-18
2960,604,45,completado,100,2026-09-18
2961,604,46,abandonado,10,2026-09-19
2962,604,47,no_iniciado,0,2026-04-23
2963,604,48,no_iniciado,0,2026-04-23
2964,604,49,no_iniciado,0,2026-04-23
2965,605,1,completado,100,2026-09-21
2966,605,2,no_iniciado,0,2026-04-21
2967,605,3,no_iniciado,0,2026-04-21
2968,605,4,no_iniciado,0,2026-04-21
2969,606,17,completado,100,2026-09-19
2970,606,18,completado,100,2026-09-21
2971,606,19,completado,100,2026-09-21
2972,606,20,en_progreso,10,2026-09-21
2973,607,1,completado,100,2026-09-19
2974,607,2,completado,100,2026-09-20
2975,607,3,en_progreso,10,2026-09-21
2976,607,4,no_iniciado,0,2026-08-05
2977,608,9,en_progreso,86.66,2026-09-21
2978,608,10,no_iniciado,0,2026-07-08
2979,608,11,no_iniciado,0,2026-07-08
2980,608,12,no_iniciado,0,2026-07-08
2981,609,32,completado,100,2026-09-19
2982,609,33,en_progreso,48.06,2026-09-21
2983,609,34,no_iniciado,0,2026-04-22
2984,609,35,no_iniciado,0,2026-04-22
2985,609,36,no_iniciado,0,2026-04-22
2986,609,37,no_iniciado,0,2026-04-22
2987,610,50,abandonado,53.44,2026-09-19
2988,610,51,no_iniciado,0,2026-04-23
2989,610,52,no_iniciado,0,2026-04-23
2990,610,53,no_iniciado,0,2026-04-23
2991,610,54,no_iniciado,0,2026-04-23
2992,610,55,no_iniciado,0,2026-04-23
2993,611,32,en_progreso,71.25,2026-09-21
2994,611,33,no_iniciado,0,2026-07-31
2995,611,34,no_iniciado,0,2026-07-31
2996,611,35,no_iniciado,0,2026-07-31
2997,611,36,no_iniciado,0,2026-07-31
2998,611,37,no_iniciado,0,2026-07-31
2999,612,17,completado,100,2026-09-21
3000,612,18,no_iniciado,0,2026-09-07
3001,612,19,no_iniciado,0,2026-09-07
3002,612,20,no_iniciado,0,2026-09-07
3003,613,44,abandonado,94.72,2026-09-21
3004,613,45,no_iniciado,0,2026-06-12
3005,613,46,no_iniciado,0,2026-06-12
3006,613,47,no_iniciado,0,2026-06-12
3007,613,48,no_iniciado,0,2026-06-12
3008,613,49,no_iniciado,0,2026-06-12
3009,614,50,completado,100,2026-09-18
3010,614,51,en_progreso,25.23,2026-09-20
3011,614,52,no_iniciado,0,2026-08-02
3012,614,53,no_iniciado,0,2026-08-02
3013,614,54,no_iniciado,0,2026-08-02
3014,614,55,no_iniciado,0,2026-08-02
3015,615,32,en_progreso,27.58,2026-09-20
3016,615,33,no_iniciado,0,2026-06-14
3017,615,34,no_iniciado,0,2026-06-14
3018,615,35,no_iniciado,0,2026-06-14
3019,615,36,no_iniciado,0,2026-06-14
3020,615,37,no_iniciado,0,2026-06-14
3021,616,32,abandonado,51.5,2026-09-21
3022,616,33,no_iniciado,0,2026-04-23
3023,616,34,no_iniciado,0,2026-04-23
3024,616,35,no_iniciado,0,2026-04-23
3025,616,36,no_iniciado,0,2026-04-23
3026,616,37,no_iniciado,0,2026-04-23
3027,617,28,en_progreso,53.37,2026-09-21
3028,617,29,no_iniciado,0,2026-07-26
3029,617,30,no_iniciado,0,2026-07-26
3030,617,31,no_iniciado,0,2026-07-26
3031,618,21,abandonado,10,2026-09-18
3032,618,22,no_iniciado,0,2026-09-02
3033,618,23,no_iniciado,0,2026-09-02
3034,618,24,no_iniciado,0,2026-09-02
3035,618,25,no_iniciado,0,2026-09-02
3036,618,26,no_iniciado,0,2026-09-02
3037,618,27,no_iniciado,0,2026-09-02
3038,619,50,en_progreso,95,2026-09-21
3039,619,51,no_iniciado,0,2026-08-28
3040,619,52,no_iniciado,0,2026-08-28
3041,619,53,no_iniciado,0,2026-08-28
3042,619,54,no_iniciado,0,2026-08-28
3043,619,55,no_iniciado,0,2026-08-28
3044,620,5,abandonado,95,2026-09-21
3045,620,6,no_iniciado,0,2026-07-12
3046,620,7,no_iniciado,0,2026-07-12
3047,620,8,no_iniciado,0,2026-07-12
3048,621,21,abandonado,10,2026-09-17
3049,621,22,no_iniciado,0,2026-05-24
3050,621,23,no_iniciado,0,2026-05-24
3051,621,24,no_iniciado,0,2026-05-24
3052,621,25,no_iniciado,0,2026-05-24
3053,621,26,no_iniciado,0,2026-05-24
3054,621,27,no_iniciado,0,2026-05-24
3055,622,56,completado,100,2026-09-20
3056,622,57,en_progreso,24.45,2026-09-21
3057,622,58,no_iniciado,0,2026-05-10
3058,622,59,no_iniciado,0,2026-05-10
3059,622,60,no_iniciado,0,2026-05-10
3060,623,32,completado,100,2026-09-20
3061,623,33,no_iniciado,0,2026-05-08
3062,623,34,no_iniciado,0,2026-05-08
3063,623,35,no_iniciado,0,2026-05-08
3064,623,36,no_iniciado,0,2026-05-08
3065,623,37,no_iniciado,0,2026-05-08
3066,624,50,en_progreso,95,2026-09-21
3067,624,51,no_iniciado,0,2026-07-30
3068,624,52,no_iniciado,0,2026-07-30
3069,624,53,no_iniciado,0,2026-07-30
3070,624,54,no_iniciado,0,2026-07-30
3071,624,55,no_iniciado,0,2026-07-30
3072,625,28,abandonado,22.62,2026-09-20
3073,625,29,no_iniciado,0,2026-05-18
3074,625,30,no_iniciado,0,2026-05-18
3075,625,31,no_iniciado,0,2026-05-18
3076,626,1,en_progreso,82.3,2026-09-20
3077,626,2,no_iniciado,0,2026-06-05
3078,626,3,no_iniciado,0,2026-06-05
3079,626,4,no_iniciado,0,2026-06-05
3080,627,32,completado,100,2026-09-21
3081,627,33,en_progreso,10,2026-09-21
3082,627,34,no_iniciado,0,2026-05-27
3083,627,35,no_iniciado,0,2026-05-27
3084,627,36,no_iniciado,0,2026-05-27
3085,627,37,no_iniciado,0,2026-05-27
3086,628,5,en_progreso,93.49,2026-09-21
3087,628,6,no_iniciado,0,2026-08-18
3088,628,7,no_iniciado,0,2026-08-18
3089,628,8,no_iniciado,0,2026-08-18
3090,629,17,completado,100,2026-09-18
3091,629,18,completado,100,2026-09-20
3092,629,19,completado,100,2026-09-21
3093,629,20,no_iniciado,0,2026-07-31
3094,630,21,completado,100,2026-09-20
3095,630,22,abandonado,10,2026-09-21
3096,630,23,no_iniciado,0,2026-06-08
3097,630,24,no_iniciado,0,2026-06-08
3098,630,25,no_iniciado,0,2026-06-08
3099,630,26,no_iniciado,0,2026-06-08
3100,630,27,no_iniciado,0,2026-06-08
3101,631,28,en_progreso,51.7,2026-09-21
3102,631,29,no_iniciado,0,2026-06-27
3103,631,30,no_iniciado,0,2026-06-27
3104,631,31,no_iniciado,0,2026-06-27
3105,632,1,abandonado,10,2026-09-19
3106,632,2,no_iniciado,0,2026-06-10
3107,632,3,no_iniciado,0,2026-06-10
3108,632,4,no_iniciado,0,2026-06-10
3109,633,50,completado,100,2026-09-21
3110,633,51,no_iniciado,0,2026-07-06
3111,633,52,no_iniciado,0,2026-07-06
3112,633,53,no_iniciado,0,2026-07-06
3113,633,54,no_iniciado,0,2026-07-06
3114,633,55,no_iniciado,0,2026-07-06
3115,634,38,abandonado,10,2026-09-18
3116,634,39,no_iniciado,0,2026-05-05
3117,634,40,no_iniciado,0,2026-05-05
3118,634,41,no_iniciado,0,2026-05-05
3119,634,42,no_iniciado,0,2026-05-05
3120,634,43,no_iniciado,0,2026-05-05
3121,635,28,completado,100,2026-09-19
3122,635,29,completado,100,2026-09-21
3123,635,30,en_progreso,10,2026-09-21
3124,635,31,no_iniciado,0,2026-07-01
3125,636,1,abandonado,10,2026-09-18
3126,636,2,no_iniciado,0,2026-07-07
3127,636,3,no_iniciado,0,2026-07-07
3128,636,4,no_iniciado,0,2026-07-07
3129,637,38,completado,100,2026-09-17
3130,637,39,completado,100,2026-09-19
3131,637,40,en_progreso,10,2026-09-19
3132,637,41,no_iniciado,0,2026-07-18
3133,637,42,no_iniciado,0,2026-07-18
3134,637,43,no_iniciado,0,2026-07-18
3135,638,44,completado,100,2026-09-20
3136,638,45,abandonado,22.89,2026-09-21
3137,638,46,no_iniciado,0,2026-08-07
3138,638,47,no_iniciado,0,2026-08-07
3139,638,48,no_iniciado,0,2026-08-07
3140,638,49,no_iniciado,0,2026-08-07
3141,639,32,en_progreso,95,2026-09-21
3142,639,33,no_iniciado,0,2026-06-06
3143,639,34,no_iniciado,0,2026-06-06
3144,639,35,no_iniciado,0,2026-06-06
3145,639,36,no_iniciado,0,2026-06-06
3146,639,37,no_iniciado,0,2026-06-06
3147,640,32,completado,100,2026-09-19
3148,640,33,en_progreso,50.9,2026-09-21
3149,640,34,no_iniciado,0,2026-09-02
3150,640,35,no_iniciado,0,2026-09-02
3151,640,36,no_iniciado,0,2026-09-02
3152,640,37,no_iniciado,0,2026-09-02
3153,641,1,completado,100,2026-09-18
3154,641,2,completado,100,2026-09-19
3155,641,3,completado,100,2026-09-20
3156,641,4,completado,100,2026-09-21
3157,642,13,completado,100,2026-09-19
3158,642,14,completado,100,2026-09-21
3159,642,15,no_iniciado,0,2026-06-17
3160,642,16,no_iniciado,0,2026-06-17
3161,643,38,en_progreso,81.39,2026-09-21
3162,643,39,no_iniciado,0,2026-08-30
3163,643,40,no_iniciado,0,2026-08-30
3164,643,41,no_iniciado,0,2026-08-30
3165,643,42,no_iniciado,0,2026-08-30
3166,643,43,no_iniciado,0,2026-08-30
3167,644,9,abandonado,65.42,2026-09-21
3168,644,10,no_iniciado,0,2026-05-05
3169,644,11,no_iniciado,0,2026-05-05
3170,644,12,no_iniciado,0,2026-05-05
3171,645,32,completado,100,2026-09-21
3172,645,33,en_progreso,53.43,2026-09-21
3173,645,34,no_iniciado,0,2026-08-24
3174,645,35,no_iniciado,0,2026-08-24
3175,645,36,no_iniciado,0,2026-08-24
3176,645,37,no_iniciado,0,2026-08-24
3177,646,56,completado,100,2026-09-17
3178,646,57,completado,100,2026-09-21
3179,646,58,no_iniciado,0,2026-08-24
3180,646,59,no_iniciado,0,2026-08-24
3181,646,60,no_iniciado,0,2026-08-24
3182,647,1,completado,100,2026-09-20
3183,647,2,completado,100,2026-09-21
3184,647,3,no_iniciado,0,2026-09-14
3185,647,4,no_iniciado,0,2026-09-14
3186,648,44,completado,100,2026-09-19
3187,648,45,completado,100,2026-09-21
3188,648,46,no_iniciado,0,2026-04-26
3189,648,47,no_iniciado,0,2026-04-26
3190,648,48,no_iniciado,0,2026-04-26
3191,648,49,no_iniciado,0,2026-04-26
3192,649,13,completado,100,2026-09-18
3193,649,14,abandonado,10,2026-09-19
3194,649,15,no_iniciado,0,2026-05-08
3195,649,16,no_iniciado,0,2026-05-08
3196,650,9,completado,100,2026-09-19
3197,650,10,en_progreso,55.13,2026-09-21
3198,650,11,no_iniciado,0,2026-07-07
3199,650,12,no_iniciado,0,2026-07-07
3200,651,38,completado,100,2026-09-21
3201,651,39,en_progreso,24.71,2026-09-21
3202,651,40,no_iniciado,0,2026-07-02
3203,651,41,no_iniciado,0,2026-07-02
3204,651,42,no_iniciado,0,2026-07-02
3205,651,43,no_iniciado,0,2026-07-02
3206,652,1,abandonado,44.24,2026-09-19
3207,652,2,no_iniciado,0,2026-07-02
3208,652,3,no_iniciado,0,2026-07-02
3209,652,4,no_iniciado,0,2026-07-02
3210,653,28,en_progreso,95,2026-09-21
3211,653,29,no_iniciado,0,2026-08-05
3212,653,30,no_iniciado,0,2026-08-05
3213,653,31,no_iniciado,0,2026-08-05
3214,654,5,en_progreso,47.24,2026-09-21
3215,654,6,no_iniciado,0,2026-07-21
3216,654,7,no_iniciado,0,2026-07-21
3217,654,8,no_iniciado,0,2026-07-21
3218,655,13,abandonado,10,2026-09-17
3219,655,14,no_iniciado,0,2026-04-30
3220,655,15,no_iniciado,0,2026-04-30
3221,655,16,no_iniciado,0,2026-04-30
3222,656,32,completado,100,2026-09-20
3223,656,33,en_progreso,27.58,2026-09-20
3224,656,34,no_iniciado,0,2026-08-21
3225,656,35,no_iniciado,0,2026-08-21
3226,656,36,no_iniciado,0,2026-08-21
3227,656,37,no_iniciado,0,2026-08-21
3228,657,50,completado,100,2026-09-17
3229,657,51,en_progreso,10,2026-09-20
3230,657,52,no_iniciado,0,2026-04-21
3231,657,53,no_iniciado,0,2026-04-21
3232,657,54,no_iniciado,0,2026-04-21
3233,657,55,no_iniciado,0,2026-04-21
3234,658,32,en_progreso,50.8,2026-09-20
3235,658,33,no_iniciado,0,2026-09-03
3236,658,34,no_iniciado,0,2026-09-03
3237,658,35,no_iniciado,0,2026-09-03
3238,658,36,no_iniciado,0,2026-09-03
3239,658,37,no_iniciado,0,2026-09-03
3240,659,17,en_progreso,61.82,2026-09-21
3241,659,18,no_iniciado,0,2026-05-23
3242,659,19,no_iniciado,0,2026-05-23
3243,659,20,no_iniciado,0,2026-05-23
3244,660,38,completado,100,2026-09-17
3245,660,39,abandonado,10,2026-09-18
3246,660,40,no_iniciado,0,2026-05-06
3247,660,41,no_iniciado,0,2026-05-06
3248,660,42,no_iniciado,0,2026-05-06
3249,660,43,no_iniciado,0,2026-05-06
3250,661,56,en_progreso,26.8,2026-09-21
3251,661,57,no_iniciado,0,2026-07-26
3252,661,58,no_iniciado,0,2026-07-26
3253,661,59,no_iniciado,0,2026-07-26
3254,661,60,no_iniciado,0,2026-07-26
3255,662,32,completado,100,2026-09-18
3256,662,33,completado,100,2026-09-21
3257,662,34,no_iniciado,0,2026-07-13
3258,662,35,no_iniciado,0,2026-07-13
3259,662,36,no_iniciado,0,2026-07-13
3260,662,37,no_iniciado,0,2026-07-13
3261,663,56,completado,100,2026-09-18
3262,663,57,en_progreso,48.31,2026-09-21
3263,663,58,no_iniciado,0,2026-08-23
3264,663,59,no_iniciado,0,2026-08-23
3265,663,60,no_iniciado,0,2026-08-23
3266,664,32,en_progreso,95,2026-09-20
3267,664,33,no_iniciado,0,2026-06-23
3268,664,34,no_iniciado,0,2026-06-23
3269,664,35,no_iniciado,0,2026-06-23
3270,664,36,no_iniciado,0,2026-06-23
3271,664,37,no_iniciado,0,2026-06-23
3272,665,9,completado,100,2026-09-21
3273,665,10,no_iniciado,0,2026-08-07
3274,665,11,no_iniciado,0,2026-08-07
3275,665,12,no_iniciado,0,2026-08-07
3276,666,28,completado,100,2026-09-21
3277,666,29,en_progreso,10,2026-09-21
3278,666,30,no_iniciado,0,2026-05-08
3279,666,31,no_iniciado,0,2026-05-08
3280,667,13,en_progreso,95,2026-09-21
3281,667,14,no_iniciado,0,2026-07-31
3282,667,15,no_iniciado,0,2026-07-31
3283,667,16,no_iniciado,0,2026-07-31
3284,668,38,completado,100,2026-09-20
3285,668,39,en_progreso,70.13,2026-09-21
3286,668,40,no_iniciado,0,2026-04-28
3287,668,41,no_iniciado,0,2026-04-28
3288,668,42,no_iniciado,0,2026-04-28
3289,668,43,no_iniciado,0,2026-04-28
3290,669,9,completado,100,2026-09-17
3291,669,10,completado,100,2026-09-18
3292,669,11,no_iniciado,0,2026-06-03
3293,669,12,no_iniciado,0,2026-06-03
3294,670,5,abandonado,33.6,2026-09-19
3295,670,6,no_iniciado,0,2026-05-31
3296,670,7,no_iniciado,0,2026-05-31
3297,670,8,no_iniciado,0,2026-05-31
3298,671,28,completado,100,2026-09-21
3299,671,29,no_iniciado,0,2026-09-01
3300,671,30,no_iniciado,0,2026-09-01
3301,671,31,no_iniciado,0,2026-09-01
3302,672,21,completado,100,2026-09-17
3303,672,22,en_progreso,43.02,2026-09-20
3304,672,23,no_iniciado,0,2026-08-08
3305,672,24,no_iniciado,0,2026-08-08
3306,672,25,no_iniciado,0,2026-08-08
3307,672,26,no_iniciado,0,2026-08-08
3308,672,27,no_iniciado,0,2026-08-08
3309,673,17,completado,100,2026-09-18
3310,673,18,abandonado,10,2026-09-20
3311,673,19,no_iniciado,0,2026-07-21
3312,673,20,no_iniciado,0,2026-07-21
3313,674,1,completado,100,2026-09-20
3314,674,2,abandonado,40.31,2026-09-21
3315,674,3,no_iniciado,0,2026-06-11
3316,674,4,no_iniciado,0,2026-06-11
3317,675,56,completado,100,2026-09-20
3318,675,57,completado,100,2026-09-21
3319,675,58,no_iniciado,0,2026-04-29
3320,675,59,no_iniciado,0,2026-04-29
3321,675,60,no_iniciado,0,2026-04-29
3322,676,17,en_progreso,52.1,2026-09-21
3323,676,18,no_iniciado,0,2026-05-04
3324,676,19,no_iniciado,0,2026-05-04
3325,676,20,no_iniciado,0,2026-05-04
3326,677,44,en_progreso,95,2026-09-21
3327,677,45,no_iniciado,0,2026-08-30
3328,677,46,no_iniciado,0,2026-08-30
3329,677,47,no_iniciado,0,2026-08-30
3330,677,48,no_iniciado,0,2026-08-30
3331,677,49,no_iniciado,0,2026-08-30
3332,678,50,abandonado,27.73,2026-09-17
3333,678,51,no_iniciado,0,2026-06-13
3334,678,52,no_iniciado,0,2026-06-13
3335,678,53,no_iniciado,0,2026-06-13
3336,678,54,no_iniciado,0,2026-06-13
3337,678,55,no_iniciado,0,2026-06-13
3338,679,32,completado,100,2026-09-21
3339,679,33,completado,100,2026-09-21
3340,679,34,en_progreso,10,2026-09-21
3341,679,35,no_iniciado,0,2026-08-03
3342,679,36,no_iniciado,0,2026-08-03
3343,679,37,no_iniciado,0,2026-08-03
3344,680,9,completado,100,2026-09-19
3345,680,10,en_progreso,10,2026-09-19
3346,680,11,no_iniciado,0,2026-08-07
3347,680,12,no_iniciado,0,2026-08-07
3348,681,56,completado,100,2026-09-19
3349,681,57,completado,100,2026-09-20
3350,681,58,completado,100,2026-09-20
3351,681,59,completado,100,2026-09-21
3352,681,60,no_iniciado,0,2026-08-25
3353,682,32,en_progreso,95,2026-09-20
3354,682,33,no_iniciado,0,2026-04-26
3355,682,34,no_iniciado,0,2026-04-26
3356,682,35,no_iniciado,0,2026-04-26
3357,682,36,no_iniciado,0,2026-04-26
3358,682,37,no_iniciado,0,2026-04-26
3359,683,21,en_progreso,66.17,2026-09-21
3360,683,22,no_iniciado,0,2026-05-24
3361,683,23,no_iniciado,0,2026-05-24
3362,683,24,no_iniciado,0,2026-05-24
3363,683,25,no_iniciado,0,2026-05-24
3364,683,26,no_iniciado,0,2026-05-24
3365,683,27,no_iniciado,0,2026-05-24
3366,684,50,en_progreso,66.18,2026-09-20
3367,684,51,no_iniciado,0,2026-06-20
3368,684,52,no_iniciado,0,2026-06-20
3369,684,53,no_iniciado,0,2026-06-20
3370,684,54,no_iniciado,0,2026-06-20
3371,684,55,no_iniciado,0,2026-06-20
3372,685,38,en_progreso,87.41,2026-09-21
3373,685,39,no_iniciado,0,2026-04-23
3374,685,40,no_iniciado,0,2026-04-23
3375,685,41,no_iniciado,0,2026-04-23
3376,685,42,no_iniciado,0,2026-04-23
3377,685,43,no_iniciado,0,2026-04-23
3378,686,28,completado,100,2026-09-17
3379,686,29,completado,100,2026-09-20
3380,686,30,en_progreso,61.77,2026-09-21
3381,686,31,no_iniciado,0,2026-05-30
3382,687,32,completado,100,2026-09-21
3383,687,33,en_progreso,10,2026-09-21
3384,687,34,no_iniciado,0,2026-08-11
3385,687,35,no_iniciado,0,2026-08-11
3386,687,36,no_iniciado,0,2026-08-11
3387,687,37,no_iniciado,0,2026-08-11
3388,688,13,completado,100,2026-09-17
3389,688,14,abandonado,10,2026-09-19
3390,688,15,no_iniciado,0,2026-05-17
3391,688,16,no_iniciado,0,2026-05-17
3392,689,56,completado,100,2026-09-18
3393,689,57,completado,100,2026-09-21
3394,689,58,en_progreso,10,2026-09-21
3395,689,59,no_iniciado,0,2026-09-13
3396,689,60,no_iniciado,0,2026-09-13
3397,690,28,completado,100,2026-09-17
3398,690,29,en_progreso,84.28,2026-09-21
3399,690,30,no_iniciado,0,2026-09-05
3400,690,31,no_iniciado,0,2026-09-05
3401,691,13,completado,100,2026-09-21
3402,691,14,en_progreso,10,2026-09-21
3403,691,15,no_iniciado,0,2026-07-06
3404,691,16,no_iniciado,0,2026-07-06
3405,692,56,completado,100,2026-09-18
3406,692,57,completado,100,2026-09-19
3407,692,58,en_progreso,35.68,2026-09-21
3408,692,59,no_iniciado,0,2026-05-04
3409,692,60,no_iniciado,0,2026-05-04
3410,693,21,en_progreso,10,2026-09-21
3411,693,22,no_iniciado,0,2026-06-17
3412,693,23,no_iniciado,0,2026-06-17
3413,693,24,no_iniciado,0,2026-06-17
3414,693,25,no_iniciado,0,2026-06-17
3415,693,26,no_iniciado,0,2026-06-17
3416,693,27,no_iniciado,0,2026-06-17
3417,694,32,en_progreso,55.94,2026-09-20
3418,694,33,no_iniciado,0,2026-05-21
3419,694,34,no_iniciado,0,2026-05-21
3420,694,35,no_iniciado,0,2026-05-21
3421,694,36,no_iniciado,0,2026-05-21
3422,694,37,no_iniciado,0,2026-05-21
3423,695,28,completado,100,2026-09-19
3424,695,29,en_progreso,22.47,2026-09-21
3425,695,30,no_iniciado,0,2026-08-07
3426,695,31,no_iniciado,0,2026-08-07
3427,696,50,en_progreso,95,2026-09-21
3428,696,51,no_iniciado,0,2026-06-05
3429,696,52,no_iniciado,0,2026-06-05
3430,696,53,no_iniciado,0,2026-06-05
3431,696,54,no_iniciado,0,2026-06-05
3432,696,55,no_iniciado,0,2026-06-05
3433,697,50,en_progreso,48.19,2026-09-20
3434,697,51,no_iniciado,0,2026-08-08
3435,697,52,no_iniciado,0,2026-08-08
3436,697,53,no_iniciado,0,2026-08-08
3437,697,54,no_iniciado,0,2026-08-08
3438,697,55,no_iniciado,0,2026-08-08
3439,698,9,abandonado,10,2026-09-18
3440,698,10,no_iniciado,0,2026-07-04
3441,698,11,no_iniciado,0,2026-07-04
3442,698,12,no_iniciado,0,2026-07-04
3443,699,32,completado,100,2026-09-17
3444,699,33,completado,100,2026-09-19
3445,699,34,completado,100,2026-09-20
3446,699,35,en_progreso,10,2026-09-21
3447,699,36,no_iniciado,0,2026-08-29
3448,699,37,no_iniciado,0,2026-08-29
3449,700,9,completado,100,2026-09-18
3450,700,10,en_progreso,95,2026-09-21
3451,700,11,no_iniciado,0,2026-08-02
3452,700,12,no_iniciado,0,2026-08-02
3453,701,44,completado,100,2026-09-20
3454,701,45,en_progreso,10,2026-09-21
3455,701,46,no_iniciado,0,2026-06-23
3456,701,47,no_iniciado,0,2026-06-23
3457,701,48,no_iniciado,0,2026-06-23
3458,701,49,no_iniciado,0,2026-06-23
3459,702,21,en_progreso,95,2026-09-21
3460,702,22,no_iniciado,0,2026-07-03
3461,702,23,no_iniciado,0,2026-07-03
3462,702,24,no_iniciado,0,2026-07-03
3463,702,25,no_iniciado,0,2026-07-03
3464,702,26,no_iniciado,0,2026-07-03
3465,702,27,no_iniciado,0,2026-07-03
3466,703,5,completado,100,2026-09-19
3467,703,6,en_progreso,39.76,2026-09-21
3468,703,7,no_iniciado,0,2026-09-13
3469,703,8,no_iniciado,0,2026-09-13
3470,704,5,en_progreso,41.84,2026-09-21
3471,704,6,no_iniciado,0,2026-09-10
3472,704,7,no_iniciado,0,2026-09-10
3473,704,8,no_iniciado,0,2026-09-10
3474,705,38,en_progreso,61.1,2026-09-21
3475,705,39,no_iniciado,0,2026-05-17
3476,705,40,no_iniciado,0,2026-05-17
3477,705,41,no_iniciado,0,2026-05-17
3478,705,42,no_iniciado,0,2026-05-17
3479,705,43,no_iniciado,0,2026-05-17
3480,706,1,en_progreso,66,2026-09-21
3481,706,2,no_iniciado,0,2026-08-31
3482,706,3,no_iniciado,0,2026-08-31
3483,706,4,no_iniciado,0,2026-08-31
3484,707,9,en_progreso,54.08,2026-09-21
3485,707,10,no_iniciado,0,2026-09-07
3486,707,11,no_iniciado,0,2026-09-07
3487,707,12,no_iniciado,0,2026-09-07
3488,708,50,completado,100,2026-09-19
3489,708,51,en_progreso,79.91,2026-09-21
3490,708,52,no_iniciado,0,2026-05-05
3491,708,53,no_iniciado,0,2026-05-05
3492,708,54,no_iniciado,0,2026-05-05
3493,708,55,no_iniciado,0,2026-05-05
3494,709,9,abandonado,10,2026-09-18
3495,709,10,no_iniciado,0,2026-07-26
3496,709,11,no_iniciado,0,2026-07-26
3497,709,12,no_iniciado,0,2026-07-26
3498,710,32,abandonado,45.53,2026-09-20
3499,710,33,no_iniciado,0,2026-09-11
3500,710,34,no_iniciado,0,2026-09-11
3501,710,35,no_iniciado,0,2026-09-11
3502,710,36,no_iniciado,0,2026-09-11
3503,710,37,no_iniciado,0,2026-09-11
3504,711,21,completado,100,2026-09-17
3505,711,22,completado,100,2026-09-21
3506,711,23,no_iniciado,0,2026-06-26
3507,711,24,no_iniciado,0,2026-06-26
3508,711,25,no_iniciado,0,2026-06-26
3509,711,26,no_iniciado,0,2026-06-26
3510,711,27,no_iniciado,0,2026-06-26
3511,712,44,completado,100,2026-09-21
3512,712,45,no_iniciado,0,2026-04-30
3513,712,46,no_iniciado,0,2026-04-30
3514,712,47,no_iniciado,0,2026-04-30
3515,712,48,no_iniciado,0,2026-04-30
3516,712,49,no_iniciado,0,2026-04-30
3517,713,28,completado,100,2026-09-19
3518,713,29,en_progreso,44.09,2026-09-21
3519,713,30,no_iniciado,0,2026-05-08
3520,713,31,no_iniciado,0,2026-05-08
3521,714,50,completado,100,2026-09-18
3522,714,51,en_progreso,33.86,2026-09-20
3523,714,52,no_iniciado,0,2026-07-13
3524,714,53,no_iniciado,0,2026-07-13
3525,714,54,no_iniciado,0,2026-07-13
3526,714,55,no_iniciado,0,2026-07-13
3527,715,5,completado,100,2026-09-18
3528,715,6,abandonado,33.63,2026-09-21
3529,715,7,no_iniciado,0,2026-06-04
3530,715,8,no_iniciado,0,2026-06-04
3531,716,50,completado,100,2026-09-21
3532,716,51,en_progreso,10,2026-09-21
3533,716,52,no_iniciado,0,2026-05-04
3534,716,53,no_iniciado,0,2026-05-04
3535,716,54,no_iniciado,0,2026-05-04
3536,716,55,no_iniciado,0,2026-05-04
3537,717,38,abandonado,95,2026-09-19
3538,717,39,no_iniciado,0,2026-06-25
3539,717,40,no_iniciado,0,2026-06-25
3540,717,41,no_iniciado,0,2026-06-25
3541,717,42,no_iniciado,0,2026-06-25
3542,717,43,no_iniciado,0,2026-06-25
3543,718,21,completado,100,2026-09-21
3544,718,22,en_progreso,10,2026-09-21
3545,718,23,no_iniciado,0,2026-08-15
3546,718,24,no_iniciado,0,2026-08-15
3547,718,25,no_iniciado,0,2026-08-15
3548,718,26,no_iniciado,0,2026-08-15
3549,718,27,no_iniciado,0,2026-08-15
3550,719,50,completado,100,2026-09-17
3551,719,51,completado,100,2026-09-18
3552,719,52,en_progreso,95,2026-09-21
3553,719,53,no_iniciado,0,2026-08-17
3554,719,54,no_iniciado,0,2026-08-17
3555,719,55,no_iniciado,0,2026-08-17
3556,720,32,completado,100,2026-09-19
3557,720,33,abandonado,10,2026-09-19
3558,720,34,no_iniciado,0,2026-08-13
3559,720,35,no_iniciado,0,2026-08-13
3560,720,36,no_iniciado,0,2026-08-13
3561,720,37,no_iniciado,0,2026-08-13
3562,721,38,completado,100,2026-09-20
3563,721,39,en_progreso,10,2026-09-21
3564,721,40,no_iniciado,0,2026-07-06
3565,721,41,no_iniciado,0,2026-07-06
3566,721,42,no_iniciado,0,2026-07-06
3567,721,43,no_iniciado,0,2026-07-06
3568,722,1,en_progreso,95,2026-09-20
3569,722,2,no_iniciado,0,2026-06-22
3570,722,3,no_iniciado,0,2026-06-22
3571,722,4,no_iniciado,0,2026-06-22
3572,723,5,en_progreso,68.83,2026-09-21
3573,723,6,no_iniciado,0,2026-04-25
3574,723,7,no_iniciado,0,2026-04-25
3575,723,8,no_iniciado,0,2026-04-25
3576,724,13,completado,100,2026-09-19
3577,724,14,completado,100,2026-09-21
3578,724,15,en_progreso,10,2026-09-21
3579,724,16,no_iniciado,0,2026-08-21
3580,725,17,completado,100,2026-09-18
3581,725,18,en_progreso,39.52,2026-09-21
3582,725,19,no_iniciado,0,2026-06-12
3583,725,20,no_iniciado,0,2026-06-12
3584,726,56,completado,100,2026-09-17
3585,726,57,en_progreso,10,2026-09-19
3586,726,58,no_iniciado,0,2026-07-16
3587,726,59,no_iniciado,0,2026-07-16
3588,726,60,no_iniciado,0,2026-07-16
3589,727,28,completado,100,2026-09-18
3590,727,29,en_progreso,26.36,2026-09-20
3591,727,30,no_iniciado,0,2026-07-24
3592,727,31,no_iniciado,0,2026-07-24
3593,728,50,en_progreso,33.49,2026-09-19
3594,728,51,no_iniciado,0,2026-06-03
3595,728,52,no_iniciado,0,2026-06-03
3596,728,53,no_iniciado,0,2026-06-03
3597,728,54,no_iniciado,0,2026-06-03
3598,728,55,no_iniciado,0,2026-06-03
3599,729,5,abandonado,10,2026-09-18
3600,729,6,no_iniciado,0,2026-06-28
3601,729,7,no_iniciado,0,2026-06-28
3602,729,8,no_iniciado,0,2026-06-28
3603,730,32,completado,100,2026-09-18
3604,730,33,completado,100,2026-09-21
3605,730,34,en_progreso,58.7,2026-09-21
3606,730,35,no_iniciado,0,2026-08-05
3607,730,36,no_iniciado,0,2026-08-05
3608,730,37,no_iniciado,0,2026-08-05
3609,731,9,completado,100,2026-09-19
3610,731,10,en_progreso,10,2026-09-20
3611,731,11,no_iniciado,0,2026-07-01
3612,731,12,no_iniciado,0,2026-07-01
3613,732,17,abandonado,63.47,2026-09-20
3614,732,18,no_iniciado,0,2026-07-12
3615,732,19,no_iniciado,0,2026-07-12
3616,732,20,no_iniciado,0,2026-07-12
3617,733,1,completado,100,2026-09-19
3618,733,2,en_progreso,33.94,2026-09-21
3619,733,3,no_iniciado,0,2026-05-26
3620,733,4,no_iniciado,0,2026-05-26
3621,734,50,en_progreso,95,2026-09-21
3622,734,51,no_iniciado,0,2026-08-29
3623,734,52,no_iniciado,0,2026-08-29
3624,734,53,no_iniciado,0,2026-08-29
3625,734,54,no_iniciado,0,2026-08-29
3626,734,55,no_iniciado,0,2026-08-29
3627,735,1,completado,100,2026-09-18
3628,735,2,abandonado,10,2026-09-20
3629,735,3,no_iniciado,0,2026-08-11
3630,735,4,no_iniciado,0,2026-08-11
3631,736,17,completado,100,2026-09-19
3632,736,18,en_progreso,95,2026-09-21
3633,736,19,no_iniciado,0,2026-08-26
3634,736,20,no_iniciado,0,2026-08-26
3635,737,21,en_progreso,95,2026-09-21
3636,737,22,no_iniciado,0,2026-07-02
3637,737,23,no_iniciado,0,2026-07-02
3638,737,24,no_iniciado,0,2026-07-02
3639,737,25,no_iniciado,0,2026-07-02
3640,737,26,no_iniciado,0,2026-07-02
3641,737,27,no_iniciado,0,2026-07-02
3642,738,28,completado,100,2026-09-18
3643,738,29,abandonado,41.69,2026-09-21
3644,738,30,no_iniciado,0,2026-05-06
3645,738,31,no_iniciado,0,2026-05-06
3646,739,13,completado,100,2026-09-18
3647,739,14,completado,100,2026-09-20
3648,739,15,en_progreso,95,2026-09-21
3649,739,16,no_iniciado,0,2026-08-18
3650,740,28,abandonado,32.28,2026-09-21
3651,740,29,no_iniciado,0,2026-06-16
3652,740,30,no_iniciado,0,2026-06-16
3653,740,31,no_iniciado,0,2026-06-16
3654,741,44,completado,100,2026-09-17
3655,741,45,en_progreso,10,2026-09-21
3656,741,46,no_iniciado,0,2026-06-06
3657,741,47,no_iniciado,0,2026-06-06
3658,741,48,no_iniciado,0,2026-06-06
3659,741,49,no_iniciado,0,2026-06-06
3660,742,9,en_progreso,52.01,2026-09-20
3661,742,10,no_iniciado,0,2026-09-05
3662,742,11,no_iniciado,0,2026-09-05
3663,742,12,no_iniciado,0,2026-09-05
3664,743,9,en_progreso,30.21,2026-09-20
3665,743,10,no_iniciado,0,2026-05-04
3666,743,11,no_iniciado,0,2026-05-04
3667,743,12,no_iniciado,0,2026-05-04
3668,744,44,completado,100,2026-09-18
3669,744,45,abandonado,63.58,2026-09-19
3670,744,46,no_iniciado,0,2026-05-05
3671,744,47,no_iniciado,0,2026-05-05
3672,744,48,no_iniciado,0,2026-05-05
3673,744,49,no_iniciado,0,2026-05-05
3674,745,44,completado,100,2026-09-20
3675,745,45,no_iniciado,0,2026-06-11
3676,745,46,no_iniciado,0,2026-06-11
3677,745,47,no_iniciado,0,2026-06-11
3678,745,48,no_iniciado,0,2026-06-11
3679,745,49,no_iniciado,0,2026-06-11
3680,746,50,en_progreso,61.18,2026-09-21
3681,746,51,no_iniciado,0,2026-05-19
3682,746,52,no_iniciado,0,2026-05-19
3683,746,53,no_iniciado,0,2026-05-19
3684,746,54,no_iniciado,0,2026-05-19
3685,746,55,no_iniciado,0,2026-05-19
3686,747,32,en_progreso,54.74,2026-09-21
3687,747,33,no_iniciado,0,2026-07-02
3688,747,34,no_iniciado,0,2026-07-02
3689,747,35,no_iniciado,0,2026-07-02
3690,747,36,no_iniciado,0,2026-07-02
3691,747,37,no_iniciado,0,2026-07-02
3692,748,9,completado,100,2026-09-18
3693,748,10,completado,100,2026-09-19
3694,748,11,en_progreso,61.35,2026-09-21
3695,748,12,no_iniciado,0,2026-09-05
3696,749,13,completado,100,2026-09-19
3697,749,14,completado,100,2026-09-20
3698,749,15,no_iniciado,0,2026-08-21
3699,749,16,no_iniciado,0,2026-08-21
3700,750,32,abandonado,10,2026-09-17
3701,750,33,no_iniciado,0,2026-05-19
3702,750,34,no_iniciado,0,2026-05-19
3703,750,35,no_iniciado,0,2026-05-19
3704,750,36,no_iniciado,0,2026-05-19
3705,750,37,no_iniciado,0,2026-05-19
3706,751,17,completado,100,2026-09-20
3707,751,18,no_iniciado,0,2026-09-10
3708,751,19,no_iniciado,0,2026-09-10
3709,751,20,no_iniciado,0,2026-09-10
3710,752,32,completado,100,2026-09-20
3711,752,33,en_progreso,10,2026-09-21
3712,752,34,no_iniciado,0,2026-07-04
3713,752,35,no_iniciado,0,2026-07-04
3714,752,36,no_iniciado,0,2026-07-04
3715,752,37,no_iniciado,0,2026-07-04
3716,753,56,completado,100,2026-09-18
3717,753,57,en_progreso,26.99,2026-09-19
3718,753,58,no_iniciado,0,2026-06-20
3719,753,59,no_iniciado,0,2026-06-20
3720,753,60,no_iniciado,0,2026-06-20
3721,754,1,en_progreso,95,2026-09-21
3722,754,2,no_iniciado,0,2026-06-29
3723,754,3,no_iniciado,0,2026-06-29
3724,754,4,no_iniciado,0,2026-06-29
3725,755,32,en_progreso,74.88,2026-09-21
3726,755,33,no_iniciado,0,2026-05-10
3727,755,34,no_iniciado,0,2026-05-10
3728,755,35,no_iniciado,0,2026-05-10
3729,755,36,no_iniciado,0,2026-05-10
3730,755,37,no_iniciado,0,2026-05-10
3731,756,17,completado,100,2026-09-18
3732,756,18,abandonado,52.98,2026-09-21
3733,756,19,no_iniciado,0,2026-05-07
3734,756,20,no_iniciado,0,2026-05-07
3735,757,38,completado,100,2026-09-19
3736,757,39,en_progreso,20.29,2026-09-21
3737,757,40,no_iniciado,0,2026-04-21
3738,757,41,no_iniciado,0,2026-04-21
3739,757,42,no_iniciado,0,2026-04-21
3740,757,43,no_iniciado,0,2026-04-21
3741,758,9,abandonado,25.74,2026-09-18
3742,758,10,no_iniciado,0,2026-06-18
3743,758,11,no_iniciado,0,2026-06-18
3744,758,12,no_iniciado,0,2026-06-18
3745,759,5,en_progreso,46.5,2026-09-21
3746,759,6,no_iniciado,0,2026-07-15
3747,759,7,no_iniciado,0,2026-07-15
3748,759,8,no_iniciado,0,2026-07-15
3749,760,21,completado,100,2026-09-18
3750,760,22,en_progreso,24.4,2026-09-20
3751,760,23,no_iniciado,0,2026-06-28
3752,760,24,no_iniciado,0,2026-06-28
3753,760,25,no_iniciado,0,2026-06-28
3754,760,26,no_iniciado,0,2026-06-28
3755,760,27,no_iniciado,0,2026-06-28
3756,761,44,completado,100,2026-09-17
3757,761,45,en_progreso,87.87,2026-09-21
3758,761,46,no_iniciado,0,2026-09-14
3759,761,47,no_iniciado,0,2026-09-14
3760,761,48,no_iniciado,0,2026-09-14
3761,761,49,no_iniciado,0,2026-09-14
3762,762,50,completado,100,2026-09-20
3763,762,51,no_iniciado,0,2026-06-11
3764,762,52,no_iniciado,0,2026-06-11
3765,762,53,no_iniciado,0,2026-06-11
3766,762,54,no_iniciado,0,2026-06-11
3767,762,55,no_iniciado,0,2026-06-11
3768,763,28,completado,100,2026-09-19
3769,763,29,en_progreso,45.12,2026-09-21
3770,763,30,no_iniciado,0,2026-05-09
3771,763,31,no_iniciado,0,2026-05-09
3772,764,17,abandonado,41.62,2026-09-19
3773,764,18,no_iniciado,0,2026-05-15
3774,764,19,no_iniciado,0,2026-05-15
3775,764,20,no_iniciado,0,2026-05-15
3776,765,32,abandonado,10,2026-09-19
3777,765,33,no_iniciado,0,2026-05-06
3778,765,34,no_iniciado,0,2026-05-06
3779,765,35,no_iniciado,0,2026-05-06
3780,765,36,no_iniciado,0,2026-05-06
3781,765,37,no_iniciado,0,2026-05-06
3782,766,56,completado,100,2026-09-18
3783,766,57,en_progreso,23.13,2026-09-21
3784,766,58,no_iniciado,0,2026-05-26
3785,766,59,no_iniciado,0,2026-05-26
3786,766,60,no_iniciado,0,2026-05-26
3787,767,28,completado,100,2026-09-19
3788,767,29,en_progreso,53.45,2026-09-21
3789,767,30,no_iniciado,0,2026-07-12
3790,767,31,no_iniciado,0,2026-07-12
3791,768,5,completado,100,2026-09-20
3792,768,6,completado,100,2026-09-21
3793,768,7,no_iniciado,0,2026-07-16
3794,768,8,no_iniciado,0,2026-07-16
3795,769,13,completado,100,2026-09-21
3796,769,14,en_progreso,24.88,2026-09-21
3797,769,15,no_iniciado,0,2026-08-06
3798,769,16,no_iniciado,0,2026-08-06
3799,770,44,en_progreso,74.75,2026-09-21
3800,770,45,no_iniciado,0,2026-08-05
3801,770,46,no_iniciado,0,2026-08-05
3802,770,47,no_iniciado,0,2026-08-05
3803,770,48,no_iniciado,0,2026-08-05
3804,770,49,no_iniciado,0,2026-08-05
3805,771,21,en_progreso,10,2026-09-20
3806,771,22,no_iniciado,0,2026-07-28
3807,771,23,no_iniciado,0,2026-07-28
3808,771,24,no_iniciado,0,2026-07-28
3809,771,25,no_iniciado,0,2026-07-28
3810,771,26,no_iniciado,0,2026-07-28
3811,771,27,no_iniciado,0,2026-07-28
3812,772,17,completado,100,2026-09-18
3813,772,18,completado,100,2026-09-20
3814,772,19,en_progreso,10,2026-09-21
3815,772,20,no_iniciado,0,2026-07-08
3816,773,56,completado,100,2026-09-17
3817,773,57,completado,100,2026-09-18
3818,773,58,completado,100,2026-09-19
3819,773,59,en_progreso,10,2026-09-21
3820,773,60,no_iniciado,0,2026-05-10
3821,774,1,en_progreso,45.98,2026-09-21
3822,774,2,no_iniciado,0,2026-04-25
3823,774,3,no_iniciado,0,2026-04-25
3824,774,4,no_iniciado,0,2026-04-25
3825,775,28,en_progreso,88.19,2026-09-21
3826,775,29,no_iniciado,0,2026-05-07
3827,775,30,no_iniciado,0,2026-05-07
3828,775,31,no_iniciado,0,2026-05-07
3829,776,17,completado,100,2026-09-19
3830,776,18,en_progreso,29.88,2026-09-21
3831,776,19,no_iniciado,0,2026-06-27
3832,776,20,no_iniciado,0,2026-06-27
3833,777,1,abandonado,21.11,2026-09-20
3834,777,2,no_iniciado,0,2026-08-05
3835,777,3,no_iniciado,0,2026-08-05
3836,777,4,no_iniciado,0,2026-08-05
3837,778,50,en_progreso,95,2026-09-21
3838,778,51,no_iniciado,0,2026-05-08
3839,778,52,no_iniciado,0,2026-05-08
3840,778,53,no_iniciado,0,2026-05-08
3841,778,54,no_iniciado,0,2026-05-08
3842,778,55,no_iniciado,0,2026-05-08
3843,779,1,completado,100,2026-09-17
3844,779,2,en_progreso,34.95,2026-09-21
3845,779,3,no_iniciado,0,2026-08-13
3846,779,4,no_iniciado,0,2026-08-13
3847,780,44,abandonado,10,2026-09-17
3848,780,45,no_iniciado,0,2026-08-14
3849,780,46,no_iniciado,0,2026-08-14
3850,780,47,no_iniciado,0,2026-08-14
3851,780,48,no_iniciado,0,2026-08-14
3852,780,49,no_iniciado,0,2026-08-14
3853,781,32,abandonado,10,2026-09-18
3854,781,33,no_iniciado,0,2026-06-21
3855,781,34,no_iniciado,0,2026-06-21
3856,781,35,no_iniciado,0,2026-06-21
3857,781,36,no_iniciado,0,2026-06-21
3858,781,37,no_iniciado,0,2026-06-21
3859,782,17,completado,100,2026-09-21
3860,782,18,en_progreso,10,2026-09-21
3861,782,19,no_iniciado,0,2026-07-03
3862,782,20,no_iniciado,0,2026-07-03
3863,783,13,completado,100,2026-09-20
3864,783,14,en_progreso,10,2026-09-21
3865,783,15,no_iniciado,0,2026-04-22
3866,783,16,no_iniciado,0,2026-04-22
3867,784,21,completado,100,2026-09-18
3868,784,22,completado,100,2026-09-19
3869,784,23,completado,100,2026-09-20
3870,784,24,abandonado,10,2026-09-21
3871,784,25,no_iniciado,0,2026-06-15
3872,784,26,no_iniciado,0,2026-06-15
3873,784,27,no_iniciado,0,2026-06-15
3874,785,13,en_progreso,61.69,2026-09-21
3875,785,14,no_iniciado,0,2026-07-09
3876,785,15,no_iniciado,0,2026-07-09
3877,785,16,no_iniciado,0,2026-07-09
3878,786,50,en_progreso,95,2026-09-21
3879,786,51,no_iniciado,0,2026-07-04
3880,786,52,no_iniciado,0,2026-07-04
3881,786,53,no_iniciado,0,2026-07-04
3882,786,54,no_iniciado,0,2026-07-04
3883,786,55,no_iniciado,0,2026-07-04
3884,787,17,completado,100,2026-09-21
3885,787,18,en_progreso,45.32,2026-09-21
3886,787,19,no_iniciado,0,2026-05-06
3887,787,20,no_iniciado,0,2026-05-06
3888,788,50,completado,100,2026-09-18
3889,788,51,no_iniciado,0,2026-09-07
3890,788,52,no_iniciado,0,2026-09-07
3891,788,53,no_iniciado,0,2026-09-07
3892,788,54,no_iniciado,0,2026-09-07
3893,788,55,no_iniciado,0,2026-09-07
3894,789,9,completado,100,2026-09-19
3895,789,10,en_progreso,80.59,2026-09-21
3896,789,11,no_iniciado,0,2026-08-06
3897,789,12,no_iniciado,0,2026-08-06
3898,790,5,abandonado,10,2026-09-20
3899,790,6,no_iniciado,0,2026-06-06
3900,790,7,no_iniciado,0,2026-06-06
3901,790,8,no_iniciado,0,2026-06-06
3902,791,50,en_progreso,95,2026-09-21
3903,791,51,no_iniciado,0,2026-08-09
3904,791,52,no_iniciado,0,2026-08-09
3905,791,53,no_iniciado,0,2026-08-09
3906,791,54,no_iniciado,0,2026-08-09
3907,791,55,no_iniciado,0,2026-08-09
3908,792,1,completado,100,2026-09-17
3909,792,2,completado,100,2026-09-21
3910,792,3,no_iniciado,0,2026-07-30
3911,792,4,no_iniciado,0,2026-07-30
3912,793,32,en_progreso,52.95,2026-09-21
3913,793,33,no_iniciado,0,2026-05-22
3914,793,34,no_iniciado,0,2026-05-22
3915,793,35,no_iniciado,0,2026-05-22
3916,793,36,no_iniciado,0,2026-05-22
3917,793,37,no_iniciado,0,2026-05-22
3918,794,1,completado,100,2026-09-19
3919,794,2,completado,100,2026-09-20
3920,794,3,en_progreso,84.35,2026-09-21
3921,794,4,no_iniciado,0,2026-08-31
3922,795,21,completado,100,2026-09-20
3923,795,22,en_progreso,10,2026-09-20
3924,795,23,no_iniciado,0,2026-07-02
3925,795,24,no_iniciado,0,2026-07-02
3926,795,25,no_iniciado,0,2026-07-02
3927,795,26,no_iniciado,0,2026-07-02
3928,795,27,no_iniciado,0,2026-07-02
3929,796,9,completado,100,2026-09-19
3930,796,10,no_iniciado,0,2026-05-22
3931,796,11,no_iniciado,0,2026-05-22
3932,796,12,no_iniciado,0,2026-05-22
3933,797,5,completado,100,2026-09-19
3934,797,6,en_progreso,40.61,2026-09-20
3935,797,7,no_iniciado,0,2026-05-16
3936,797,8,no_iniciado,0,2026-05-16
3937,798,21,completado,100,2026-09-21
3938,798,22,no_iniciado,0,2026-06-11
3939,798,23,no_iniciado,0,2026-06-11
3940,798,24,no_iniciado,0,2026-06-11
3941,798,25,no_iniciado,0,2026-06-11
3942,798,26,no_iniciado,0,2026-06-11
3943,798,27,no_iniciado,0,2026-06-11
3944,799,28,abandonado,10,2026-09-19
3945,799,29,no_iniciado,0,2026-06-17
3946,799,30,no_iniciado,0,2026-06-17
3947,799,31,no_iniciado,0,2026-06-17
3948,800,13,completado,100,2026-09-18
3949,800,14,en_progreso,57.47,2026-09-21
3950,800,15,no_iniciado,0,2026-06-11
3951,800,16,no_iniciado,0,2026-06-11
3952,801,38,en_progreso,30.46,2026-09-21
3953,801,39,no_iniciado,0,2026-07-24
3954,801,40,no_iniciado,0,2026-07-24
3955,801,41,no_iniciado,0,2026-07-24
3956,801,42,no_iniciado,0,2026-07-24
3957,801,43,no_iniciado,0,2026-07-24
3958,802,38,abandonado,10,2026-09-18
3959,802,39,no_iniciado,0,2026-05-18
3960,802,40,no_iniciado,0,2026-05-18
3961,802,41,no_iniciado,0,2026-05-18
3962,802,42,no_iniciado,0,2026-05-18
3963,802,43,no_iniciado,0,2026-05-18
3964,803,56,completado,100,2026-09-19
3965,803,57,completado,100,2026-09-19
3966,803,58,completado,100,2026-09-20
3967,803,59,en_progreso,10,2026-09-20
3968,803,60,no_iniciado,0,2026-05-02
3969,804,9,completado,100,2026-09-18
3970,804,10,completado,100,2026-09-20
3971,804,11,en_progreso,23.75,2026-09-21
3972,804,12,no_iniciado,0,2026-05-22
3973,805,17,completado,100,2026-09-19
3974,805,18,completado,100,2026-09-20
3975,805,19,en_progreso,10,2026-09-20
3976,805,20,no_iniciado,0,2026-07-13
3977,806,17,completado,100,2026-09-19
3978,806,18,completado,100,2026-09-21
3979,806,19,no_iniciado,0,2026-06-12
3980,806,20,no_iniciado,0,2026-06-12
3981,807,21,completado,100,2026-09-19
3982,807,22,en_progreso,45.05,2026-09-21
3983,807,23,no_iniciado,0,2026-07-10
3984,807,24,no_iniciado,0,2026-07-10
3985,807,25,no_iniciado,0,2026-07-10
3986,807,26,no_iniciado,0,2026-07-10
3987,807,27,no_iniciado,0,2026-07-10
3988,808,32,completado,100,2026-09-21
3989,808,33,no_iniciado,0,2026-06-17
3990,808,34,no_iniciado,0,2026-06-17
3991,808,35,no_iniciado,0,2026-06-17
3992,808,36,no_iniciado,0,2026-06-17
3993,808,37,no_iniciado,0,2026-06-17
3994,809,9,en_progreso,28.97,2026-09-21
3995,809,10,no_iniciado,0,2026-07-23
3996,809,11,no_iniciado,0,2026-07-23
3997,809,12,no_iniciado,0,2026-07-23
3998,810,50,abandonado,50.24,2026-09-20
3999,810,51,no_iniciado,0,2026-05-04
4000,810,52,no_iniciado,0,2026-05-04
4001,810,53,no_iniciado,0,2026-05-04
4002,810,54,no_iniciado,0,2026-05-04
4003,810,55,no_iniciado,0,2026-05-04
4004,811,50,completado,100,2026-09-19
4005,811,51,abandonado,10,2026-09-20
4006,811,52,no_iniciado,0,2026-06-29
4007,811,53,no_iniciado,0,2026-06-29
4008,811,54,no_iniciado,0,2026-06-29
4009,811,55,no_iniciado,0,2026-06-29
4010,812,28,completado,100,2026-09-20
4011,812,29,en_progreso,54.59,2026-09-21
4012,812,30,no_iniciado,0,2026-06-07
4013,812,31,no_iniciado,0,2026-06-07
4014,813,38,completado,100,2026-09-20
4015,813,39,completado,100,2026-09-21
4016,813,40,no_iniciado,0,2026-06-06
4017,813,41,no_iniciado,0,2026-06-06
4018,813,42,no_iniciado,0,2026-06-06
4019,813,43,no_iniciado,0,2026-06-06
4020,814,5,completado,100,2026-09-18
4021,814,6,en_progreso,54.83,2026-09-21
4022,814,7,no_iniciado,0,2026-09-06
4023,814,8,no_iniciado,0,2026-09-06
4024,815,28,en_progreso,53.54,2026-09-19
4025,815,29,no_iniciado,0,2026-08-19
4026,815,30,no_iniciado,0,2026-08-19
4027,815,31,no_iniciado,0,2026-08-19
4028,816,17,abandonado,10,2026-09-18
4029,816,18,no_iniciado,0,2026-07-25
4030,816,19,no_iniciado,0,2026-07-25
4031,816,20,no_iniciado,0,2026-07-25
4032,817,5,en_progreso,21.79,2026-09-19
4033,817,6,no_iniciado,0,2026-08-13
4034,817,7,no_iniciado,0,2026-08-13
4035,817,8,no_iniciado,0,2026-08-13
4036,818,32,completado,100,2026-09-18
4037,818,33,en_progreso,44.27,2026-09-21
4038,818,34,no_iniciado,0,2026-08-17
4039,818,35,no_iniciado,0,2026-08-17
4040,818,36,no_iniciado,0,2026-08-17
4041,818,37,no_iniciado,0,2026-08-17
4042,819,21,completado,100,2026-09-20
4043,819,22,en_progreso,26.04,2026-09-21
4044,819,23,no_iniciado,0,2026-05-27
4045,819,24,no_iniciado,0,2026-05-27
4046,819,25,no_iniciado,0,2026-05-27
4047,819,26,no_iniciado,0,2026-05-27
4048,819,27,no_iniciado,0,2026-05-27
4049,820,56,completado,100,2026-09-20
4050,820,57,en_progreso,25.65,2026-09-21
4051,820,58,no_iniciado,0,2026-07-17
4052,820,59,no_iniciado,0,2026-07-17
4053,820,60,no_iniciado,0,2026-07-17
4054,821,50,completado,100,2026-09-20
4055,821,51,en_progreso,48.07,2026-09-21
4056,821,52,no_iniciado,0,2026-05-10
4057,821,53,no_iniciado,0,2026-05-10
4058,821,54,no_iniciado,0,2026-05-10
4059,821,55,no_iniciado,0,2026-05-10
4060,822,17,completado,100,2026-09-19
4061,822,18,en_progreso,48.26,2026-09-21
4062,822,19,no_iniciado,0,2026-05-16
4063,822,20,no_iniciado,0,2026-05-16
4064,823,28,abandonado,10,2026-09-18
4065,823,29,no_iniciado,0,2026-06-18
4066,823,30,no_iniciado,0,2026-06-18
4067,823,31,no_iniciado,0,2026-06-18
4068,824,50,en_progreso,95,2026-09-21
4069,824,51,no_iniciado,0,2026-04-21
4070,824,52,no_iniciado,0,2026-04-21
4071,824,53,no_iniciado,0,2026-04-21
4072,824,54,no_iniciado,0,2026-04-21
4073,824,55,no_iniciado,0,2026-04-21
4074,825,21,completado,100,2026-09-18
4075,825,22,completado,100,2026-09-18
4076,825,23,en_progreso,21.11,2026-09-20
4077,825,24,no_iniciado,0,2026-07-05
4078,825,25,no_iniciado,0,2026-07-05
4079,825,26,no_iniciado,0,2026-07-05
4080,825,27,no_iniciado,0,2026-07-05
4081,826,50,completado,100,2026-09-18
4082,826,51,en_progreso,25.3,2026-09-20
4083,826,52,no_iniciado,0,2026-06-23
4084,826,53,no_iniciado,0,2026-06-23
4085,826,54,no_iniciado,0,2026-06-23
4086,826,55,no_iniciado,0,2026-06-23
4087,827,32,completado,100,2026-09-19
4088,827,33,completado,100,2026-09-19
4089,827,34,no_iniciado,0,2026-08-18
4090,827,35,no_iniciado,0,2026-08-18
4091,827,36,no_iniciado,0,2026-08-18
4092,827,37,no_iniciado,0,2026-08-18
4093,828,17,completado,100,2026-09-19
4094,828,18,completado,100,2026-09-21
4095,828,19,no_iniciado,0,2026-09-17
4096,828,20,no_iniciado,0,2026-09-17
4097,829,5,completado,100,2026-09-17
4098,829,6,en_progreso,88.42,2026-09-21
4099,829,7,no_iniciado,0,2026-09-17
4100,829,8,no_iniciado,0,2026-09-17
4101,830,56,en_progreso,95,2026-09-20
4102,830,57,no_iniciado,0,2026-09-17
4103,830,58,no_iniciado,0,2026-09-17
4104,830,59,no_iniciado,0,2026-09-17
4105,830,60,no_iniciado,0,2026-09-17
4106,831,32,completado,100,2026-09-19
4107,831,33,completado,100,2026-09-19
4108,831,34,completado,100,2026-09-20
4109,831,35,en_progreso,60.23,2026-09-21
4110,831,36,no_iniciado,0,2026-09-17
4111,831,37,no_iniciado,0,2026-09-17
4112,832,13,en_progreso,28.73,2026-09-21
4113,832,14,no_iniciado,0,2026-09-18
4114,832,15,no_iniciado,0,2026-09-18
4115,832,16,no_iniciado,0,2026-09-18
4116,833,5,completado,100,2026-09-19
4117,833,6,completado,100,2026-09-20
4118,833,7,completado,100,2026-09-21
4119,833,8,no_iniciado,0,2026-09-18
4120,834,44,completado,100,2026-09-21
4121,834,45,no_iniciado,0,2026-09-18
4122,834,46,no_iniciado,0,2026-09-18
4123,834,47,no_iniciado,0,2026-09-18
4124,834,48,no_iniciado,0,2026-09-18
4125,834,49,no_iniciado,0,2026-09-18
4126,835,56,en_progreso,10,2026-09-21
4127,835,57,no_iniciado,0,2026-09-18
4128,835,58,no_iniciado,0,2026-09-18
4129,835,59,no_iniciado,0,2026-09-18
4130,835,60,no_iniciado,0,2026-09-18
4131,836,17,en_progreso,10,2026-09-20
4132,836,18,no_iniciado,0,2026-09-19
4133,836,19,no_iniciado,0,2026-09-19
4134,836,20,no_iniciado,0,2026-09-19
4135,837,9,en_progreso,27.11,2026-09-19
4136,837,10,no_iniciado,0,2026-09-19
4137,837,11,no_iniciado,0,2026-09-19
4138,837,12,no_iniciado,0,2026-09-19
4139,838,50,en_progreso,36.66,2026-09-21
4140,838,51,no_iniciado,0,2026-09-19
4141,838,52,no_iniciado,0,2026-09-19
4142,838,53,no_iniciado,0,2026-09-19
4143,838,54,no_iniciado,0,2026-09-19
4144,838,55,no_iniciado,0,2026-09-19
4145,839,28,abandonado,10,2026-09-21
4146,839,29,no_iniciado,0,2026-09-19
4147,839,30,no_iniciado,0,2026-09-19
4148,839,31,no_iniciado,0,2026-09-19
4149,840,17,en_progreso,25.6,2026-09-21
4150,840,18,no_iniciado,0,2026-09-20
4151,840,19,no_iniciado,0,2026-09-20
4152,840,20,no_iniciado,0,2026-09-20
4153,841,5,completado,100,2026-09-20
4154,841,6,en_progreso,10,2026-09-21
4155,841,7,no_iniciado,0,2026-09-20
4156,841,8,no_iniciado,0,2026-09-20
4157,842,38,completado,100,2026-09-20
4158,842,39,completado,100,2026-09-21
4159,842,40,en_progreso,27.12,2026-09-21
4160,842,41,no_iniciado,0,2026-09-20
4161,842,42,no_iniciado,0,2026-09-20
4162,842,43,no_iniciado,0,2026-09-20
4163,843,50,completado,100,2026-09-20
4164,843,51,no_iniciado,0,2026-09-20
4165,843,52,no_iniciado,0,2026-09-20
4166,843,53,no_iniciado,0,2026-09-20
4167,843,54,no_iniciado,0,2026-09-20
4168,843,55,no_iniciado,0,2026-09-20
4169,844,21,completado,100,2026-09-21
4170,844,22,no_iniciado,0,2026-09-21
4171,844,23,no_iniciado,0,2026-09-21
4172,844,24,no_iniciado,0,2026-09-21
4173,844,25,no_iniciado,0,2026-09-21
4174,844,26,no_iniciado,0,2026-09-21
4175,844,27,no_iniciado,0,2026-09-21
4176,845,9,completado,100,2026-09-21
4177,845,10,no_iniciado,0,2026-09-21
4178,845,11,no_iniciado,0,2026-09-21
4179,845,12,no_iniciado,0,2026-09-21
4180,846,56,en_progreso,25.57,2026-09-21
4181,846,57,no_iniciado,0,2026-09-21
4182,846,58,no_iniciado,0,2026-09-21
4183,846,59,no_iniciado,0,2026-09-21
4184,846,60,no_iniciado,0,2026-09-21
4185,847,56,en_progreso,10,2026-09-21
4186,847,57,no_iniciado,0,2026-09-21
4187,847,58,no_iniciado,0,2026-09-21
4188,847,59,no_iniciado,0,2026-09-21
4189,847,60,no_iniciado,0,2026-09-21
