id_evento,id_progreso_modulo,tipo_evento,fecha_evento,detalle
1,3218,iniciado,2026-09-15,
2,557,iniciado,2026-09-15,
3,132,iniciado,2026-09-15,
4,3749,iniciado,2026-09-15,
5,1379,iniciado,2026-09-15,
6,1232,iniciado,2026-09-15,
7,1124,iniciado,2026-09-15,
8,701,iniciado,2026-09-15,
9,3725,iniciado,2026-09-15,
10,509,iniciado,2026-09-15,
11,3410,iniciado,2026-09-15,
12,3745,iniciado,2026-09-15,
13,2752,iniciado,2026-09-15,
14,443,iniciado,2026-09-15,
15,2965,iniciado,2026-09-15,
16,2115,iniciado,2026-09-15,
17,161,iniciado,2026-09-15,
18,152,iniciado,2026-09-15,
19,469,iniciado,2026-09-15,
20,1102,iniciado,2026-09-15,
21,1175,iniciado,2026-09-15,
22,2555,iniciado,2026-09-15,
23,3027,iniciado,2026-09-15,
24,140,iniciado,2026-09-15,
25,2823,iniciado,2026-09-15,
26,1005,iniciado,2026-09-15,
27,3621,iniciado,2026-09-15,
28,3276,iniciado,2026-09-15,
29,3550,iniciado,2026-09-15,
30,2752,en_progreso,2026-09-15,
31,1398,iniciado,2026-09-15,
32,32,iniciado,2026-09-15,
33,3837,iniciado,2026-09-15,
34,4081,iniciado,2026-09-15,
35,805,iniciado,2026-09-15,
36,3527,iniciado,2026-09-15,
37,2115,en_progreso,2026-09-15,
38,3859,iniciado,2026-09-15,
39,1696,iniciado,2026-09-15,
40,509,en_progreso,2026-09-15,
41,1731,iniciado,2026-09-15,
42,3038,iniciado,2026-09-15,
43,1327,iniciado,2026-09-15,
44,4087,iniciado,2026-09-15,
45,224,iniciado,2026-09-15,
46,3692,iniciado,2026-09-15,
47,2318,iniciado,2026-09-15,
48,2710,iniciado,2026-09-15,
49,623,iniciado,2026-09-15,
50,1900,iniciado,2026-09-15,
51,399,iniciado,2026-09-15,
52,2783,iniciado,2026-09-15,
53,1481,iniciado,2026-09-15,
54,3167,iniciado,2026-09-15,
55,3115,iniciado,2026-09-15,
56,1818,iniciado,2026-09-15,
57,2901,iniciado,2026-09-15,
58,967,iniciado,2026-09-15,
59,3568,iniciado,2026-09-15,
60,357,iniciado,2026-09-15,
61,234,iniciado,2026-09-15,
62,3332,iniciado,2026-09-15,
63,1151,iniciado,2026-09-15,
64,3908,iniciado,2026-09-15,
65,1462,iniciado,2026-09-15,
66,405,iniciado,2026-09-15,
67,1175,completado,2026-09-15,Modulo finalizado por el estudiante
68,1908,iniciado,2026-09-15,
69,1398,en_progreso,2026-09-15,
70,821,iniciado,2026-09-15,
71,1862,iniciado,2026-09-15,
72,1784,iniciado,2026-09-15,
73,1058,iniciado,2026-09-15,
74,3382,iniciado,2026-09-15,
75,1341,iniciado,2026-09-15,
76,3550,completado,2026-09-15,Modulo finalizado por el estudiante
77,3266,iniciado,2026-09-15,
78,365,iniciado,2026-09-15,
79,3066,iniciado,2026-09-15,
80,3200,iniciado,2026-09-15,
81,863,iniciado,2026-09-15,
82,2694,iniciado,2026-09-15,
83,3686,iniciado,2026-09-15,
84,1232,en_progreso,2026-09-15,
85,3222,iniciado,2026-09-15,
86,3474,iniciado,2026-09-15,
87,2805,iniciado,2026-09-15,
88,1106,iniciado,2026-09-15,
89,3459,iniciado,2026-09-15,
90,1638,iniciado,2026-09-15,
91,3884,iniciado,2026-09-15,
92,3922,iniciado,2026-09-15,
93,288,iniciado,2026-09-15,
94,1157,iniciado,2026-09-15,
95,161,completado,2026-09-15,Modulo finalizado por el estudiante
96,2011,iniciado,2026-09-15,
97,1347,iniciado,2026-09-15,
98,334,iniciado,2026-09-15,
99,1069,iniciado,2026-09-15,
100,2851,iniciado,2026-09-15,
101,3631,iniciado,2026-09-15,
102,1584,iniciado,2026-09-15,
103,1073,iniciado,2026-09-15,
104,3302,iniciado,2026-09-15,
105,2527,iniciado,2026-09-15,
106,1988,iniciado,2026-09-15,
107,3240,iniciado,2026-09-15,
108,2311,iniciado,2026-09-15,
109,722,iniciado,2026-09-15,
110,1331,iniciado,2026-09-15,
111,701,en_progreso,2026-09-15,
112,1323,iniciado,2026-09-15,
113,3776,iniciado,2026-09-15,
114,2934,iniciado,2026-09-15,
115,2151,iniciado,2026-09-15,
116,2930,iniciado,2026-09-15,
117,2001,iniciado,2026-09-15,
118,1818,en_progreso,2026-09-15,
119,2574,iniciado,2026-09-15,
120,2498,iniciado,2026-09-15,
121,459,iniciado,2026-09-15,
122,3821,iniciado,2026-09-15,
123,245,iniciado,2026-09-15,
124,547,iniciado,2026-09-15,
125,772,iniciado,2026-09-15,
126,3161,iniciado,2026-09-15,
127,805,completado,2026-09-15,Modulo finalizado por el estudiante
128,2115,pausado,2026-09-15,
129,1936,iniciado,2026-09-15,
130,1915,iniciado,2026-09-15,
131,2993,iniciado,2026-09-15,
132,2365,iniciado,2026-09-15,
133,2669,iniciado,2026-09-15,
134,1265,iniciado,2026-09-15,
135,2789,iniciado,2026-09-15,
136,58,iniciado,2026-09-15,
137,3433,iniciado,2026-09-15,
138,3646,iniciado,2026-09-15,
139,570,iniciado,2026-09-15,
140,3443,iniciado,2026-09-15,
141,2710,completado,2026-09-15,Modulo finalizado por el estudiante
142,3888,iniciado,2026-09-15,
143,3228,iniciado,2026-09-15,
144,1715,iniciado,2026-09-15,
145,557,en_progreso,2026-09-15,
146,16,iniciado,2026-09-15,
147,3650,iniciado,2026-09-15,
148,3635,iniciado,2026-09-15,
149,1323,abandonado,2026-09-15,Sin actividad posterior registrada
150,3859,en_progreso,2026-09-15,
151,3157,iniciado,2026-09-15,
152,1509,iniciado,2026-09-15,
153,3222,en_progreso,2026-09-15,
154,1882,iniciado,2026-09-15,
155,3859,en_progreso,2026-09-15,
156,2685,iniciado,2026-09-15,
157,1,iniciado,2026-09-15,
158,3015,iniciado,2026-09-15,
159,1638,en_progreso,2026-09-15,
160,1828,iniciado,2026-09-15,
161,1548,iniciado,2026-09-15,
162,1212,iniciado,2026-09-15,
163,298,iniciado,2026-09-15,
164,1216,iniciado,2026-09-15,
165,2855,iniciado,2026-09-15,
166,399,en_progreso,2026-09-15,
167,351,iniciado,2026-09-15,
168,3847,iniciado,2026-09-15,
169,2694,completado,2026-09-15,Modulo finalizado por el estudiante
170,642,iniciado,2026-09-15,
171,3326,iniciado,2026-09-15,
172,2404,iniciado,2026-09-15,
173,2774,iniciado,2026-09-15,
174,837,iniciado,2026-09-15,
175,1337,iniciado,2026-09-15,
176,2669,completado,2026-09-15,Modulo finalizado por el estudiante
177,2127,iniciado,2026-09-15,
178,1069,completado,2026-09-15,Modulo finalizado por el estudiante
179,3825,iniciado,2026-09-15,
180,3696,iniciado,2026-09-15,
181,3488,iniciado,2026-09-15,
182,1013,iniciado,2026-09-15,
183,3613,iniciado,2026-09-15,
184,1572,iniciado,2026-09-15,
185,2007,iniciado,2026-09-15,
186,3392,iniciado,2026-09-15,
187,3280,iniciado,2026-09-15,
188,1882,en_progreso,2026-09-15,
189,603,iniciado,2026-09-15,
190,1248,iniciado,2026-09-15,
191,1135,iniciado,2026-09-15,
192,324,iniciado,2026-09-15,
193,1710,iniciado,2026-09-15,
194,109,iniciado,2026-09-15,
195,2959,iniciado,2026-09-15,
196,2797,iniciado,2026-09-15,
197,1161,iniciado,2026-09-15,
198,2959,en_progreso,2026-09-15,
199,3186,iniciado,2026-09-15,
200,302,iniciado,2026-09-15,
201,1157,en_progreso,2026-09-15,
202,1670,iniciado,2026-09-15,
203,361,iniciado,2026-09-15,
204,2602,iniciado,2026-09-15,
205,1200,iniciado,2026-09-15,
206,1407,iniciado,2026-09-15,
207,3382,en_progreso,2026-09-15,
208,3660,iniciado,2026-09-15,
209,2873,iniciado,2026-09-15,
210,2901,en_progreso,2026-09-15,
211,2044,iniciado,2026-09-15,
212,958,iniciado,2026-09-15,
213,473,iniciado,2026-09-15,
214,487,iniciado,2026-09-15,
215,3322,iniciado,2026-09-15,
216,2172,iniciado,2026-09-15,
217,1784,en_progreso,2026-09-15,
218,3692,en_progreso,2026-09-15,
219,3261,iniciado,2026-09-15,
220,491,iniciado,2026-09-15,
221,310,iniciado,2026-09-15,
222,2025,iniciado,2026-09-15,
223,3686,en_progreso,2026-09-15,
224,1253,iniciado,2026-09-15,
225,967,en_progreso,2026-09-15,
226,2121,iniciado,2026-09-15,
227,920,iniciado,2026-09-15,
228,1407,en_progreso,2026-09-15,
229,384,iniciado,2026-09-15,
230,2233,iniciado,2026-09-15,
231,2778,iniciado,2026-09-15,
232,491,en_progreso,2026-09-15,
233,76,iniciado,2026-09-15,
234,469,completado,2026-09-15,Modulo finalizado por el estudiante
235,1194,iniciado,2026-09-15,
236,841,iniciado,2026-09-15,
237,2044,en_progreso,2026-09-15,
238,2015,iniciado,2026-09-15,
239,302,en_progreso,2026-09-15,
240,1966,iniciado,2026-09-15,
241,1337,completado,2026-09-15,Modulo finalizado por el estudiante
242,3973,iniciado,2026-09-15,
243,2295,iniciado,2026-09-15,
244,1445,iniciado,2026-09-15,
245,2127,pausado,2026-09-15,
246,3700,iniciado,2026-09-15,
247,3969,iniciado,2026-09-15,
248,2805,pausado,2026-09-15,
249,2469,iniciado,2026-09-15,
250,782,iniciado,2026-09-15,
251,958,en_progreso,2026-09-15,
252,2917,iniciado,2026-09-15,
253,3725,en_progreso,2026-09-15,
254,292,iniciado,2026-09-15,
255,259,iniciado,2026-09-15,
256,2941,iniciado,2026-09-15,
257,2412,iniciado,2026-09-15,
258,2546,iniciado,2026-09-15,
259,2685,en_progreso,2026-09-15,
260,410,iniciado,2026-09-15,
261,937,iniciado,2026-09-15,
262,351,pausado,2026-09-15,
263,3410,completado,2026-09-15,Modulo finalizado por el estudiante
264,2029,iniciado,2026-09-15,
265,597,iniciado,2026-09-15,
266,2867,iniciado,2026-09-15,
267,1242,iniciado,2026-09-15,
268,2911,iniciado,2026-09-15,
269,2987,iniciado,2026-09-15,
270,205,iniciado,2026-09-15,
271,3125,iniciado,2026-09-15,
272,414,iniciado,2026-09-15,
273,2105,iniciado,2026-09-15,
274,3317,iniciado,2026-09-15,
275,2934,pausado,2026-09-15,
276,1595,iniciado,2026-09-15,
277,1315,iniciado,2026-09-15,
278,1036,iniciado,2026-09-15,
279,3382,pausado,2026-09-15,
280,1206,iniciado,2026-09-15,
281,1338,iniciado,2026-09-15,
282,1992,iniciado,2026-09-15,
283,656,iniciado,2026-09-15,
284,3392,pausado,2026-09-15,
285,2311,en_progreso,2026-09-15,
286,369,iniciado,2026-09-15,
287,47,iniciado,2026-09-15,
288,2318,pausado,2026-09-15,
289,2837,iniciado,2026-09-15,
290,501,iniciado,2026-09-15,
291,373,iniciado,2026-09-15,
292,2718,iniciado,2026-09-15,
293,1077,iniciado,2026-09-15,
294,2563,iniciado,2026-09-15,
295,1338,en_progreso,2026-09-15,
296,351,completado,2026-09-15,Modulo finalizado por el estudiante
297,1862,en_progreso,2026-09-15,
298,2748,iniciado,2026-09-15,
299,3568,en_progreso,2026-09-15,
300,3298,iniciado,2026-09-15,
301,2673,iniciado,2026-09-15,
302,43,iniciado,2026-09-15,
303,3372,iniciado,2026-09-15,
304,2797,en_progreso,2026-09-15,
305,672,iniciado,2026-09-15,
306,1331,en_progreso,2026-09-15,
307,2793,iniciado,2026-09-15,
308,786,iniciado,2026-09-15,
309,1369,iniciado,2026-09-15,
310,1423,iniciado,2026-09-15,
311,3048,iniciado,2026-09-15,
312,1065,iniciado,2026-09-15,
313,3631,en_progreso,2026-09-15,
314,1331,en_progreso,2026-09-15,
315,263,iniciado,2026-09-15,
316,463,iniciado,2026-09-15,
317,3200,en_progreso,2026-09-15,
318,16,en_progreso,2026-09-15,
319,1319,iniciado,2026-09-15,
320,815,iniciado,2026-09-15,
321,3756,iniciado,2026-09-15,
322,2227,iniciado,2026-09-15,
323,2783,pausado,2026-09-15,
324,2829,iniciado,2026-09-15,
325,47,en_progreso,2026-09-15,
326,3494,iniciado,2026-09-15,
327,753,iniciado,2026-09-15,
328,2756,iniciado,2026-09-15,
329,183,iniciado,2026-09-15,
330,1862,pausado,2026-09-15,
331,746,iniciado,2026-09-15,
332,2168,iniciado,2026-09-15,
333,636,iniciado,2026-09-15,
334,215,iniciado,2026-09-15,
335,1554,iniciado,2026-09-15,
336,1839,iniciado,2026-09-15,
337,4032,iniciado,2026-09-15,
338,205,completado,2026-09-15,Modulo finalizado por el estudiante
339,1065,pausado,2026-09-15,
340,3366,iniciado,2026-09-15,
341,513,iniciado,2026-09-15,
342,1784,completado,2026-09-15,Modulo finalizado por el estudiante
343,2044,abandonado,2026-09-15,Sin actividad posterior registrada
344,3799,iniciado,2026-09-15,
345,782,completado,2026-09-15,Modulo finalizado por el estudiante
346,1194,completado,2026-09-15,Modulo finalizado por el estudiante
347,4060,iniciado,2026-09-15,
348,892,iniciado,2026-09-15,
349,2077,iniciado,2026-09-15,
350,132,en_progreso,2026-09-15,
351,3969,completado,2026-09-15,Modulo finalizado por el estudiante
352,4068,iniciado,2026-09-15,
353,3388,iniciado,2026-09-15,
354,3725,completado,2026-09-15,Modulo finalizado por el estudiante
355,1347,en_progreso,2026-09-15,
356,1928,iniciado,2026-09-15,
357,199,iniciado,2026-09-15,
358,2388,iniciado,2026-09-15,
359,1120,iniciado,2026-09-15,
360,1009,iniciado,2026-09-15,
361,2334,iniciado,2026-09-15,
362,1766,iniciado,2026-09-15,
363,1540,iniciado,2026-09-15,
364,4032,completado,2026-09-15,Modulo finalizado por el estudiante
365,1124,en_progreso,2026-09-15,
366,1662,iniciado,2026-09-15,
367,1407,completado,2026-09-15,Modulo finalizado por el estudiante
368,3918,iniciado,2026-09-15,
369,1408,iniciado,2026-09-15,
370,1770,iniciado,2026-09-15,
371,3240,en_progreso,2026-09-15,
372,2718,en_progreso,2026-09-15,
373,1315,en_progreso,2026-09-15,
374,1338,en_progreso,2026-09-15,
375,1744,iniciado,2026-09-15,
376,3696,completado,2026-09-15,Modulo finalizado por el estudiante
377,2200,iniciado,2026-09-15,
378,3060,iniciado,2026-09-15,
379,2592,iniciado,2026-09-15,
380,576,iniciado,2026-09-15,
381,1940,iniciado,2026-09-15,
382,2905,iniciado,2026-09-15,
383,958,en_progreso,2026-09-15,
384,7,iniciado,2026-09-15,
385,2638,iniciado,2026-09-15,
386,2728,iniciado,2026-09-15,
387,3480,iniciado,2026-09-15,
388,3646,completado,2026-09-15,Modulo finalizado por el estudiante
389,3735,iniciado,2026-09-15,
390,3392,en_progreso,2026-09-15,
391,3359,iniciado,2026-09-15,
392,1670,pausado,2026-09-15,
393,3353,iniciado,2026-09-15,
394,623,pausado,2026-09-15,
395,1519,iniciado,2026-09-15,
396,2574,en_progreso,2026-09-15,
397,2025,pausado,2026-09-15,
398,2801,iniciado,2026-09-15,
399,636,en_progreso,2026-09-15,
400,1908,pausado,2026-09-15,
401,877,iniciado,2026-09-15,
402,3109,iniciado,2026-09-15,
403,2867,en_progreso,2026-09-15,
404,1,en_progreso,2026-09-15,
405,3981,iniciado,2026-09-15,
406,2922,iniciado,2026-09-15,
407,3066,pausado,2026-09-15,
408,2359,iniciado,2026-09-15,
409,2233,en_progreso,2026-09-15,
410,2400,iniciado,2026-09-15,
411,4024,iniciado,2026-09-15,
412,4036,iniciado,2026-09-15,
413,3731,iniciado,2026-09-15,
414,853,iniciado,2026-09-15,
415,3326,en_progreso,2026-09-15,
416,3200,pausado,2026-09-15,
417,470,iniciado,2026-09-15,
418,3812,iniciado,2026-09-15,
419,1183,iniciado,2026-09-15,
420,3401,iniciado,2026-09-15,
421,1564,iniciado,2026-09-15,
422,1135,completado,2026-09-15,Modulo finalizado por el estudiante
423,740,iniciado,2026-09-15,
424,132,en_progreso,2026-09-15,
425,3086,iniciado,2026-09-15,
426,3894,iniciado,2026-09-15,
427,369,en_progreso,2026-09-15,
428,2901,en_progreso,2026-09-15,
429,2511,iniciado,2026-09-15,
430,2011,en_progreso,2026-09-15,
431,26,iniciado,2026-09-15,
432,3805,iniciado,2026-09-15,
433,3902,iniciado,2026-09-15,
434,531,iniciado,2026-09-15,
435,3948,iniciado,2026-09-15,
436,2144,iniciado,2026-09-15,
437,1106,en_progreso,2026-09-15,
438,2627,iniciado,2026-09-15,
439,2354,iniciado,2026-09-15,
440,259,pausado,2026-09-15,
441,609,iniciado,2026-09-15,
442,2311,en_progreso,2026-09-15,
443,2690,iniciado,2026-09-15,
444,2823,pausado,2026-09-15,
445,3829,iniciado,2026-09-15,
446,2239,iniciado,2026-09-15,
447,3094,iniciado,2026-09-15,
448,3647,iniciado,2026-09-15,
449,2559,iniciado,2026-09-15,
450,2151,completado,2026-09-15,Modulo finalizado por el estudiante
451,2774,en_progreso,2026-09-15,
452,2408,iniciado,2026-09-15,
453,2275,iniciado,2026-09-15,
454,1307,iniciado,2026-09-15,
455,3812,en_progreso,2026-09-15,
456,3884,completado,2026-09-15,Modulo finalizado por el estudiante
457,2464,iniciado,2026-09-15,
458,3167,en_progreso,2026-09-15,
459,3617,iniciado,2026-09-15,
460,1445,en_progreso,2026-09-15,
461,2738,iniciado,2026-09-15,
462,410,en_progreso,2026-09-15,
463,3517,iniciado,2026-09-15,
464,772,pausado,2026-09-15,
465,324,en_progreso,2026-09-15,
466,2365,en_progreso,2026-09-15,
467,2115,en_progreso,2026-09-15,
468,3527,en_progreso,2026-09-15,
469,2901,en_progreso,2026-09-15,
470,1776,iniciado,2026-09-15,
471,1509,completado,2026-09-15,Modulo finalizado por el estudiante
472,2109,iniciado,2026-09-15,
473,2728,pausado,2026-09-15,
474,2764,iniciado,2026-09-15,
475,4060,pausado,2026-09-15,
476,1110,iniciado,2026-09-15,
477,2477,iniciado,2026-09-15,
478,1106,en_progreso,2026-09-15,
479,1962,iniciado,2026-09-15,
480,1702,iniciado,2026-09-15,
481,3382,pausado,2026-09-15,
482,2035,iniciado,2026-09-15,
483,3668,iniciado,2026-09-15,
484,837,completado,2026-09-15,Modulo finalizado por el estudiante
485,636,abandonado,2026-09-15,Sin actividad posterior registrada
486,2711,iniciado,2026-09-15,
487,140,completado,2026-09-15,Modulo finalizado por el estudiante
488,2987,pausado,2026-09-15,
489,141,iniciado,2026-09-15,
490,425,iniciado,2026-09-15,
491,3255,iniciado,2026-09-15,
492,2168,en_progreso,2026-09-15,
493,259,en_progreso,2026-09-15,
494,2305,iniciado,2026-09-15,
495,1656,iniciado,2026-09-15,
496,1710,completado,2026-09-15,Modulo finalizado por el estudiante
497,1915,en_progreso,2026-09-15,
498,2127,en_progreso,2026-09-15,
499,98,iniciado,2026-09-15,
500,3805,en_progreso,2026-09-15,
501,1770,en_progreso,2026-09-15,
502,3298,en_progreso,2026-09-15,
503,1253,en_progreso,2026-09-15,
504,776,iniciado,2026-09-15,
505,1212,en_progreso,2026-09-15,
506,2851,completado,2026-09-15,Modulo finalizado por el estudiante
507,2365,pausado,2026-09-15,
508,3894,en_progreso,2026-09-15,
509,3795,iniciado,2026-09-15,
510,3647,en_progreso,2026-09-15,
511,1572,en_progreso,2026-09-15,
512,1578,iniciado,2026-09-15,
513,2905,pausado,2026-09-15,
514,1894,iniciado,2026-09-15,
515,2001,completado,2026-09-15,Modulo finalizado por el estudiante
516,1009,en_progreso,2026-09-15,
517,3177,iniciado,2026-09-15,
518,1228,iniciado,2026-09-15,
519,509,pausado,2026-09-15,
520,1527,iniciado,2026-09-15,
521,3470,iniciado,2026-09-15,
522,3031,iniciado,2026-09-15,
523,603,completado,2026-09-15,Modulo finalizado por el estudiante
524,2859,iniciado,2026-09-15,
525,3973,en_progreso,2026-09-15,
526,3348,iniciado,2026-09-15,
527,1872,iniciado,2026-09-15,
528,352,iniciado,2026-09-15,
529,2574,pausado,2026-09-15,
530,62,iniciado,2026-09-15,
531,2121,completado,2026-09-15,Modulo finalizado por el estudiante
532,527,iniciado,2026-09-15,
533,2192,iniciado,2026-09-15,
534,1828,pausado,2026-09-15,
535,2334,pausado,2026-09-15,
536,2200,en_progreso,2026-09-15,
537,3294,iniciado,2026-09-15,
538,1363,iniciado,2026-09-15,
539,3115,completado,2026-09-15,Modulo finalizado por el estudiante
540,2732,iniciado,2026-09-15,
541,3933,iniciado,2026-09-15,
542,2464,en_progreso,2026-09-15,
543,2987,en_progreso,2026-09-15,
544,437,iniciado,2026-09-15,
545,1413,iniciado,2026-09-15,
546,2287,iniciado,2026-09-15,
547,1232,completado,2026-09-15,Modulo finalizado por el estudiante
548,2878,iniciado,2026-09-15,
549,3086,pausado,2026-09-15,
550,1706,iniciado,2026-09-15,
551,148,iniciado,2026-09-15,
552,2517,iniciado,2026-09-15,
553,1646,iniciado,2026-09-15,
554,920,en_progreso,2026-09-15,
555,1307,en_progreso,2026-09-15,
556,3568,completado,2026-09-15,Modulo finalizado por el estudiante
557,2815,iniciado,2026-09-15,
558,53,iniciado,2026-09-15,
559,2627,completado,2026-09-15,Modulo finalizado por el estudiante
560,433,iniciado,2026-09-15,
561,1224,iniciado,2026-09-15,
562,3654,iniciado,2026-09-15,
563,2052,iniciado,2026-09-15,
564,2488,iniciado,2026-09-15,
565,2811,iniciado,2026-09-15,
566,3847,en_progreso,2026-09-15,
567,3613,en_progreso,2026-09-15,
568,470,en_progreso,2026-09-15,
569,1233,iniciado,2026-09-15,
570,1548,pausado,2026-09-15,
571,1862,en_progreso,2026-09-15,
572,2152,iniciado,2026-09-15,
573,3787,iniciado,2026-09-15,
574,2789,en_progreso,2026-09-15,
575,1369,en_progreso,2026-09-15,
576,3660,en_progreso,2026-09-15,
577,2718,abandonado,2026-09-15,Sin actividad posterior registrada
578,3504,iniciado,2026-09-15,
579,937,en_progreso,2026-09-15,
580,1403,iniciado,2026-09-15,
581,3680,iniciado,2026-09-15,
582,2977,iniciado,2026-09-15,
583,3863,iniciado,2026-09-15,
584,2665,iniciado,2026-09-15,
585,3021,iniciado,2026-09-15,
586,1433,iniciado,2026-09-15,
587,501,completado,2026-09-15,Modulo finalizado por el estudiante
588,1505,iniciado,2026-09-15,
589,1151,en_progreso,2026-09-15,
590,3603,iniciado,2026-09-15,
591,2711,en_progreso,2026-09-15,
592,277,iniciado,2026-09-15,
593,2805,en_progreso,2026-09-15,
594,3234,iniciado,2026-09-15,
595,3825,en_progreso,2026-09-15,
596,2901,en_progreso,2026-09-15,
597,1723,iniciado,2026-09-15,
598,933,iniciado,2026-09-15,
599,263,en_progreso,2026-09-15,
600,565,iniciado,2026-09-15,
601,330,iniciado,2026-09-15,
602,2021,iniciado,2026-09-15,
603,2502,iniciado,2026-09-15,
604,373,pausado,2026-09-15,
605,3484,iniciado,2026-09-15,
606,273,iniciado,2026-09-15,
607,772,en_progreso,2026-09-15,
608,1540,en_progreso,2026-09-15,
609,2829,completado,2026-09-15,Modulo finalizado por el estudiante
610,3072,iniciado,2026-09-15,
611,3015,completado,2026-09-15,Modulo finalizado por el estudiante
612,1145,iniciado,2026-09-15,
613,3944,iniciado,2026-09-15,
614,2657,iniciado,2026-09-15,
615,1921,iniciado,2026-09-15,
616,2287,completado,2026-09-15,Modulo finalizado por el estudiante
617,1510,iniciado,2026-09-15,
618,2973,iniciado,2026-09-15,
619,2172,en_progreso,2026-09-15,
620,3090,iniciado,2026-09-15,
621,3762,iniciado,2026-09-15,
622,495,iniciado,2026-09-15,
623,3878,iniciado,2026-09-15,
624,1054,iniciado,2026-09-15,
625,3171,iniciado,2026-09-15,
626,1073,en_progreso,2026-09-15,
627,1216,en_progreso,2026-09-15,
628,11,iniciado,2026-09-15,
629,2062,iniciado,2026-09-15,
630,2288,iniciado,2026-09-15,
631,3498,iniciado,2026-09-15,
632,3003,iniciado,2026-09-15,
633,2392,iniciado,2026-09-15,
634,1481,en_progreso,2026-09-15,
635,1433,pausado,2026-09-15,
636,2301,iniciado,2026-09-15,
637,361,pausado,2026-09-15,
638,1338,completado,2026-09-15,Modulo finalizado por el estudiante
639,3171,pausado,2026-09-15,
640,1005,en_progreso,2026-09-15,
641,3284,iniciado,2026-09-15,
642,757,iniciado,2026-09-15,
643,1347,completado,2026-09-15,Modulo finalizado por el estudiante
644,365,en_progreso,2026-09-15,
645,3009,iniciado,2026-09-15,
646,3805,completado,2026-09-15,Modulo finalizado por el estudiante
647,1468,iniciado,2026-09-15,
648,2221,iniciado,2026-09-15,
649,623,en_progreso,2026-09-15,
650,2029,completado,2026-09-15,Modulo finalizado por el estudiante
651,2546,en_progreso,2026-09-15,
652,3027,en_progreso,2026-09-15,
653,1638,pausado,2026-09-15,
654,136,iniciado,2026-09-15,
655,459,en_progreso,2026-09-15,
656,2911,pausado,2026-09-15,
657,109,abandonado,2026-09-15,Sin actividad posterior registrada
658,3417,iniciado,2026-09-15,
659,1363,pausado,2026-09-15,
660,3885,iniciado,2026-09-15,
661,3847,en_progreso,2026-09-15,
662,2244,iniciado,2026-09-15,
663,1413,en_progreso,2026-09-15,
664,3222,completado,2026-09-15,Modulo finalizado por el estudiante
665,463,en_progreso,2026-09-15,
666,1632,iniciado,2026-09-15,
667,3405,iniciado,2026-09-15,
668,527,completado,2026-09-15,Modulo finalizado por el estudiante
669,1676,iniciado,2026-09-15,
670,2081,iniciado,2026-09-15,
671,3531,iniciado,2026-09-15,
672,2527,en_progreso,2026-09-15,
673,3867,iniciado,2026-09-15,
674,2797,en_progreso,2026-09-15,
675,1283,iniciado,2026-09-15,
676,1646,en_progreso,2026-09-15,
677,2619,iniciado,2026-09-15,
678,7,pausado,2026-09-15,
679,2760,iniciado,2026-09-15,
680,2354,en_progreso,2026-09-15,
681,1834,iniciado,2026-09-15,
682,3161,completado,2026-09-15,Modulo finalizado por el estudiante
683,3177,en_progreso,2026-09-15,
684,1355,iniciado,2026-09-15,
685,2793,en_progreso,2026-09-15,
686,3562,iniciado,2026-09-15,
687,2473,iniciado,2026-09-15,
688,615,iniciado,2026-09-15,
689,152,abandonado,2026-09-15,Sin actividad posterior registrada
690,3094,completado,2026-09-15,Modulo finalizado por el estudiante
691,3617,en_progreso,2026-09-15,
692,2811,en_progreso,2026-09-15,
693,576,en_progreso,2026-09-15,
694,793,iniciado,2026-09-15,
695,2546,completado,2026-09-15,Modulo finalizado por el estudiante
696,1491,iniciado,2026-09-15,
697,2596,iniciado,2026-09-15,
698,3599,iniciado,2026-09-15,
699,1392,iniciado,2026-09-15,
700,2105,completado,2026-09-15,Modulo finalizado por el estudiante
701,2408,en_progreso,2026-09-15,
702,1946,iniciado,2026-09-15,
703,980,iniciado,2026-09-15,
704,3044,iniciado,2026-09-15,
705,2592,pausado,2026-09-15,
706,701,completado,2026-09-15,Modulo finalizado por el estudiante
707,1408,completado,2026-09-15,Modulo finalizado por el estudiante
708,2101,iniciado,2026-09-15,
709,1731,completado,2026-09-15,Modulo finalizado por el estudiante
710,2588,iniciado,2026-09-15,
711,1359,iniciado,2026-09-15,
712,11,en_progreso,2026-09-15,
713,2977,pausado,2026-09-15,
714,3353,en_progreso,2026-09-15,
715,2748,en_progreso,2026-09-15,
716,3888,en_progreso,2026-09-15,
717,1642,iniciado,2026-09-15,
718,967,abandonado,2026-09-15,Sin actividad posterior registrada
719,1224,pausado,2026-09-15,
720,1200,completado,2026-09-15,Modulo finalizado por el estudiante
721,2085,iniciado,2026-09-15,
722,234,en_progreso,2026-09-15,
723,1940,en_progreso,2026-09-15,
724,3317,abandonado,2026-09-15,Sin actividad posterior registrada
725,2535,iniciado,2026-09-15,
726,199,en_progreso,2026-09-15,
727,1696,completado,2026-09-15,Modulo finalizado por el estudiante
728,2244,en_progreso,2026-09-15,
729,76,pausado,2026-09-15,
730,2081,completado,2026-09-15,Modulo finalizado por el estudiante
731,797,iniciado,2026-09-15,
732,389,iniciado,2026-09-15,
733,2400,completado,2026-09-15,Modulo finalizado por el estudiante
734,1355,en_progreso,2026-09-15,
735,3309,iniciado,2026-09-15,
736,418,iniciado,2026-09-15,
737,1681,iniciado,2026-09-15,
738,3443,completado,2026-09-15,Modulo finalizado por el estudiante
739,1936,abandonado,2026-09-15,Sin actividad posterior registrada
740,3196,iniciado,2026-09-15,
741,3674,iniciado,2026-09-15,
742,3885,en_progreso,2026-09-15,
743,3153,iniciado,2026-09-15,
744,361,en_progreso,2026-09-15,
745,1477,iniciado,2026-09-15,
746,1165,iniciado,2026-09-15,
747,3821,en_progreso,2026-09-15,
748,3888,pausado,2026-09-15,
749,509,en_progreso,2026-09-15,
750,156,iniciado,2026-09-15,
751,251,iniciado,2026-09-15,
752,1662,completado,2026-09-15,Modulo finalizado por el estudiante
753,1505,en_progreso,2026-09-15,
754,1253,en_progreso,2026-09-15,
755,4054,iniciado,2026-09-15,
756,920,en_progreso,2026-09-15,
757,1951,iniciado,2026-09-15,
758,3162,iniciado,2026-09-15,
759,3494,en_progreso,2026-09-15,
760,736,iniciado,2026-09-15,
761,1187,iniciado,2026-09-15,
762,2365,pausado,2026-09-15,
763,2354,en_progreso,2026-09-15,
764,2388,completado,2026-09-15,Modulo finalizado por el estudiante
765,3466,iniciado,2026-09-15,
766,2793,en_progreso,2026-09-15,
767,1762,iniciado,2026-09-15,
768,2987,en_progreso,2026-09-15,
769,3531,en_progreso,2026-09-15,
770,1025,iniciado,2026-09-15,
771,1962,completado,2026-09-15,Modulo finalizado por el estudiante
772,542,iniciado,2026-09-15,
773,1216,en_progreso,2026-09-15,
774,1513,iniciado,2026-09-15,
775,3584,iniciado,2026-09-15,
776,1513,en_progreso,2026-09-15,
777,2015,en_progreso,2026-09-15,
778,3511,iniciado,2026-09-15,
779,3977,iniciado,2026-09-15,
780,3812,abandonado,2026-09-15,Sin actividad posterior registrada
781,3090,pausado,2026-09-15,
782,1472,iniciado,2026-09-15,
783,3973,completado,2026-09-15,Modulo finalizado por el estudiante
784,3095,iniciado,2026-09-15,
785,1794,iniciado,2026-09-15,
786,1124,pausado,2026-09-15,
787,3167,en_progreso,2026-09-15,
788,3929,iniciado,2026-09-15,
789,3372,pausado,2026-09-15,
790,705,iniciado,2026-09-15,
791,3206,iniciado,2026-09-15,
792,495,completado,2026-09-15,Modulo finalizado por el estudiante
793,3294,en_progreso,2026-09-15,
794,183,pausado,2026-09-15,
795,3745,en_progreso,2026-09-15,
796,1670,pausado,2026-09-15,
797,898,iniciado,2026-09-15,
798,1036,en_progreso,2026-09-15,
799,1862,en_progreso,2026-09-15,
800,845,iniciado,2026-09-15,
801,1315,completado,2026-09-15,Modulo finalizado por el estudiante
802,2473,abandonado,2026-09-15,Sin actividad posterior registrada
803,1513,pausado,2026-09-15,
804,1727,iniciado,2026-09-15,
805,580,iniciado,2026-09-15,
806,2401,iniciado,2026-09-15,
807,395,iniciado,2026-09-15,
808,726,iniciado,2026-09-15,
809,3867,abandonado,2026-09-15,Sin actividad posterior registrada
810,3466,pausado,2026-09-15,
811,2021,abandonado,2026-09-15,Sin actividad posterior registrada
812,2852,iniciado,2026-09-15,
813,1862,en_progreso,2026-09-15,
814,1351,iniciado,2026-09-15,
815,2756,en_progreso,2026-09-15,
816,3843,iniciado,2026-09-15,
817,3449,iniciado,2026-09-15,
818,1341,pausado,2026-09-15,
819,3266,completado,2026-09-15,Modulo finalizado por el estudiante
820,547,pausado,2026-09-15,
821,2418,iniciado,2026-09-15,
822,136,pausado,2026-09-15,
823,2867,en_progreso,2026-09-15,
824,3313,iniciado,2026-09-15,
825,330,pausado,2026-09-15,
826,2389,iniciado,2026-09-15,
827,3599,en_progreso,2026-09-15,
828,722,en_progreso,2026-09-15,
829,2535,en_progreso,2026-09-15,
830,2760,en_progreso,2026-09-15,
831,3439,iniciado,2026-09-15,
832,3816,iniciado,2026-09-15,
833,3580,iniciado,2026-09-15,
834,2774,en_progreso,2026-09-15,
835,797,completado,2026-09-15,Modulo finalizado por el estudiante
836,3353,en_progreso,2026-09-15,
837,2082,iniciado,2026-09-15,
838,1433,en_progreso,2026-09-15,
839,2275,en_progreso,2026-09-15,
840,1848,iniciado,2026-09-15,
841,505,iniciado,2026-09-15,
842,3521,iniciado,2026-09-15,
843,1872,en_progreso,2026-09-15,
844,1828,en_progreso,2026-09-15,
845,623,completado,2026-09-15,Modulo finalizado por el estudiante
846,2334,en_progreso,2026-09-15,
847,3272,iniciado,2026-09-15,
848,3055,iniciado,2026-09-15,
849,115,iniciado,2026-09-15,
850,267,iniciado,2026-09-15,
851,4042,iniciado,2026-09-15,
852,1706,en_progreso,2026-09-15,
853,2888,iniciado,2026-09-15,
854,1058,en_progreso,2026-09-15,
855,1070,iniciado,2026-09-15,
856,2993,en_progreso,2026-09-15,
857,1681,completado,2026-09-15,Modulo finalizado por el estudiante
858,4054,completado,2026-09-15,Modulo finalizado por el estudiante
859,11,en_progreso,2026-09-15,
860,666,iniciado,2026-09-15,
861,2774,en_progreso,2026-09-15,
862,3388,completado,2026-09-15,Modulo finalizado por el estudiante
863,672,en_progreso,2026-09-15,
864,1220,iniciado,2026-09-15,
865,3003,en_progreso,2026-09-15,
866,277,en_progreso,2026-09-15,
867,576,pausado,2026-09-15,
868,2447,iniciado,2026-09-15,
869,2301,completado,2026-09-15,Modulo finalizado por el estudiante
870,2638,pausado,2026-09-15,
871,2318,en_progreso,2026-09-15,
872,234,pausado,2026-09-15,
873,3378,iniciado,2026-09-15,
874,2673,en_progreso,2026-09-15,
875,167,iniciado,2026-09-15,
876,320,iniciado,2026-09-15,
877,2464,completado,2026-09-15,Modulo finalizado por el estudiante
878,2180,iniciado,2026-09-15,
879,3521,en_progreso,2026-09-15,
880,2275,en_progreso,2026-09-15,
881,3109,en_progreso,2026-09-15,
882,3196,pausado,2026-09-15,
883,2811,pausado,2026-09-15,
884,1946,abandonado,2026-09-15,Sin actividad posterior registrada
885,2732,en_progreso,2026-09-15,
886,2205,iniciado,2026-09-15,
887,505,completado,2026-09-15,Modulo finalizado por el estudiante
888,580,completado,2026-09-15,Modulo finalizado por el estudiante
889,3338,iniciado,2026-09-15,
890,3958,iniciado,2026-09-15,
891,2830,iniciado,2026-09-15,
892,3706,iniciado,2026-09-15,
893,1106,en_progreso,2026-09-15,
894,2115,en_progreso,2026-09-15,
895,2127,pausado,2026-09-15,
896,1601,iniciado,2026-09-15,
897,2192,en_progreso,2026-09-15,
898,786,pausado,2026-09-15,
899,2441,iniciado,2026-09-15,
900,352,en_progreso,2026-09-15,
901,2217,iniciado,2026-09-15,
902,491,pausado,2026-09-15,
903,1894,completado,2026-09-15,Modulo finalizado por el estudiante
904,2852,en_progreso,2026-09-15,
905,2878,en_progreso,2026-09-15,
906,1803,iniciado,2026-09-15,
907,3417,completado,2026-09-15,Modulo finalizado por el estudiante
908,2172,completado,2026-09-15,Modulo finalizado por el estudiante
909,3706,en_progreso,2026-09-15,
910,1595,en_progreso,2026-09-15,
911,1091,iniciado,2026-09-15,
912,798,iniciado,2026-09-15,
913,3372,en_progreso,2026-09-15,
914,1785,iniciado,2026-09-15,
915,2852,en_progreso,2026-09-15,
916,2934,en_progreso,2026-09-15,
917,2873,abandonado,2026-09-15,Sin actividad posterior registrada
918,3192,iniciado,2026-09-15,
919,3153,pausado,2026-09-15,
920,2855,en_progreso,2026-09-15,
921,3576,iniciado,2026-09-15,
922,1363,en_progreso,2026-09-15,
923,3929,en_progreso,2026-09-15,
924,32,en_progreso,2026-09-15,
925,3382,en_progreso,2026-09-15,
926,3250,iniciado,2026-09-15,
927,167,en_progreso,2026-09-15,
928,1915,en_progreso,2026-09-15,
929,1882,en_progreso,2026-09-15,
930,2911,pausado,2026-09-15,
931,277,en_progreso,2026-09-15,
932,263,pausado,2026-09-15,
933,1392,en_progreso,2026-09-15,
934,3116,iniciado,2026-09-15,
935,2269,iniciado,2026-09-15,
936,2122,iniciado,2026-09-15,
937,1398,en_progreso,2026-09-15,
938,1762,en_progreso,2026-09-15,
939,3488,pausado,2026-09-15,
940,2711,pausado,2026-09-15,
941,245,en_progreso,2026-09-15,
942,292,en_progreso,2026-09-15,
943,1085,iniciado,2026-09-15,
944,3952,iniciado,2026-09-15,
945,705,completado,2026-09-15,Modulo finalizado por el estudiante
946,1485,iniciado,2026-09-15,
947,1676,en_progreso,2026-09-15,
948,2205,en_progreso,2026-09-15,
949,3621,en_progreso,2026-09-15,
950,3439,completado,2026-09-15,Modulo finalizado por el estudiante
951,373,en_progreso,2026-09-15,
952,2239,en_progreso,2026-09-15,
953,1601,pausado,2026-09-15,
954,2941,en_progreso,2026-09-15,
955,1485,en_progreso,2026-09-15,
956,1663,iniciado,2026-09-15,
957,877,completado,2026-09-15,Modulo finalizado por el estudiante
958,3171,en_progreso,2026-09-15,
959,1844,iniciado,2026-09-15,
960,455,iniciado,2026-09-15,
961,2244,completado,2026-09-15,Modulo finalizado por el estudiante
962,1248,en_progreso,2026-09-15,
963,410,en_progreso,2026-09-15,
964,1732,iniciado,2026-09-15,
965,1136,iniciado,2026-09-15,
966,1706,completado,2026-09-15,Modulo finalizado por el estudiante
967,399,en_progreso,2026-09-15,
968,2628,iniciado,2026-09-15,
969,998,iniciado,2026-09-15,
970,3998,iniciado,2026-09-15,
971,1780,iniciado,2026-09-15,
972,1788,iniciado,2026-09-15,
973,3741,iniciado,2026-09-15,
974,3309,completado,2026-09-15,Modulo finalizado por el estudiante
975,1212,en_progreso,2026-09-15,
976,888,iniciado,2026-09-15,
977,3090,en_progreso,2026-09-15,
978,395,en_progreso,2026-09-15,
979,2547,iniciado,2026-09-15,
980,2392,completado,2026-09-15,Modulo finalizado por el estudiante
981,3918,pausado,2026-09-15,
982,3504,completado,2026-09-15,Modulo finalizado por el estudiante
983,2897,iniciado,2026-09-15,
984,3298,pausado,2026-09-15,
985,3206,en_progreso,2026-09-15,
986,1619,iniciado,2026-09-15,
987,776,en_progreso,2026-09-15,
988,3240,en_progreso,2026-09-15,
989,298,en_progreso,2026-09-15,
990,2376,iniciado,2026-09-15,
991,2325,iniciado,2026-09-15,
992,206,iniciado,2026-09-15,
993,302,en_progreso,2026-09-15,
994,3310,iniciado,2026-09-15,
995,463,pausado,2026-09-15,
996,2615,iniciado,2026-09-15,
997,1966,en_progreso,2026-09-15,
998,4081,pausado,2026-09-15,
999,224,en_progreso,2026-09-15,
1000,3348,en_progreso,2026-09-15,
1001,3280,en_progreso,2026-09-16,
1002,1253,en_progreso,2026-09-16,
1003,3480,pausado,2026-09-16,
1004,2801,en_progreso,2026-09-16,
1005,162,iniciado,2026-09-16,
1006,479,iniciado,2026-09-16,
1007,1120,en_progreso,2026-09-16,
1008,2878,en_progreso,2026-09-16,
1009,2801,en_progreso,2026-09-16,
1010,1423,completado,2026-09-16,Modulo finalizado por el estudiante
1011,32,completado,2026-09-16,Modulo finalizado por el estudiante
1012,821,pausado,2026-09-16,
1013,1738,iniciado,2026-09-16,
1014,1424,iniciado,2026-09-16,
1015,801,iniciado,2026-09-16,
1016,1106,abandonado,2026-09-16,Sin actividad posterior registrada
1017,1723,en_progreso,2026-09-16,
1018,1834,completado,2026-09-16,Modulo finalizado por el estudiante
1019,3105,iniciado,2026-09-16,
1020,1355,completado,2026-09-16,Modulo finalizado por el estudiante
1021,3762,en_progreso,2026-09-16,
1022,1932,iniciado,2026-09-16,
1023,410,pausado,2026-09-16,
1024,3228,pausado,2026-09-16,
1025,1848,pausado,2026-09-16,
1026,3631,en_progreso,2026-09-16,
1027,3988,iniciado,2026-09-16,
1028,1491,abandonado,2026-09-16,Sin actividad posterior registrada
1029,1201,iniciado,2026-09-16,
1030,513,en_progreso,2026-09-16,
1031,1866,iniciado,2026-09-16,
1032,838,iniciado,2026-09-16,
1033,1895,iniciado,2026-09-16,
1034,1818,en_progreso,2026-09-16,
1035,3527,pausado,2026-09-16,
1036,3135,iniciado,2026-09-16,
1037,3272,en_progreso,2026-09-16,
1038,841,en_progreso,2026-09-16,
1039,3294,pausado,2026-09-16,
1040,1128,iniciado,2026-09-16,
1041,3537,iniciado,2026-09-16,
1042,1670,completado,2026-09-16,Modulo finalizado por el estudiante
1043,4010,iniciado,2026-09-16,
1044,298,en_progreso,2026-09-16,
1045,1628,iniciado,2026-09-16,
1046,2062,en_progreso,2026-09-16,
1047,2917,completado,2026-09-16,Modulo finalizado por el estudiante
1048,1623,iniciado,2026-09-16,
1049,1091,pausado,2026-09-16,
1050,2035,completado,2026-09-16,Modulo finalizado por el estudiante
1051,3310,en_progreso,2026-09-16,
1052,1265,pausado,2026-09-16,
1053,2778,en_progreso,2026-09-16,
1054,2999,iniciado,2026-09-16,
1055,2052,en_progreso,2026-09-16,
1056,711,iniciado,2026-09-16,
1057,2632,iniciado,2026-09-16,
1058,2555,en_progreso,2026-09-16,
1059,557,en_progreso,2026-09-16,
1060,3511,en_progreso,2026-09-16,
1061,1963,iniciado,2026-09-16,
1062,3072,abandonado,2026-09-16,Sin actividad posterior registrada
1063,2732,en_progreso,2026-09-16,
1064,58,pausado,2026-09-16,
1065,581,iniciado,2026-09-16,
1066,3527,completado,2026-09-16,Modulo finalizado por el estudiante
1067,3885,en_progreso,2026-09-16,
1068,565,en_progreso,2026-09-16,
1069,16,abandonado,2026-09-16,Sin actividad posterior registrada
1070,3721,iniciado,2026-09-16,
1071,1356,iniciado,2026-09-16,
1072,2592,completado,2026-09-16,Modulo finalizado por el estudiante
1073,2628,completado,2026-09-16,Modulo finalizado por el estudiante
1074,3228,en_progreso,2026-09-16,
1075,3147,iniciado,2026-09-16,
1076,1032,iniciado,2026-09-16,
1077,793,en_progreso,2026-09-16,
1078,4033,iniciado,2026-09-16,
1079,2748,completado,2026-09-16,Modulo finalizado por el estudiante
1080,3095,en_progreso,2026-09-16,
1081,1862,completado,2026-09-16,Modulo finalizado por el estudiante
1082,1584,en_progreso,2026-09-16,
1083,2922,completado,2026-09-16,Modulo finalizado por el estudiante
1084,447,iniciado,2026-09-16,
1085,3787,en_progreso,2026-09-16,
1086,3937,iniciado,2026-09-16,
1087,2756,completado,2026-09-16,Modulo finalizado por el estudiante
1088,662,iniciado,2026-09-16,
1089,3411,iniciado,2026-09-16,
1090,2465,iniciado,2026-09-16,
1091,2833,iniciado,2026-09-16,
1092,853,en_progreso,2026-09-16,
1093,2186,iniciado,2026-09-16,
1094,1091,completado,2026-09-16,Modulo finalizado por el estudiante
1095,3912,iniciado,2026-09-16,
1096,3776,pausado,2026-09-16,
1097,3692,en_progreso,2026-09-16,
1098,3359,en_progreso,2026-09-16,
1099,2338,iniciado,2026-09-16,
1100,619,iniciado,2026-09-16,
1101,1278,iniciado,2026-09-16,
1102,1165,en_progreso,2026-09-16,
1103,2855,en_progreso,2026-09-16,
1104,373,pausado,2026-09-16,
1105,314,iniciado,2026-09-16,
1106,1183,en_progreso,2026-09-16,
1107,1707,iniciado,2026-09-16,
1108,373,en_progreso,2026-09-16,
1109,2523,iniciado,2026-09-16,
1110,1110,en_progreso,2026-09-16,
1111,2941,pausado,2026-09-16,
1112,1253,completado,2026-09-16,Modulo finalizado por el estudiante
1113,2097,iniciado,2026-09-16,
1114,986,iniciado,2026-09-16,
1115,487,en_progreso,2026-09-16,
1116,2186,en_progreso,2026-09-16,
1117,292,pausado,2026-09-16,
1118,3338,en_progreso,2026-09-16,
1119,1748,iniciado,2026-09-16,
1120,557,en_progreso,2026-09-16,
1121,2325,en_progreso,2026-09-16,
1122,2396,iniciado,2026-09-16,
1123,1287,iniciado,2026-09-16,
1124,399,en_progreso,2026-09-16,
1125,2837,en_progreso,2026-09-16,
1126,2793,completado,2026-09-16,Modulo finalizado por el estudiante
1127,483,iniciado,2026-09-16,
1128,3902,completado,2026-09-16,Modulo finalizado por el estudiante
1129,859,iniciado,2026-09-16,
1130,2097,en_progreso,2026-09-16,
1131,2068,iniciado,2026-09-16,
1132,314,en_progreso,2026-09-16,
1133,2007,en_progreso,2026-09-16,
1134,2354,en_progreso,2026-09-16,
1135,3782,iniciado,2026-09-16,
1136,4060,pausado,2026-09-16,
1137,3716,iniciado,2026-09-16,
1138,2527,en_progreso,2026-09-16,
1139,310,pausado,2026-09-16,
1140,2801,en_progreso,2026-09-16,
1141,273,pausado,2026-09-16,
1142,2602,completado,2026-09-16,Modulo finalizado por el estudiante
1143,2749,iniciado,2026-09-16,
1144,815,en_progreso,2026-09-16,
1145,958,en_progreso,2026-09-16,
1146,1216,en_progreso,2026-09-16,
1147,2934,en_progreso,2026-09-16,
1148,3200,en_progreso,2026-09-16,
1149,2911,en_progreso,2026-09-16,
1150,1058,pausado,2026-09-16,
1151,1623,en_progreso,2026-09-16,
1152,3474,pausado,2026-09-16,
1153,2371,iniciado,2026-09-16,
1154,1632,completado,2026-09-16,Modulo finalizado por el estudiante
1155,384,en_progreso,2026-09-16,
1156,2901,abandonado,2026-09-16,Sin actividad posterior registrada
1157,389,en_progreso,2026-09-16,
1158,682,iniciado,2026-09-16,
1159,1794,completado,2026-09-16,Modulo finalizado por el estudiante
1160,1261,iniciado,2026-09-16,
1161,1895,en_progreso,2026-09-16,
1162,2805,pausado,2026-09-16,
1163,3167,abandonado,2026-09-16,Sin actividad posterior registrada
1164,3392,en_progreso,2026-09-16,
1165,2855,en_progreso,2026-09-16,
1166,694,iniciado,2026-09-16,
1167,1359,en_progreso,2026-09-16,
1168,2852,en_progreso,2026-09-16,
1169,1085,pausado,2026-09-16,
1170,1054,pausado,2026-09-16,
1171,1359,en_progreso,2026-09-16,
1172,277,en_progreso,2026-09-16,
1173,1429,iniciado,2026-09-16,
1174,245,en_progreso,2026-09-16,
1175,3298,abandonado,2026-09-16,Sin actividad posterior registrada
1176,838,pausado,2026-09-16,
1177,2841,iniciado,2026-09-16,
1178,3664,iniciado,2026-09-16,
1179,2205,pausado,2026-09-16,
1180,570,en_progreso,2026-09-16,
1181,772,en_progreso,2026-09-16,
1182,3003,pausado,2026-09-16,
1183,2221,en_progreso,2026-09-16,
1184,220,iniciado,2026-09-16,
1185,1839,en_progreso,2026-09-16,
1186,528,iniciado,2026-09-16,
1187,1818,completado,2026-09-16,Modulo finalizado por el estudiante
1188,2097,abandonado,2026-09-16,Sin actividad posterior registrada
1189,3903,iniciado,2026-09-16,
1190,801,completado,2026-09-16,Modulo finalizado por el estudiante
1191,1224,completado,2026-09-16,Modulo finalizado por el estudiante
1192,912,iniciado,2026-09-16,
1193,2134,iniciado,2026-09-16,
1194,141,en_progreso,2026-09-16,
1195,4074,iniciado,2026-09-16,
1196,2127,completado,2026-09-16,Modulo finalizado por el estudiante
1197,3825,completado,2026-09-16,Modulo finalizado por el estudiante
1198,1373,iniciado,2026-09-16,
1199,827,iniciado,2026-09-16,
1200,3650,en_progreso,2026-09-16,
1201,2441,en_progreso,2026-09-16,
1202,2393,iniciado,2026-09-16,
1203,1799,iniciado,2026-09-16,
1204,1572,completado,2026-09-16,Modulo finalizado por el estudiante
1205,1179,iniciado,2026-09-16,
1206,1157,en_progreso,2026-09-16,
1207,1697,iniciado,2026-09-16,
1208,1439,iniciado,2026-09-16,
1209,369,abandonado,2026-09-16,Sin actividad posterior registrada
1210,1445,en_progreso,2026-09-16,
1211,3543,iniciado,2026-09-16,
1212,2783,en_progreso,2026-09-16,
1213,1351,en_progreso,2026-09-16,
1214,1369,en_progreso,2026-09-16,
1215,1780,pausado,2026-09-16,
1216,1628,en_progreso,2026-09-16,
1217,597,en_progreso,2026-09-16,
1218,1316,iniciado,2026-09-16,
1219,245,pausado,2026-09-16,
1220,7,en_progreso,2026-09-16,
1221,3584,pausado,2026-09-16,
1222,3863,pausado,2026-09-16,
1223,1025,en_progreso,2026-09-16,
1224,3466,completado,2026-09-16,Modulo finalizado por el estudiante
1225,3240,en_progreso,2026-09-16,
1226,3749,completado,2026-09-16,Modulo finalizado por el estudiante
1227,2638,en_progreso,2026-09-16,
1228,2082,pausado,2026-09-16,
1229,2863,iniciado,2026-09-16,
1230,662,en_progreso,2026-09-16,
1231,1963,pausado,2026-09-16,
1232,902,iniciado,2026-09-16,
1233,3200,pausado,2026-09-16,
1234,2101,en_progreso,2026-09-16,
1235,1485,en_progreso,2026-09-16,
1236,3153,pausado,2026-09-16,
1237,2418,en_progreso,2026-09-16,
1238,2657,en_progreso,2026-09-16,
1239,3833,iniciado,2026-09-16,
1240,878,iniciado,2026-09-16,
1241,3433,en_progreso,2026-09-16,
1242,3290,iniciado,2026-09-16,
1243,3218,en_progreso,2026-09-16,
1244,3918,en_progreso,2026-09-16,
1245,1036,en_progreso,2026-09-16,
1246,2477,pausado,2026-09-16,
1247,4004,iniciado,2026-09-16,
1248,389,en_progreso,2026-09-16,
1249,2977,en_progreso,2026-09-16,
1250,2574,en_progreso,2026-09-16,
1251,3589,iniciado,2026-09-16,
1252,33,iniciado,2026-09-16,
1253,3912,completado,2026-09-16,Modulo finalizado por el estudiante
1254,553,iniciado,2026-09-16,
1255,4060,en_progreso,2026-09-16,
1256,3627,iniciado,2026-09-16,
1257,2690,en_progreso,2026-09-16,
1258,627,iniciado,2026-09-16,
1259,2376,en_progreso,2026-09-16,
1260,2757,iniciado,2026-09-16,
1261,2893,iniciado,2026-09-16,
1262,3090,en_progreso,2026-09-16,
1263,2302,iniciado,2026-09-16,
1264,3186,completado,2026-09-16,Modulo finalizado por el estudiante
1265,2623,iniciado,2026-09-16,
1266,2211,iniciado,2026-09-16,
1267,2837,en_progreso,2026-09-16,
1268,2477,en_progreso,2026-09-16,
1269,3313,en_progreso,2026-09-16,
1270,2527,pausado,2026-09-16,
1271,1424,en_progreso,2026-09-16,
1272,1220,en_progreso,2026-09-16,
1273,2801,en_progreso,2026-09-16,
1274,1980,iniciado,2026-09-16,
1275,3617,en_progreso,2026-09-16,
1276,2152,en_progreso,2026-09-16,
1277,2157,iniciado,2026-09-16,
1278,330,en_progreso,2026-09-16,
1279,4014,iniciado,2026-09-16,
1280,3027,completado,2026-09-16,Modulo finalizado por el estudiante
1281,115,completado,2026-09-16,Modulo finalizado por el estudiante
1282,3988,pausado,2026-09-16,
1283,2488,en_progreso,2026-09-16,
1284,3929,en_progreso,2026-09-16,
1285,2176,iniciado,2026-09-16,
1286,2794,iniciado,2026-09-16,
1287,3898,iniciado,2026-09-16,
1288,3829,en_progreso,2026-09-16,
1289,1145,en_progreso,2026-09-16,
1290,2531,iniciado,2026-09-16,
1291,162,en_progreso,2026-09-16,
1292,2091,iniciado,2026-09-16,
1293,3772,iniciado,2026-09-16,
1294,859,completado,2026-09-16,Modulo finalizado por el estudiante
1295,662,abandonado,2026-09-16,Sin actividad posterior registrada
1296,2774,en_progreso,2026-09-16,
1297,2926,iniciado,2026-09-16,
1298,3459,en_progreso,2026-09-16,
1299,711,completado,2026-09-16,Modulo finalizado por el estudiante
1300,948,iniciado,2026-09-16,
1301,273,en_progreso,2026-09-16,
1302,2371,en_progreso,2026-09-16,
1303,1966,en_progreso,2026-09-16,
1304,2192,en_progreso,2026-09-16,
1305,102,iniciado,2026-09-16,
1306,3913,iniciado,2026-09-16,
1307,2801,en_progreso,2026-09-16,
1308,1169,iniciado,2026-09-16,
1309,3392,en_progreso,2026-09-16,
1310,224,completado,2026-09-16,Modulo finalizado por el estudiante
1311,1287,en_progreso,2026-09-16,
1312,802,iniciado,2026-09-16,
1313,1242,en_progreso,2026-09-16,
1314,2926,completado,2026-09-16,Modulo finalizado por el estudiante
1315,2424,iniciado,2026-09-16,
1316,3650,en_progreso,2026-09-16,
1317,3153,pausado,2026-09-16,
1318,3903,pausado,2026-09-16,
1319,4060,completado,2026-09-16,Modulo finalizado por el estudiante
1320,1619,en_progreso,2026-09-16,
1321,1623,pausado,2026-09-16,
1322,1940,en_progreso,2026-09-16,
1323,405,pausado,2026-09-16,
1324,3267,iniciado,2026-09-16,
1325,1261,en_progreso,2026-09-16,
1326,3576,pausado,2026-09-16,
1327,624,iniciado,2026-09-16,
1328,2934,completado,2026-09-16,Modulo finalizado por el estudiante
1329,1795,iniciado,2026-09-16,
1330,2770,iniciado,2026-09-16,
1331,2227,pausado,2026-09-16,
1332,365,en_progreso,2026-09-16,
1333,2186,completado,2026-09-16,Modulo finalizado por el estudiante
1334,547,en_progreso,2026-09-16,
1335,2396,pausado,2026-09-16,
1336,2265,iniciado,2026-09-16,
1337,916,iniciado,2026-09-16,
1338,3829,en_progreso,2026-09-16,
1339,3206,completado,2026-09-16,Modulo finalizado por el estudiante
1340,2797,completado,2026-09-16,Modulo finalizado por el estudiante
1341,2424,en_progreso,2026-09-16,
1342,1392,en_progreso,2026-09-16,
1343,455,en_progreso,2026-09-16,
1344,3918,en_progreso,2026-09-16,
1345,1966,en_progreso,2026-09-16,
1346,1685,iniciado,2026-09-16,
1347,948,en_progreso,2026-09-16,
1348,1341,en_progreso,2026-09-16,
1349,3660,completado,2026-09-16,Modulo finalizado por el estudiante
1350,2884,iniciado,2026-09-16,
1351,58,en_progreso,2026-09-16,
1352,1257,iniciado,2026-09-16,
1353,3756,en_progreso,2026-09-16,
1354,1254,iniciado,2026-09-16,
1355,3609,iniciado,2026-09-16,
1356,2488,pausado,2026-09-16,
1357,2559,en_progreso,2026-09-16,
1358,1532,iniciado,2026-09-16,
1359,1157,en_progreso,2026-09-16,
1360,3467,iniciado,2026-09-16,
1361,3016,iniciado,2026-09-16,
1362,1900,en_progreso,2026-09-16,
1363,2211,abandonado,2026-09-16,Sin actividad posterior registrada
1364,2855,en_progreso,2026-09-16,
1365,1409,iniciado,2026-09-16,
1366,1590,iniciado,2026-09-16,
1367,1307,en_progreso,2026-09-16,
1368,1642,en_progreso,2026-09-16,
1369,3981,pausado,2026-09-16,
1370,1005,en_progreso,2026-09-16,
1371,3782,pausado,2026-09-16,
1372,3974,iniciado,2026-09-16,
1373,2738,pausado,2026-09-16,
1374,517,iniciado,2026-09-16,
1375,1013,en_progreso,2026-09-16,
1376,1568,iniciado,2026-09-16,
1377,76,pausado,2026-09-16,
1378,656,en_progreso,2026-09-16,
1379,2867,en_progreso,2026-09-16,
1380,3332,completado,2026-09-16,Modulo finalizado por el estudiante
1381,2563,en_progreso,2026-09-16,
1382,1481,en_progreso,2026-09-16,
1383,958,abandonado,2026-09-16,Sin actividad posterior registrada
1384,1316,completado,2026-09-16,Modulo finalizado por el estudiante
1385,2507,iniciado,2026-09-16,
1386,587,iniciado,2026-09-16,
1387,345,iniciado,2026-09-16,
1388,2082,en_progreso,2026-09-16,
1389,3593,iniciado,2026-09-16,
1390,288,en_progreso,2026-09-16,
1391,1584,en_progreso,2026-09-16,
1392,2905,completado,2026-09-16,Modulo finalizado por el estudiante
1393,3162,pausado,2026-09-16,
1394,3228,en_progreso,2026-09-16,
1395,2359,completado,2026-09-16,Modulo finalizado por el estudiante
1396,1548,completado,2026-09-16,Modulo finalizado por el estudiante
1397,2245,iniciado,2026-09-16,
1398,1590,pausado,2026-09-16,
1399,320,pausado,2026-09-16,
1400,3874,iniciado,2026-09-16,
1401,513,completado,2026-09-16,Modulo finalizado por el estudiante
1402,1085,pausado,2026-09-16,
1403,1373,pausado,2026-09-16,
1404,821,en_progreso,2026-09-16,
1405,821,en_progreso,2026-09-16,
1406,3101,iniciado,2026-09-16,
1407,2465,en_progreso,2026-09-16,
1408,3697,iniciado,2026-09-16,
1409,1477,pausado,2026-09-16,
1410,2376,en_progreso,2026-09-16,
1411,1373,completado,2026-09-16,Modulo finalizado por el estudiante
1412,3267,pausado,2026-09-16,
1413,1042,iniciado,2026-09-16,
1414,2221,en_progreso,2026-09-16,
1415,783,iniciado,2026-09-16,
1416,1385,iniciado,2026-09-16,
1417,746,en_progreso,2026-09-16,
1418,1601,pausado,2026-09-16,
1419,2959,completado,2026-09-16,Modulo finalizado por el estudiante
1420,2295,en_progreso,2026-09-16,
1421,3661,iniciado,2026-09-16,
1422,2091,completado,2026-09-16,Modulo finalizado por el estudiante
1423,2619,en_progreso,2026-09-16,
1424,3121,iniciado,2026-09-16,
1425,220,completado,2026-09-16,Modulo finalizado por el estudiante
1426,3843,en_progreso,2026-09-16,
1427,479,en_progreso,2026-09-16,
1428,2993,pausado,2026-09-16,
1429,119,iniciado,2026-09-16,
1430,4004,pausado,2026-09-16,
1431,1403,pausado,2026-09-16,
1432,3994,iniciado,2026-09-16,
1433,3958,en_progreso,2026-09-16,
1434,2311,completado,2026-09-16,Modulo finalizado por el estudiante
1435,943,iniciado,2026-09-16,
1436,3048,en_progreso,2026-09-16,
1437,479,en_progreso,2026-09-16,
1438,1671,iniciado,2026-09-16,
1439,3511,en_progreso,2026-09-16,
1440,2144,pausado,2026-09-16,
1441,1510,pausado,2026-09-16,
1442,2082,completado,2026-09-16,Modulo finalizado por el estudiante
1443,2859,en_progreso,2026-09-16,
1444,1317,iniciado,2026-09-16,
1445,1685,en_progreso,2026-09-16,
1446,2685,completado,2026-09-16,Modulo finalizado por el estudiante
1447,7,pausado,2026-09-16,
1448,2823,en_progreso,2026-09-16,
1449,2704,iniciado,2026-09-16,
1450,1872,pausado,2026-09-16,
1451,2608,iniciado,2026-09-16,
1452,3267,en_progreso,2026-09-16,
1453,1392,en_progreso,2026-09-16,
1454,2291,iniciado,2026-09-16,
1455,3654,en_progreso,2026-09-16,
1456,3290,pausado,2026-09-16,
1457,1254,pausado,2026-09-16,
1458,1623,pausado,2026-09-16,
1459,2867,en_progreso,2026-09-16,
1460,587,en_progreso,2026-09-16,
1461,806,iniciado,2026-09-16,
1462,2608,completado,2026-09-16,Modulo finalizado por el estudiante
1463,1523,iniciado,2026-09-16,
1464,2661,iniciado,2026-09-16,
1465,3692,en_progreso,2026-09-16,
1466,2477,en_progreso,2026-09-16,
1467,1988,en_progreso,2026-09-16,
1468,3908,completado,2026-09-16,Modulo finalizado por el estudiante
1469,373,en_progreso,2026-09-16,
1470,2164,iniciado,2026-09-16,
1471,1766,completado,2026-09-16,Modulo finalizado por el estudiante
1472,2653,iniciado,2026-09-16,
1473,1392,completado,2026-09-16,Modulo finalizado por el estudiante
1474,1477,pausado,2026-09-16,
1475,3060,pausado,2026-09-16,
1476,3453,iniciado,2026-09-16,
1477,2563,completado,2026-09-16,Modulo finalizado por el estudiante
1478,2338,en_progreso,2026-09-16,
1479,2867,completado,2026-09-16,Modulo finalizado por el estudiante
1480,1963,en_progreso,2026-09-16,
1481,994,iniciado,2026-09-16,
1482,3650,en_progreso,2026-09-16,
1483,4061,iniciado,2026-09-16,
1484,2138,iniciado,2026-09-16,
1485,239,iniciado,2026-09-16,
1486,1656,pausado,2026-09-16,
1487,3692,completado,2026-09-16,Modulo finalizado por el estudiante
1488,1980,en_progreso,2026-09-16,
1489,3411,abandonado,2026-09-16,Sin actividad posterior registrada
1490,2593,iniciado,2026-09-16,
1491,206,en_progreso,2026-09-16,
1492,1723,completado,2026-09-16,Modulo finalizado por el estudiante
1493,2302,en_progreso,2026-09-16,
1494,82,iniciado,2026-09-16,
1495,3782,en_progreso,2026-09-16,
1496,811,iniciado,2026-09-16,
1497,399,en_progreso,2026-09-16,
1498,1756,iniciado,2026-09-16,
1499,3255,pausado,2026-09-16,
1500,3401,en_progreso,2026-09-16,
1501,3537,completado,2026-09-16,Modulo finalizado por el estudiante
1502,1976,iniciado,2026-09-16,
1503,1650,iniciado,2026-09-16,
1504,3272,pausado,2026-09-16,
1505,3977,en_progreso,2026-09-16,
1506,3223,iniciado,2026-09-16,
1507,365,en_progreso,2026-09-16,
1508,1505,abandonado,2026-09-16,Sin actividad posterior registrada
1509,3918,en_progreso,2026-09-16,
1510,3988,pausado,2026-09-16,
1511,517,en_progreso,2026-09-16,
1512,162,en_progreso,2026-09-16,
1513,1536,iniciado,2026-09-16,
1514,1863,iniciado,2026-09-16,
1515,1951,en_progreso,2026-09-16,
1516,2152,pausado,2026-09-16,
1517,937,en_progreso,2026-09-16,
1518,1988,pausado,2026-09-16,
1519,1257,en_progreso,2026-09-16,
1520,1216,en_progreso,2026-09-16,
1521,1331,pausado,2026-09-16,
1522,2441,completado,2026-09-16,Modulo finalizado por el estudiante
1523,3562,en_progreso,2026-09-16,
1524,1795,abandonado,2026-09-16,Sin actividad posterior registrada
1525,1564,pausado,2026-09-16,
1526,2227,pausado,2026-09-16,
1527,2401,completado,2026-09-16,Modulo finalizado por el estudiante
1528,1046,iniciado,2026-09-16,
1529,2002,iniciado,2026-09-16,
1530,2542,iniciado,2026-09-16,
1531,553,en_progreso,2026-09-16,
1532,2999,en_progreso,2026-09-16,
1533,125,iniciado,2026-09-16,
1534,3467,en_progreso,2026-09-16,
1535,3609,completado,2026-09-16,Modulo finalizado por el estudiante
1536,267,completado,2026-09-16,Modulo finalizado por el estudiante
1537,3918,en_progreso,2026-09-16,
1538,1499,iniciado,2026-09-16,
1539,4074,completado,2026-09-16,Modulo finalizado por el estudiante
1540,3182,iniciado,2026-09-16,
1541,1835,iniciado,2026-09-16,
1542,1151,pausado,2026-09-16,
1543,3250,en_progreso,2026-09-16,
1544,4028,iniciado,2026-09-16,
1545,3470,pausado,2026-09-16,
1546,722,pausado,2026-09-16,
1547,3284,pausado,2026-09-16,
1548,1619,completado,2026-09-16,Modulo finalizado por el estudiante
1549,189,iniciado,2026-09-16,
1550,3028,iniciado,2026-09-16,
1551,1895,pausado,2026-09-16,
1552,473,completado,2026-09-16,Modulo finalizado por el estudiante
1553,1707,pausado,2026-09-16,
1554,912,en_progreso,2026-09-16,
1555,1900,en_progreso,2026-09-16,
1556,860,iniciado,2026-09-16,
1557,1341,completado,2026-09-16,Modulo finalizado por el estudiante
1558,2535,abandonado,2026-09-16,Sin actividad posterior registrada
1559,1544,iniciado,2026-09-16,
1560,3929,completado,2026-09-16,Modulo finalizado por el estudiante
1561,591,iniciado,2026-09-16,
1562,2465,abandonado,2026-09-16,Sin actividad posterior registrada
1563,740,completado,2026-09-16,Modulo finalizado por el estudiante
1564,1183,completado,2026-09-16,Modulo finalizado por el estudiante
1565,3816,pausado,2026-09-16,
1566,2072,iniciado,2026-09-16,
1567,2923,iniciado,2026-09-16,
1568,1900,en_progreso,2026-09-16,
1569,1374,iniciado,2026-09-16,
1570,2815,en_progreso,2026-09-16,
1571,3944,pausado,2026-09-16,
1572,3066,en_progreso,2026-09-16,
1573,1932,en_progreso,2026-09-16,
1574,141,pausado,2026-09-16,
1575,2941,en_progreso,2026-09-16,
1576,3418,iniciado,2026-09-16,
1577,334,pausado,2026-09-16,
1578,2442,iniciado,2026-09-16,
1579,3693,iniciado,2026-09-16,
1580,1578,pausado,2026-09-16,
1581,604,iniciado,2026-09-16,
1582,736,en_progreso,2026-09-16,
1583,2596,en_progreso,2026-09-16,
1584,2819,iniciado,2026-09-16,
1585,712,iniciado,2026-09-16,
1586,2025,en_progreso,2026-09-16,
1587,3913,pausado,2026-09-16,
1588,2833,en_progreso,2026-09-16,
1589,811,completado,2026-09-16,Modulo finalizado por el estudiante
1590,3453,en_progreso,2026-09-16,
1591,2134,completado,2026-09-16,Modulo finalizado por el estudiante
1592,1462,en_progreso,2026-09-16,
1593,2334,en_progreso,2026-09-16,
1594,1886,iniciado,2026-09-16,
1595,514,iniciado,2026-09-16,
1596,3617,en_progreso,2026-09-16,
1597,3397,iniciado,2026-09-16,
1598,1866,en_progreso,2026-09-16,
1599,632,iniciado,2026-09-16,
1600,2393,en_progreso,2026-09-16,
1601,3366,pausado,2026-09-16,
1602,119,en_progreso,2026-09-16,
1603,650,iniciado,2026-09-16,
1604,2960,iniciado,2026-09-16,
1605,1077,en_progreso,2026-09-16,
1606,1085,pausado,2026-09-16,
1607,1220,en_progreso,2026-09-16,
1608,3129,iniciado,2026-09-16,
1609,11,en_progreso,2026-09-16,
1610,682,en_progreso,2026-09-16,
1611,565,pausado,2026-09-16,
1612,144,iniciado,2026-09-16,
1613,688,iniciado,2026-09-16,
1614,82,en_progreso,2026-09-16,
1615,3090,en_progreso,2026-09-16,
1616,283,iniciado,2026-09-16,
1617,656,pausado,2026-09-16,
1618,2764,en_progreso,2026-09-16,
1619,2360,iniciado,2026-09-16,
1620,1882,en_progreso,2026-09-16,
1621,2653,en_progreso,2026-09-16,
1622,3829,completado,2026-09-16,Modulo finalizado por el estudiante
1623,3474,en_progreso,2026-09-16,
1624,173,iniciado,2026-09-16,
1625,324,abandonado,2026-09-16,Sin actividad posterior registrada
1626,2106,iniciado,2026-09-16,
1627,2245,pausado,2026-09-16,
1628,2593,pausado,2026-09-16,
1629,2338,en_progreso,2026-09-16,
1630,3200,en_progreso,2026-09-16,
1631,3284,pausado,2026-09-16,
1632,2878,pausado,2026-09-16,
1633,1992,abandonado,2026-09-16,Sin actividad posterior registrada
1634,2798,iniciado,2026-09-16,
1635,1544,en_progreso,2026-09-16,
1636,517,completado,2026-09-16,Modulo finalizado por el estudiante
1637,597,completado,2026-09-16,Modulo finalizado por el estudiante
1638,3444,iniciado,2026-09-16,
1639,4061,pausado,2026-09-16,
1640,1136,en_progreso,2026-09-16,
1641,2176,en_progreso,2026-09-16,
1642,2187,iniciado,2026-09-16,
1643,3853,iniciado,2026-09-16,
1644,502,iniciado,2026-09-16,
1645,1642,en_progreso,2026-09-16,
1646,1963,abandonado,2026-09-16,Sin actividad posterior registrada
1647,3635,completado,2026-09-16,Modulo finalizado por el estudiante
1648,361,en_progreso,2026-09-16,
1649,2288,en_progreso,2026-09-16,
1650,688,pausado,2026-09-16,
1651,3095,abandonado,2026-09-16,Sin actividad posterior registrada
1652,2960,en_progreso,2026-09-16,
1653,1848,completado,2026-09-16,Modulo finalizado por el estudiante
1654,3974,en_progreso,2026-09-16,
1655,277,abandonado,2026-09-16,Sin actividad posterior registrada
1656,3182,en_progreso,2026-09-16,
1657,2690,en_progreso,2026-09-16,
1658,1184,iniciado,2026-09-16,
1659,565,en_progreso,2026-09-16,
1660,604,completado,2026-09-16,Modulo finalizado por el estudiante
1661,3028,en_progreso,2026-09-16,
1662,2960,abandonado,2026-09-16,Sin actividad posterior registrada
1663,3294,pausado,2026-09-16,
1664,3423,iniciado,2026-09-16,
1665,2941,en_progreso,2026-09-16,
1666,3686,en_progreso,2026-09-16,
1667,3731,completado,2026-09-16,Modulo finalizado por el estudiante
1668,1776,en_progreso,2026-09-16,
1669,763,iniciado,2026-09-16,
1670,2987,pausado,2026-09-16,
1671,384,en_progreso,2026-09-16,
1672,173,en_progreso,2026-09-16,
1673,1980,en_progreso,2026-09-16,
1674,1932,en_progreso,2026-09-16,
1675,2999,pausado,2026-09-16,
1676,288,en_progreso,2026-09-16,
1677,268,iniciado,2026-09-16,
1678,3589,en_progreso,2026-09-16,
1679,2250,iniciado,2026-09-16,
1680,2584,iniciado,2026-09-16,
1681,3218,en_progreso,2026-09-16,
1682,4010,en_progreso,2026-09-16,
1683,581,en_progreso,2026-09-16,
1684,2588,en_progreso,2026-09-16,
1685,1165,en_progreso,2026-09-16,
1686,43,en_progreso,2026-09-16,
1687,4068,en_progreso,2026-09-16,
1688,1719,iniciado,2026-09-16,
1689,627,en_progreso,2026-09-16,
1690,920,en_progreso,2026-09-16,
1691,1216,en_progreso,2026-09-16,
1692,1852,iniciado,2026-09-16,
1693,395,en_progreso,2026-09-16,
1694,2312,iniciado,2026-09-16,
1695,102,en_progreso,2026-09-16,
1696,1646,pausado,2026-09-16,
1697,3031,en_progreso,2026-09-16,
1698,1527,en_progreso,2026-09-16,
1699,1707,en_progreso,2026-09-16,
1700,2442,completado,2026-09-16,Modulo finalizado por el estudiante
1701,1890,iniciado,2026-09-16,
1702,474,iniciado,2026-09-16,
1703,2318,completado,2026-09-16,Modulo finalizado por el estudiante
1704,1283,en_progreso,2026-09-16,
1705,429,iniciado,2026-09-16,
1706,2085,completado,2026-09-16,Modulo finalizado por el estudiante
1707,3958,en_progreso,2026-09-16,
1708,888,en_progreso,2026-09-16,
1709,2805,en_progreso,2026-09-16,
1710,1828,en_progreso,2026-09-16,
1711,3433,completado,2026-09-16,Modulo finalizado por el estudiante
1712,1242,en_progreso,2026-09-16,
1713,912,pausado,2026-09-16,
1714,4033,completado,2026-09-16,Modulo finalizado por el estudiante
1715,414,en_progreso,2026-09-16,
1716,2623,en_progreso,2026-09-16,
1717,3066,en_progreso,2026-09-16,
1718,2981,iniciado,2026-09-16,
1719,3423,pausado,2026-09-16,
1720,3313,en_progreso,2026-09-16,
1721,1663,en_progreso,2026-09-16,
1722,2344,iniciado,2026-09-16,
1723,3353,en_progreso,2026-09-16,
1724,306,iniciado,2026-09-16,
1725,1844,en_progreso,2026-09-16,
1726,2396,en_progreso,2026-09-16,
1727,1513,en_progreso,2026-09-16,
1728,483,pausado,2026-09-16,
1729,2690,en_progreso,2026-09-16,
1730,3922,completado,2026-09-16,Modulo finalizado por el estudiante
1731,2389,completado,2026-09-16,Modulo finalizado por el estudiante
1732,3021,pausado,2026-09-16,
1733,1689,iniciado,2026-09-16,
1734,3210,iniciado,2026-09-16,
1735,2531,en_progreso,2026-09-16,
1736,2393,en_progreso,2026-09-16,
1737,1799,abandonado,2026-09-16,Sin actividad posterior registrada
1738,455,en_progreso,2026-09-16,
1739,1303,iniciado,2026-09-16,
1740,3762,en_progreso,2026-09-16,
1741,2774,pausado,2026-09-16,
1742,1904,iniciado,2026-09-16,
1743,1966,completado,2026-09-16,Modulo finalizado por el estudiante
1744,2048,iniciado,2026-09-16,
1745,2168,completado,2026-09-16,Modulo finalizado por el estudiante
1746,3617,pausado,2026-09-16,
1747,3359,pausado,2026-09-16,
1748,361,en_progreso,2026-09-16,
1749,2040,iniciado,2026-09-16,
1750,1495,iniciado,2026-09-16,
1751,1327,pausado,2026-09-16,
1752,3498,abandonado,2026-09-16,Sin actividad posterior registrada
1753,3207,iniciado,2026-09-16,
1754,798,en_progreso,2026-09-16,
1755,753,completado,2026-09-16,Modulo finalizado por el estudiante
1756,1633,iniciado,2026-09-16,
1757,3494,pausado,2026-09-16,
1758,2072,en_progreso,2026-09-16,
1759,455,en_progreso,2026-09-16,
1760,1724,iniciado,2026-09-16,
1761,676,iniciado,2026-09-16,
1762,3580,pausado,2026-09-16,
1763,3933,abandonado,2026-09-16,Sin actividad posterior registrada
1764,2794,en_progreso,2026-09-16,
1765,2700,iniciado,2026-09-16,
1766,1895,en_progreso,2026-09-16,
1767,1136,en_progreso,2026-09-16,
1768,1019,iniciado,2026-09-16,
1769,1195,iniciado,2026-09-16,
1770,730,iniciado,2026-09-16,
1771,821,en_progreso,2026-09-16,
1772,531,en_progreso,2026-09-16,
1773,3937,completado,2026-09-16,Modulo finalizado por el estudiante
1774,209,iniciado,2026-09-16,
1775,3531,en_progreso,2026-09-16,
1776,702,iniciado,2026-09-16,
1777,3177,en_progreso,2026-09-16,
1778,3693,completado,2026-09-16,Modulo finalizado por el estudiante
1779,873,iniciado,2026-09-16,
1780,3837,en_progreso,2026-09-16,
1781,3610,iniciado,2026-09-16,
1782,3830,iniciado,2026-09-16,
1783,1254,abandonado,2026-09-16,Sin actividad posterior registrada
1784,3250,en_progreso,2026-09-16,
1785,2393,en_progreso,2026-09-16,
1786,2507,completado,2026-09-16,Modulo finalizado por el estudiante
1787,1032,en_progreso,2026-09-16,
1788,2350,iniciado,2026-09-16,
1789,2460,iniciado,2026-09-16,
1790,1485,completado,2026-09-16,Modulo finalizado por el estudiante
1791,2673,en_progreso,2026-09-16,
1792,1058,completado,2026-09-16,Modulo finalizado por el estudiante
1793,736,completado,2026-09-16,Modulo finalizado por el estudiante
1794,288,pausado,2026-09-16,
1795,1967,iniciado,2026-09-16,
1796,2935,iniciado,2026-09-16,
1797,542,pausado,2026-09-16,
1798,2749,completado,2026-09-16,Modulo finalizado por el estudiante
1799,1510,en_progreso,2026-09-16,
1800,2396,completado,2026-09-16,Modulo finalizado por el estudiante
1801,783,completado,2026-09-16,Modulo finalizado por el estudiante
1802,487,completado,2026-09-16,Modulo finalizado por el estudiante
1803,1176,iniciado,2026-09-16,
1804,2402,iniciado,2026-09-16,
1805,1839,completado,2026-09-16,Modulo finalizado por el estudiante
1806,2200,en_progreso,2026-09-16,
1807,1242,en_progreso,2026-09-16,
1808,1184,en_progreso,2026-09-16,
1809,3806,iniciado,2026-09-16,
1810,3470,en_progreso,2026-09-16,
1811,215,en_progreso,2026-09-16,
1812,3710,iniciado,2026-09-16,
1813,741,iniciado,2026-09-16,
1814,4049,iniciado,2026-09-16,
1815,3762,en_progreso,2026-09-16,
1816,433,en_progreso,2026-09-16,
1817,798,en_progreso,2026-09-16,
1818,2801,en_progreso,2026-09-16,
1819,1257,en_progreso,2026-09-16,
1820,2233,pausado,2026-09-16,
1821,3313,en_progreso,2026-09-16,
1822,2661,pausado,2026-09-16,
1823,86,iniciado,2026-09-16,
1824,3372,en_progreso,2026-09-16,
1825,768,iniciado,2026-09-16,
1826,1540,en_progreso,2026-09-16,
1827,1272,iniciado,2026-09-16,
1828,3028,en_progreso,2026-09-16,
1829,459,en_progreso,2026-09-16,
1830,2794,en_progreso,2026-09-16,
1831,2700,pausado,2026-09-16,
1832,2068,completado,2026-09-16,Modulo finalizado por el estudiante
1833,239,pausado,2026-09-16,
1834,1976,en_progreso,2026-09-16,
1835,373,en_progreso,2026-09-16,
1836,3348,en_progreso,2026-09-16,
1837,4034,iniciado,2026-09-16,
1838,1748,en_progreso,2026-09-16,
1839,1776,completado,2026-09-16,Modulo finalizado por el estudiante
1840,920,completado,2026-09-16,Modulo finalizado por el estudiante
1841,3654,en_progreso,2026-09-16,
1842,3366,en_progreso,2026-09-16,
1843,3821,completado,2026-09-16,Modulo finalizado por el estudiante
1844,2437,iniciado,2026-09-16,
1845,206,en_progreso,2026-09-16,
1846,1059,iniciado,2026-09-16,
1847,228,iniciado,2026-09-16,
1848,1666,iniciado,2026-09-16,
1849,1638,en_progreso,2026-09-16,
1850,2878,en_progreso,2026-09-16,
1851,3453,en_progreso,2026-09-16,
1852,259,completado,2026-09-16,Modulo finalizado por el estudiante
1853,1744,en_progreso,2026-09-16,
1854,2329,iniciado,2026-09-16,
1855,2122,pausado,2026-09-16,
1856,2048,en_progreso,2026-09-16,
1857,3694,iniciado,2026-09-16,
1858,2653,en_progreso,2026-09-16,
1859,1409,completado,2026-09-16,Modulo finalizado por el estudiante
1860,3878,en_progreso,2026-09-16,
1861,948,en_progreso,2026-09-16,
1862,433,en_progreso,2026-09-16,
1863,2376,pausado,2026-09-16,
1864,2269,en_progreso,2026-09-16,
1865,2382,iniciado,2026-09-16,
1866,234,pausado,2026-09-16,
1867,1858,iniciado,2026-09-16,
1868,3272,abandonado,2026-09-16,Sin actividad posterior registrada
1869,1451,iniciado,2026-09-16,
1870,3418,abandonado,2026-09-16,Sin actividad posterior registrada
1871,310,en_progreso,2026-09-16,
1872,1908,en_progreso,2026-09-16,
1873,845,abandonado,2026-09-16,Sin actividad posterior registrada
1874,763,completado,2026-09-16,Modulo finalizado por el estudiante
1875,3636,iniciado,2026-09-16,
1876,2338,en_progreso,2026-09-16,
1877,3459,en_progreso,2026-09-16,
1878,3009,en_progreso,2026-09-16,
1879,2402,completado,2026-09-16,Modulo finalizado por el estudiante
1880,1970,iniciado,2026-09-16,
1881,2371,completado,2026-09-16,Modulo finalizado por el estudiante
1882,3048,en_progreso,2026-09-16,
1883,1663,pausado,2026-09-16,
1884,1319,abandonado,2026-09-16,Sin actividad posterior registrada
1885,144,pausado,2026-09-16,
1886,2670,iniciado,2026-09-16,
1887,2764,en_progreso,2026-09-16,
1888,1393,iniciado,2026-09-16,
1889,1379,pausado,2026-09-16,
1890,1141,iniciado,2026-09-16,
1891,3267,en_progreso,2026-09-16,
1892,2629,iniciado,2026-09-16,
1893,1065,en_progreso,2026-09-16,
1894,2412,en_progreso,2026-09-16,
1895,470,completado,2026-09-16,Modulo finalizado por el estudiante
1896,1697,pausado,2026-09-16,
1897,3799,en_progreso,2026-09-16,
1898,1595,completado,2026-09-16,Modulo finalizado por el estudiante
1899,3816,pausado,2026-09-16,
1900,3756,pausado,2026-09-16,
1901,1908,en_progreso,2026-09-16,
1902,1070,completado,2026-09-16,Modulo finalizado por el estudiante
1903,1257,completado,2026-09-16,Modulo finalizado por el estudiante
1904,144,en_progreso,2026-09-16,
1905,2508,iniciado,2026-09-16,
1906,2930,en_progreso,2026-09-16,
1907,361,en_progreso,2026-09-16,
1908,3853,en_progreso,2026-09-16,
1909,2187,completado,2026-09-16,Modulo finalizado por el estudiante
1910,405,en_progreso,2026-09-16,
1911,405,en_progreso,2026-09-16,
1912,1824,iniciado,2026-09-16,
1913,682,completado,2026-09-16,Modulo finalizado por el estudiante
1914,2930,pausado,2026-09-16,
1915,973,iniciado,2026-09-16,
1916,688,en_progreso,2026-09-16,
1917,302,completado,2026-09-16,Modulo finalizado por el estudiante
1918,2764,en_progreso,2026-09-16,
1919,1711,iniciado,2026-09-16,
1920,3799,en_progreso,2026-09-16,
1921,2770,completado,2026-09-16,Modulo finalizado por el estudiante
1922,429,en_progreso,2026-09-16,
1923,2930,en_progreso,2026-09-16,
1924,3284,en_progreso,2026-09-16,
1925,892,pausado,2026-09-16,
1926,3101,en_progreso,2026-09-16,
1927,3859,completado,2026-09-16,Modulo finalizado por el estudiante
1928,1780,completado,2026-09-16,Modulo finalizado por el estudiante
1929,2999,en_progreso,2026-09-16,
1930,443,en_progreso,2026-09-16,
1931,3076,iniciado,2026-09-16,
1932,1410,iniciado,2026-09-16,
1933,3494,en_progreso,2026-09-16,
1934,3302,pausado,2026-09-16,
1935,2661,completado,2026-09-16,Modulo finalizado por el estudiante
1936,2897,en_progreso,2026-09-16,
1937,2588,en_progreso,2026-09-16,
1938,2169,iniciado,2026-09-16,
1939,1578,en_progreso,2026-09-16,
1940,838,en_progreso,2026-09-16,
1941,1081,iniciado,2026-09-16,
1942,1803,pausado,2026-09-16,
1943,1663,completado,2026-09-16,Modulo finalizado por el estudiante
1944,1689,pausado,2026-09-16,
1945,1828,abandonado,2026-09-16,Sin actividad posterior registrada
1946,694,completado,2026-09-16,Modulo finalizado por el estudiante
1947,2757,pausado,2026-09-16,
1948,1689,en_progreso,2026-09-16,
1949,2408,en_progreso,2026-09-16,
1950,1544,completado,2026-09-16,Modulo finalizado por el estudiante
1951,3294,en_progreso,2026-09-16,
1952,849,iniciado,2026-09-16,
1953,1732,completado,2026-09-16,Modulo finalizado por el estudiante
1954,3874,en_progreso,2026-09-16,
1955,2670,abandonado,2026-09-16,Sin actividad posterior registrada
1956,2511,en_progreso,2026-09-16,
1957,132,en_progreso,2026-09-16,
1958,2454,iniciado,2026-09-16,
1959,1278,en_progreso,2026-09-16,
1960,273,en_progreso,2026-09-16,
1961,3528,iniciado,2026-09-16,
1962,3621,en_progreso,2026-09-16,
1963,565,en_progreso,2026-09-16,
1964,3909,iniciado,2026-09-16,
1965,1940,completado,2026-09-16,Modulo finalizado por el estudiante
1966,1941,iniciado,2026-09-16,
1967,251,en_progreso,2026-09-16,
1968,1042,en_progreso,2026-09-16,
1969,2062,en_progreso,2026-09-16,
1970,1486,iniciado,2026-09-16,
1971,3348,pausado,2026-09-16,
1972,624,en_progreso,2026-09-16,
1973,1988,completado,2026-09-16,Modulo finalizado por el estudiante
1974,1788,pausado,2026-09-16,
1975,1941,completado,2026-09-16,Modulo finalizado por el estudiante
1976,1059,pausado,2026-09-16,
1977,2152,en_progreso,2026-09-16,
1978,730,pausado,2026-09-16,
1979,2551,iniciado,2026-09-16,
1980,2778,en_progreso,2026-09-16,
1981,2760,en_progreso,2026-09-16,
1982,1689,en_progreso,2026-09-16,
1983,3977,completado,2026-09-16,Modulo finalizado por el estudiante
1984,3182,en_progreso,2026-09-16,
1985,2841,en_progreso,2026-09-16,
1986,2555,completado,2026-09-16,Modulo finalizado por el estudiante
1987,1967,en_progreso,2026-09-16,
1988,2233,pausado,2026-09-16,
1989,3898,completado,2026-09-16,Modulo finalizado por el estudiante
1990,3382,en_progreso,2026-09-16,
1991,3538,iniciado,2026-09-16,
1992,3101,pausado,2026-09-16,
1993,3878,en_progreso,2026-09-16,
1994,2801,pausado,2026-09-16,
1995,3326,completado,2026-09-16,Modulo finalizado por el estudiante
1996,2030,iniciado,2026-09-16,
1997,786,completado,2026-09-16,Modulo finalizado por el estudiante
1998,1287,en_progreso,2026-09-16,
1999,576,en_progreso,2026-09-16,
2000,2245,en_progreso,2026-09-16,
2001,3444,en_progreso,2026-09-17,
2002,1297,iniciado,2026-09-17,
2003,1184,en_progreso,2026-09-17,
2004,3981,completado,2026-09-17,Modulo finalizado por el estudiante
2005,471,iniciado,2026-09-17,
2006,3162,en_progreso,2026-09-17,
2007,1161,en_progreso,2026-09-17,
2008,2993,en_progreso,2026-09-17,
2009,2911,en_progreso,2026-09-17,
2010,1477,completado,2026-09-17,Modulo finalizado por el estudiante
2011,39,iniciado,2026-09-17,
2012,4081,completado,2026-09-17,Modulo finalizado por el estudiante
2013,3750,iniciado,2026-09-17,
2014,2265,en_progreso,2026-09-17,
2015,1777,iniciado,2026-09-17,
2016,536,iniciado,2026-09-17,
2017,491,en_progreso,2026-09-17,
2018,1824,pausado,2026-09-17,
2019,239,pausado,2026-09-17,
2020,2859,en_progreso,2026-09-17,
2021,429,pausado,2026-09-17,
2022,3378,pausado,2026-09-17,
2023,1915,pausado,2026-09-17,
2024,3787,en_progreso,2026-09-17,
2025,1540,abandonado,2026-09-17,Sin actividad posterior registrada
2026,1233,completado,2026-09-17,Modulo finalizado por el estudiante
2027,2036,iniciado,2026-09-17,
2028,1478,iniciado,2026-09-17,
2029,2437,pausado,2026-09-17,
2030,1942,iniciado,2026-09-17,
2031,863,en_progreso,2026-09-17,
2032,1419,iniciado,2026-09-17,
2033,3776,completado,2026-09-17,Modulo finalizado por el estudiante
2034,3494,en_progreso,2026-09-17,
2035,2852,pausado,2026-09-17,
2036,867,iniciado,2026-09-17,
2037,2494,iniciado,2026-09-17,
2038,2030,en_progreso,2026-09-17,
2039,3706,pausado,2026-09-17,
2040,3694,en_progreso,2026-09-17,
2041,306,en_progreso,2026-09-17,
2042,1682,iniciado,2026-09-17,
2043,2152,en_progreso,2026-09-17,
2044,3031,completado,2026-09-17,Modulo finalizado por el estudiante
2045,1676,en_progreso,2026-09-17,
2046,3470,en_progreso,2026-09-17,
2047,1307,pausado,2026-09-17,
2048,2878,en_progreso,2026-09-17,
2049,3129,en_progreso,2026-09-17,
2050,737,iniciado,2026-09-17,
2051,2738,en_progreso,2026-09-17,
2052,576,en_progreso,2026-09-17,
2053,3664,en_progreso,2026-09-17,
2054,2040,pausado,2026-09-17,
2055,2523,en_progreso,2026-09-17,
2056,62,pausado,2026-09-17,
2057,605,iniciado,2026-09-17,
2058,3674,completado,2026-09-17,Modulo finalizado por el estudiante
2059,4036,en_progreso,2026-09-17,
2060,587,en_progreso,2026-09-17,
2061,20,iniciado,2026-09-17,
2062,3888,completado,2026-09-17,Modulo finalizado por el estudiante
2063,1398,abandonado,2026-09-17,Sin actividad posterior registrada
2064,943,en_progreso,2026-09-17,
2065,3372,en_progreso,2026-09-17,
2066,3276,en_progreso,2026-09-17,
2067,860,en_progreso,2026-09-17,
2068,2841,completado,2026-09-17,Modulo finalizado por el estudiante
2069,3218,en_progreso,2026-09-17,
2070,1932,completado,2026-09-17,Modulo finalizado por el estudiante
2071,1642,en_progreso,2026-09-17,
2072,3038,completado,2026-09-17,Modulo finalizado por el estudiante
2073,459,pausado,2026-09-17,
2074,377,iniciado,2026-09-17,
2075,2852,completado,2026-09-17,Modulo finalizado por el estudiante
2076,683,iniciado,2026-09-17,
2077,3572,iniciado,2026-09-17,
2078,2564,iniciado,2026-09-17,
2079,2941,en_progreso,2026-09-17,
2080,3261,en_progreso,2026-09-17,
2081,2888,completado,2026-09-17,Modulo finalizado por el estudiante
2082,3721,en_progreso,2026-09-17,
2083,3627,pausado,2026-09-17,
2084,2360,completado,2026-09-17,Modulo finalizado por el estudiante
2085,2430,iniciado,2026-09-17,
2086,632,en_progreso,2026-09-17,
2087,119,pausado,2026-09-17,
2088,1220,pausado,2026-09-17,
2089,43,en_progreso,2026-09-17,
2090,1216,en_progreso,2026-09-17,
2091,1756,en_progreso,2026-09-17,
2092,3617,en_progreso,2026-09-17,
2093,3899,iniciado,2026-09-17,
2094,3060,pausado,2026-09-17,
2095,1287,completado,2026-09-17,Modulo finalizado por el estudiante
2096,2188,iniciado,2026-09-17,
2097,1013,en_progreso,2026-09-17,
2098,1886,en_progreso,2026-09-17,
2099,3930,iniciado,2026-09-17,
2100,298,pausado,2026-09-17,
2101,3488,en_progreso,2026-09-17,
2102,1809,iniciado,2026-09-17,
2103,570,en_progreso,2026-09-17,
2104,2412,en_progreso,2026-09-17,
2105,2498,en_progreso,2026-09-17,
2106,2390,iniciado,2026-09-17,
2107,2945,iniciado,2026-09-17,
2108,518,iniciado,2026-09-17,
2109,273,pausado,2026-09-17,
2110,2893,completado,2026-09-17,Modulo finalizado por el estudiante
2111,496,iniciado,2026-09-17,
2112,4061,completado,2026-09-17,Modulo finalizado por el estudiante
2113,884,iniciado,2026-09-17,
2114,2188,en_progreso,2026-09-17,
2115,2157,completado,2026-09-17,Modulo finalizado por el estudiante
2116,873,en_progreso,2026-09-17,
2117,1413,completado,2026-09-17,Modulo finalizado por el estudiante
2118,2447,en_progreso,2026-09-17,
2119,3944,abandonado,2026-09-17,Sin actividad posterior registrada
2120,2977,pausado,2026-09-17,
2121,2623,en_progreso,2026-09-17,
2122,314,pausado,2026-09-17,
2123,2906,iniciado,2026-09-17,
2124,334,pausado,2026-09-17,
2125,310,en_progreso,2026-09-17,
2126,2842,iniciado,2026-09-17,
2127,838,en_progreso,2026-09-17,
2128,994,en_progreso,2026-09-17,
2129,1242,en_progreso,2026-09-17,
2130,3055,en_progreso,2026-09-17,
2131,3338,en_progreso,2026-09-17,
2132,3028,en_progreso,2026-09-17,
2133,1085,pausado,2026-09-17,
2134,1676,en_progreso,2026-09-17,
2135,3627,pausado,2026-09-17,
2136,2469,en_progreso,2026-09-17,
2137,399,en_progreso,2026-09-17,
2138,3016,abandonado,2026-09-17,Sin actividad posterior registrada
2139,405,en_progreso,2026-09-17,
2140,706,iniciado,2026-09-17,
2141,1863,completado,2026-09-17,Modulo finalizado por el estudiante
2142,1297,en_progreso,2026-09-17,
2143,2911,pausado,2026-09-17,
2144,3294,abandonado,2026-09-17,Sin actividad posterior registrada
2145,3551,iniciado,2026-09-17,
2146,2833,en_progreso,2026-09-17,
2147,1601,completado,2026-09-17,Modulo finalizado por el estudiante
2148,547,completado,2026-09-17,Modulo finalizado por el estudiante
2149,718,iniciado,2026-09-17,
2150,1410,en_progreso,2026-09-17,
2151,2965,en_progreso,2026-09-17,
2152,1120,pausado,2026-09-17,
2153,1081,pausado,2026-09-17,
2154,1410,en_progreso,2026-09-17,
2155,283,en_progreso,2026-09-17,
2156,1478,en_progreso,2026-09-17,
2157,695,iniciado,2026-09-17,
2158,3453,abandonado,2026-09-17,Sin actividad posterior registrada
2159,860,pausado,2026-09-17,
2160,2949,iniciado,2026-09-17,
2161,3822,iniciado,2026-09-17,
2162,2302,pausado,2026-09-17,
2163,587,en_progreso,2026-09-17,
2164,793,en_progreso,2026-09-17,
2165,3135,pausado,2026-09-17,
2166,2319,iniciado,2026-09-17,
2167,676,en_progreso,2026-09-17,
2168,221,iniciado,2026-09-17,
2169,1904,en_progreso,2026-09-17,
2170,542,en_progreso,2026-09-17,
2171,2188,abandonado,2026-09-17,Sin actividad posterior registrada
2172,4064,iniciado,2026-09-17,
2173,821,completado,2026-09-17,Modulo finalizado por el estudiante
2174,1258,iniciado,2026-09-17,
2175,863,abandonado,2026-09-17,Sin actividad posterior registrada
2176,943,completado,2026-09-17,Modulo finalizado por el estudiante
2177,141,en_progreso,2026-09-17,
2178,2227,completado,2026-09-17,Modulo finalizado por el estudiante
2179,3994,completado,2026-09-17,Modulo finalizado por el estudiante
2180,1429,en_progreso,2026-09-17,
2181,2058,iniciado,2026-09-17,
2182,215,completado,2026-09-17,Modulo finalizado por el estudiante
2183,1184,en_progreso,2026-09-17,
2184,1872,en_progreso,2026-09-17,
2185,1216,en_progreso,2026-09-17,
2186,2152,en_progreso,2026-09-17,
2187,1495,en_progreso,2026-09-17,
2188,3694,abandonado,2026-09-17,Sin actividad posterior registrada
2189,2884,en_progreso,2026-09-17,
2190,1393,en_progreso,2026-09-17,
2191,1419,en_progreso,2026-09-17,
2192,1849,iniciado,2026-09-17,
2193,3970,iniciado,2026-09-17,
2194,1682,en_progreso,2026-09-17,
2195,609,en_progreso,2026-09-17,
2196,1356,en_progreso,2026-09-17,
2197,2801,completado,2026-09-17,Modulo finalizado por el estudiante
2198,2894,iniciado,2026-09-17,
2199,3735,pausado,2026-09-17,
2200,4034,pausado,2026-09-17,
2201,1054,en_progreso,2026-09-17,
2202,3617,completado,2026-09-17,Modulo finalizado por el estudiante
2203,3382,en_progreso,2026-09-17,
2204,3913,completado,2026-09-17,Modulo finalizado por el estudiante
2205,2742,iniciado,2026-09-17,
2206,1656,pausado,2026-09-17,
2207,1744,en_progreso,2026-09-17,
2208,676,en_progreso,2026-09-17,
2209,2040,pausado,2026-09-17,
2210,927,iniciado,2026-09-17,
2211,3338,pausado,2026-09-17,
2212,2192,en_progreso,2026-09-17,
2213,1536,en_progreso,2026-09-17,
2214,3280,pausado,2026-09-17,
2215,2523,en_progreso,2026-09-17,
2216,2760,en_progreso,2026-09-17,
2217,4004,en_progreso,2026-09-17,
2218,2778,pausado,2026-09-17,
2219,3359,en_progreso,2026-09-17,
2220,4087,en_progreso,2026-09-17,
2221,1065,en_progreso,2026-09-17,
2222,2574,pausado,2026-09-17,
2223,399,en_progreso,2026-09-17,
2224,3109,en_progreso,2026-09-17,
2225,2673,en_progreso,2026-09-17,
2226,3741,en_progreso,2026-09-17,
2227,561,iniciado,2026-09-17,
2228,2302,en_progreso,2026-09-17,
2229,3782,en_progreso,2026-09-17,
2230,1331,completado,2026-09-17,Modulo finalizado por el estudiante
2231,642,en_progreso,2026-09-17,
2232,3631,en_progreso,2026-09-17,
2233,1697,abandonado,2026-09-17,Sin actividad posterior registrada
2234,2403,iniciado,2026-09-17,
2235,3327,iniciado,2026-09-17,
2236,3914,iniciado,2026-09-17,
2237,2732,en_progreso,2026-09-17,
2238,2412,completado,2026-09-17,Modulo finalizado por el estudiante
2239,4049,completado,2026-09-17,Modulo finalizado por el estudiante
2240,2437,en_progreso,2026-09-17,
2241,3474,en_progreso,2026-09-17,
2242,2629,pausado,2026-09-17,
2243,1472,en_progreso,2026-09-17,
2244,1248,en_progreso,2026-09-17,
2245,2911,en_progreso,2026-09-17,
2246,2069,iniciado,2026-09-17,
2247,3777,iniciado,2026-09-17,
2248,812,iniciado,2026-09-17,
2249,3843,en_progreso,2026-09-17,
2250,1767,iniciado,2026-09-17,
2251,2923,en_progreso,2026-09-17,
2252,2281,iniciado,2026-09-17,
2253,2101,completado,2026-09-17,Modulo finalizado por el estudiante
2254,3162,completado,2026-09-17,Modulo finalizado por el estudiante
2255,116,iniciado,2026-09-17,
2256,3116,en_progreso,2026-09-17,
2257,1886,en_progreso,2026-09-17,
2258,2275,en_progreso,2026-09-17,
2259,3261,completado,2026-09-17,Modulo finalizado por el estudiante
2260,2642,iniciado,2026-09-17,
2261,1169,en_progreso,2026-09-17,
2262,2102,iniciado,2026-09-17,
2263,1803,pausado,2026-09-17,
2264,2192,pausado,2026-09-17,
2265,2542,completado,2026-09-17,Modulo finalizado por el estudiante
2266,3382,en_progreso,2026-09-17,
2267,3207,pausado,2026-09-17,
2268,148,en_progreso,2026-09-17,
2269,2508,en_progreso,2026-09-17,
2270,1752,iniciado,2026-09-17,
2271,1128,en_progreso,2026-09-17,
2272,2048,en_progreso,2026-09-17,
2273,2288,en_progreso,2026-09-17,
2274,102,pausado,2026-09-17,
2275,288,abandonado,2026-09-17,Sin actividad posterior registrada
2276,1882,en_progreso,2026-09-17,
2277,3569,iniciado,2026-09-17,
2278,225,iniciado,2026-09-17,
2279,173,completado,2026-09-17,Modulo finalizado por el estudiante
2280,1073,completado,2026-09-17,Modulo finalizado por el estudiante
2281,3382,en_progreso,2026-09-17,
2282,3650,en_progreso,2026-09-17,
2283,2531,pausado,2026-09-17,
2284,1989,iniciado,2026-09-17,
2285,898,pausado,2026-09-17,
2286,4075,iniciado,2026-09-17,
2287,3914,en_progreso,2026-09-17,
2288,1671,en_progreso,2026-09-17,
2289,1676,pausado,2026-09-17,
2290,2030,en_progreso,2026-09-17,
2291,418,pausado,2026-09-17,
2292,3423,en_progreso,2026-09-17,
2293,1623,completado,2026-09-17,Modulo finalizado por el estudiante
2294,3250,completado,2026-09-17,Modulo finalizado por el estudiante
2295,3060,completado,2026-09-17,Modulo finalizado por el estudiante
2296,1866,en_progreso,2026-09-17,
2297,384,en_progreso,2026-09-17,
2298,2288,completado,2026-09-17,Modulo finalizado por el estudiante
2299,561,en_progreso,2026-09-17,
2300,2502,pausado,2026-09-17,
2301,2365,en_progreso,2026-09-17,
2302,3562,en_progreso,2026-09-17,
2303,2906,completado,2026-09-17,Modulo finalizado por el estudiante
2304,2531,en_progreso,2026-09-17,
2305,1439,en_progreso,2026-09-17,
2306,471,en_progreso,2026-09-17,
2307,2527,pausado,2026-09-17,
2308,3647,en_progreso,2026-09-17,
2309,1744,en_progreso,2026-09-17,
2310,1379,en_progreso,2026-09-17,
2311,3826,iniciado,2026-09-17,
2312,1481,pausado,2026-09-17,
2313,2798,completado,2026-09-17,Modulo finalizado por el estudiante
2314,463,en_progreso,2026-09-17,
2315,2993,completado,2026-09-17,Modulo finalizado por el estudiante
2316,3768,iniciado,2026-09-17,
2317,2588,pausado,2026-09-17,
2318,2662,iniciado,2026-09-17,
2319,2430,completado,2026-09-17,Modulo finalizado por el estudiante
2320,502,en_progreso,2026-09-17,
2321,1303,en_progreso,2026-09-17,
2322,2574,pausado,2026-09-17,
2323,1852,en_progreso,2026-09-17,
2324,1770,en_progreso,2026-09-17,
2325,1646,en_progreso,2026-09-17,
2326,1042,en_progreso,2026-09-17,
2327,3762,en_progreso,2026-09-17,
2328,2629,en_progreso,2026-09-17,
2329,2833,pausado,2026-09-17,
2330,531,completado,2026-09-17,Modulo finalizado por el estudiante
2331,1596,iniciado,2026-09-17,
2332,1216,en_progreso,2026-09-17,
2333,3860,iniciado,2026-09-17,
2334,2878,en_progreso,2026-09-17,
2335,303,iniciado,2026-09-17,
2336,2981,en_progreso,2026-09-17,
2337,3484,completado,2026-09-17,Modulo finalizado por el estudiante
2338,2662,en_progreso,2026-09-17,
2339,1532,en_progreso,2026-09-17,
2340,994,abandonado,2026-09-17,Sin actividad posterior registrada
2341,1356,completado,2026-09-17,Modulo finalizado por el estudiante
2342,2603,iniciado,2026-09-17,
2343,605,completado,2026-09-17,Modulo finalizado por el estudiante
2344,2176,en_progreso,2026-09-17,
2345,3745,en_progreso,2026-09-17,
2346,3048,completado,2026-09-17,Modulo finalizado por el estudiante
2347,463,abandonado,2026-09-17,Sin actividad posterior registrada
2348,632,pausado,2026-09-17,
2349,2275,pausado,2026-09-17,
2350,3378,en_progreso,2026-09-17,
2351,2460,completado,2026-09-17,Modulo finalizado por el estudiante
2352,1613,iniciado,2026-09-17,
2353,3200,abandonado,2026-09-17,Sin actividad posterior registrada
2354,1650,pausado,2026-09-17,
2355,334,pausado,2026-09-17,
2356,4050,iniciado,2026-09-17,
2357,532,iniciado,2026-09-17,
2358,1124,pausado,2026-09-17,
2359,1429,pausado,2026-09-17,
2360,841,en_progreso,2026-09-17,
2361,841,en_progreso,2026-09-17,
2362,3234,en_progreso,2026-09-17,
2363,1564,pausado,2026-09-17,
2364,3843,completado,2026-09-17,Modulo finalizado por el estudiante
2365,395,pausado,2026-09-17,
2366,1429,completado,2026-09-17,Modulo finalizado por el estudiante
2367,3427,iniciado,2026-09-17,
2368,3210,pausado,2026-09-17,
2369,1074,iniciado,2026-09-17,
2370,2325,en_progreso,2026-09-17,
2371,802,completado,2026-09-17,Modulo finalizado por el estudiante
2372,768,en_progreso,2026-09-17,
2373,1664,iniciado,2026-09-17,
2374,3240,pausado,2026-09-17,
2375,3090,completado,2026-09-17,Modulo finalizado por el estudiante
2376,2397,iniciado,2026-09-17,
2377,672,en_progreso,2026-09-17,
2378,2196,iniciado,2026-09-17,
2379,1472,en_progreso,2026-09-17,
2380,443,pausado,2026-09-17,
2381,2361,iniciado,2026-09-17,
2382,4024,en_progreso,2026-09-17,
2383,496,en_progreso,2026-09-17,
2384,3129,pausado,2026-09-17,
2385,119,abandonado,2026-09-17,Sin actividad posterior registrada
2386,3686,completado,2026-09-17,Modulo finalizado por el estudiante
2387,3141,iniciado,2026-09-17,
2388,228,completado,2026-09-17,Modulo finalizado por el estudiante
2389,948,en_progreso,2026-09-17,
2390,1513,en_progreso,2026-09-17,
2391,3488,completado,2026-09-17,Modulo finalizado por el estudiante
2392,502,en_progreso,2026-09-17,
2393,1738,pausado,2026-09-17,
2394,873,en_progreso,2026-09-17,
2395,1568,pausado,2026-09-17,
2396,2192,completado,2026-09-17,Modulo finalizado por el estudiante
2397,2981,en_progreso,2026-09-17,
2398,1363,en_progreso,2026-09-17,
2399,2205,completado,2026-09-17,Modulo finalizado por el estudiante
2400,7,pausado,2026-09-17,
2401,2941,en_progreso,2026-09-17,
2402,2815,en_progreso,2026-09-17,
2403,3434,iniciado,2026-09-17,
2404,2413,iniciado,2026-09-17,
2405,292,en_progreso,2026-09-17,
2406,1564,en_progreso,2026-09-17,
2407,656,en_progreso,2026-09-17,
2408,1297,pausado,2026-09-17,
2409,1685,pausado,2026-09-17,
2410,2994,iniciado,2026-09-17,
2411,2233,en_progreso,2026-09-17,
2412,615,en_progreso,2026-09-17,
2413,831,iniciado,2026-09-17,
2414,2722,iniciado,2026-09-17,
2415,3923,iniciado,2026-09-17,
2416,1584,en_progreso,2026-09-17,
2417,2638,abandonado,2026-09-17,Sin actividad posterior registrada
2418,1317,en_progreso,2026-09-17,
2419,1046,completado,2026-09-17,Modulo finalizado por el estudiante
2420,2774,pausado,2026-09-17,
2421,741,completado,2026-09-17,Modulo finalizado por el estudiante
2422,1499,completado,2026-09-17,Modulo finalizado por el estudiante
2423,2269,en_progreso,2026-09-17,
2424,1451,completado,2026-09-17,Modulo finalizado por el estudiante
2425,1536,pausado,2026-09-17,
2426,3210,pausado,2026-09-17,
2427,3627,en_progreso,2026-09-17,
2428,2927,iniciado,2026-09-17,
2429,2648,iniciado,2026-09-17,
2430,1872,en_progreso,2026-09-17,
2431,2058,en_progreso,2026-09-17,
2432,1036,abandonado,2026-09-17,Sin actividad posterior registrada
2433,1297,pausado,2026-09-17,
2434,1272,completado,2026-09-17,Modulo finalizado por el estudiante
2435,2257,iniciado,2026-09-17,
2436,245,en_progreso,2026-09-17,
2437,2083,iniciado,2026-09-17,
2438,2109,abandonado,2026-09-17,Sin actividad posterior registrada
2439,3599,abandonado,2026-09-17,Sin actividad posterior registrada
2440,2722,abandonado,2026-09-17,Sin actividad posterior registrada
2441,688,en_progreso,2026-09-17,
2442,542,completado,2026-09-17,Modulo finalizado por el estudiante
2443,2413,en_progreso,2026-09-17,
2444,82,pausado,2026-09-17,
2445,2257,completado,2026-09-17,Modulo finalizado por el estudiante
2446,838,en_progreso,2026-09-17,
2447,1445,en_progreso,2026-09-17,
2448,3593,en_progreso,2026-09-17,
2449,3726,iniciado,2026-09-17,
2450,2918,iniciado,2026-09-17,
2451,2077,abandonado,2026-09-17,Sin actividad posterior registrada
2452,3470,pausado,2026-09-17,
2453,2686,iniciado,2026-09-17,
2454,2965,en_progreso,2026-09-17,
2455,3494,pausado,2026-09-17,
2456,1568,abandonado,2026-09-17,Sin actividad posterior registrada
2457,496,en_progreso,2026-09-17,
2458,3517,pausado,2026-09-17,
2459,543,iniciado,2026-09-17,
2460,2447,en_progreso,2026-09-17,
2461,167,en_progreso,2026-09-17,
2462,1607,iniciado,2026-09-17,
2463,1967,en_progreso,2026-09-17,
2464,2911,en_progreso,2026-09-17,
2465,986,en_progreso,2026-09-17,
2466,2102,pausado,2026-09-17,
2467,1307,en_progreso,2026-09-17,
2468,1261,en_progreso,2026-09-17,
2469,1385,pausado,2026-09-17,
2470,2569,iniciado,2026-09-17,
2471,1573,iniciado,2026-09-17,
2472,3750,en_progreso,2026-09-17,
2473,1882,abandonado,2026-09-17,Sin actividad posterior registrada
2474,1638,pausado,2026-09-17,
2475,2350,pausado,2026-09-17,
2476,2527,completado,2026-09-17,Modulo finalizado por el estudiante
2477,1085,abandonado,2026-09-17,Sin actividad posterior registrada
2478,2673,en_progreso,2026-09-17,
2479,1976,pausado,2026-09-17,
2480,3885,en_progreso,2026-09-17,
2481,3661,en_progreso,2026-09-17,
2482,3806,completado,2026-09-17,Modulo finalizado por el estudiante
2483,273,completado,2026-09-17,Modulo finalizado por el estudiante
2484,2752,completado,2026-09-17,Modulo finalizado por el estudiante
2485,1573,completado,2026-09-17,Modulo finalizado por el estudiante
2486,1258,pausado,2026-09-17,
2487,1928,en_progreso,2026-09-17,
2488,1363,pausado,2026-09-17,
2489,4004,completado,2026-09-17,Modulo finalizado por el estudiante
2490,3782,completado,2026-09-17,Modulo finalizado por el estudiante
2491,3494,en_progreso,2026-09-17,
2492,225,en_progreso,2026-09-17,
2493,3207,en_progreso,2026-09-17,
2494,1624,iniciado,2026-09-17,
2495,1781,iniciado,2026-09-17,
2496,2305,en_progreso,2026-09-17,
2497,2969,iniciado,2026-09-17,
2498,2011,en_progreso,2026-09-17,
2499,892,en_progreso,2026-09-17,
2500,2665,abandonado,2026-09-17,Sin actividad posterior registrada
2501,1624,pausado,2026-09-17,
2502,1852,completado,2026-09-17,Modulo finalizado por el estudiante
2503,2593,abandonado,2026-09-17,Sin actividad posterior registrada
2504,768,completado,2026-09-17,Modulo finalizado por el estudiante
2505,1234,iniciado,2026-09-17,
2506,3768,pausado,2026-09-17,
2507,2200,abandonado,2026-09-17,Sin actividad posterior registrada
2508,3091,iniciado,2026-09-17,
2509,2011,en_progreso,2026-09-17,
2510,1445,en_progreso,2026-09-17,
2511,3750,pausado,2026-09-17,
2512,1433,pausado,2026-09-17,
2513,3572,completado,2026-09-17,Modulo finalizado por el estudiante
2514,581,pausado,2026-09-17,
2515,2619,en_progreso,2026-09-17,
2516,3116,en_progreso,2026-09-17,
2517,3621,en_progreso,2026-09-17,
2518,3903,en_progreso,2026-09-17,
2519,764,iniciado,2026-09-17,
2520,255,iniciado,2026-09-17,
2521,216,iniciado,2026-09-17,
2522,1666,abandonado,2026-09-17,Sin actividad posterior registrada
2523,624,en_progreso,2026-09-17,
2524,737,en_progreso,2026-09-17,
2525,3889,iniciado,2026-09-17,
2526,2994,en_progreso,2026-09-17,
2527,838,completado,2026-09-17,Modulo finalizado por el estudiante
2528,3661,en_progreso,2026-09-17,
2529,2275,completado,2026-09-17,Modulo finalizado por el estudiante
2530,1532,en_progreso,2026-09-17,
2531,2477,en_progreso,2026-09-17,
2532,2002,en_progreso,2026-09-17,
2533,3021,completado,2026-09-17,Modulo finalizado por el estudiante
2534,3613,en_progreso,2026-09-17,
2535,1047,iniciado,2026-09-17,
2536,666,completado,2026-09-17,Modulo finalizado por el estudiante
2537,2531,en_progreso,2026-09-17,
2538,3580,pausado,2026-09-17,
2539,125,en_progreso,2026-09-17,
2540,683,completado,2026-09-17,Modulo finalizado por el estudiante
2541,1128,en_progreso,2026-09-17,
2542,1141,pausado,2026-09-17,
2543,1273,iniciado,2026-09-17,
2544,1803,completado,2026-09-17,Modulo finalizado por el estudiante
2545,3327,en_progreso,2026-09-17,
2546,787,iniciado,2026-09-17,
2547,712,en_progreso,2026-09-17,
2548,591,pausado,2026-09-17,
2549,148,en_progreso,2026-09-17,
2550,1297,pausado,2026-09-17,
2551,86,en_progreso,2026-09-17,
2552,2350,en_progreso,2026-09-17,
2553,2653,en_progreso,2026-09-17,
2554,3310,en_progreso,2026-09-17,
2555,3440,iniciado,2026-09-17,
2556,245,pausado,2026-09-17,
2557,3680,en_progreso,2026-09-17,
2558,177,iniciado,2026-09-17,
2559,345,abandonado,2026-09-17,Sin actividad posterior registrada
2560,2250,en_progreso,2026-09-17,
2561,3982,iniciado,2026-09-17,
2562,2484,iniciado,2026-09-17,
2563,418,completado,2026-09-17,Modulo finalizado por el estudiante
2564,1767,pausado,2026-09-17,
2565,377,en_progreso,2026-09-17,
2566,3262,iniciado,2026-09-17,
2567,3049,iniciado,2026-09-17,
2568,3982,en_progreso,2026-09-17,
2569,2945,en_progreso,2026-09-17,
2570,2403,en_progreso,2026-09-17,
2571,3664,pausado,2026-09-17,
2572,3066,pausado,2026-09-17,
2573,1184,en_progreso,2026-09-17,
2574,2312,en_progreso,2026-09-17,
2575,2325,pausado,2026-09-17,
2576,1724,en_progreso,2026-09-17,
2577,2072,abandonado,2026-09-17,Sin actividad posterior registrada
2578,3844,iniciado,2026-09-17,
2579,2653,en_progreso,2026-09-17,
2580,514,en_progreso,2026-09-17,
2581,2062,completado,2026-09-17,Modulo finalizado por el estudiante
2582,3105,en_progreso,2026-09-17,
2583,3135,en_progreso,2026-09-17,
2584,1955,iniciado,2026-09-17,
2585,3732,iniciado,2026-09-17,
2586,2372,iniciado,2026-09-17,
2587,4034,en_progreso,2026-09-17,
2588,1719,en_progreso,2026-09-17,
2589,1169,en_progreso,2026-09-17,
2590,587,en_progreso,2026-09-17,
2591,624,completado,2026-09-17,Modulo finalizado por el estudiante
2592,3207,en_progreso,2026-09-17,
2593,3129,abandonado,2026-09-17,Sin actividad posterior registrada
2594,3494,pausado,2026-09-17,
2595,3618,iniciado,2026-09-17,
2596,3109,en_progreso,2026-09-17,
2597,3889,en_progreso,2026-09-17,
2598,3938,iniciado,2026-09-17,
2599,1707,completado,2026-09-17,Modulo finalizado por el estudiante
2600,1933,iniciado,2026-09-17,
2601,39,en_progreso,2026-09-17,
2602,3697,en_progreso,2026-09-17,
2603,3569,abandonado,2026-09-17,Sin actividad posterior registrada
2604,506,iniciado,2026-09-17,
2605,2949,en_progreso,2026-09-17,
2606,1878,iniciado,2026-09-17,
2607,860,en_progreso,2026-09-17,
2608,3177,pausado,2026-09-17,
2609,298,en_progreso,2026-09-17,
2610,274,iniciado,2026-09-17,
2611,3787,en_progreso,2026-09-17,
2612,2376,en_progreso,2026-09-17,
2613,1500,iniciado,2026-09-17,
2614,1184,completado,2026-09-17,Modulo finalizado por el estudiante
2615,619,en_progreso,2026-09-17,
2616,3807,iniciado,2026-09-17,
2617,3807,pausado,2026-09-17,
2618,2930,pausado,2026-09-17,
2619,255,en_progreso,2026-09-17,
2620,310,en_progreso,2026-09-17,
2621,1165,completado,2026-09-17,Modulo finalizado por el estudiante
2622,1403,en_progreso,2026-09-17,
2623,2783,pausado,2026-09-17,
2624,952,iniciado,2026-09-17,
2625,712,en_progreso,2026-09-17,
2626,2799,iniciado,2026-09-17,
2627,3121,completado,2026-09-17,Modulo finalizado por el estudiante
2628,1955,en_progreso,2026-09-17,
2629,239,en_progreso,2026-09-17,
2630,437,completado,2026-09-17,Modulo finalizado por el estudiante
2631,3218,en_progreso,2026-09-17,
2632,3610,en_progreso,2026-09-17,
2633,125,abandonado,2026-09-17,Sin actividad posterior registrada
2634,937,completado,2026-09-17,Modulo finalizado por el estudiante
2635,3480,en_progreso,2026-09-17,
2636,2007,en_progreso,2026-09-17,
2637,1342,iniciado,2026-09-17,
2638,2443,iniciado,2026-09-17,
2639,3310,en_progreso,2026-09-17,
2640,1715,pausado,2026-09-17,
2641,1220,en_progreso,2026-09-17,
2642,2845,iniciado,2026-09-17,
2643,3576,en_progreso,2026-09-17,
2644,1928,en_progreso,2026-09-17,
2645,3636,completado,2026-09-17,Modulo finalizado por el estudiante
2646,1297,en_progreso,2026-09-17,
2647,948,pausado,2026-09-17,
2648,3697,en_progreso,2026-09-17,
2649,3543,en_progreso,2026-09-17,
2650,3244,iniciado,2026-09-17,
2651,2517,pausado,2026-09-17,
2652,3163,iniciado,2026-09-17,
2653,3627,pausado,2026-09-17,
2654,3521,en_progreso,2026-09-17,
2655,1744,en_progreso,2026-09-17,
2656,2484,pausado,2026-09-17,
2657,1519,pausado,2026-09-17,
2658,1951,en_progreso,2026-09-17,
2659,2531,en_progreso,2026-09-17,
2660,1584,en_progreso,2026-09-17,
2661,506,pausado,2026-09-17,
2662,2833,en_progreso,2026-09-17,
2663,239,en_progreso,2026-09-17,
2664,3668,en_progreso,2026-09-17,
2665,2805,en_progreso,2026-09-17,
2666,565,completado,2026-09-17,Modulo finalizado por el estudiante
2667,1895,abandonado,2026-09-17,Sin actividad posterior registrada
2668,479,en_progreso,2026-09-17,
2669,1359,pausado,2026-09-17,
2670,2469,en_progreso,2026-09-17,
2671,2025,en_progreso,2026-09-17,
2672,2302,completado,2026-09-17,Modulo finalizado por el estudiante
2673,3826,pausado,2026-09-17,
2674,3573,iniciado,2026-09-17,
2675,3650,en_progreso,2026-09-17,
2676,3125,pausado,2026-09-17,
2677,1564,en_progreso,2026-09-17,
2678,3392,completado,2026-09-17,Modulo finalizado por el estudiante
2679,1844,en_progreso,2026-09-17,
2680,1942,en_progreso,2026-09-17,
2681,3735,en_progreso,2026-09-17,
2682,479,en_progreso,2026-09-17,
2683,1814,iniciado,2026-09-17,
2684,706,pausado,2026-09-17,
2685,3853,completado,2026-09-17,Modulo finalizado por el estudiante
2686,518,pausado,2026-09-17,
2687,2382,en_progreso,2026-09-17,
2688,1711,en_progreso,2026-09-17,
2689,2738,en_progreso,2026-09-17,
2690,849,en_progreso,2026-09-17,
2691,557,en_progreso,2026-09-17,
2692,2941,en_progreso,2026-09-17,
2693,3485,iniciado,2026-09-17,
2694,726,pausado,2026-09-17,
2695,841,en_progreso,2026-09-17,
2696,3528,completado,2026-09-17,Modulo finalizado por el estudiante
2697,906,iniciado,2026-09-17,
2698,4055,iniciado,2026-09-17,
2699,2461,iniciado,2026-09-17,
2700,251,en_progreso,2026-09-17,
2701,1307,abandonado,2026-09-17,Sin actividad posterior registrada
2702,3449,en_progreso,2026-09-17,
2703,2528,iniciado,2026-09-17,
2704,1288,iniciado,2026-09-17,
2705,2981,en_progreso,2026-09-17,
2706,2642,completado,2026-09-17,Modulo finalizado por el estudiante
2707,1074,en_progreso,2026-09-17,
2708,2488,en_progreso,2026-09-17,
2709,2152,en_progreso,2026-09-17,
2710,888,completado,2026-09-17,Modulo finalizado por el estudiante
2711,3405,en_progreso,2026-09-17,
2712,3627,en_progreso,2026-09-17,
2713,566,iniciado,2026-09-17,
2714,4010,completado,2026-09-17,Modulo finalizado por el estudiante
2715,688,en_progreso,2026-09-17,
2716,1513,en_progreso,2026-09-17,
2717,2461,en_progreso,2026-09-17,
2718,2543,iniciado,2026-09-17,
2719,1942,completado,2026-09-17,Modulo finalizado por el estudiante
2720,2338,en_progreso,2026-09-17,
2721,1297,en_progreso,2026-09-17,
2722,1234,en_progreso,2026-09-17,
2723,4024,pausado,2026-09-17,
2724,803,iniciado,2026-09-17,
2725,757,en_progreso,2026-09-17,
2726,2657,pausado,2026-09-17,
2727,769,iniciado,2026-09-17,
2728,3978,iniciado,2026-09-17,
2729,2643,iniciado,2026-09-17,
2730,2528,pausado,2026-09-17,
2731,451,iniciado,2026-09-17,
2732,102,en_progreso,2026-09-17,
2733,3076,completado,2026-09-17,Modulo finalizado por el estudiante
2734,3440,en_progreso,2026-09-17,
2735,1602,iniciado,2026-09-17,
2736,1311,iniciado,2026-09-17,
2737,1671,en_progreso,2026-09-17,
2738,3618,completado,2026-09-17,Modulo finalizado por el estudiante
2739,2574,en_progreso,2026-09-17,
2740,2805,pausado,2026-09-17,
2741,86,pausado,2026-09-17,
2742,3228,en_progreso,2026-09-17,
2743,2413,en_progreso,2026-09-17,
2744,3210,en_progreso,2026-09-17,
2745,483,en_progreso,2026-09-17,
2746,2941,en_progreso,2026-09-17,
2747,2842,pausado,2026-09-17,
2748,2196,completado,2026-09-17,Modulo finalizado por el estudiante
2749,251,pausado,2026-09-17,
2750,2092,iniciado,2026-09-17,
2751,1403,pausado,2026-09-17,
2752,1989,completado,2026-09-17,Modulo finalizado por el estudiante
2753,1915,en_progreso,2026-09-17,
2754,570,completado,2026-09-17,Modulo finalizado por el estudiante
2755,1844,en_progreso,2026-09-17,
2756,1872,completado,2026-09-17,Modulo finalizado por el estudiante
2757,962,iniciado,2026-09-17,
2758,3860,en_progreso,2026-09-17,
2759,3576,en_progreso,2026-09-17,
2760,4034,completado,2026-09-17,Modulo finalizado por el estudiante
2761,2574,en_progreso,2026-09-17,
2762,1110,completado,2026-09-17,Modulo finalizado por el estudiante
2763,1748,completado,2026-09-17,Modulo finalizado por el estudiante
2764,2884,en_progreso,2026-09-17,
2765,2662,en_progreso,2026-09-17,
2766,1059,en_progreso,2026-09-17,
2767,268,completado,2026-09-17,Modulo finalizado por el estudiante
2768,1840,iniciado,2026-09-17,
2769,1513,en_progreso,2026-09-17,
2770,2261,iniciado,2026-09-17,
2771,2484,completado,2026-09-17,Modulo finalizado por el estudiante
2772,2173,iniciado,2026-09-17,
2773,1878,abandonado,2026-09-17,Sin actividad posterior registrada
2774,2799,pausado,2026-09-17,
2775,2058,completado,2026-09-17,Modulo finalizado por el estudiante
2776,2911,en_progreso,2026-09-17,
2777,2397,en_progreso,2026-09-17,
2778,998,en_progreso,2026-09-17,
2779,451,en_progreso,2026-09-17,
2780,2517,pausado,2026-09-17,
2781,2404,en_progreso,2026-09-17,
2782,2523,en_progreso,2026-09-17,
2783,1976,pausado,2026-09-17,
2784,2454,en_progreso,2026-09-17,
2785,330,en_progreso,2026-09-17,
2786,2036,en_progreso,2026-09-17,
2787,878,abandonado,2026-09-17,Sin actividad posterior registrada
2788,787,completado,2026-09-17,Modulo finalizado por el estudiante
2789,3833,completado,2026-09-17,Modulo finalizado por el estudiante
2790,206,en_progreso,2026-09-17,
2791,3654,en_progreso,2026-09-17,
2792,3196,en_progreso,2026-09-17,
2793,2547,completado,2026-09-17,Modulo finalizado por el estudiante
2794,2092,en_progreso,2026-09-17,
2795,757,en_progreso,2026-09-17,
2796,3680,en_progreso,2026-09-17,
2797,156,pausado,2026-09-17,
2798,2815,en_progreso,2026-09-17,
2799,646,iniciado,2026-09-17,
2800,1458,iniciado,2026-09-17,
2801,1445,pausado,2026-09-17,
2802,1187,abandonado,2026-09-17,Sin actividad posterior registrada
2803,1596,pausado,2026-09-17,
2804,2778,en_progreso,2026-09-17,
2805,425,en_progreso,2026-09-17,
2806,2523,abandonado,2026-09-17,Sin actividad posterior registrada
2807,3863,abandonado,2026-09-17,Sin actividad posterior registrada
2808,1777,pausado,2026-09-17,
2809,4024,en_progreso,2026-09-17,
2810,1676,completado,2026-09-17,Modulo finalizado por el estudiante
2811,4035,iniciado,2026-09-17,
2812,4024,completado,2026-09-17,Modulo finalizado por el estudiante
2813,3631,en_progreso,2026-09-17,
2814,1242,en_progreso,2026-09-17,
2815,769,en_progreso,2026-09-17,
2816,2030,pausado,2026-09-17,
2817,2083,en_progreso,2026-09-17,
2818,718,pausado,2026-09-17,
2819,488,iniciado,2026-09-17,
2820,384,en_progreso,2026-09-17,
2821,4075,en_progreso,2026-09-17,
2822,2329,completado,2026-09-17,Modulo finalizado por el estudiante
2823,425,en_progreso,2026-09-17,
2824,425,en_progreso,2026-09-17,
2825,1928,en_progreso,2026-09-17,
2826,3116,pausado,2026-09-17,
2827,1013,completado,2026-09-17,Modulo finalizado por el estudiante
2828,718,en_progreso,2026-09-17,
2829,314,completado,2026-09-17,Modulo finalizado por el estudiante
2830,2923,en_progreso,2026-09-17,
2831,1788,completado,2026-09-17,Modulo finalizado por el estudiante
2832,1248,en_progreso,2026-09-17,
2833,1584,completado,2026-09-17,Modulo finalizado por el estudiante
2834,1393,en_progreso,2026-09-17,
2835,1532,en_progreso,2026-09-17,
2836,3003,en_progreso,2026-09-17,
2837,3359,completado,2026-09-17,Modulo finalizado por el estudiante
2838,841,en_progreso,2026-09-17,
2839,3440,en_progreso,2026-09-17,
2840,239,completado,2026-09-17,Modulo finalizado por el estudiante
2841,174,iniciado,2026-09-17,
2842,459,en_progreso,2026-09-17,
2843,3262,en_progreso,2026-09-17,
2844,3234,en_progreso,2026-09-17,
2845,2815,completado,2026-09-17,Modulo finalizado por el estudiante
2846,3080,iniciado,2026-09-17,
2847,1620,iniciado,2026-09-17,
2848,3650,abandonado,2026-09-17,Sin actividad posterior registrada
2849,2750,iniciado,2026-09-17,
2850,1359,completado,2026-09-17,Modulo finalizado por el estudiante
2851,3894,en_progreso,2026-09-17,
2852,3914,en_progreso,2026-09-17,
2853,2753,iniciado,2026-09-17,
2854,2632,en_progreso,2026-09-17,
2855,1744,completado,2026-09-17,Modulo finalizado por el estudiante
2856,1770,pausado,2026-09-17,
2857,1933,abandonado,2026-09-17,Sin actividad posterior registrada
2858,722,completado,2026-09-17,Modulo finalizado por el estudiante
2859,2911,pausado,2026-09-17,
2860,1770,en_progreso,2026-09-17,
2861,2559,en_progreso,2026-09-17,
2862,1624,completado,2026-09-17,Modulo finalizado por el estudiante
2863,3511,en_progreso,2026-09-17,
2864,884,completado,2026-09-17,Modulo finalizado por el estudiante
2865,3276,pausado,2026-09-17,
2866,1059,completado,2026-09-17,Modulo finalizado por el estudiante
2867,2823,abandonado,2026-09-17,Sin actividad posterior registrada
2868,2657,en_progreso,2026-09-17,
2869,141,en_progreso,2026-09-17,
2870,2603,abandonado,2026-09-17,Sin actividad posterior registrada
2871,1201,pausado,2026-09-17,
2872,274,en_progreso,2026-09-17,
2873,3735,pausado,2026-09-17,
2874,1596,en_progreso,2026-09-17,
2875,2447,en_progreso,2026-09-17,
2876,2063,iniciado,2026-09-17,
2877,2295,en_progreso,2026-09-17,
2878,3240,pausado,2026-09-17,
2879,2048,pausado,2026-09-17,
2880,425,en_progreso,2026-09-17,
2881,3125,en_progreso,2026-09-17,
2882,3885,pausado,2026-09-17,
2883,712,abandonado,2026-09-17,Sin actividad posterior registrada
2884,2258,iniciado,2026-09-17,
2885,2128,iniciado,2026-09-17,
2886,1904,pausado,2026-09-17,
2887,2069,completado,2026-09-17,Modulo finalizado por el estudiante
2888,1116,iniciado,2026-09-17,
2889,3444,en_progreso,2026-09-17,
2890,260,iniciado,2026-09-17,
2891,225,en_progreso,2026-09-17,
2892,2711,en_progreso,2026-09-17,
2893,2927,en_progreso,2026-09-17,
2894,1777,en_progreso,2026-09-17,
2895,1677,iniciado,2026-09-17,
2896,3389,iniciado,2026-09-17,
2897,1886,en_progreso,2026-09-17,
2898,2794,pausado,2026-09-17,
2899,1677,en_progreso,2026-09-17,
2900,1853,iniciado,2026-09-17,
2901,3844,en_progreso,2026-09-17,
2902,1724,completado,2026-09-17,Modulo finalizado por el estudiante
2903,3930,pausado,2026-09-17,
2904,3405,en_progreso,2026-09-17,
2905,3302,pausado,2026-09-17,
2906,298,pausado,2026-09-17,
2907,944,iniciado,2026-09-17,
2908,2973,pausado,2026-09-17,
2909,3551,completado,2026-09-17,Modulo finalizado por el estudiante
2910,2169,en_progreso,2026-09-17,
2911,189,pausado,2026-09-17,
2912,4005,iniciado,2026-09-17,
2913,606,iniciado,2026-09-17,
2914,1071,iniciado,2026-09-17,
2915,102,en_progreso,2026-09-17,
2916,2354,pausado,2026-09-17,
2917,2344,en_progreso,2026-09-17,
2918,2695,iniciado,2026-09-17,
2919,361,pausado,2026-09-17,
2920,2945,en_progreso,2026-09-17,
2921,3787,en_progreso,2026-09-17,
2922,962,en_progreso,2026-09-17,
2923,3109,en_progreso,2026-09-17,
2924,3894,pausado,2026-09-17,
2925,3964,iniciado,2026-09-17,
2926,1478,pausado,2026-09-17,
2927,1074,abandonado,2026-09-17,Sin actividad posterior registrada
2928,1564,pausado,2026-09-17,
2929,1261,completado,2026-09-17,Modulo finalizado por el estudiante
2930,1671,completado,2026-09-17,Modulo finalizado por el estudiante
2931,4028,en_progreso,2026-09-17,
2932,1770,en_progreso,2026-09-17,
2933,1536,en_progreso,2026-09-17,
2934,3101,en_progreso,2026-09-17,
2935,1955,abandonado,2026-09-17,Sin actividad posterior registrada
2936,806,en_progreso,2026-09-17,
2937,4087,en_progreso,2026-09-17,
2938,3762,en_progreso,2026-09-17,
2939,1136,completado,2026-09-17,Modulo finalizado por el estudiante
2940,1523,completado,2026-09-17,Modulo finalizado por el estudiante
2941,3988,en_progreso,2026-09-17,
2942,3360,iniciado,2026-09-17,
2943,1348,iniciado,2026-09-17,
2944,1360,iniciado,2026-09-17,
2945,292,pausado,2026-09-17,
2946,3028,en_progreso,2026-09-17,
2947,553,en_progreso,2026-09-17,
2948,553,pausado,2026-09-17,
2949,764,en_progreso,2026-09-17,
2950,873,en_progreso,2026-09-17,
2951,2738,en_progreso,2026-09-17,
2952,1620,en_progreso,2026-09-17,
2953,502,pausado,2026-09-17,
2954,1297,en_progreso,2026-09-17,
2955,221,completado,2026-09-17,Modulo finalizado por el estudiante
2956,980,en_progreso,2026-09-17,
2957,216,abandonado,2026-09-17,Sin actividad posterior registrada
2958,2289,iniciado,2026-09-17,
2959,2837,en_progreso,2026-09-17,
2960,1633,completado,2026-09-17,Modulo finalizado por el estudiante
2961,53,en_progreso,2026-09-17,
2962,1890,en_progreso,2026-09-17,
2963,3109,en_progreso,2026-09-17,
2964,754,iniciado,2026-09-17,
2965,2884,en_progreso,2026-09-17,
2966,625,iniciado,2026-09-17,
2967,1858,en_progreso,2026-09-17,
2968,1452,iniciado,2026-09-17,
2969,1050,iniciado,2026-09-17,
2970,76,pausado,2026-09-17,
2971,1664,pausado,2026-09-17,
2972,1092,iniciado,2026-09-17,
2973,986,pausado,2026-09-17,
2974,3675,iniciado,2026-09-17,
2975,2334,completado,2026-09-17,Modulo finalizado por el estudiante
2976,2941,en_progreso,2026-09-17,
2977,532,en_progreso,2026-09-17,
2978,1819,iniciado,2026-09-17,
2979,1403,en_progreso,2026-09-17,
2980,2564,completado,2026-09-17,Modulo finalizado por el estudiante
2981,1853,en_progreso,2026-09-17,
2982,62,en_progreso,2026-09-17,
2983,1332,iniciado,2026-09-17,
2984,365,pausado,2026-09-17,
2985,2679,iniciado,2026-09-17,
2986,1727,en_progreso,2026-09-17,
2987,4035,completado,2026-09-17,Modulo finalizado por el estudiante
2988,3964,en_progreso,2026-09-17,
2989,1664,en_progreso,2026-09-17,
2990,746,en_progreso,2026-09-17,
2991,3485,en_progreso,2026-09-17,
2992,2711,completado,2026-09-17,Modulo finalizado por el estudiante
2993,3816,completado,2026-09-17,Modulo finalizado por el estudiante
2994,1393,pausado,2026-09-17,
2995,3427,completado,2026-09-17,Modulo finalizado por el estudiante
2996,471,en_progreso,2026-09-17,
2997,2063,en_progreso,2026-09-17,
2998,365,completado,2026-09-17,Modulo finalizado por el estudiante
2999,2889,iniciado,2026-09-17,
3000,1145,pausado,2026-09-17,
3001,3675,en_progreso,2026-09-18,
3002,1374,en_progreso,2026-09-18,
3003,3885,pausado,2026-09-18,
3004,3122,iniciado,2026-09-18,
3005,496,pausado,2026-09-18,
3006,189,en_progreso,2026-09-18,
3007,2889,pausado,2026-09-18,
3008,3214,iniciado,2026-09-18,
3009,1124,pausado,2026-09-18,
3010,4025,iniciado,2026-09-18,
3011,3122,en_progreso,2026-09-18,
3012,1564,completado,2026-09-18,Modulo finalizado por el estudiante
3013,39,completado,2026-09-18,Modulo finalizado por el estudiante
3014,892,pausado,2026-09-18,
3015,1921,en_progreso,2026-09-18,
3016,1900,en_progreso,2026-09-18,
3017,2048,completado,2026-09-18,Modulo finalizado por el estudiante
3018,3474,en_progreso,2026-09-18,
3019,2643,en_progreso,2026-09-18,
3020,2173,en_progreso,2026-09-18,
3021,3619,iniciado,2026-09-18,
3022,3562,completado,2026-09-18,Modulo finalizado por el estudiante
3023,2063,pausado,2026-09-18,
3024,4042,en_progreso,2026-09-18,
3025,1634,iniciado,2026-09-18,
3026,455,completado,2026-09-18,Modulo finalizado por el estudiante
3027,561,en_progreso,2026-09-18,
3028,2086,iniciado,2026-09-18,
3029,906,en_progreso,2026-09-18,
3030,1510,pausado,2026-09-18,
3031,3918,pausado,2026-09-18,
3032,3505,iniciado,2026-09-18,
3033,3654,en_progreso,2026-09-18,
3034,912,en_progreso,2026-09-18,
3035,3680,pausado,2026-09-18,
3036,1234,pausado,2026-09-18,
3037,330,en_progreso,2026-09-18,
3038,1770,en_progreso,2026-09-18,
3039,3244,completado,2026-09-18,Modulo finalizado por el estudiante
3040,1767,en_progreso,2026-09-18,
3041,3700,en_progreso,2026-09-18,
3042,1385,pausado,2026-09-18,
3043,3080,en_progreso,2026-09-18,
3044,3348,en_progreso,2026-09-18,
3045,772,en_progreso,2026-09-18,
3046,274,completado,2026-09-18,Modulo finalizado por el estudiante
3047,849,pausado,2026-09-18,
3048,3903,en_progreso,2026-09-18,
3049,2193,iniciado,2026-09-18,
3050,3428,iniciado,2026-09-18,
3051,2695,en_progreso,2026-09-18,
3052,62,pausado,2026-09-18,
3053,632,pausado,2026-09-18,
3054,3066,completado,2026-09-18,Modulo finalizado por el estudiante
3055,3687,iniciado,2026-09-18,
3056,1921,en_progreso,2026-09-18,
3057,2609,iniciado,2026-09-18,
3058,20,abandonado,2026-09-18,Sin actividad posterior registrada
3059,1486,abandonado,2026-09-18,Sin actividad posterior registrada
3060,1009,en_progreso,2026-09-18,
3061,3613,en_progreso,2026-09-18,
3062,3517,en_progreso,2026-09-18,
3063,906,en_progreso,2026-09-18,
3064,3044,completado,2026-09-18,Modulo finalizado por el estudiante
3065,3459,en_progreso,2026-09-18,
3066,2086,completado,2026-09-18,Modulo finalizado por el estudiante
3067,1738,en_progreso,2026-09-18,
3068,3255,completado,2026-09-18,Modulo finalizado por el estudiante
3069,491,pausado,2026-09-18,
3070,410,abandonado,2026-09-18,Sin actividad posterior registrada
3071,3061,iniciado,2026-09-18,
3072,718,en_progreso,2026-09-18,
3073,3163,en_progreso,2026-09-18,
3074,3511,en_progreso,2026-09-18,
3075,3105,completado,2026-09-18,Modulo finalizado por el estudiante
3076,3978,en_progreso,2026-09-18,
3077,3874,pausado,2026-09-18,
3078,2531,completado,2026-09-18,Modulo finalizado por el estudiante
3079,2615,en_progreso,2026-09-18,
3080,1928,en_progreso,2026-09-18,
3081,3393,iniciado,2026-09-18,
3082,1248,en_progreso,2026-09-18,
3083,357,en_progreso,2026-09-18,
3084,1873,iniciado,2026-09-18,
3085,425,en_progreso,2026-09-18,
3086,2802,iniciado,2026-09-18,
3087,1220,en_progreso,2026-09-18,
3088,3284,pausado,2026-09-18,
3089,1374,completado,2026-09-18,Modulo finalizado por el estudiante
3090,2354,en_progreso,2026-09-18,
3091,2494,en_progreso,2026-09-18,
3092,320,pausado,2026-09-18,
3093,3732,en_progreso,2026-09-18,
3094,1943,iniciado,2026-09-18,
3095,615,en_progreso,2026-09-18,
3096,2588,en_progreso,2026-09-18,
3097,2679,en_progreso,2026-09-18,
3098,2559,completado,2026-09-18,Modulo finalizado por el estudiante
3099,3171,en_progreso,2026-09-18,
3100,3109,completado,2026-09-18,Modulo finalizado por el estudiante
3101,532,completado,2026-09-18,Modulo finalizado por el estudiante
3102,1348,en_progreso,2026-09-18,
3103,1216,completado,2026-09-18,Modulo finalizado por el estudiante
3104,357,en_progreso,2026-09-18,
3105,2265,en_progreso,2026-09-18,
3106,2629,en_progreso,2026-09-18,
3107,3207,pausado,2026-09-18,
3108,2805,en_progreso,2026-09-18,
3109,352,pausado,2026-09-18,
3110,3122,en_progreso,2026-09-18,
3111,303,pausado,2026-09-18,
3112,2889,completado,2026-09-18,Modulo finalizado por el estudiante
3113,3049,en_progreso,2026-09-18,
3114,474,completado,2026-09-18,Modulo finalizado por el estudiante
3115,414,pausado,2026-09-18,
3116,3894,completado,2026-09-18,Modulo finalizado por el estudiante
3117,2338,en_progreso,2026-09-18,
3118,1403,pausado,2026-09-18,
3119,240,iniciado,2026-09-18,
3120,3584,en_progreso,2026-09-18,
3121,3251,iniciado,2026-09-18,
3122,2999,en_progreso,2026-09-18,
3123,3854,iniciado,2026-09-18,
3124,1777,en_progreso,2026-09-18,
3125,3874,pausado,2026-09-18,
3126,2648,en_progreso,2026-09-18,
3127,433,en_progreso,2026-09-18,
3128,3240,abandonado,2026-09-18,Sin actividad posterior registrada
3129,438,iniciado,2026-09-18,
3130,3091,en_progreso,2026-09-18,
3131,2007,completado,2026-09-18,Modulo finalizado por el estudiante
3132,1385,en_progreso,2026-09-18,
3133,3125,pausado,2026-09-18,
3134,3543,abandonado,2026-09-18,Sin actividad posterior registrada
3135,3783,iniciado,2026-09-18,
3136,3039,iniciado,2026-09-18,
3137,53,pausado,2026-09-18,
3138,3192,en_progreso,2026-09-18,
3139,764,en_progreso,2026-09-18,
3140,3187,iniciado,2026-09-18,
3141,885,iniciado,2026-09-18,
3142,1549,iniciado,2026-09-18,
3143,1607,pausado,2026-09-18,
3144,1976,en_progreso,2026-09-18,
3145,1510,en_progreso,2026-09-18,
3146,306,en_progreso,2026-09-18,
3147,1578,en_progreso,2026-09-18,
3148,742,iniciado,2026-09-18,
3149,3697,abandonado,2026-09-18,Sin actividad posterior registrada
3150,912,pausado,2026-09-18,
3151,3177,pausado,2026-09-18,
3152,3228,en_progreso,2026-09-18,
3153,3998,completado,2026-09-18,Modulo finalizado por el estudiante
3154,3141,en_progreso,2026-09-18,
3155,3182,en_progreso,2026-09-18,
3156,1749,iniciado,2026-09-18,
3157,2106,completado,2026-09-18,Modulo finalizado por el estudiante
3158,240,completado,2026-09-18,Modulo finalizado por el estudiante
3159,1201,pausado,2026-09-18,
3160,3854,en_progreso,2026-09-18,
3161,2354,abandonado,2026-09-18,Sin actividad posterior registrada
3162,873,completado,2026-09-18,Modulo finalizado por el estudiante
3163,1348,completado,2026-09-18,Modulo finalizado por el estudiante
3164,1009,completado,2026-09-18,Modulo finalizado por el estudiante
3165,156,en_progreso,2026-09-18,
3166,2390,completado,2026-09-18,Modulo finalizado por el estudiante
3167,1414,iniciado,2026-09-18,
3168,1524,iniciado,2026-09-18,
3169,902,completado,2026-09-18,Modulo finalizado por el estudiante
3170,609,en_progreso,2026-09-18,
3171,2732,en_progreso,2026-09-18,
3172,2673,en_progreso,2026-09-18,
3173,1291,iniciado,2026-09-18,
3174,1265,en_progreso,2026-09-18,
3175,1864,iniciado,2026-09-18,
3176,1590,completado,2026-09-18,Modulo finalizado por el estudiante
3177,1591,iniciado,2026-09-18,
3178,2015,pausado,2026-09-18,
3179,2319,pausado,2026-09-18,
3180,3091,en_progreso,2026-09-18,
3181,1481,en_progreso,2026-09-18,
3182,1513,en_progreso,2026-09-18,
3183,1984,iniciado,2026-09-18,
3184,1777,en_progreso,2026-09-18,
3185,650,en_progreso,2026-09-18,
3186,1445,en_progreso,2026-09-18,
3187,2987,completado,2026-09-18,Modulo finalizado por el estudiante
3188,3106,iniciado,2026-09-18,
3189,3982,pausado,2026-09-18,
3190,3889,en_progreso,2026-09-18,
3191,3847,completado,2026-09-18,Modulo finalizado por el estudiante
3192,3621,en_progreso,2026-09-18,
3193,1711,en_progreso,2026-09-18,
3194,1853,en_progreso,2026-09-18,
3195,726,en_progreso,2026-09-18,
3196,2197,iniciado,2026-09-18,
3197,3923,pausado,2026-09-18,
3198,990,iniciado,2026-09-18,
3199,3580,pausado,2026-09-18,
3200,2350,en_progreso,2026-09-18,
3201,1634,en_progreso,2026-09-18,
3202,3521,pausado,2026-09-18,
3203,2700,en_progreso,2026-09-18,
3204,2941,en_progreso,2026-09-18,
3205,952,pausado,2026-09-18,
3206,1620,en_progreso,2026-09-18,
3207,1908,en_progreso,2026-09-18,
3208,1339,iniciado,2026-09-18,
3209,3899,en_progreso,2026-09-18,
3210,827,en_progreso,2026-09-18,
3211,2757,pausado,2026-09-18,
3212,433,en_progreso,2026-09-18,
3213,3333,iniciado,2026-09-18,
3214,1116,pausado,2026-09-18,
3215,2233,en_progreso,2026-09-18,
3216,3799,pausado,2026-09-18,
3217,606,completado,2026-09-18,Modulo finalizado por el estudiante
3218,1242,en_progreso,2026-09-18,
3219,2977,en_progreso,2026-09-18,
3220,688,en_progreso,2026-09-18,
3221,3874,en_progreso,2026-09-18,
3222,1789,iniciado,2026-09-18,
3223,2565,iniciado,2026-09-18,
3224,3563,iniciado,2026-09-18,
3225,2907,iniciado,2026-09-18,
3226,2469,completado,2026-09-18,Modulo finalizado por el estudiante
3227,3163,en_progreso,2026-09-18,
3228,2757,en_progreso,2026-09-18,
3229,3706,en_progreso,2026-09-18,
3230,2802,pausado,2026-09-18,
3231,1565,iniciado,2026-09-18,
3232,2551,en_progreso,2026-09-18,
3233,1549,en_progreso,2026-09-18,
3234,475,iniciado,2026-09-18,
3235,784,iniciado,2026-09-18,
3236,849,en_progreso,2026-09-18,
3237,1220,en_progreso,2026-09-18,
3238,3125,en_progreso,2026-09-18,
3239,2431,iniciado,2026-09-18,
3240,2261,completado,2026-09-18,Modulo finalizado por el estudiante
3241,3382,completado,2026-09-18,Modulo finalizado por el estudiante
3242,132,completado,2026-09-18,Modulo finalizado por el estudiante
3243,3333,en_progreso,2026-09-18,
3244,2025,en_progreso,2026-09-18,
3245,2424,en_progreso,2026-09-18,
3246,3494,completado,2026-09-18,Modulo finalizado por el estudiante
3247,2816,iniciado,2026-09-18,
3248,1242,en_progreso,2026-09-18,
3249,2262,iniciado,2026-09-18,
3250,1915,pausado,2026-09-18,
3251,2344,pausado,2026-09-18,
3252,2712,iniciado,2026-09-18,
3253,726,abandonado,2026-09-18,Sin actividad posterior registrada
3254,3080,en_progreso,2026-09-18,
3255,3262,pausado,2026-09-18,
3256,488,pausado,2026-09-18,
3257,772,completado,2026-09-18,Modulo finalizado por el estudiante
3258,1047,en_progreso,2026-09-18,
3259,1212,en_progreso,2026-09-18,
3260,2206,iniciado,2026-09-18,
3261,1591,completado,2026-09-18,Modulo finalizado por el estudiante
3262,2443,en_progreso,2026-09-18,
3263,116,pausado,2026-09-18,
3264,310,abandonado,2026-09-18,Sin actividad posterior registrada
3265,2025,en_progreso,2026-09-18,
3266,3791,iniciado,2026-09-18,
3267,245,completado,2026-09-18,Modulo finalizado por el estudiante
3268,1419,en_progreso,2026-09-18,
3269,874,iniciado,2026-09-18,
3270,1363,en_progreso,2026-09-18,
3271,3267,completado,2026-09-18,Modulo finalizado por el estudiante
3272,2712,pausado,2026-09-18,
3273,2144,en_progreso,2026-09-18,
3274,650,completado,2026-09-18,Modulo finalizado por el estudiante
3275,933,abandonado,2026-09-18,Sin actividad posterior registrada
3276,615,pausado,2026-09-18,
3277,1781,pausado,2026-09-18,
3278,2193,en_progreso,2026-09-18,
3279,451,pausado,2026-09-18,
3280,3661,en_progreso,2026-09-18,
3281,1727,completado,2026-09-18,Modulo finalizado por el estudiante
3282,3495,iniciado,2026-09-18,
3283,688,completado,2026-09-18,Modulo finalizado por el estudiante
3284,3284,completado,2026-09-18,Modulo finalizado por el estudiante
3285,2011,en_progreso,2026-09-18,
3286,419,iniciado,2026-09-18,
3287,2930,pausado,2026-09-18,
3288,72,iniciado,2026-09-18,
3289,2447,completado,2026-09-18,Modulo finalizado por el estudiante
3290,607,iniciado,2026-09-18,
3291,2528,abandonado,2026-09-18,Sin actividad posterior registrada
3292,3716,completado,2026-09-18,Modulo finalizado por el estudiante
3293,2690,pausado,2026-09-18,
3294,2548,iniciado,2026-09-18,
3295,1019,pausado,2026-09-18,
3296,3795,en_progreso,2026-09-18,
3297,3125,completado,2026-09-18,Modulo finalizado por el estudiante
3298,2728,en_progreso,2026-09-18,
3299,1545,iniciado,2026-09-18,
3300,1849,completado,2026-09-18,Modulo finalizado por el estudiante
3301,506,en_progreso,2026-09-18,
3302,2714,iniciado,2026-09-18,
3303,3322,pausado,2026-09-18,
3304,2221,en_progreso,2026-09-18,
3305,1858,en_progreso,2026-09-18,
3306,1481,en_progreso,2026-09-18,
3307,4087,completado,2026-09-18,Modulo finalizado por el estudiante
3308,3228,en_progreso,2026-09-18,
3309,502,en_progreso,2026-09-18,
3310,3223,completado,2026-09-18,Modulo finalizado por el estudiante
3311,4025,en_progreso,2026-09-18,
3312,2619,completado,2026-09-18,Modulo finalizado por el estudiante
3313,536,en_progreso,2026-09-18,
3314,1403,en_progreso,2026-09-18,
3315,2764,pausado,2026-09-18,
3316,1996,iniciado,2026-09-18,
3317,2485,iniciado,2026-09-18,
3318,3196,en_progreso,2026-09-18,
3319,1560,iniciado,2026-09-18,
3320,1752,en_progreso,2026-09-18,
3321,1120,en_progreso,2026-09-18,
3322,4020,iniciado,2026-09-18,
3323,1071,en_progreso,2026-09-18,
3324,1596,pausado,2026-09-18,
3325,3045,iniciado,2026-09-18,
3326,3485,en_progreso,2026-09-18,
3327,1124,en_progreso,2026-09-18,
3328,1733,iniciado,2026-09-18,
3329,82,pausado,2026-09-18,
3330,730,en_progreso,2026-09-18,
3331,3214,en_progreso,2026-09-18,
3332,3732,completado,2026-09-18,Modulo finalizado por el estudiante
3333,2853,iniciado,2026-09-18,
3334,587,completado,2026-09-18,Modulo finalizado por el estudiante
3335,3344,iniciado,2026-09-18,
3336,1638,en_progreso,2026-09-18,
3337,1065,abandonado,2026-09-18,Sin actividad posterior registrada
3338,1458,completado,2026-09-18,Modulo finalizado por el estudiante
3339,2794,en_progreso,2026-09-18,
3340,2859,en_progreso,2026-09-18,
3341,320,en_progreso,2026-09-18,
3342,1749,en_progreso,2026-09-18,
3343,3251,completado,2026-09-18,Modulo finalizado por el estudiante
3344,3552,iniciado,2026-09-18,
3345,3485,completado,2026-09-18,Modulo finalizado por el estudiante
3346,1303,completado,2026-09-18,Modulo finalizado por el estudiante
3347,2233,en_progreso,2026-09-18,
3348,3440,abandonado,2026-09-18,Sin actividad posterior registrada
3349,1752,pausado,2026-09-18,
3350,366,iniciado,2026-09-18,
3351,3580,abandonado,2026-09-18,Sin actividad posterior registrada
3352,566,completado,2026-09-18,Modulo finalizado por el estudiante
3353,1206,pausado,2026-09-18,
3354,1527,pausado,2026-09-18,
3355,898,en_progreso,2026-09-18,
3356,898,en_progreso,2026-09-18,
3357,3480,en_progreso,2026-09-18,
3358,1664,pausado,2026-09-18,
3359,2657,en_progreso,2026-09-18,
3360,1527,completado,2026-09-18,Modulo finalizado por el estudiante
3361,3668,pausado,2026-09-18,
3362,1151,en_progreso,2026-09-18,
3363,3795,en_progreso,2026-09-18,
3364,812,en_progreso,2026-09-18,
3365,1762,pausado,2026-09-18,
3366,3322,completado,2026-09-18,Modulo finalizado por el estudiante
3367,2569,en_progreso,2026-09-18,
3368,2361,completado,2026-09-18,Modulo finalizado por el estudiante
3369,2911,en_progreso,2026-09-18,
3370,3505,en_progreso,2026-09-18,
3371,1853,pausado,2026-09-18,
3372,162,en_progreso,2026-09-18,
3373,3360,pausado,2026-09-18,
3374,136,abandonado,2026-09-18,Sin actividad posterior registrada
3375,3948,completado,2026-09-18,Modulo finalizado por el estudiante
3376,3372,en_progreso,2026-09-18,
3377,2760,en_progreso,2026-09-18,
3378,1613,en_progreso,2026-09-18,
3379,3735,completado,2026-09-18,Modulo finalizado por el estudiante
3380,533,iniciado,2026-09-18,
3381,2760,en_progreso,2026-09-18,
3382,3930,en_progreso,2026-09-18,
3383,2408,pausado,2026-09-18,
3384,1672,iniciado,2026-09-18,
3385,3889,completado,2026-09-18,Modulo finalizado por el estudiante
3386,3210,en_progreso,2026-09-18,
3387,1462,en_progreso,2026-09-18,
3388,2372,completado,2026-09-18,Modulo finalizado por el estudiante
3389,7,pausado,2026-09-18,
3390,3163,en_progreso,2026-09-18,
3391,3009,en_progreso,2026-09-18,
3392,3675,en_progreso,2026-09-18,
3393,1549,en_progreso,2026-09-18,
3394,2569,completado,2026-09-18,Modulo finalizado por el estudiante
3395,2833,en_progreso,2026-09-18,
3396,3584,completado,2026-09-18,Modulo finalizado por el estudiante
3397,912,en_progreso,2026-09-18,
3398,2393,en_progreso,2026-09-18,
3399,651,iniciado,2026-09-18,
3400,2712,completado,2026-09-18,Modulo finalizado por el estudiante
3401,3799,completado,2026-09-18,Modulo finalizado por el estudiante
3402,2907,completado,2026-09-18,Modulo finalizado por el estudiante
3403,1685,en_progreso,2026-09-18,
3404,2819,abandonado,2026-09-18,Sin actividad posterior registrada
3405,1414,en_progreso,2026-09-18,
3406,1120,completado,2026-09-18,Modulo finalizado por el estudiante
3407,2965,pausado,2026-09-18,
3408,788,iniciado,2026-09-18,
3409,429,en_progreso,2026-09-18,
3410,2424,en_progreso,2026-09-18,
3411,1549,completado,2026-09-18,Modulo finalizado por el estudiante
3412,1638,pausado,2026-09-18,
3413,3449,pausado,2026-09-18,
3414,3878,en_progreso,2026-09-18,
3415,3147,en_progreso,2026-09-18,
3416,3177,en_progreso,2026-09-18,
3417,1111,iniciado,2026-09-18,
3418,1379,pausado,2026-09-18,
3419,1357,iniciado,2026-09-18,
3420,2404,en_progreso,2026-09-18,
3421,2245,en_progreso,2026-09-18,
3422,3830,abandonado,2026-09-18,Sin actividad posterior registrada
3423,2894,abandonado,2026-09-18,Sin actividad posterior registrada
3424,737,en_progreso,2026-09-18,
3425,576,completado,2026-09-18,Modulo finalizado por el estudiante
3426,2578,iniciado,2026-09-18,
3427,577,iniciado,2026-09-18,
3428,3077,iniciado,2026-09-18,
3429,2686,en_progreso,2026-09-18,
3430,3854,abandonado,2026-09-18,Sin actividad posterior registrada
3431,451,en_progreso,2026-09-18,
3432,1976,pausado,2026-09-18,
3433,2335,iniciado,2026-09-18,
3434,3826,en_progreso,2026-09-18,
3435,3978,completado,2026-09-18,Modulo finalizado por el estudiante
3436,2239,abandonado,2026-09-18,Sin actividad posterior registrada
3437,3706,pausado,2026-09-18,
3438,2855,completado,2026-09-18,Modulo finalizado por el estudiante
3439,225,pausado,2026-09-18,
3440,1360,pausado,2026-09-18,
3441,1664,abandonado,2026-09-18,Sin actividad posterior registrada
3442,528,en_progreso,2026-09-18,
3443,3745,pausado,2026-09-18,
3444,577,en_progreso,2026-09-18,
3445,183,en_progreso,2026-09-18,
3446,1708,iniciado,2026-09-18,
3447,2107,iniciado,2026-09-18,
3448,2206,en_progreso,2026-09-18,
3449,2418,pausado,2026-09-18,
3450,1050,en_progreso,2026-09-18,
3451,2262,pausado,2026-09-18,
3452,1393,en_progreso,2026-09-18,
3453,1349,iniciado,2026-09-18,
3454,2728,pausado,2026-09-18,
3455,2713,iniciado,2026-09-18,
3456,1478,pausado,2026-09-18,
3457,2750,completado,2026-09-18,Modulo finalizado por el estudiante
3458,4005,en_progreso,2026-09-18,
3459,2015,abandonado,2026-09-18,Sin actividad posterior registrada
3460,1733,pausado,2026-09-18,
3461,2502,pausado,2026-09-18,
3462,2700,completado,2026-09-18,Modulo finalizado por el estudiante
3463,1161,abandonado,2026-09-18,Sin actividad posterior registrada
3464,2845,en_progreso,2026-09-18,
3465,2122,pausado,2026-09-18,
3466,1719,en_progreso,2026-09-18,
3467,2344,en_progreso,2026-09-18,
3468,4064,completado,2026-09-18,Modulo finalizado por el estudiante
3469,303,completado,2026-09-18,Modulo finalizado por el estudiante
3470,2927,completado,2026-09-18,Modulo finalizado por el estudiante
3471,1672,completado,2026-09-18,Modulo finalizado por el estudiante
3472,1342,pausado,2026-09-18,
3473,2070,iniciado,2026-09-18,
3474,1278,pausado,2026-09-18,
3475,3680,en_progreso,2026-09-18,
3476,3914,pausado,2026-09-18,
3477,793,pausado,2026-09-18,
3478,3726,pausado,2026-09-18,
3479,1785,completado,2026-09-18,Modulo finalizado por el estudiante
3480,209,pausado,2026-09-18,
3481,764,en_progreso,2026-09-18,
3482,2454,en_progreso,2026-09-18,
3483,3182,completado,2026-09-18,Modulo finalizado por el estudiante
3484,2164,en_progreso,2026-09-18,
3485,948,en_progreso,2026-09-18,
3486,2842,abandonado,2026-09-18,Sin actividad posterior registrada
3487,1719,pausado,2026-09-18,
3488,1984,completado,2026-09-18,Modulo finalizado por el estudiante
3489,2771,iniciado,2026-09-18,
3490,456,iniciado,2026-09-18,
3491,812,completado,2026-09-18,Modulo finalizado por el estudiante
3492,1317,completado,2026-09-18,Modulo finalizado por el estudiante
3493,4005,abandonado,2026-09-18,Sin actividad posterior registrada
3494,3290,en_progreso,2026-09-18,
3495,82,en_progreso,2026-09-18,
3496,2176,pausado,2026-09-18,
3497,3995,iniciado,2026-09-18,
3498,1528,iniciado,2026-09-18,
3499,3470,en_progreso,2026-09-18,
3500,2197,en_progreso,2026-09-18,
3501,162,pausado,2026-09-18,
3502,3323,iniciado,2026-09-18,
3503,1904,completado,2026-09-18,Modulo finalizado por el estudiante
3504,1288,pausado,2026-09-18,
3505,3772,completado,2026-09-18,Modulo finalizado por el estudiante
3506,1752,pausado,2026-09-18,
3507,672,en_progreso,2026-09-18,
3508,1762,abandonado,2026-09-18,Sin actividad posterior registrada
3509,667,iniciado,2026-09-18,
3510,561,en_progreso,2026-09-18,
3511,2305,en_progreso,2026-09-18,
3512,3196,en_progreso,2026-09-18,
3513,892,completado,2026-09-18,Modulo finalizado por el estudiante
3514,3899,en_progreso,2026-09-18,
3515,2413,completado,2026-09-18,Modulo finalizado por el estudiante
3516,1628,en_progreso,2026-09-18,
3517,2632,en_progreso,2026-09-18,
3518,2152,en_progreso,2026-09-18,
3519,3218,completado,2026-09-18,Modulo finalizado por el estudiante
3520,3834,iniciado,2026-09-18,
3521,2128,en_progreso,2026-09-18,
3522,706,completado,2026-09-18,Modulo finalizado por el estudiante
3523,2701,iniciado,2026-09-18,
3524,533,pausado,2026-09-18,
3525,3817,iniciado,2026-09-18,
3526,3795,pausado,2026-09-18,
3527,141,en_progreso,2026-09-18,
3528,730,completado,2026-09-18,Modulo finalizado por el estudiante
3529,1206,en_progreso,2026-09-18,
3530,1217,iniciado,2026-09-18,
3531,3486,iniciado,2026-09-18,
3532,1262,iniciado,2026-09-18,
3533,1357,en_progreso,2026-09-18,
3534,3552,en_progreso,2026-09-18,
3535,831,abandonado,2026-09-18,Sin actividad posterior registrada
3536,3207,en_progreso,2026-09-18,
3537,3938,completado,2026-09-18,Modulo finalizado por el estudiante
3538,764,en_progreso,2026-09-18,
3539,1385,pausado,2026-09-18,
3540,92,iniciado,2026-09-18,
3541,1019,en_progreso,2026-09-18,
3542,2502,en_progreso,2026-09-18,
3543,2816,en_progreso,2026-09-18,
3544,3531,en_progreso,2026-09-18,
3545,3664,en_progreso,2026-09-18,
3546,3923,en_progreso,2026-09-18,
3547,193,iniciado,2026-09-18,
3548,377,abandonado,2026-09-18,Sin actividad posterior registrada
3549,2397,en_progreso,2026-09-18,
3550,2648,en_progreso,2026-09-18,
3551,3631,en_progreso,2026-09-18,
3552,3733,iniciado,2026-09-18,
3553,3777,pausado,2026-09-18,
3554,1905,iniciado,2026-09-18,
3555,2281,abandonado,2026-09-18,Sin actividad posterior registrada
3556,3157,en_progreso,2026-09-18,
3557,2570,iniciado,2026-09-18,
3558,577,completado,2026-09-18,Modulo finalizado por el estudiante
3559,667,completado,2026-09-18,Modulo finalizado por el estudiante
3560,3895,iniciado,2026-09-18,
3561,3280,pausado,2026-09-18,
3562,1265,en_progreso,2026-09-18,
3563,2470,iniciado,2026-09-18,
3564,2008,iniciado,2026-09-18,
3565,2713,en_progreso,2026-09-18,
3566,1835,en_progreso,2026-09-18,
3567,2245,abandonado,2026-09-18,Sin actividad posterior registrada
3568,2830,en_progreso,2026-09-18,
3569,548,iniciado,2026-09-18,
3570,2584,en_progreso,2026-09-18,
3571,764,pausado,2026-09-18,
3572,3511,abandonado,2026-09-18,Sin actividad posterior registrada
3573,3353,en_progreso,2026-09-18,
3574,2107,completado,2026-09-18,Modulo finalizado por el estudiante
3575,2543,completado,2026-09-18,Modulo finalizado por el estudiante
3576,315,iniciado,2026-09-18,
3577,1685,pausado,2026-09-18,
3578,2092,en_progreso,2026-09-18,
3579,903,iniciado,2026-09-18,
3580,3939,iniciado,2026-09-18,
3581,2868,iniciado,2026-09-18,
3582,1318,iniciado,2026-09-18,
3583,625,en_progreso,2026-09-18,
3584,668,iniciado,2026-09-18,
3585,1634,pausado,2026-09-18,
3586,2570,completado,2026-09-18,Modulo finalizado por el estudiante
3587,3733,pausado,2026-09-18,
3588,3848,iniciado,2026-09-18,
3589,3327,en_progreso,2026-09-18,
3590,1565,en_progreso,2026-09-18,
3591,1809,completado,2026-09-18,Modulo finalizado por el estudiante
3592,2087,iniciado,2026-09-18,
3593,43,en_progreso,2026-09-18,
3594,3949,iniciado,2026-09-18,
3595,2403,en_progreso,2026-09-18,
3596,193,en_progreso,2026-09-18,
3597,2262,en_progreso,2026-09-18,
3598,2206,en_progreso,2026-09-18,
3599,3389,pausado,2026-09-18,
3600,320,en_progreso,2026-09-18,
3601,304,iniciado,2026-09-18,
3602,4042,en_progreso,2026-09-18,
3603,2548,en_progreso,2026-09-18,
3604,1602,en_progreso,2026-09-18,
3605,2049,iniciado,2026-09-18,
3606,2574,en_progreso,2026-09-18,
3607,3563,en_progreso,2026-09-18,
3608,275,iniciado,2026-09-18,
3609,1291,en_progreso,2026-09-18,
3610,47,en_progreso,2026-09-18,
3611,798,completado,2026-09-18,Modulo finalizado por el estudiante
3612,1702,en_progreso,2026-09-18,
3613,2574,en_progreso,2026-09-18,
3614,1351,en_progreso,2026-09-18,
3615,2108,iniciado,2026-09-18,
3616,443,en_progreso,2026-09-18,
3617,2615,en_progreso,2026-09-18,
3618,1835,pausado,2026-09-18,
3619,3428,en_progreso,2026-09-18,
3620,1702,en_progreso,2026-09-18,
3621,1905,en_progreso,2026-09-18,
3622,2757,completado,2026-09-18,Modulo finalizado por el estudiante
3623,2158,iniciado,2026-09-18,
3624,521,iniciado,2026-09-18,
3625,2620,iniciado,2026-09-18,
3626,615,en_progreso,2026-09-18,
3627,3122,en_progreso,2026-09-18,
3628,2008,en_progreso,2026-09-18,
3629,471,en_progreso,2026-09-18,
3630,3039,en_progreso,2026-09-18,
3631,2087,pausado,2026-09-18,
3632,3874,completado,2026-09-18,Modulo finalizado por el estudiante
3633,1379,en_progreso,2026-09-18,
3634,1019,pausado,2026-09-18,
3635,3930,en_progreso,2026-09-18,
3636,3768,en_progreso,2026-09-18,
3637,3470,en_progreso,2026-09-18,
3638,3372,pausado,2026-09-18,
3639,3745,en_progreso,2026-09-18,
3640,1850,iniciado,2026-09-18,
3641,885,en_progreso,2026-09-18,
3642,3783,en_progreso,2026-09-18,
3643,352,en_progreso,2026-09-18,
3644,2760,en_progreso,2026-09-18,
3645,1682,en_progreso,2026-09-18,
3646,533,pausado,2026-09-18,
3647,3022,iniciado,2026-09-18,
3648,2305,en_progreso,2026-09-18,
3649,255,en_progreso,2026-09-18,
3650,3909,en_progreso,2026-09-18,
3651,2981,en_progreso,2026-09-18,
3652,598,iniciado,2026-09-18,
3653,2036,abandonado,2026-09-18,Sin actividad posterior registrada
3654,506,en_progreso,2026-09-18,
3655,1452,pausado,2026-09-18,
3656,2632,en_progreso,2026-09-18,
3657,2173,en_progreso,2026-09-18,
3658,2448,iniciado,2026-09-18,
3659,2002,pausado,2026-09-18,
3660,320,completado,2026-09-18,Modulo finalizado por el estudiante
3661,3890,iniciado,2026-09-18,
3662,1980,en_progreso,2026-09-18,
3663,4068,en_progreso,2026-09-18,
3664,3949,abandonado,2026-09-18,Sin actividad posterior registrada
3665,3627,completado,2026-09-18,Modulo finalizado por el estudiante
3666,1976,en_progreso,2026-09-18,
3667,2087,en_progreso,2026-09-18,
3668,3982,en_progreso,2026-09-18,
3669,506,en_progreso,2026-09-18,
3670,1928,completado,2026-09-18,Modulo finalizado por el estudiante
3671,4028,pausado,2026-09-18,
3672,3147,en_progreso,2026-09-18,
3673,3032,iniciado,2026-09-18,
3674,2164,en_progreso,2026-09-18,
3675,1262,en_progreso,2026-09-18,
3676,1137,iniciado,2026-09-18,
3677,1332,abandonado,2026-09-18,Sin actividad posterior registrada
3678,903,en_progreso,2026-09-18,
3679,588,iniciado,2026-09-18,
3680,3032,completado,2026-09-18,Modulo finalizado por el estudiante
3681,3153,en_progreso,2026-09-18,
3682,3721,en_progreso,2026-09-18,
3683,948,en_progreso,2026-09-18,
3684,3756,completado,2026-09-18,Modulo finalizado por el estudiante
3685,973,pausado,2026-09-18,
3686,263,en_progreso,2026-09-18,
3687,1403,abandonado,2026-09-18,Sin actividad posterior registrada
3688,3680,en_progreso,2026-09-18,
3689,2704,en_progreso,2026-09-18,
3690,2811,completado,2026-09-18,Modulo finalizado por el estudiante
3691,1145,en_progreso,2026-09-18,
3692,2657,en_progreso,2026-09-18,
3693,2312,en_progreso,2026-09-18,
3694,944,completado,2026-09-18,Modulo finalizado por el estudiante
3695,3647,en_progreso,2026-09-18,
3696,3860,en_progreso,2026-09-18,
3697,598,pausado,2026-09-18,
3698,3091,completado,2026-09-18,Modulo finalizado por el estudiante
3699,1682,en_progreso,2026-09-18,
3700,2713,completado,2026-09-18,Modulo finalizado por el estudiante
3701,853,completado,2026-09-18,Modulo finalizado por el estudiante
3702,536,completado,2026-09-18,Modulo finalizado por el estudiante
3703,1304,iniciado,2026-09-18,
3704,2728,completado,2026-09-18,Modulo finalizado por el estudiante
3705,174,en_progreso,2026-09-18,
3706,2262,en_progreso,2026-09-18,
3707,2265,en_progreso,2026-09-18,
3708,578,iniciado,2026-09-18,
3709,3918,en_progreso,2026-09-18,
3710,241,iniciado,2026-09-18,
3711,1689,completado,2026-09-18,Modulo finalizado por el estudiante
3712,2837,pausado,2026-09-18,
3713,806,completado,2026-09-18,Modulo finalizado por el estudiante
3714,2816,en_progreso,2026-09-18,
3715,483,en_progreso,2026-09-18,
3716,874,en_progreso,2026-09-18,
3717,3171,en_progreso,2026-09-18,
3718,1410,en_progreso,2026-09-18,
3719,2532,iniciado,2026-09-18,
3720,3848,completado,2026-09-18,Modulo finalizado por el estudiante
3721,2760,en_progreso,2026-09-18,
3722,2994,pausado,2026-09-18,
3723,92,pausado,2026-09-18,
3724,3467,en_progreso,2026-09-18,
3725,2584,en_progreso,2026-09-18,
3726,3434,en_progreso,2026-09-18,
3727,509,en_progreso,2026-09-18,
3728,3157,en_progreso,2026-09-18,
3729,3045,pausado,2026-09-18,
3730,2362,iniciado,2026-09-18,
3731,2830,en_progreso,2026-09-18,
3732,2262,en_progreso,2026-09-18,
3733,425,en_progreso,2026-09-18,
3734,3787,en_progreso,2026-09-18,
3735,1980,en_progreso,2026-09-18,
3736,2011,completado,2026-09-18,Modulo finalizado por el estudiante
3737,1032,completado,2026-09-18,Modulo finalizado por el estudiante
3738,2794,abandonado,2026-09-18,Sin actividad posterior registrada
3739,2884,pausado,2026-09-18,
3740,788,en_progreso,2026-09-18,
3741,2760,en_progreso,2026-09-18,
3742,1179,completado,2026-09-18,Modulo finalizado por el estudiante
3743,1858,completado,2026-09-18,Modulo finalizado por el estudiante
3744,3101,en_progreso,2026-09-18,
3745,2853,en_progreso,2026-09-18,
3746,1128,en_progreso,2026-09-18,
3747,292,completado,2026-09-18,Modulo finalizado por el estudiante
3748,1976,en_progreso,2026-09-18,
3749,2632,completado,2026-09-18,Modulo finalizado por el estudiante
3750,2653,completado,2026-09-18,Modulo finalizado por el estudiante
3751,2335,en_progreso,2026-09-18,
3752,2988,iniciado,2026-09-18,
3753,2217,completado,2026-09-18,Modulo finalizado por el estudiante
3754,3122,en_progreso,2026-09-18,
3755,2560,iniciado,2026-09-18,
3756,479,en_progreso,2026-09-18,
3757,1060,iniciado,2026-09-18,
3758,3280,en_progreso,2026-09-18,
3759,1943,pausado,2026-09-18,
3760,1804,iniciado,2026-09-18,
3761,2690,pausado,2026-09-18,
3762,2571,iniciado,2026-09-18,
3763,980,pausado,2026-09-18,
3764,2108,en_progreso,2026-09-18,
3765,2122,pausado,2026-09-18,
3766,2623,en_progreso,2026-09-18,
3767,357,en_progreso,2026-09-18,
3768,2180,en_progreso,2026-09-18,
3769,927,abandonado,2026-09-18,Sin actividad posterior registrada
3770,827,completado,2026-09-18,Modulo finalizado por el estudiante
3771,2648,en_progreso,2026-09-18,
3772,3903,en_progreso,2026-09-18,
3773,3423,en_progreso,2026-09-18,
3774,2729,iniciado,2026-09-18,
3775,2250,en_progreso,2026-09-18,
3776,3470,en_progreso,2026-09-18,
3777,1853,pausado,2026-09-18,
3778,1478,abandonado,2026-09-18,Sin actividad posterior registrada
3779,167,pausado,2026-09-18,
3780,3009,en_progreso,2026-09-18,
3781,684,iniciado,2026-09-18,
3782,1560,completado,2026-09-18,Modulo finalizado por el estudiante
3783,2701,en_progreso,2026-09-18,
3784,2965,en_progreso,2026-09-18,
3785,451,en_progreso,2026-09-18,
3786,2695,abandonado,2026-09-18,Sin actividad posterior registrada
3787,1900,pausado,2026-09-18,
3788,405,en_progreso,2026-09-18,
3789,1777,completado,2026-09-18,Modulo finalizado por el estudiante
3790,3878,en_progreso,2026-09-18,
3791,1327,en_progreso,2026-09-18,
3792,807,iniciado,2026-09-18,
3793,1410,completado,2026-09-18,Modulo finalizado por el estudiante
3794,167,en_progreso,2026-09-18,
3795,2833,completado,2026-09-18,Modulo finalizado por el estudiante
3796,3338,en_progreso,2026-09-18,
3797,414,en_progreso,2026-09-18,
3798,2908,iniciado,2026-09-18,
3799,3183,iniciado,2026-09-18,
3800,2488,completado,2026-09-18,Modulo finalizado por el estudiante
3801,3486,en_progreso,2026-09-18,
3802,3899,en_progreso,2026-09-18,
3803,3126,iniciado,2026-09-18,
3804,2070,en_progreso,2026-09-18,
3805,3338,pausado,2026-09-18,
3806,1081,completado,2026-09-18,Modulo finalizado por el estudiante
3807,757,en_progreso,2026-09-18,
3808,340,iniciado,2026-09-18,
3809,731,iniciado,2026-09-18,
3810,3135,en_progreso,2026-09-18,
3811,1915,completado,2026-09-18,Modulo finalizado por el estudiante
3812,1339,en_progreso,2026-09-18,
3813,1685,completado,2026-09-18,Modulo finalizado por el estudiante
3814,1495,en_progreso,2026-09-18,
3815,1634,en_progreso,2026-09-18,
3816,3224,iniciado,2026-09-18,
3817,548,en_progreso,2026-09-18,
3818,3529,iniciado,2026-09-18,
3819,898,en_progreso,2026-09-18,
3820,3675,en_progreso,2026-09-18,
3821,255,completado,2026-09-18,Modulo finalizado por el estudiante
3822,183,en_progreso,2026-09-18,
3823,3495,en_progreso,2026-09-18,
3824,3470,en_progreso,2026-09-18,
3825,3003,completado,2026-09-18,Modulo finalizado por el estudiante
3826,3302,en_progreso,2026-09-18,
3827,2928,iniciado,2026-09-18,
3828,1452,completado,2026-09-18,Modulo finalizado por el estudiante
3829,2454,en_progreso,2026-09-18,
3830,373,en_progreso,2026-09-18,
3831,2812,iniciado,2026-09-18,
3832,1212,en_progreso,2026-09-18,
3833,1890,pausado,2026-09-18,
3834,2083,abandonado,2026-09-18,Sin actividad posterior registrada
3835,764,completado,2026-09-18,Modulo finalizado por el estudiante
3836,3122,pausado,2026-09-18,
3837,1890,en_progreso,2026-09-18,
3838,2742,en_progreso,2026-09-18,
3839,1725,iniciado,2026-09-18,
3840,2338,completado,2026-09-18,Modulo finalizado por el estudiante
3841,2548,en_progreso,2026-09-18,
3842,938,iniciado,2026-09-18,
3843,1967,completado,2026-09-18,Modulo finalizado por el estudiante
3844,1853,en_progreso,2026-09-18,
3845,3122,en_progreso,2026-09-18,
3846,3009,en_progreso,2026-09-18,
3847,3061,en_progreso,2026-09-18,
3848,3556,iniciado,2026-09-18,
3849,2138,en_progreso,2026-09-18,
3850,3637,iniciado,2026-09-18,
3851,3979,iniciado,2026-09-18,
3852,4088,iniciado,2026-09-18,
3853,2856,iniciado,2026-09-18,
3854,1702,en_progreso,2026-09-18,
3855,2620,en_progreso,2026-09-18,
3856,2221,completado,2026-09-18,Modulo finalizado por el estudiante
3857,2222,iniciado,2026-09-18,
3858,275,en_progreso,2026-09-18,
3859,1157,en_progreso,2026-09-18,
3860,2350,en_progreso,2026-09-18,
3861,1656,completado,2026-09-18,Modulo finalizado por el estudiante
3862,3787,pausado,2026-09-18,
3863,689,iniciado,2026-09-18,
3864,754,abandonado,2026-09-18,Sin actividad posterior registrada
3865,2403,en_progreso,2026-09-18,
3866,3389,completado,2026-09-18,Modulo finalizado por el estudiante
3867,841,en_progreso,2026-09-18,
3868,3039,en_progreso,2026-09-18,
3869,2002,completado,2026-09-18,Modulo finalizado por el estudiante
3870,3153,en_progreso,2026-09-18,
3871,3126,en_progreso,2026-09-18,
3872,1900,en_progreso,2026-09-18,
3873,1778,iniciado,2026-09-18,
3874,3621,en_progreso,2026-09-18,
3875,3228,en_progreso,2026-09-18,
3876,2890,iniciado,2026-09-18,
3877,98,en_progreso,2026-09-18,
3878,2544,iniciado,2026-09-18,
3879,3563,en_progreso,2026-09-18,
3880,3826,en_progreso,2026-09-18,
3881,3995,completado,2026-09-18,Modulo finalizado por el estudiante
3882,3529,pausado,2026-09-18,
3883,315,pausado,2026-09-18,
3884,1014,iniciado,2026-09-18,
3885,3183,pausado,2026-09-18,
3886,3773,iniciado,2026-09-18,
3887,2325,en_progreso,2026-09-18,
3888,199,pausado,2026-09-18,
3889,632,en_progreso,2026-09-18,
3890,2551,en_progreso,2026-09-18,
3891,2498,en_progreso,2026-09-18,
3892,2863,completado,2026-09-18,Modulo finalizado por el estudiante
3893,389,pausado,2026-09-18,
3894,3153,en_progreso,2026-09-18,
3895,4036,en_progreso,2026-09-18,
3896,1033,iniciado,2026-09-18,
3897,2799,completado,2026-09-18,Modulo finalizado por el estudiante
3898,2063,en_progreso,2026-09-18,
3899,3914,completado,2026-09-18,Modulo finalizado por el estudiante
3900,1578,pausado,2026-09-18,
3901,1145,abandonado,2026-09-18,Sin actividad posterior registrada
3902,1673,iniciado,2026-09-18,
3903,3393,en_progreso,2026-09-18,
3904,1770,completado,2026-09-18,Modulo finalizado por el estudiante
3905,1236,iniciado,2026-09-18,
3906,2973,en_progreso,2026-09-18,
3907,1638,en_progreso,2026-09-18,
3908,3310,en_progreso,2026-09-18,
3909,2102,abandonado,2026-09-18,Sin actividad posterior registrada
3910,854,iniciado,2026-09-18,
3911,1733,en_progreso,2026-09-18,
3912,479,en_progreso,2026-09-18,
3913,1536,pausado,2026-09-18,
3914,1278,en_progreso,2026-09-18,
3915,3428,pausado,2026-09-18,
3916,803,en_progreso,2026-09-18,
3917,1433,en_progreso,2026-09-18,
3918,3228,en_progreso,2026-09-18,
3919,581,en_progreso,2026-09-18,
3920,581,pausado,2026-09-18,
3921,803,en_progreso,2026-09-18,
3922,921,iniciado,2026-09-18,
3923,2489,iniciado,2026-09-18,
3924,3988,completado,2026-09-18,Modulo finalizado por el estudiante
3925,2911,en_progreso,2026-09-18,
3926,1719,en_progreso,2026-09-18,
3927,528,pausado,2026-09-18,
3928,1379,en_progreso,2026-09-18,
3929,234,completado,2026-09-18,Modulo finalizado por el estudiante
3930,1047,en_progreso,2026-09-18,
3931,229,iniciado,2026-09-18,
3932,2424,completado,2026-09-18,Modulo finalizado por el estudiante
3933,1116,completado,2026-09-18,Modulo finalizado por el estudiante
3934,1728,iniciado,2026-09-18,
3935,235,iniciado,2026-09-18,
3936,58,en_progreso,2026-09-18,
3937,2025,en_progreso,2026-09-18,
3938,3313,en_progreso,2026-09-18,
3939,788,completado,2026-09-18,Modulo finalizado por el estudiante
3940,2859,en_progreso,2026-09-18,
3941,1990,iniciado,2026-09-18,
3942,962,pausado,2026-09-18,
3943,3964,en_progreso,2026-09-18,
3944,2040,completado,2026-09-18,Modulo finalizado por el estudiante
3945,3470,pausado,2026-09-18,
3946,1157,en_progreso,2026-09-18,
3947,2485,completado,2026-09-18,Modulo finalizado por el estudiante
3948,3141,en_progreso,2026-09-18,
3949,557,en_progreso,2026-09-18,
3950,1943,completado,2026-09-18,Modulo finalizado por el estudiante
3951,43,en_progreso,2026-09-18,
3952,1602,abandonado,2026-09-18,Sin actividad posterior registrada
3953,1810,iniciado,2026-09-18,
3954,3576,pausado,2026-09-18,
3955,68,iniciado,2026-09-18,
3956,1565,pausado,2026-09-18,
3957,1414,en_progreso,2026-09-18,
3958,1840,en_progreso,2026-09-18,
3959,1859,iniciado,2026-09-18,
3960,684,pausado,2026-09-18,
3961,1767,en_progreso,2026-09-18,
3962,784,en_progreso,2026-09-18,
3963,3717,iniciado,2026-09-18,
3964,2303,iniciado,2026-09-18,
3965,2551,pausado,2026-09-18,
3966,2884,completado,2026-09-18,Modulo finalizado por el estudiante
3967,4065,iniciado,2026-09-18,
3968,1297,completado,2026-09-18,Modulo finalizado por el estudiante
3969,3654,completado,2026-09-18,Modulo finalizado por el estudiante
3970,491,en_progreso,2026-09-18,
3971,2222,en_progreso,2026-09-18,
3972,389,completado,2026-09-18,Modulo finalizado por el estudiante
3973,3086,en_progreso,2026-09-18,
3974,980,en_progreso,2026-09-18,
3975,676,pausado,2026-09-18,
3976,3585,iniciado,2026-09-18,
3977,2981,en_progreso,2026-09-18,
3978,340,en_progreso,2026-09-18,
3979,2800,iniciado,2026-09-18,
3980,3449,en_progreso,2026-09-18,
3981,1844,pausado,2026-09-18,
3982,2425,iniciado,2026-09-18,
3983,1528,completado,2026-09-18,Modulo finalizado por el estudiante
3984,1298,iniciado,2026-09-18,
3985,3552,en_progreso,2026-09-18,
3986,399,en_progreso,2026-09-18,
3987,429,abandonado,2026-09-18,Sin actividad posterior registrada
3988,2897,en_progreso,2026-09-18,
3989,799,iniciado,2026-09-18,
3990,3923,abandonado,2026-09-18,Sin actividad posterior registrada
3991,3970,abandonado,2026-09-18,Sin actividad posterior registrada
3992,2312,abandonado,2026-09-18,Sin actividad posterior registrada
3993,2365,en_progreso,2026-09-18,
3994,2335,en_progreso,2026-09-18,
3995,4068,completado,2026-09-18,Modulo finalizado por el estudiante
3996,789,iniciado,2026-09-18,
3997,4025,completado,2026-09-18,Modulo finalizado por el estudiante
3998,695,en_progreso,2026-09-18,
3999,3234,en_progreso,2026-09-18,
4000,26,completado,2026-09-18,Modulo finalizado por el estudiante
4001,3918,en_progreso,2026-09-19,
4002,1468,en_progreso,2026-09-19,
4003,3344,en_progreso,2026-09-19,
4004,189,en_progreso,2026-09-19,
4005,3706,en_progreso,2026-09-19,
4006,3999,iniciado,2026-09-19,
4007,3344,en_progreso,2026-09-19,
4008,1677,completado,2026-09-19,Modulo finalizado por el estudiante
4009,43,completado,2026-09-19,Modulo finalizado por el estudiante
4010,948,pausado,2026-09-19,
4011,2070,en_progreso,2026-09-19,
4012,2049,en_progreso,2026-09-19,
4013,2206,completado,2026-09-19,Modulo finalizado por el estudiante
4014,3717,en_progreso,2026-09-19,
4015,2830,en_progreso,2026-09-19,
4016,2339,iniciado,2026-09-19,
4017,483,pausado,2026-09-19,
4018,3849,iniciado,2026-09-19,
4019,3791,completado,2026-09-19,Modulo finalizado por el estudiante
4020,2228,iniciado,2026-09-19,
4021,3556,en_progreso,2026-09-19,
4022,4069,iniciado,2026-09-19,
4023,1363,completado,2026-09-19,Modulo finalizado por el estudiante
4024,488,completado,2026-09-19,Modulo finalizado por el estudiante
4025,591,en_progreso,2026-09-19,
4026,2258,en_progreso,2026-09-19,
4027,1613,pausado,2026-09-19,
4028,3989,iniciado,2026-09-19,
4029,447,pausado,2026-09-19,
4030,1025,en_progreso,2026-09-19,
4031,2845,en_progreso,2026-09-19,
4032,3930,pausado,2026-09-19,
4033,1311,pausado,2026-09-19,
4034,352,en_progreso,2026-09-19,
4035,1900,en_progreso,2026-09-19,
4036,3480,completado,2026-09-19,Modulo finalizado por el estudiante
4037,1890,en_progreso,2026-09-19,
4038,3958,en_progreso,2026-09-19,
4039,1481,pausado,2026-09-19,
4040,3302,en_progreso,2026-09-19,
4041,3593,en_progreso,2026-09-19,
4042,813,iniciado,2026-09-19,
4043,3122,en_progreso,2026-09-19,
4044,642,en_progreso,2026-09-19,
4045,2596,pausado,2026-09-19,
4046,2382,en_progreso,2026-09-19,
4047,3234,en_progreso,2026-09-19,
4048,68,pausado,2026-09-19,
4049,672,pausado,2026-09-19,
4050,3285,iniciado,2026-09-19,
4051,1613,completado,2026-09-19,Modulo finalizado por el estudiante
4052,2070,en_progreso,2026-09-19,
4053,2789,en_progreso,2026-09-19,
4054,1585,iniciado,2026-09-19,
4055,3067,iniciado,2026-09-19,
4056,1071,en_progreso,2026-09-19,
4057,3834,en_progreso,2026-09-19,
4058,3741,en_progreso,2026-09-19,
4059,962,en_progreso,2026-09-19,
4060,3252,iniciado,2026-09-19,
4061,1,pausado,2026-09-19,
4062,2994,en_progreso,2026-09-19,
4063,1844,en_progreso,2026-09-19,
4064,3481,iniciado,2026-09-19,
4065,483,en_progreso,2026-09-19,
4066,433,abandonado,2026-09-19,Sin actividad posterior registrada
4067,3268,iniciado,2026-09-19,
4068,746,en_progreso,2026-09-19,
4069,3372,en_progreso,2026-09-19,
4070,3736,iniciado,2026-09-19,
4071,2615,abandonado,2026-09-19,Sin actividad posterior registrada
4072,3323,completado,2026-09-19,Modulo finalizado por el estudiante
4073,1217,pausado,2026-09-19,
4074,2461,abandonado,2026-09-19,Sin actividad posterior registrada
4075,4020,en_progreso,2026-09-19,
4076,2800,en_progreso,2026-09-19,
4077,2063,en_progreso,2026-09-19,
4078,3637,en_progreso,2026-09-19,
4079,3895,en_progreso,2026-09-19,
4080,199,completado,2026-09-19,Modulo finalizado por el estudiante
4081,447,en_progreso,2026-09-19,
4082,2994,en_progreso,2026-09-19,
4083,3529,pausado,2026-09-19,
4084,1462,completado,2026-09-19,Modulo finalizado por el estudiante
4085,2511,en_progreso,2026-09-19,
4086,2673,en_progreso,2026-09-19,
4087,334,pausado,2026-09-19,
4088,3996,iniciado,2026-09-19,
4089,581,en_progreso,2026-09-19,
4090,642,en_progreso,2026-09-19,
4091,2778,en_progreso,2026-09-19,
4092,2859,en_progreso,2026-09-19,
4093,2753,completado,2026-09-19,Modulo finalizado por el estudiante
4094,3390,iniciado,2026-09-19,
4095,581,en_progreso,2026-09-19,
4096,86,abandonado,2026-09-19,Sin actividad posterior registrada
4097,1433,en_progreso,2026-09-19,
4098,1288,completado,2026-09-19,Modulo finalizado por el estudiante
4099,373,en_progreso,2026-09-19,
4100,2414,iniciado,2026-09-19,
4101,1614,iniciado,2026-09-19,
4102,2816,en_progreso,2026-09-19,
4103,3434,pausado,2026-09-19,
4104,3004,iniciado,2026-09-19,
4105,921,en_progreso,2026-09-19,
4106,366,pausado,2026-09-19,
4107,3348,en_progreso,2026-09-19,
4108,315,pausado,2026-09-19,
4109,3106,completado,2026-09-19,Modulo finalizado por el estudiante
4110,3276,en_progreso,2026-09-19,
4111,502,completado,2026-09-19,Modulo finalizado por el estudiante
4112,443,pausado,2026-09-19,
4113,1424,en_progreso,2026-09-19,
4114,3529,en_progreso,2026-09-19,
4115,3822,en_progreso,2026-09-19,
4116,3489,iniciado,2026-09-19,
4117,3224,en_progreso,2026-09-19,
4118,1900,en_progreso,2026-09-19,
4119,3996,en_progreso,2026-09-19,
4120,459,en_progreso,2026-09-19,
4121,3481,abandonado,2026-09-19,Sin actividad posterior registrada
4122,471,en_progreso,2026-09-19,
4123,793,completado,2026-09-19,Modulo finalizado por el estudiante
4124,443,completado,2026-09-19,Modulo finalizado por el estudiante
4125,2295,en_progreso,2026-09-19,
4126,3353,pausado,2026-09-19,
4127,3783,abandonado,2026-09-19,Sin actividad posterior registrada
4128,4062,iniciado,2026-09-19,
4129,3262,en_progreso,2026-09-19,
4130,1810,completado,2026-09-19,Modulo finalizado por el estudiante
4131,619,completado,2026-09-19,Modulo finalizado por el estudiante
4132,803,en_progreso,2026-09-19,
4133,3405,en_progreso,2026-09-19,
4134,1273,pausado,2026-09-19,
4135,1234,pausado,2026-09-19,
4136,1607,en_progreso,2026-09-19,
4137,321,iniciado,2026-09-19,
4138,557,pausado,2026-09-19,
4139,1682,en_progreso,2026-09-19,
4140,784,pausado,2026-09-19,
4141,1592,iniciado,2026-09-19,
4142,980,pausado,2026-09-19,
4143,3397,pausado,2026-09-19,
4144,3470,en_progreso,2026-09-19,
4145,893,iniciado,2026-09-19,
4146,3366,en_progreso,2026-09-19,
4147,3401,en_progreso,2026-09-19,
4148,1859,en_progreso,2026-09-19,
4149,251,completado,2026-09-19,Modulo finalizado por el estudiante
4150,1273,pausado,2026-09-19,
4151,615,en_progreso,2026-09-19,
4152,2517,abandonado,2026-09-19,Sin actividad posterior registrada
4153,921,completado,2026-09-19,Modulo finalizado por el estudiante
4154,1433,completado,2026-09-19,Modulo finalizado por el estudiante
4155,1077,completado,2026-09-19,Modulo finalizado por el estudiante
4156,167,en_progreso,2026-09-19,
4157,2560,completado,2026-09-19,Modulo finalizado por el estudiante
4158,1513,en_progreso,2026-09-19,
4159,642,en_progreso,2026-09-19,
4160,2923,en_progreso,2026-09-19,
4161,2859,en_progreso,2026-09-19,
4162,1375,iniciado,2026-09-19,
4163,1351,en_progreso,2026-09-19,
4164,2003,iniciado,2026-09-19,
4165,1690,iniciado,2026-09-19,
4166,447,abandonado,2026-09-19,Sin actividad posterior registrada
4167,1702,en_progreso,2026-09-19,
4168,3327,en_progreso,2026-09-19,
4169,1592,en_progreso,2026-09-19,
4170,1620,en_progreso,2026-09-19,
4171,2138,pausado,2026-09-19,
4172,1905,en_progreso,2026-09-19,
4173,695,en_progreso,2026-09-19,
4174,1550,iniciado,2026-09-19,
4175,275,pausado,2026-09-19,
4176,7,en_progreso,2026-09-19,
4177,1206,en_progreso,2026-09-19,
4178,2025,pausado,2026-09-19,
4179,757,pausado,2026-09-19,
4180,1819,en_progreso,2026-09-19,
4181,1996,en_progreso,2026-09-19,
4182,773,iniciado,2026-09-19,
4183,1176,en_progreso,2026-09-19,
4184,1060,pausado,2026-09-19,
4185,1824,en_progreso,2026-09-19,
4186,1844,en_progreso,2026-09-19,
4187,3613,pausado,2026-09-19,
4188,1970,en_progreso,2026-09-19,
4189,1291,en_progreso,2026-09-19,
4190,1033,pausado,2026-09-19,
4191,1725,en_progreso,2026-09-19,
4192,2059,iniciado,2026-09-19,
4193,567,iniciado,2026-09-19,
4194,1430,iniciado,2026-09-19,
4195,1873,en_progreso,2026-09-19,
4196,167,en_progreso,2026-09-19,
4197,3792,iniciado,2026-09-19,
4198,471,en_progreso,2026-09-19,
4199,3589,en_progreso,2026-09-19,
4200,3067,en_progreso,2026-09-19,
4201,40,iniciado,2026-09-19,
4202,642,completado,2026-09-19,Modulo finalizado por el estudiante
4203,1339,en_progreso,2026-09-19,
4204,3210,en_progreso,2026-09-19,
4205,737,en_progreso,2026-09-19,
4206,3285,abandonado,2026-09-19,Sin actividad posterior registrada
4207,3710,en_progreso,2026-09-19,
4208,2764,pausado,2026-09-19,
4209,3126,en_progreso,2026-09-19,
4210,2778,completado,2026-09-19,Modulo finalizado por el estudiante
4211,2949,en_progreso,2026-09-19,
4212,3979,en_progreso,2026-09-19,
4213,3004,pausado,2026-09-19,
4214,1678,iniciado,2026-09-19,
4215,2754,iniciado,2026-09-19,
4216,491,pausado,2026-09-19,
4217,1430,en_progreso,2026-09-19,
4218,3353,en_progreso,2026-09-19,
4219,2391,iniciado,2026-09-19,
4220,916,pausado,2026-09-19,
4221,405,en_progreso,2026-09-19,
4222,2908,en_progreso,2026-09-19,
4223,2623,en_progreso,2026-09-19,
4224,141,completado,2026-09-19,Modulo finalizado por el estudiante
4225,3593,en_progreso,2026-09-19,
4226,2176,en_progreso,2026-09-19,
4227,2620,en_progreso,2026-09-19,
4228,3750,completado,2026-09-19,Modulo finalizado por el estudiante
4229,3028,en_progreso,2026-09-19,
4230,189,en_progreso,2026-09-19,
4231,2511,pausado,2026-09-19,
4232,2911,completado,2026-09-19,Modulo finalizado por el estudiante
4233,3878,en_progreso,2026-09-19,
4234,3687,pausado,2026-09-19,
4235,177,en_progreso,2026-09-19,
4236,2868,en_progreso,2026-09-19,
4237,2003,en_progreso,2026-09-19,
4238,2365,en_progreso,2026-09-19,
4239,2629,en_progreso,2026-09-19,
4240,133,iniciado,2026-09-19,
4241,3348,en_progreso,2026-09-19,
4242,1360,pausado,2026-09-19,
4243,4065,en_progreso,2026-09-19,
4244,1513,en_progreso,2026-09-19,
4245,916,en_progreso,2026-09-19,
4246,689,pausado,2026-09-19,
4247,1327,en_progreso,2026-09-19,
4248,2295,en_progreso,2026-09-19,
4249,689,completado,2026-09-19,Modulo finalizado por el estudiante
4250,998,abandonado,2026-09-19,Sin actividad posterior registrada
4251,646,pausado,2026-09-19,
4252,1900,pausado,2026-09-19,
4253,2344,en_progreso,2026-09-19,
4254,483,pausado,2026-09-19,
4255,3909,en_progreso,2026-09-19,
4256,1835,completado,2026-09-19,Modulo finalizado por el estudiante
4257,3741,completado,2026-09-19,Modulo finalizado por el estudiante
4258,3531,completado,2026-09-19,Modulo finalizado por el estudiante
4259,2158,en_progreso,2026-09-19,
4260,444,iniciado,2026-09-19,
4261,3147,pausado,2026-09-19,
4262,72,completado,2026-09-19,Modulo finalizado por el estudiante
4263,3045,en_progreso,2026-09-19,
4264,3974,completado,2026-09-19,Modulo finalizado por el estudiante
4265,2864,iniciado,2026-09-19,
4266,916,en_progreso,2026-09-19,
4267,4065,en_progreso,2026-09-19,
4268,3348,completado,2026-09-19,Modulo finalizado por el estudiante
4269,2908,en_progreso,2026-09-19,
4270,1638,en_progreso,2026-09-19,
4271,533,en_progreso,2026-09-19,
4272,2897,pausado,2026-09-19,
4273,2373,iniciado,2026-09-19,
4274,2070,en_progreso,2026-09-19,
4275,1121,iniciado,2026-09-19,
4276,3033,iniciado,2026-09-19,
4277,1291,en_progreso,2026-09-19,
4278,1711,completado,2026-09-19,Modulo finalizado por el estudiante
4279,1686,iniciado,2026-09-19,
4280,3467,en_progreso,2026-09-19,
4281,528,en_progreso,2026-09-19,
4282,3459,completado,2026-09-19,Modulo finalizado por el estudiante
4283,2965,pausado,2026-09-19,
4284,3049,en_progreso,2026-09-19,
4285,1786,iniciado,2026-09-19,
4286,1351,en_progreso,2026-09-19,
4287,3631,en_progreso,2026-09-19,
4288,2138,en_progreso,2026-09-19,
4289,2030,en_progreso,2026-09-19,
4290,1859,en_progreso,2026-09-19,
4291,1185,iniciado,2026-09-19,
4292,1921,en_progreso,2026-09-19,
4293,1137,en_progreso,2026-09-19,
4294,1690,pausado,2026-09-19,
4295,3256,iniciado,2026-09-19,
4296,3726,en_progreso,2026-09-19,
4297,1195,en_progreso,2026-09-19,
4298,1840,en_progreso,2026-09-19,
4299,1678,en_progreso,2026-09-19,
4300,1778,pausado,2026-09-19,
4301,769,pausado,2026-09-19,
4302,3049,en_progreso,2026-09-19,
4303,1733,en_progreso,2026-09-19,
4304,1128,abandonado,2026-09-19,Sin actividad posterior registrada
4305,1550,completado,2026-09-19,Modulo finalizado por el estudiante
4306,2977,en_progreso,2026-09-19,
4307,3061,en_progreso,2026-09-19,
4308,334,en_progreso,2026-09-19,
4309,1853,en_progreso,2026-09-19,
4310,3486,completado,2026-09-19,Modulo finalizado por el estudiante
4311,3777,pausado,2026-09-19,
4312,3860,en_progreso,2026-09-19,
4313,2816,completado,2026-09-19,Modulo finalizado por el estudiante
4314,1814,completado,2026-09-19,Modulo finalizado por el estudiante
4315,2690,en_progreso,2026-09-19,
4316,3800,iniciado,2026-09-19,
4317,598,completado,2026-09-19,Modulo finalizado por el estudiante
4318,1273,pausado,2026-09-19,
4319,1625,iniciado,2026-09-19,
4320,509,en_progreso,2026-09-19,
4321,479,en_progreso,2026-09-19,
4322,3717,en_progreso,2026-09-19,
4323,1756,pausado,2026-09-19,
4324,2837,en_progreso,2026-09-19,
4325,1625,completado,2026-09-19,Modulo finalizado por el estudiante
4326,3903,pausado,2026-09-19,
4327,1220,en_progreso,2026-09-19,
4328,4055,en_progreso,2026-09-19,
4329,854,en_progreso,2026-09-19,
4330,1866,pausado,2026-09-19,
4331,3563,completado,2026-09-19,Modulo finalizado por el estudiante
4332,2758,iniciado,2026-09-19,
4333,757,en_progreso,2026-09-19,
4334,2511,completado,2026-09-19,Modulo finalizado por el estudiante
4335,3116,en_progreso,2026-09-19,
4336,3736,en_progreso,2026-09-19,
4337,1985,iniciado,2026-09-19,
4338,3768,en_progreso,2026-09-19,
4339,3610,pausado,2026-09-19,
4340,144,abandonado,2026-09-19,Sin actividad posterior registrada
4341,1650,pausado,2026-09-19,
4342,1082,iniciado,2026-09-19,
4343,2941,en_progreso,2026-09-19,
4344,1712,iniciado,2026-09-19,
4345,1121,abandonado,2026-09-19,Sin actividad posterior registrada
4346,2754,pausado,2026-09-19,
4347,3077,abandonado,2026-09-19,Sin actividad posterior registrada
4348,2945,en_progreso,2026-09-19,
4349,632,completado,2026-09-19,Modulo finalizado por el estudiante
4350,2049,en_progreso,2026-09-19,
4351,2512,iniciado,2026-09-19,
4352,3449,en_progreso,2026-09-19,
4353,1561,iniciado,2026-09-19,
4354,2003,en_progreso,2026-09-19,
4355,3214,completado,2026-09-19,Modulo finalizado por el estudiante
4356,7,pausado,2026-09-19,
4357,3393,en_progreso,2026-09-19,
4358,3234,en_progreso,2026-09-19,
4359,3918,en_progreso,2026-09-19,
4360,1646,en_progreso,2026-09-19,
4361,2760,completado,2026-09-19,Modulo finalizado por el estudiante
4362,3033,en_progreso,2026-09-19,
4363,3817,completado,2026-09-19,Modulo finalizado por el estudiante
4364,973,en_progreso,2026-09-19,
4365,2565,en_progreso,2026-09-19,
4366,690,iniciado,2026-09-19,
4367,2897,completado,2026-09-19,Modulo finalizado por el estudiante
4368,4069,completado,2026-09-19,Modulo finalizado por el estudiante
4369,3122,completado,2026-09-19,Modulo finalizado por el estudiante
4370,1786,en_progreso,2026-09-19,
4371,3022,abandonado,2026-09-19,Sin actividad posterior registrada
4372,1513,en_progreso,2026-09-19,
4373,1195,completado,2026-09-19,Modulo finalizado por el estudiante
4374,3187,pausado,2026-09-19,
4375,822,iniciado,2026-09-19,
4376,456,en_progreso,2026-09-19,
4377,2609,en_progreso,2026-09-19,
4378,1646,completado,2026-09-19,Modulo finalizado por el estudiante
4379,1738,pausado,2026-09-19,
4380,3700,pausado,2026-09-19,
4381,3067,completado,2026-09-19,Modulo finalizado por el estudiante
4382,2805,en_progreso,2026-09-19,
4383,3470,completado,2026-09-19,Modulo finalizado por el estudiante
4384,2376,en_progreso,2026-09-19,
4385,1180,iniciado,2026-09-19,
4386,1472,pausado,2026-09-19,
4387,1445,completado,2026-09-19,Modulo finalizado por el estudiante
4388,2578,en_progreso,2026-09-19,
4389,2397,en_progreso,2026-09-19,
4390,916,en_progreso,2026-09-19,
4391,3153,abandonado,2026-09-19,Sin actividad posterior registrada
4392,2059,completado,2026-09-19,Modulo finalizado por el estudiante
4393,2771,en_progreso,2026-09-19,
4394,92,pausado,2026-09-19,
4395,2574,completado,2026-09-19,Modulo finalizado por el estudiante
4396,945,iniciado,2026-09-19,
4397,483,en_progreso,2026-09-19,
4398,2122,pausado,2026-09-19,
4399,2498,pausado,2026-09-19,
4400,2041,iniciado,2026-09-19,
4401,3353,en_progreso,2026-09-19,
4402,3055,completado,2026-09-19,Modulo finalizado por el estudiante
4403,235,pausado,2026-09-19,
4404,1453,iniciado,2026-09-19,
4405,3982,pausado,2026-09-19,
4406,1767,abandonado,2026-09-19,Sin actividad posterior registrada
4407,557,en_progreso,2026-09-19,
4408,3999,pausado,2026-09-19,
4409,609,en_progreso,2026-09-19,
4410,193,en_progreso,2026-09-19,
4411,1811,iniciado,2026-09-19,
4412,2265,en_progreso,2026-09-19,
4413,3344,en_progreso,2026-09-19,
4414,1117,iniciado,2026-09-19,
4415,1050,en_progreso,2026-09-19,
4416,2404,pausado,2026-09-19,
4417,1495,en_progreso,2026-09-19,
4418,1434,iniciado,2026-09-19,
4419,2908,pausado,2026-09-19,
4420,2890,en_progreso,2026-09-19,
4421,2928,completado,2026-09-19,Modulo finalizado por el estudiante
4422,3444,en_progreso,2026-09-19,
4423,2169,abandonado,2026-09-19,Sin actividad posterior registrada
4424,1844,pausado,2026-09-19,
4425,2686,pausado,2026-09-19,
4426,2878,completado,2026-09-19,Modulo finalizado por el estudiante
4427,1234,abandonado,2026-09-19,Sin actividad posterior registrada
4428,3045,en_progreso,2026-09-19,
4429,2276,iniciado,2026-09-19,
4430,3642,iniciado,2026-09-19,
4431,1824,abandonado,2026-09-19,Sin actividad posterior registrada
4432,1836,iniciado,2026-09-19,
4433,156,abandonado,2026-09-19,Sin actividad posterior registrada
4434,2512,en_progreso,2026-09-19,
4435,321,completado,2026-09-19,Modulo finalizado por el estudiante
4436,3147,completado,2026-09-19,Modulo finalizado por el estudiante
4437,1778,completado,2026-09-19,Modulo finalizado por el estudiante
4438,1434,pausado,2026-09-19,
4439,2250,en_progreso,2026-09-19,
4440,1561,pausado,2026-09-19,
4441,839,iniciado,2026-09-19,
4442,3996,en_progreso,2026-09-19,
4443,260,en_progreso,2026-09-19,
4444,3680,en_progreso,2026-09-19,
4445,1840,en_progreso,2026-09-19,
4446,1258,en_progreso,2026-09-19,
4447,2335,en_progreso,2026-09-19,
4448,1019,en_progreso,2026-09-19,
4449,3049,abandonado,2026-09-19,Sin actividad posterior registrada
4450,1840,pausado,2026-09-19,
4451,2144,completado,2026-09-19,Modulo finalizado por el estudiante
4452,2965,abandonado,2026-09-19,Sin actividad posterior registrada
4453,860,completado,2026-09-19,Modulo finalizado por el estudiante
4454,1414,completado,2026-09-19,Modulo finalizado por el estudiante
4455,2532,abandonado,2026-09-19,Sin actividad posterior registrada
4456,3573,en_progreso,2026-09-19,
4457,82,en_progreso,2026-09-19,
4458,2350,pausado,2026-09-19,
4459,1634,pausado,2026-09-19,
4460,4070,iniciado,2026-09-19,
4461,2373,en_progreso,2026-09-19,
4462,177,pausado,2026-09-19,
4463,3593,en_progreso,2026-09-19,
4464,414,pausado,2026-09-19,
4465,2945,completado,2026-09-19,Modulo finalizado por el estudiante
4466,1873,pausado,2026-09-19,
4467,718,en_progreso,2026-09-19,
4468,1890,abandonado,2026-09-19,Sin actividad posterior registrada
4469,707,iniciado,2026-09-19,
4470,599,iniciado,2026-09-19,
4471,1463,iniciado,2026-09-19,
4472,3434,en_progreso,2026-09-19,
4473,3460,iniciado,2026-09-19,
4474,2686,pausado,2026-09-19,
4475,948,completado,2026-09-19,Modulo finalizado por el estudiante
4476,609,completado,2026-09-19,Modulo finalizado por el estudiante
4477,3930,en_progreso,2026-09-19,
4478,225,pausado,2026-09-19,
4479,1357,en_progreso,2026-09-19,
4480,2325,en_progreso,2026-09-19,
4481,3487,iniciado,2026-09-19,
4482,2295,en_progreso,2026-09-19,
4483,757,completado,2026-09-19,Modulo finalizado por el estudiante
4484,2898,iniciado,2026-09-19,
4485,567,pausado,2026-09-19,
4486,4082,iniciado,2026-09-19,
4487,3807,abandonado,2026-09-19,Sin actividad posterior registrada
4488,330,completado,2026-09-19,Modulo finalizado por el estudiante
4489,1524,abandonado,2026-09-19,Sin actividad posterior registrada
4490,3628,iniciado,2026-09-19,
4491,1283,en_progreso,2026-09-19,
4492,1291,pausado,2026-09-19,
4493,1453,en_progreso,2026-09-19,
4494,3818,iniciado,2026-09-19,
4495,11,en_progreso,2026-09-19,
4496,799,en_progreso,2026-09-19,
4497,672,pausado,2026-09-19,
4498,183,en_progreso,2026-09-19,
4499,1481,pausado,2026-09-19,
4500,98,en_progreso,2026-09-19,
4501,2704,en_progreso,2026-09-19,
4502,3039,en_progreso,2026-09-19,
4503,3792,en_progreso,2026-09-19,
4504,3939,en_progreso,2026-09-19,
4505,3338,en_progreso,2026-09-19,
4506,209,en_progreso,2026-09-19,
4507,2575,iniciado,2026-09-19,
4508,2742,pausado,2026-09-19,
4509,3141,pausado,2026-09-19,
4510,2837,en_progreso,2026-09-19,
4511,3895,en_progreso,2026-09-19,
4512,4011,iniciado,2026-09-19,
4513,4062,pausado,2026-09-19,
4514,2052,en_progreso,2026-09-19,
4515,1840,en_progreso,2026-09-19,
4516,610,iniciado,2026-09-19,
4517,702,completado,2026-09-19,Modulo finalizado por el estudiante
4518,3538,pausado,2026-09-19,
4519,1349,en_progreso,2026-09-19,
4520,2654,iniciado,2026-09-19,
4521,2164,completado,2026-09-19,Modulo finalizado por el estudiante
4522,2561,iniciado,2026-09-19,
4523,2662,pausado,2026-09-19,
4524,1976,en_progreso,2026-09-19,
4525,2397,abandonado,2026-09-19,Sin actividad posterior registrada
4526,3033,en_progreso,2026-09-19,
4527,578,en_progreso,2026-09-19,
4528,2391,completado,2026-09-19,Modulo finalizado por el estudiante
4529,3589,en_progreso,2026-09-19,
4530,3621,en_progreso,2026-09-19,
4531,2269,completado,2026-09-19,Modulo finalizado por el estudiante
4532,2738,completado,2026-09-19,Modulo finalizado por el estudiante
4533,334,abandonado,2026-09-19,Sin actividad posterior registrada
4534,3860,en_progreso,2026-09-19,
4535,3262,en_progreso,2026-09-19,
4536,1411,iniciado,2026-09-19,
4537,668,en_progreso,2026-09-19,
4538,707,completado,2026-09-19,Modulo finalizado por el estudiante
4539,3700,en_progreso,2026-09-19,
4540,3621,abandonado,2026-09-19,Sin actividad posterior registrada
4541,4014,pausado,2026-09-19,
4542,3603,en_progreso,2026-09-19,
4543,1678,en_progreso,2026-09-19,
4544,1951,completado,2026-09-19,Modulo finalizado por el estudiante
4545,2262,en_progreso,2026-09-19,
4546,3655,iniciado,2026-09-19,
4547,2584,en_progreso,2026-09-19,
4548,209,en_progreso,2026-09-19,
4549,2418,en_progreso,2026-09-19,
4550,2376,en_progreso,2026-09-19,
4551,3664,pausado,2026-09-19,
4552,352,en_progreso,2026-09-19,
4553,322,iniciado,2026-09-19,
4554,521,en_progreso,2026-09-19,
4555,3126,pausado,2026-09-19,
4556,2679,en_progreso,2026-09-19,
4557,703,iniciado,2026-09-19,
4558,2218,iniciado,2026-09-19,
4559,2774,en_progreso,2026-09-19,
4560,3822,en_progreso,2026-09-19,
4561,298,en_progreso,2026-09-19,
4562,366,en_progreso,2026-09-19,
4563,1327,completado,2026-09-19,Modulo finalizado por el estudiante
4564,1607,en_progreso,2026-09-19,
4565,3207,pausado,2026-09-19,
4566,1095,iniciado,2026-09-19,
4567,799,en_progreso,2026-09-19,
4568,3219,iniciado,2026-09-19,
4569,3613,completado,2026-09-19,Modulo finalizado por el estudiante
4570,2276,en_progreso,2026-09-19,
4571,275,en_progreso,2026-09-19,
4572,506,completado,2026-09-19,Modulo finalizado por el estudiante
4573,3717,en_progreso,2026-09-19,
4574,2701,en_progreso,2026-09-19,
4575,2060,iniciado,2026-09-19,
4576,1071,completado,2026-09-19,Modulo finalizado por el estudiante
4577,3989,en_progreso,2026-09-19,
4578,2330,iniciado,2026-09-19,
4579,557,en_progreso,2026-09-19,
4580,2805,pausado,2026-09-19,
4581,3372,en_progreso,2026-09-19,
4582,2173,en_progreso,2026-09-19,
4583,503,iniciado,2026-09-19,
4584,3280,pausado,2026-09-19,
4585,3405,en_progreso,2026-09-19,
4586,2250,en_progreso,2026-09-19,
4587,906,en_progreso,2026-09-19,
4588,1242,en_progreso,2026-09-19,
4589,496,en_progreso,2026-09-19,
4590,3183,en_progreso,2026-09-19,
4591,3736,en_progreso,2026-09-19,
4592,3647,pausado,2026-09-19,
4593,4028,en_progreso,2026-09-19,
4594,1996,en_progreso,2026-09-19,
4595,2845,pausado,2026-09-19,
4596,1719,pausado,2026-09-19,
4597,2265,en_progreso,2026-09-19,
4598,2908,en_progreso,2026-09-19,
4599,1786,en_progreso,2026-09-19,
4600,567,pausado,2026-09-19,
4601,3262,en_progreso,2026-09-19,
4602,269,iniciado,2026-09-19,
4603,2890,completado,2026-09-19,Modulo finalizado por el estudiante
4604,3687,pausado,2026-09-19,
4605,2041,pausado,2026-09-19,
4606,3224,en_progreso,2026-09-19,
4607,633,iniciado,2026-09-19,
4608,2197,abandonado,2026-09-19,Sin actividad posterior registrada
4609,537,iniciado,2026-09-19,
4610,3252,pausado,2026-09-19,
4611,260,en_progreso,2026-09-19,
4612,2834,iniciado,2026-09-19,
4613,3378,en_progreso,2026-09-19,
4614,2404,completado,2026-09-19,Modulo finalizado por el estudiante
4615,2498,en_progreso,2026-09-19,
4616,3860,en_progreso,2026-09-19,
4617,2138,en_progreso,2026-09-19,
4618,2494,en_progreso,2026-09-19,
4619,3895,completado,2026-09-19,Modulo finalizado por el estudiante
4620,2135,iniciado,2026-09-19,
4621,521,pausado,2026-09-19,
4622,867,completado,2026-09-19,Modulo finalizado por el estudiante
4623,1968,iniciado,2026-09-19,
4624,2548,en_progreso,2026-09-19,
4625,537,en_progreso,2026-09-19,
4626,2092,completado,2026-09-19,Modulo finalizado por el estudiante
4627,3393,en_progreso,2026-09-19,
4628,3276,en_progreso,2026-09-19,
4629,1137,abandonado,2026-09-19,Sin actividad posterior registrada
4630,2193,completado,2026-09-19,Modulo finalizado por el estudiante
4631,3141,en_progreso,2026-09-19,
4632,952,en_progreso,2026-09-19,
4633,625,en_progreso,2026-09-19,
4634,3397,en_progreso,2026-09-19,
4635,3999,en_progreso,2026-09-19,
4636,1014,en_progreso,2026-09-19,
4637,4042,completado,2026-09-19,Modulo finalizado por el estudiante
4638,1033,pausado,2026-09-19,
4639,283,en_progreso,2026-09-19,
4640,1500,abandonado,2026-09-19,Sin actividad posterior registrada
4641,3964,en_progreso,2026-09-19,
4642,2908,en_progreso,2026-09-19,
4643,3033,completado,2026-09-19,Modulo finalizado por el estudiante
4644,1225,iniciado,2026-09-19,
4645,2382,pausado,2026-09-19,
4646,3706,abandonado,2026-09-19,Sin actividad posterior registrada
4647,2977,completado,2026-09-19,Modulo finalizado por el estudiante
4648,2486,iniciado,2026-09-19,
4649,3252,en_progreso,2026-09-19,
4650,1262,completado,2026-09-19,Modulo finalizado por el estudiante
4651,849,completado,2026-09-19,Modulo finalizado por el estudiante
4652,352,pausado,2026-09-19,
4653,2408,pausado,2026-09-19,
4654,633,pausado,2026-09-19,
4655,3344,completado,2026-09-19,Modulo finalizado por el estudiante
4656,1786,en_progreso,2026-09-19,
4657,2912,iniciado,2026-09-19,
4658,3327,en_progreso,2026-09-19,
4659,1393,completado,2026-09-19,Modulo finalizado por el estudiante
4660,2265,completado,2026-09-19,Modulo finalizado por el estudiante
4661,2701,en_progreso,2026-09-19,
4662,1481,en_progreso,2026-09-19,
4663,1415,iniciado,2026-09-19,
4664,193,en_progreso,2026-09-19,
4665,2158,completado,2026-09-19,Modulo finalizado por el estudiante
4666,841,en_progreso,2026-09-19,
4667,3056,iniciado,2026-09-19,
4668,854,completado,2026-09-19,Modulo finalizado por el estudiante
4669,3034,iniciado,2026-09-19,
4670,2908,pausado,2026-09-19,
4671,514,en_progreso,2026-09-19,
4672,916,en_progreso,2026-09-19,
4673,3405,en_progreso,2026-09-19,
4674,1510,en_progreso,2026-09-19,
4675,2739,iniciado,2026-09-19,
4676,4043,iniciado,2026-09-19,
4677,2949,en_progreso,2026-09-19,
4678,3228,pausado,2026-09-19,
4679,98,pausado,2026-09-19,
4680,3733,en_progreso,2026-09-19,
4681,2783,en_progreso,2026-09-19,
4682,3710,en_progreso,2026-09-19,
4683,543,en_progreso,2026-09-19,
4684,3397,en_progreso,2026-09-19,
4685,3280,pausado,2026-09-19,
4686,2548,completado,2026-09-19,Modulo finalizado por el estudiante
4687,283,pausado,2026-09-19,
4688,2418,en_progreso,2026-09-19,
4689,456,en_progreso,2026-09-19,
4690,4075,en_progreso,2026-09-19,
4691,2138,en_progreso,2026-09-19,
4692,2176,completado,2026-09-19,Modulo finalizado por el estudiante
4693,1095,completado,2026-09-19,Modulo finalizado por el estudiante
4694,2994,abandonado,2026-09-19,Sin actividad posterior registrada
4695,3110,iniciado,2026-09-19,
4696,1157,completado,2026-09-19,Modulo finalizado por el estudiante
4697,419,pausado,2026-09-19,
4698,2949,en_progreso,2026-09-19,
4699,1263,iniciado,2026-09-19,
4700,269,en_progreso,2026-09-19,
4701,2584,abandonado,2026-09-19,Sin actividad posterior registrada
4702,3538,en_progreso,2026-09-19,
4703,1212,en_progreso,2026-09-19,
4704,306,completado,2026-09-19,Modulo finalizado por el estudiante
4705,2135,en_progreso,2026-09-19,
4706,2837,completado,2026-09-19,Modulo finalizado por el estudiante
4707,2856,completado,2026-09-19,Modulo finalizado por el estudiante
4708,2502,en_progreso,2026-09-19,
4709,3228,en_progreso,2026-09-19,
4710,1686,completado,2026-09-19,Modulo finalizado por el estudiante
4711,2764,en_progreso,2026-09-19,
4712,1141,en_progreso,2026-09-19,
4713,514,en_progreso,2026-09-19,
4714,2891,iniciado,2026-09-19,
4715,3918,pausado,2026-09-19,
4716,1042,pausado,2026-09-19,
4717,2276,en_progreso,2026-09-19,
4718,2291,pausado,2026-09-19,
4719,2830,en_progreso,2026-09-19,
4720,384,en_progreso,2026-09-19,
4721,2362,en_progreso,2026-09-19,
4722,990,abandonado,2026-09-19,Sin actividad posterior registrada
4723,885,completado,2026-09-19,Modulo finalizado por el estudiante
4724,2853,en_progreso,2026-09-19,
4725,2382,en_progreso,2026-09-19,
4726,225,pausado,2026-09-19,
4727,2923,completado,2026-09-19,Modulo finalizado por el estudiante
4728,2414,en_progreso,2026-09-19,
4729,841,en_progreso,2026-09-19,
4730,1752,en_progreso,2026-09-19,
4731,1185,en_progreso,2026-09-19,
4732,3664,en_progreso,2026-09-19,
4733,2898,en_progreso,2026-09-19,
4734,3196,en_progreso,2026-09-19,
4735,489,iniciado,2026-09-19,
4736,2930,en_progreso,2026-09-19,
4737,553,completado,2026-09-19,Modulo finalizado por el estudiante
4738,2049,pausado,2026-09-19,
4739,438,en_progreso,2026-09-19,
4740,1905,completado,2026-09-19,Modulo finalizado por el estudiante
4741,1096,iniciado,2026-09-19,
4742,2350,en_progreso,2026-09-19,
4743,1273,completado,2026-09-19,Modulo finalizado por el estudiante
4744,1510,completado,2026-09-19,Modulo finalizado por el estudiante
4745,183,en_progreso,2026-09-19,
4746,3039,completado,2026-09-19,Modulo finalizado por el estudiante
4747,3603,en_progreso,2026-09-19,
4748,444,en_progreso,2026-09-19,
4749,3123,iniciado,2026-09-19,
4750,3423,en_progreso,2026-09-19,
4751,3745,en_progreso,2026-09-19,
4752,489,en_progreso,2026-09-19,
4753,2233,en_progreso,2026-09-19,
4754,3603,pausado,2026-09-19,
4755,1166,iniciado,2026-09-19,
4756,799,en_progreso,2026-09-19,
4757,366,completado,2026-09-19,Modulo finalizado por el estudiante
4758,3372,en_progreso,2026-09-19,
4759,2063,completado,2026-09-19,Modulo finalizado por el estudiante
4760,1424,en_progreso,2026-09-19,
4761,1786,completado,2026-09-19,Modulo finalizado por el estudiante
4762,1592,en_progreso,2026-09-19,
4763,1733,en_progreso,2026-09-19,
4764,3474,en_progreso,2026-09-19,
4765,3860,completado,2026-09-19,Modulo finalizado por el estudiante
4766,949,iniciado,2026-09-19,
4767,1078,iniciado,2026-09-19,
4768,4070,pausado,2026-09-19,
4769,3952,en_progreso,2026-09-19,
4770,269,completado,2026-09-19,Modulo finalizado por el estudiante
4771,200,iniciado,2026-09-19,
4772,521,en_progreso,2026-09-19,
4773,3757,iniciado,2026-09-19,
4774,1682,pausado,2026-09-19,
4775,3733,en_progreso,2026-09-19,
4776,3234,completado,2026-09-19,Modulo finalizado por el estudiante
4777,3564,iniciado,2026-09-19,
4778,1836,pausado,2026-09-19,
4779,1916,iniciado,2026-09-19,
4780,3148,iniciado,2026-09-19,
4781,1554,completado,2026-09-19,Modulo finalizado por el estudiante
4782,2654,en_progreso,2026-09-19,
4783,399,en_progreso,2026-09-19,
4784,3009,en_progreso,2026-09-19,
4785,1996,completado,2026-09-19,Modulo finalizado por el estudiante
4786,2041,pausado,2026-09-19,
4787,2250,abandonado,2026-09-19,Sin actividad posterior registrada
4788,803,completado,2026-09-19,Modulo finalizado por el estudiante
4789,3360,pausado,2026-09-19,
4790,2041,en_progreso,2026-09-19,
4791,2929,iniciado,2026-09-19,
4792,1574,iniciado,2026-09-19,
4793,868,iniciado,2026-09-19,
4794,607,en_progreso,2026-09-19,
4795,4026,iniciado,2026-09-19,
4796,2751,iniciado,2026-09-19,
4797,1578,abandonado,2026-09-19,Sin actividad posterior registrada
4798,1005,completado,2026-09-19,Modulo finalizado por el estudiante
4799,3773,pausado,2026-09-19,
4800,1212,completado,2026-09-19,Modulo finalizado por el estudiante
4801,3256,abandonado,2026-09-19,Sin actividad posterior registrada
4802,3056,en_progreso,2026-09-19,
4803,167,en_progreso,2026-09-19,
4804,2978,iniciado,2026-09-19,
4805,1532,en_progreso,2026-09-19,
4806,331,iniciado,2026-09-19,
4807,1781,en_progreso,2026-09-19,
4808,3080,en_progreso,2026-09-19,
4809,668,en_progreso,2026-09-19,
4810,2393,completado,2026-09-19,Modulo finalizado por el estudiante
4811,2394,iniciado,2026-09-19,
4812,298,en_progreso,2026-09-19,
4813,1236,en_progreso,2026-09-19,
4814,2544,en_progreso,2026-09-19,
4815,1771,iniciado,2026-09-19,
4816,4082,pausado,2026-09-19,
4817,737,en_progreso,2026-09-19,
4818,2437,completado,2026-09-19,Modulo finalizado por el estudiante
4819,2207,iniciado,2026-09-19,
4820,3661,completado,2026-09-19,Modulo finalizado por el estudiante
4821,889,iniciado,2026-09-19,
4822,1263,pausado,2026-09-19,
4823,2643,en_progreso,2026-09-19,
4824,841,pausado,2026-09-19,
4825,3107,iniciado,2026-09-19,
4826,3393,en_progreso,2026-09-19,
4827,3372,en_progreso,2026-09-19,
4828,2049,en_progreso,2026-09-19,
4829,1906,iniciado,2026-09-19,
4830,3890,en_progreso,2026-09-19,
4831,3489,en_progreso,2026-09-19,
4832,3110,completado,2026-09-19,Modulo finalizado por el estudiante
4833,2408,en_progreso,2026-09-19,
4834,2742,pausado,2026-09-19,
4835,189,pausado,2026-09-19,
4836,1687,iniciado,2026-09-19,
4837,3787,pausado,2026-09-19,
4838,340,pausado,2026-09-19,
4839,1072,iniciado,2026-09-19,
4840,3428,pausado,2026-09-19,
4841,4062,completado,2026-09-19,Modulo finalizado por el estudiante
4842,2489,en_progreso,2026-09-19,
4843,222,iniciado,2026-09-19,
4844,3751,iniciado,2026-09-19,
4845,676,en_progreso,2026-09-19,
4846,2754,en_progreso,2026-09-19,
4847,2701,en_progreso,2026-09-19,
4848,3086,completado,2026-09-19,Modulo finalizado por el estudiante
4849,414,pausado,2026-09-19,
4850,3393,en_progreso,2026-09-19,
4851,3126,en_progreso,2026-09-19,
4852,1092,en_progreso,2026-09-19,
4853,3589,en_progreso,2026-09-19,
4854,1682,pausado,2026-09-19,
4855,1220,abandonado,2026-09-19,Sin actividad posterior registrada
4856,1771,pausado,2026-09-19,
4857,1430,completado,2026-09-19,Modulo finalizado por el estudiante
4858,1900,completado,2026-09-19,Modulo finalizado por el estudiante
4859,1318,pausado,2026-09-19,
4860,3207,en_progreso,2026-09-19,
4861,1738,en_progreso,2026-09-19,
4862,3576,en_progreso,2026-09-19,
4863,2266,iniciado,2026-09-19,
4864,898,en_progreso,2026-09-19,
4865,509,en_progreso,2026-09-19,
4866,1638,pausado,2026-09-19,
4867,1360,en_progreso,2026-09-19,
4868,3687,pausado,2026-09-19,
4869,841,en_progreso,2026-09-19,
4870,1532,en_progreso,2026-09-19,
4871,3487,en_progreso,2026-09-19,
4872,620,iniciado,2026-09-19,
4873,2732,en_progreso,2026-09-19,
4874,841,en_progreso,2026-09-19,
4875,980,en_progreso,2026-09-19,
4876,3123,en_progreso,2026-09-19,
4877,1836,en_progreso,2026-09-19,
4878,561,pausado,2026-09-19,
4879,1468,en_progreso,2026-09-19,
4880,252,iniciado,2026-09-19,
4881,1102,en_progreso,2026-09-19,
4882,246,iniciado,2026-09-19,
4883,2620,completado,2026-09-19,Modulo finalizado por el estudiante
4884,1185,completado,2026-09-19,Modulo finalizado por el estudiante
4885,1844,completado,2026-09-19,Modulo finalizado por el estudiante
4886,58,en_progreso,2026-09-19,
4887,2177,iniciado,2026-09-19,
4888,1811,en_progreso,2026-09-19,
4889,3434,en_progreso,2026-09-19,
4890,3313,en_progreso,2026-09-19,
4891,695,en_progreso,2026-09-19,
4892,1642,pausado,2026-09-19,
4893,82,pausado,2026-09-19,
4894,1873,pausado,2026-09-19,
4895,1228,en_progreso,2026-09-19,
4896,2673,completado,2026-09-19,Modulo finalizado por el estudiante
4897,3378,en_progreso,2026-09-19,
4898,591,en_progreso,2026-09-19,
4899,2093,iniciado,2026-09-19,
4900,1592,en_progreso,2026-09-19,
4901,2924,iniciado,2026-09-19,
4902,1708,abandonado,2026-09-19,Sin actividad posterior registrada
4903,1944,iniciado,2026-09-19,
4904,3826,pausado,2026-09-19,
4905,68,en_progreso,2026-09-19,
4906,1511,iniciado,2026-09-19,
4907,414,pausado,2026-09-19,
4908,3056,en_progreso,2026-09-19,
4909,3310,completado,2026-09-19,Modulo finalizado por el estudiante
4910,2003,pausado,2026-09-19,
4911,1886,en_progreso,2026-09-19,
4912,815,en_progreso,2026-09-19,
4913,3989,en_progreso,2026-09-19,
4914,3101,completado,2026-09-19,Modulo finalizado por el estudiante
4915,1379,completado,2026-09-19,Modulo finalizado por el estudiante
4916,3915,iniciado,2026-09-19,
4917,521,en_progreso,2026-09-19,
4918,2376,en_progreso,2026-09-19,
4919,414,completado,2026-09-19,Modulo finalizado por el estudiante
4920,3327,en_progreso,2026-09-19,
4921,1033,en_progreso,2026-09-19,
4922,723,iniciado,2026-09-19,
4923,1304,pausado,2026-09-19,
4924,3210,en_progreso,2026-09-19,
4925,367,iniciado,2026-09-19,
4926,2969,en_progreso,2026-09-19,
4927,3717,en_progreso,2026-09-19,
4928,1985,pausado,2026-09-19,
4929,2621,iniciado,2026-09-19,
4930,1628,completado,2026-09-19,Modulo finalizado por el estudiante
4931,1380,iniciado,2026-09-19,
4932,3795,en_progreso,2026-09-19,
4933,425,en_progreso,2026-09-19,
4934,459,abandonado,2026-09-19,Sin actividad posterior registrada
4935,3111,iniciado,2026-09-19,
4936,222,en_progreso,2026-09-19,
4937,839,completado,2026-09-19,Modulo finalizado por el estudiante
4938,2774,en_progreso,2026-09-19,
4939,2941,completado,2026-09-19,Modulo finalizado por el estudiante
4940,2489,en_progreso,2026-09-19,
4941,3564,en_progreso,2026-09-19,
4942,742,en_progreso,2026-09-19,
4943,3487,en_progreso,2026-09-19,
4944,27,iniciado,2026-09-19,
4945,167,abandonado,2026-09-19,Sin actividad posterior registrada
4946,3056,pausado,2026-09-19,
4947,3603,en_progreso,2026-09-19,
4948,1468,en_progreso,2026-09-19,
4949,1771,en_progreso,2026-09-19,
4950,708,iniciado,2026-09-19,
4951,225,completado,2026-09-19,Modulo finalizado por el estudiante
4952,2774,pausado,2026-09-19,
4953,98,en_progreso,2026-09-19,
4954,3915,en_progreso,2026-09-19,
4955,322,en_progreso,2026-09-19,
4956,2891,en_progreso,2026-09-19,
4957,384,en_progreso,2026-09-19,
4958,1511,completado,2026-09-19,Modulo finalizado por el estudiante
4959,3792,en_progreso,2026-09-19,
4960,2093,en_progreso,2026-09-19,
4961,3434,en_progreso,2026-09-19,
4962,415,iniciado,2026-09-19,
4963,3675,completado,2026-09-19,Modulo finalizado por el estudiante
4964,1117,pausado,2026-09-19,
4965,2817,iniciado,2026-09-19,
4966,3668,en_progreso,2026-09-19,
4967,2512,completado,2026-09-19,Modulo finalizado por el estudiante
4968,2070,pausado,2026-09-19,
4969,2714,en_progreso,2026-09-19,
4970,3556,en_progreso,2026-09-19,
4971,1944,completado,2026-09-19,Modulo finalizado por el estudiante
4972,898,completado,2026-09-19,Modulo finalizado por el estudiante
4973,395,pausado,2026-09-19,
4974,2761,iniciado,2026-09-19,
4975,3676,iniciado,2026-09-19,
4976,3495,en_progreso,2026-09-19,
4977,1304,en_progreso,2026-09-19,
4978,2949,completado,2026-09-19,Modulo finalizado por el estudiante
4979,588,en_progreso,2026-09-19,
4980,352,en_progreso,2026-09-19,
4981,3982,en_progreso,2026-09-19,
4982,3878,pausado,2026-09-19,
4983,3687,en_progreso,2026-09-19,
4984,2177,en_progreso,2026-09-19,
4985,1357,completado,2026-09-19,Modulo finalizado por el estudiante
4986,742,pausado,2026-09-19,
4987,3163,completado,2026-09-19,Modulo finalizado por el estudiante
4988,3989,pausado,2026-09-19,
4989,2633,iniciado,2026-09-19,
4990,1545,pausado,2026-09-19,
4991,1815,iniciado,2026-09-19,
4992,2508,en_progreso,2026-09-19,
4993,1997,iniciado,2026-09-19,
4994,1682,en_progreso,2026-09-19,
4995,3080,en_progreso,2026-09-19,
4996,3102,iniciado,2026-09-19,
4997,2087,completado,2026-09-19,Modulo finalizado por el estudiante
4998,2443,en_progreso,2026-09-19,
4999,1419,pausado,2026-09-19,
5000,98,en_progreso,2026-09-19,
5001,703,en_progreso,2026-09-20,
5002,1431,iniciado,2026-09-20,
5003,868,pausado,2026-09-20,
5004,3610,en_progreso,2026-09-20,
5005,209,en_progreso,2026-09-20,
5006,3979,en_progreso,2026-09-20,
5007,3610,en_progreso,2026-09-20,
5008,1781,completado,2026-09-20,Modulo finalizado por el estudiante
5009,44,iniciado,2026-09-20,
5010,1014,pausado,2026-09-20,
5011,2258,en_progreso,2026-09-20,
5012,2218,en_progreso,2026-09-20,
5013,2373,completado,2026-09-20,Modulo finalizado por el estudiante
5014,3989,en_progreso,2026-09-20,
5015,3028,en_progreso,2026-09-20,
5016,2498,en_progreso,2026-09-20,
5017,4075,completado,2026-09-20,Modulo finalizado por el estudiante
5018,2394,pausado,2026-09-20,
5019,479,en_progreso,2026-09-20,
5020,1859,abandonado,2026-09-20,Sin actividad posterior registrada
5021,1495,completado,2026-09-20,Modulo finalizado por el estudiante
5022,2513,iniciado,2026-09-20,
5023,1782,iniciado,2026-09-20,
5024,2981,pausado,2026-09-20,
5025,2414,en_progreso,2026-09-20,
5026,1719,pausado,2026-09-20,
5027,489,pausado,2026-09-20,
5028,1092,en_progreso,2026-09-20,
5029,3056,en_progreso,2026-09-20,
5030,3680,en_progreso,2026-09-20,
5031,384,en_progreso,2026-09-20,
5032,2060,en_progreso,2026-09-20,
5033,3745,completado,2026-09-20,Modulo finalizado por el estudiante
5034,2052,en_progreso,2026-09-20,
5035,3028,en_progreso,2026-09-20,
5036,3717,en_progreso,2026-09-20,
5037,2834,completado,2026-09-20,Modulo finalizado por el estudiante
5038,2654,en_progreso,2026-09-20,
5039,861,iniciado,2026-09-20,
5040,3366,en_progreso,2026-09-20,
5041,690,en_progreso,2026-09-20,
5042,2800,pausado,2026-09-20,
5043,2561,en_progreso,2026-09-20,
5044,3495,en_progreso,2026-09-20,
5045,68,pausado,2026-09-20,
5046,723,pausado,2026-09-20,
5047,3556,completado,2026-09-20,Modulo finalizado por el estudiante
5048,2262,en_progreso,2026-09-20,
5049,2981,en_progreso,2026-09-20,
5050,1690,abandonado,2026-09-20,Sin actividad posterior registrada
5051,1151,en_progreso,2026-09-20,
5052,1945,iniciado,2026-09-20,
5053,3360,pausado,2026-09-20,
5054,952,en_progreso,2026-09-20,
5055,3521,completado,2026-09-20,Modulo finalizado por el estudiante
5056,3975,iniciado,2026-09-20,
5057,2135,en_progreso,2026-09-20,
5058,2408,completado,2026-09-20,Modulo finalizado por el estudiante
5059,2003,en_progreso,2026-09-20,
5060,3751,completado,2026-09-20,Modulo finalizado por el estudiante
5061,554,iniciado,2026-09-20,
5062,3215,iniciado,2026-09-20,
5063,475,abandonado,2026-09-20,Sin actividad posterior registrada
5064,3538,completado,2026-09-20,Modulo finalizado por el estudiante
5065,807,pausado,2026-09-20,
5066,3647,en_progreso,2026-09-20,
5067,4026,en_progreso,2026-09-20,
5068,3589,completado,2026-09-20,Modulo finalizado por el estudiante
5069,1291,pausado,2026-09-20,
5070,2662,abandonado,2026-09-20,Sin actividad posterior registrada
5071,2489,en_progreso,2026-09-20,
5072,769,en_progreso,2026-09-20,
5073,148,pausado,2026-09-20,
5074,1472,pausado,2026-09-20,
5075,47,en_progreso,2026-09-20,
5076,1468,en_progreso,2026-09-20,
5077,2180,en_progreso,2026-09-20,
5078,3224,en_progreso,2026-09-20,
5079,3787,pausado,2026-09-20,
5080,1565,completado,2026-09-20,Modulo finalizado por el estudiante
5081,2732,en_progreso,2026-09-20,
5082,2864,en_progreso,2026-09-20,
5083,367,pausado,2026-09-20,
5084,625,en_progreso,2026-09-20,
5085,690,en_progreso,2026-09-20,
5086,2973,en_progreso,2026-09-20,
5087,3080,en_progreso,2026-09-20,
5088,2935,completado,2026-09-20,Modulo finalizado por el estudiante
5089,3662,iniciado,2026-09-20,
5090,625,en_progreso,2026-09-20,
5091,92,abandonado,2026-09-20,Sin actividad posterior registrada
5092,1536,en_progreso,2026-09-20,
5093,1375,completado,2026-09-20,Modulo finalizado por el estudiante
5094,405,en_progreso,2026-09-20,
5095,2621,en_progreso,2026-09-20,
5096,3028,en_progreso,2026-09-20,
5097,3710,pausado,2026-09-20,
5098,3235,iniciado,2026-09-20,
5099,986,en_progreso,2026-09-20,
5100,399,pausado,2026-09-20,
5101,3619,en_progreso,2026-09-20,
5102,352,pausado,2026-09-20,
5103,3349,iniciado,2026-09-20,
5104,3539,iniciado,2026-09-20,
5105,1014,en_progreso,2026-09-20,
5106,1213,iniciado,2026-09-20,
5107,483,pausado,2026-09-20,
5108,1529,iniciado,2026-09-20,
5109,2714,en_progreso,2026-09-20,
5110,1607,pausado,2026-09-20,
5111,270,iniciado,2026-09-20,
5112,543,en_progreso,2026-09-20,
5113,3487,en_progreso,2026-09-20,
5114,2064,iniciado,2026-09-20,
5115,1551,iniciado,2026-09-20,
5116,1725,en_progreso,2026-09-20,
5117,1976,en_progreso,2026-09-20,
5118,503,en_progreso,2026-09-20,
5119,3746,iniciado,2026-09-20,
5120,643,iniciado,2026-09-20,
5121,507,iniciado,2026-09-20,
5122,3590,iniciado,2026-09-20,
5123,1376,iniciado,2026-09-20,
5124,3372,en_progreso,2026-09-20,
5125,483,completado,2026-09-20,Modulo finalizado por el estudiante
5126,2470,en_progreso,2026-09-20,
5127,3628,pausado,2026-09-20,
5128,4065,abandonado,2026-09-20,Sin actividad posterior registrada
5129,3529,en_progreso,2026-09-20,
5130,1970,completado,2026-09-20,Modulo finalizado por el estudiante
5131,668,completado,2026-09-20,Modulo finalizado por el estudiante
5132,850,iniciado,2026-09-20,
5133,1719,en_progreso,2026-09-20,
5134,3680,en_progreso,2026-09-20,
5135,1360,pausado,2026-09-20,
5136,1318,pausado,2026-09-20,
5137,1719,en_progreso,2026-09-20,
5138,357,en_progreso,2026-09-20,
5139,1789,en_progreso,2026-09-20,
5140,822,pausado,2026-09-20,
5141,1712,en_progreso,2026-09-20,
5142,2853,pausado,2026-09-20,
5143,718,en_progreso,2026-09-20,
5144,945,en_progreso,2026-09-20,
5145,3878,pausado,2026-09-20,
5146,2864,en_progreso,2026-09-20,
5147,270,completado,2026-09-20,Modulo finalizado por el estudiante
5148,1360,pausado,2026-09-20,
5149,656,en_progreso,2026-09-20,
5150,2739,abandonado,2026-09-20,Sin actividad posterior registrada
5151,986,completado,2026-09-20,Modulo finalizado por el estudiante
5152,1536,completado,2026-09-20,Modulo finalizado por el estudiante
5153,1158,iniciado,2026-09-20,
5154,2771,en_progreso,2026-09-20,
5155,2218,completado,2026-09-20,Modulo finalizado por el estudiante
5156,2764,completado,2026-09-20,Modulo finalizado por el estudiante
5157,1620,en_progreso,2026-09-20,
5158,690,en_progreso,2026-09-20,
5159,3141,en_progreso,2026-09-20,
5160,3080,en_progreso,2026-09-20,
5161,1468,en_progreso,2026-09-20,
5162,2679,en_progreso,2026-09-20,
5163,1811,en_progreso,2026-09-20,
5164,3590,en_progreso,2026-09-20,
5165,1702,en_progreso,2026-09-20,
5166,1725,en_progreso,2026-09-20,
5167,2305,pausado,2026-09-20,
5168,2064,en_progreso,2026-09-20,
5169,742,en_progreso,2026-09-20,
5170,1647,iniciado,2026-09-20,
5171,304,pausado,2026-09-20,
5172,7,en_progreso,2026-09-20,
5173,1278,en_progreso,2026-09-20,
5174,2194,iniciado,2026-09-20,
5175,2064,pausado,2026-09-20,
5176,794,iniciado,2026-09-20,
5177,1976,en_progreso,2026-09-20,
5178,2165,iniciado,2026-09-20,
5179,2704,pausado,2026-09-20,
5180,3700,en_progreso,2026-09-20,
5181,2549,iniciado,2026-09-20,
5182,1124,pausado,2026-09-20,
5183,1980,en_progreso,2026-09-20,
5184,1997,en_progreso,2026-09-20,
5185,3861,iniciado,2026-09-20,
5186,4043,pausado,2026-09-20,
5187,3111,en_progreso,2026-09-20,
5188,3401,en_progreso,2026-09-20,
5189,1092,pausado,2026-09-20,
5190,1845,iniciado,2026-09-20,
5191,3434,pausado,2026-09-20,
5192,2233,en_progreso,2026-09-20,
5193,1529,pausado,2026-09-20,
5194,1453,completado,2026-09-20,Modulo finalizado por el estudiante
5195,922,iniciado,2026-09-20,
5196,189,en_progreso,2026-09-20,
5197,4070,completado,2026-09-20,Modulo finalizado por el estudiante
5198,503,en_progreso,2026-09-20,
5199,3834,en_progreso,2026-09-20,
5200,3311,iniciado,2026-09-20,
5201,2686,en_progreso,2026-09-20,
5202,40,completado,2026-09-20,Modulo finalizado por el estudiante
5203,684,completado,2026-09-20,Modulo finalizado por el estudiante
5204,1419,en_progreso,2026-09-20,
5205,3460,en_progreso,2026-09-20,
5206,776,en_progreso,2026-09-20,
5207,3552,abandonado,2026-09-20,Sin actividad posterior registrada
5208,3979,en_progreso,2026-09-20,
5209,2946,iniciado,2026-09-20,
5210,4088,completado,2026-09-20,Modulo finalizado por el estudiante
5211,3366,en_progreso,2026-09-20,
5212,2969,completado,2026-09-20,Modulo finalizado por el estudiante
5213,3177,en_progreso,2026-09-20,
5214,1789,completado,2026-09-20,Modulo finalizado por el estudiante
5215,3474,en_progreso,2026-09-20,
5216,2930,en_progreso,2026-09-20,
5217,1756,en_progreso,2026-09-20,
5218,537,en_progreso,2026-09-20,
5219,973,pausado,2026-09-20,
5220,444,en_progreso,2026-09-20,
5221,3116,en_progreso,2026-09-20,
5222,2812,en_progreso,2026-09-20,
5223,148,completado,2026-09-20,Modulo finalizado por el estudiante
5224,3837,en_progreso,2026-09-20,
5225,2350,en_progreso,2026-09-20,
5226,2805,en_progreso,2026-09-20,
5227,4026,completado,2026-09-20,Modulo finalizado por el estudiante
5228,3252,en_progreso,2026-09-20,
5229,209,en_progreso,2026-09-20,
5230,2729,pausado,2026-09-20,
5231,3123,completado,2026-09-20,Modulo finalizado por el estudiante
5232,3576,en_progreso,2026-09-20,
5233,3762,pausado,2026-09-20,
5234,554,pausado,2026-09-20,
5235,855,iniciado,2026-09-20,
5236,3087,iniciado,2026-09-20,
5237,1186,iniciado,2026-09-20,
5238,352,en_progreso,2026-09-20,
5239,3034,en_progreso,2026-09-20,
5240,2549,en_progreso,2026-09-20,
5241,2817,en_progreso,2026-09-20,
5242,142,iniciado,2026-09-20,
5243,3614,iniciado,2026-09-20,
5244,361,abandonado,2026-09-20,Sin actividad posterior registrada
5245,2344,en_progreso,2026-09-20,
5246,275,completado,2026-09-20,Modulo finalizado por el estudiante
5247,1620,en_progreso,2026-09-20,
5248,980,en_progreso,2026-09-20,
5249,742,pausado,2026-09-20,
5250,1419,en_progreso,2026-09-20,
5251,2470,en_progreso,2026-09-20,
5252,742,completado,2026-09-20,Modulo finalizado por el estudiante
5253,1054,abandonado,2026-09-20,Sin actividad posterior registrada
5254,695,pausado,2026-09-20,
5255,2064,pausado,2026-09-20,
5256,2513,en_progreso,2026-09-20,
5257,518,pausado,2026-09-20,
5258,1592,en_progreso,2026-09-20,
5259,4020,completado,2026-09-20,Modulo finalizado por el estudiante
5260,3787,completado,2026-09-20,Modulo finalizado por el estudiante
5261,2335,en_progreso,2026-09-20,
5262,489,en_progreso,2026-09-20,
5263,2830,completado,2026-09-20,Modulo finalizado por el estudiante
5264,685,iniciado,2026-09-20,
5265,2908,abandonado,2026-09-20,Sin actividad posterior registrada
5266,3092,iniciado,2026-09-20,
5267,980,en_progreso,2026-09-20,
5268,1756,pausado,2026-09-20,
5269,3628,completado,2026-09-20,Modulo finalizado por el estudiante
5270,3126,en_progreso,2026-09-20,
5271,1749,en_progreso,2026-09-20,
5272,571,iniciado,2026-09-20,
5273,1819,completado,2026-09-20,Modulo finalizado por el estudiante
5274,1596,completado,2026-09-20,Modulo finalizado por el estudiante
5275,3822,pausado,2026-09-20,
5276,2556,iniciado,2026-09-20,
5277,2266,en_progreso,2026-09-20,
5278,1201,en_progreso,2026-09-20,
5279,1687,en_progreso,2026-09-20,
5280,1804,pausado,2026-09-20,
5281,3471,iniciado,2026-09-20,
5282,1258,en_progreso,2026-09-20,
5283,3280,pausado,2026-09-20,
5284,1574,pausado,2026-09-20,
5285,3302,en_progreso,2026-09-20,
5286,1945,en_progreso,2026-09-20,
5287,2025,pausado,2026-09-20,
5288,2477,en_progreso,2026-09-20,
5289,2857,iniciado,2026-09-20,
5290,3700,en_progreso,2026-09-20,
5291,1771,en_progreso,2026-09-20,
5292,1265,en_progreso,2026-09-20,
5293,1217,en_progreso,2026-09-20,
5294,1811,pausado,2026-09-20,
5295,3529,pausado,2026-09-20,
5296,646,completado,2026-09-20,Modulo finalizado por el estudiante
5297,1968,en_progreso,2026-09-20,
5298,82,pausado,2026-09-20,
5299,807,en_progreso,2026-09-20,
5300,3721,en_progreso,2026-09-20,
5301,3302,en_progreso,2026-09-20,
5302,1864,en_progreso,2026-09-20,
5303,1213,abandonado,2026-09-20,Sin actividad posterior registrada
5304,1650,completado,2026-09-20,Modulo finalizado por el estudiante
5305,3215,en_progreso,2026-09-20,
5306,3313,en_progreso,2026-09-20,
5307,373,en_progreso,2026-09-20,
5308,2012,iniciado,2026-09-20,
5309,567,abandonado,2026-09-20,Sin actividad posterior registrada
5310,773,pausado,2026-09-20,
5311,2812,pausado,2026-09-20,
5312,1481,completado,2026-09-20,Modulo finalizado por el estudiante
5313,2571,en_progreso,2026-09-20,
5314,3964,abandonado,2026-09-20,Sin actividad posterior registrada
5315,2030,pausado,2026-09-20,
5316,419,pausado,2026-09-20,
5317,647,iniciado,2026-09-20,
5318,1364,iniciado,2026-09-20,
5319,1385,en_progreso,2026-09-20,
5320,1585,en_progreso,2026-09-20,
5321,11,en_progreso,2026-09-20,
5322,3177,en_progreso,2026-09-20,
5323,1864,pausado,2026-09-20,
5324,3061,en_progreso,2026-09-20,
5325,1738,completado,2026-09-20,Modulo finalizado por el estudiante
5326,3979,pausado,2026-09-20,
5327,1304,en_progreso,2026-09-20,
5328,952,completado,2026-09-20,Modulo finalizado por el estudiante
5329,906,en_progreso,2026-09-20,
5330,2049,pausado,2026-09-20,
5331,3826,completado,2026-09-20,Modulo finalizado por el estudiante
5332,2950,iniciado,2026-09-20,
5333,804,iniciado,2026-09-20,
5334,3164,iniciado,2026-09-20,
5335,2025,pausado,2026-09-20,
5336,1787,iniciado,2026-09-20,
5337,3372,en_progreso,2026-09-20,
5338,4028,en_progreso,2026-09-20,
5339,2165,pausado,2026-09-20,
5340,193,en_progreso,2026-09-20,
5341,3878,pausado,2026-09-20,
5342,162,abandonado,2026-09-20,Sin actividad posterior registrada
5343,1779,iniciado,2026-09-20,
5344,3890,en_progreso,2026-09-20,
5345,3183,en_progreso,2026-09-20,
5346,1840,en_progreso,2026-09-20,
5347,3327,abandonado,2026-09-20,Sin actividad posterior registrada
5348,3183,en_progreso,2026-09-20,
5349,690,completado,2026-09-20,Modulo finalizado por el estudiante
5350,2228,en_progreso,2026-09-20,
5351,2732,completado,2026-09-20,Modulo finalizado por el estudiante
5352,3726,en_progreso,2026-09-20,
5353,1673,en_progreso,2026-09-20,
5354,2754,completado,2026-09-20,Modulo finalizado por el estudiante
5355,7,pausado,2026-09-20,
5356,3668,en_progreso,2026-09-20,
5357,3505,en_progreso,2026-09-20,
5358,2978,completado,2026-09-20,Modulo finalizado por el estudiante
5359,1351,en_progreso,2026-09-20,
5360,1908,en_progreso,2026-09-20,
5361,794,en_progreso,2026-09-20,
5362,1592,pausado,2026-09-20,
5363,2088,iniciado,2026-09-20,
5364,3733,en_progreso,2026-09-20,
5365,1482,iniciado,2026-09-20,
5366,746,en_progreso,2026-09-20,
5367,1010,iniciado,2026-09-20,
5368,3372,completado,2026-09-20,Modulo finalizado por el estudiante
5369,1945,en_progreso,2026-09-20,
5370,3262,abandonado,2026-09-20,Sin actividad posterior registrada
5371,1620,en_progreso,2026-09-20,
5372,1274,iniciado,2026-09-20,
5373,4055,en_progreso,2026-09-20,
5374,496,en_progreso,2026-09-20,
5375,2805,en_progreso,2026-09-20,
5376,1756,completado,2026-09-20,Modulo finalizado por el estudiante
5377,1866,pausado,2026-09-20,
5378,3982,pausado,2026-09-20,
5379,3324,iniciado,2026-09-20,
5380,962,en_progreso,2026-09-20,
5381,2262,pausado,2026-09-20,
5382,3680,en_progreso,2026-09-20,
5383,1263,abandonado,2026-09-20,Sin actividad posterior registrada
5384,1592,pausado,2026-09-20,
5385,1555,iniciado,2026-09-20,
5386,2789,en_progreso,2026-09-20,
5387,2588,en_progreso,2026-09-20,
5388,987,iniciado,2026-09-20,
5389,3366,abandonado,2026-09-20,Sin actividad posterior registrada
5390,815,en_progreso,2026-09-20,
5391,656,completado,2026-09-20,Modulo finalizado por el estudiante
5392,2973,en_progreso,2026-09-20,
5393,98,pausado,2026-09-20,
5394,2783,completado,2026-09-20,Modulo finalizado por el estudiante
5395,1014,en_progreso,2026-09-20,
5396,1752,en_progreso,2026-09-20,
5397,548,completado,2026-09-20,Modulo finalizado por el estudiante
5398,3637,en_progreso,2026-09-20,
5399,3313,completado,2026-09-20,Modulo finalizado por el estudiante
5400,256,iniciado,2026-09-20,
5401,491,en_progreso,2026-09-20,
5402,1916,abandonado,2026-09-20,Sin actividad posterior registrada
5403,607,en_progreso,2026-09-20,
5404,657,iniciado,2026-09-20,
5405,3004,en_progreso,2026-09-20,
5406,222,en_progreso,2026-09-20,
5407,1976,en_progreso,2026-09-20,
5408,1629,iniciado,2026-09-20,
5409,3629,iniciado,2026-09-20,
5410,2802,pausado,2026-09-20,
5411,1201,en_progreso,2026-09-20,
5412,2609,pausado,2026-09-20,
5413,1607,en_progreso,2026-09-20,
5414,1545,en_progreso,2026-09-20,
5415,1702,pausado,2026-09-20,
5416,3164,completado,2026-09-20,Modulo finalizado por el estudiante
5417,3726,en_progreso,2026-09-20,
5418,2350,abandonado,2026-09-20,Sin actividad posterior registrada
5419,2008,pausado,2026-09-20,
5420,2885,iniciado,2026-09-20,
5421,1657,iniciado,2026-09-20,
5422,3111,completado,2026-09-20,Modulo finalizado por el estudiante
5423,1328,iniciado,2026-09-20,
5424,2629,completado,2026-09-20,Modulo finalizado por el estudiante
5425,703,en_progreso,2026-09-20,
5426,3909,en_progreso,2026-09-20,
5427,177,abandonado,2026-09-20,Sin actividad posterior registrada
5428,2729,en_progreso,2026-09-20,
5429,357,completado,2026-09-20,Modulo finalizado por el estudiante
5430,3393,completado,2026-09-20,Modulo finalizado por el estudiante
5431,1921,completado,2026-09-20,Modulo finalizado por el estudiante
5432,1537,iniciado,2026-09-20,
5433,2409,iniciado,2026-09-20,
5434,1459,iniciado,2026-09-20,
5435,1278,pausado,2026-09-20,
5436,893,pausado,2026-09-20,
5437,283,en_progreso,2026-09-20,
5438,3958,en_progreso,2026-09-20,
5439,1990,en_progreso,2026-09-20,
5440,1349,en_progreso,2026-09-20,
5441,2498,en_progreso,2026-09-20,
5442,1092,en_progreso,2026-09-20,
5443,3290,abandonado,2026-09-20,Sin actividad posterior registrada
5444,1990,pausado,2026-09-20,
5445,2319,completado,2026-09-20,Modulo finalizado por el estudiante
5446,3192,abandonado,2026-09-20,Sin actividad posterior registrada
5447,912,completado,2026-09-20,Modulo finalizado por el estudiante
5448,1513,completado,2026-09-20,Modulo finalizado por el estudiante
5449,2733,iniciado,2026-09-20,
5450,3818,en_progreso,2026-09-20,
5451,82,en_progreso,2026-09-20,
5452,2513,pausado,2026-09-20,
5453,1745,iniciado,2026-09-20,
5454,4011,en_progreso,2026-09-20,
5455,2551,en_progreso,2026-09-20,
5456,200,pausado,2026-09-20,
5457,3837,en_progreso,2026-09-20,
5458,456,pausado,2026-09-20,
5459,3171,completado,2026-09-20,Modulo finalizado por el estudiante
5460,2041,pausado,2026-09-20,
5461,773,en_progreso,2026-09-20,
5462,2052,abandonado,2026-09-20,Sin actividad posterior registrada
5463,769,en_progreso,2026-09-20,
5464,886,iniciado,2026-09-20,
5465,2674,iniciado,2026-09-20,
5466,3107,en_progreso,2026-09-20,
5467,3721,en_progreso,2026-09-20,
5468,1019,completado,2026-09-20,Modulo finalizado por el estudiante
5469,657,completado,2026-09-20,Modulo finalizado por el estudiante
5470,2800,completado,2026-09-20,Modulo finalizado por el estudiante
5471,1864,en_progreso,2026-09-20,
5472,3040,iniciado,2026-09-20,
5473,3045,abandonado,2026-09-20,Sin actividad posterior registrada
5474,2489,en_progreso,2026-09-20,
5475,3752,iniciado,2026-09-20,
5476,2454,en_progreso,2026-09-20,
5477,804,completado,2026-09-20,Modulo finalizado por el estudiante
5478,3126,en_progreso,2026-09-20,
5479,174,en_progreso,2026-09-20,
5480,822,completado,2026-09-20,Modulo finalizado por el estudiante
5481,1376,en_progreso,2026-09-20,
5482,1385,pausado,2026-09-20,
5483,1561,en_progreso,2026-09-20,
5484,11,en_progreso,2026-09-20,
5485,855,en_progreso,2026-09-20,
5486,731,pausado,2026-09-20,
5487,206,en_progreso,2026-09-20,
5488,1597,iniciado,2026-09-20,
5489,4055,en_progreso,2026-09-20,
5490,384,en_progreso,2026-09-20,
5491,758,iniciado,2026-09-20,
5492,471,en_progreso,2026-09-20,
5493,3564,pausado,2026-09-20,
5494,3112,iniciado,2026-09-20,
5495,3487,en_progreso,2026-09-20,
5496,3614,en_progreso,2026-09-20,
5497,235,en_progreso,2026-09-20,
5498,2771,en_progreso,2026-09-20,
5499,3056,en_progreso,2026-09-20,
5500,973,en_progreso,2026-09-20,
5501,4036,en_progreso,2026-09-20,
5502,3668,en_progreso,2026-09-20,
5503,2946,en_progreso,2026-09-20,
5504,3795,pausado,2026-09-20,
5505,1439,en_progreso,2026-09-20,
5506,2845,en_progreso,2026-09-20,
5507,2857,pausado,2026-09-20,
5508,2138,en_progreso,2026-09-20,
5509,2575,abandonado,2026-09-20,Sin actividad posterior registrada
5510,3276,en_progreso,2026-09-20,
5511,625,en_progreso,2026-09-20,
5512,2565,completado,2026-09-20,Modulo finalizado por el estudiante
5513,3837,en_progreso,2026-09-20,
5514,3885,en_progreso,2026-09-20,
5515,2431,completado,2026-09-20,Modulo finalizado por el estudiante
5516,2918,completado,2026-09-20,Modulo finalizado por el estudiante
5517,373,abandonado,2026-09-20,Sin actividad posterior registrada
5518,2138,en_progreso,2026-09-20,
5519,1431,en_progreso,2026-09-20,
5520,723,en_progreso,2026-09-20,
5521,769,completado,2026-09-20,Modulo finalizado por el estudiante
5522,3979,en_progreso,2026-09-20,
5523,3885,abandonado,2026-09-20,Sin actividad posterior registrada
5524,3849,en_progreso,2026-09-20,
5525,1787,en_progreso,2026-09-20,
5526,2122,completado,2026-09-20,Modulo finalizado por el estudiante
5527,2418,en_progreso,2026-09-20,
5528,3915,pausado,2026-09-20,
5529,507,en_progreso,2026-09-20,
5530,235,en_progreso,2026-09-20,
5531,2609,en_progreso,2026-09-20,
5532,2556,en_progreso,2026-09-20,
5533,3930,pausado,2026-09-20,
5534,390,iniciado,2026-09-20,
5535,1042,en_progreso,2026-09-20,
5536,561,en_progreso,2026-09-20,
5537,3378,pausado,2026-09-20,
5538,2859,en_progreso,2026-09-20,
5539,765,iniciado,2026-09-20,
5540,2382,en_progreso,2026-09-20,
5541,3383,iniciado,2026-09-20,
5542,3662,pausado,2026-09-20,
5543,322,en_progreso,2026-09-20,
5544,405,en_progreso,2026-09-20,
5545,1424,completado,2026-09-20,Modulo finalizado por el estudiante
5546,1719,en_progreso,2026-09-20,
5547,3460,pausado,2026-09-20,
5548,1186,en_progreso,2026-09-20,
5549,1551,en_progreso,2026-09-20,
5550,2438,iniciado,2026-09-20,
5551,514,en_progreso,2026-09-20,
5552,2999,en_progreso,2026-09-20,
5553,2145,iniciado,2026-09-20,
5554,3996,en_progreso,2026-09-20,
5555,2879,iniciado,2026-09-20,
5556,1971,iniciado,2026-09-20,
5557,770,iniciado,2026-09-20,
5558,2802,en_progreso,2026-09-20,
5559,3183,completado,2026-09-20,Modulo finalizado por el estudiante
5560,2494,en_progreso,2026-09-20,
5561,1638,en_progreso,2026-09-20,
5562,549,iniciado,2026-09-20,
5563,2755,iniciado,2026-09-20,
5564,2128,pausado,2026-09-20,
5565,1482,en_progreso,2026-09-20,
5566,3557,iniciado,2026-09-20,
5567,765,en_progreso,2026-09-20,
5568,2409,en_progreso,2026-09-20,
5569,980,en_progreso,2026-09-20,
5570,1342,en_progreso,2026-09-20,
5571,533,en_progreso,2026-09-20,
5572,3428,en_progreso,2026-09-20,
5573,4021,iniciado,2026-09-20,
5574,3107,pausado,2026-09-20,
5575,3909,pausado,2026-09-20,
5576,2222,completado,2026-09-20,Modulo finalizado por el estudiante
5577,2165,en_progreso,2026-09-20,
5578,3056,pausado,2026-09-20,
5579,1845,pausado,2026-09-20,
5580,2425,en_progreso,2026-09-20,
5581,3124,iniciado,2026-09-20,
5582,271,iniciado,2026-09-20,
5583,419,en_progreso,2026-09-20,
5584,615,pausado,2026-09-20,
5585,3529,en_progreso,2026-09-20,
5586,298,en_progreso,2026-09-20,
5587,1278,en_progreso,2026-09-20,
5588,1010,abandonado,2026-09-20,Sin actividad posterior registrada
5589,3124,en_progreso,2026-09-20,
5590,2376,abandonado,2026-09-20,Sin actividad posterior registrada
5591,581,en_progreso,2026-09-20,
5592,1673,pausado,2026-09-20,
5593,3040,en_progreso,2026-09-20,
5594,2513,en_progreso,2026-09-20,
5595,2838,iniciado,2026-09-20,
5596,2339,pausado,2026-09-20,
5597,390,completado,2026-09-20,Modulo finalizado por el estudiante
5598,2320,iniciado,2026-09-20,
5599,489,en_progreso,2026-09-20,
5600,2690,en_progreso,2026-09-20,
5601,1006,iniciado,2026-09-20,
5602,2305,en_progreso,2026-09-20,
5603,2425,en_progreso,2026-09-20,
5604,2742,en_progreso,2026-09-20,
5605,581,en_progreso,2026-09-20,
5606,2276,completado,2026-09-20,Modulo finalizado por el estudiante
5607,3668,en_progreso,2026-09-20,
5608,3557,en_progreso,2026-09-20,
5609,1228,abandonado,2026-09-20,Sin actividad posterior registrada
5610,2374,iniciado,2026-09-20,
5611,3394,iniciado,2026-09-20,
5612,1311,en_progreso,2026-09-20,
5613,543,en_progreso,2026-09-20,
5614,3557,completado,2026-09-20,Modulo finalizado por el estudiante
5615,3676,en_progreso,2026-09-20,
5616,868,pausado,2026-09-20,
5617,1033,en_progreso,2026-09-20,
5618,1117,pausado,2026-09-20,
5619,307,iniciado,2026-09-20,
5620,2857,en_progreso,2026-09-20,
5621,3092,pausado,2026-09-20,
5622,3124,en_progreso,2026-09-20,
5623,3268,completado,2026-09-20,Modulo finalizado por el estudiante
5624,1328,en_progreso,2026-09-20,
5625,3068,iniciado,2026-09-20,
5626,3210,completado,2026-09-20,Modulo finalizado por el estudiante
5627,2674,en_progreso,2026-09-20,
5628,1092,completado,2026-09-20,Modulo finalizado por el estudiante
5629,906,completado,2026-09-20,Modulo finalizado por el estudiante
5630,391,iniciado,2026-09-20,
5631,3360,completado,2026-09-20,Modulo finalizado por el estudiante
5632,3849,completado,2026-09-20,Modulo finalizado por el estudiante
5633,3614,completado,2026-09-20,Modulo finalizado por el estudiante
5634,1945,en_progreso,2026-09-20,
5635,3126,completado,2026-09-20,Modulo finalizado por el estudiante
5636,973,completado,2026-09-20,Modulo finalizado por el estudiante
5637,620,completado,2026-09-20,Modulo finalizado por el estudiante
5638,1514,iniciado,2026-09-20,
5639,3135,completado,2026-09-20,Modulo finalizado por el estudiante
5640,209,en_progreso,2026-09-20,
5641,2609,en_progreso,2026-09-20,
5642,2621,en_progreso,2026-09-20,
5643,669,iniciado,2026-09-20,
5644,2330,completado,2026-09-20,Modulo finalizado por el estudiante
5645,903,en_progreso,2026-09-20,
5646,3302,pausado,2026-09-20,
5647,913,iniciado,2026-09-20,
5648,3269,iniciado,2026-09-20,
5649,3124,pausado,2026-09-20,
5650,554,en_progreso,2026-09-20,
5651,1006,en_progreso,2026-09-20,
5652,3680,en_progreso,2026-09-20,
5653,1620,en_progreso,2026-09-20,
5654,2919,iniciado,2026-09-20,
5655,3184,iniciado,2026-09-20,
5656,471,en_progreso,2026-09-20,
5657,3736,en_progreso,2026-09-20,
5658,1638,pausado,2026-09-20,
5659,1990,en_progreso,2026-09-20,
5660,1634,pausado,2026-09-20,
5661,1283,pausado,2026-09-20,
5662,588,en_progreso,2026-09-20,
5663,3668,en_progreso,2026-09-20,
5664,3558,iniciado,2026-09-20,
5665,3850,iniciado,2026-09-20,
5666,149,iniciado,2026-09-20,
5667,2733,completado,2026-09-20,Modulo finalizado por el estudiante
5668,307,pausado,2026-09-20,
5669,2609,en_progreso,2026-09-20,
5670,496,en_progreso,2026-09-20,
5671,695,completado,2026-09-20,Modulo finalizado por el estudiante
5672,2305,en_progreso,2026-09-20,
5673,2344,completado,2026-09-20,Modulo finalizado por el estudiante
5674,1196,iniciado,2026-09-20,
5675,3224,abandonado,2026-09-20,Sin actividad posterior registrada
5676,3353,pausado,2026-09-20,
5677,893,en_progreso,2026-09-20,
5678,3184,en_progreso,2026-09-20,
5679,1360,completado,2026-09-20,Modulo finalizado por el estudiante
5680,2177,completado,2026-09-20,Modulo finalizado por el estudiante
5681,3615,iniciado,2026-09-20,
5682,2774,abandonado,2026-09-20,Sin actividad posterior registrada
5683,3792,en_progreso,2026-09-20,
5684,1304,en_progreso,2026-09-20,
5685,340,completado,2026-09-20,Modulo finalizado por el estudiante
5686,2303,en_progreso,2026-09-20,
5687,3040,completado,2026-09-20,Modulo finalizado por el estudiante
5688,3068,completado,2026-09-20,Modulo finalizado por el estudiante
5689,2701,en_progreso,2026-09-20,
5690,3489,en_progreso,2026-09-20,
5691,1804,completado,2026-09-20,Modulo finalizado por el estudiante
5692,2946,en_progreso,2026-09-20,
5693,1236,en_progreso,2026-09-20,
5694,554,en_progreso,2026-09-20,
5695,3112,pausado,2026-09-20,
5696,2953,iniciado,2026-09-20,
5697,1124,pausado,2026-09-20,
5698,2438,en_progreso,2026-09-20,
5699,2448,pausado,2026-09-20,
5700,3028,en_progreso,2026-09-20,
5701,419,en_progreso,2026-09-20,
5702,2544,en_progreso,2026-09-20,
5703,1078,abandonado,2026-09-20,Sin actividad posterior registrada
5704,945,completado,2026-09-20,Modulo finalizado por el estudiante
5705,3061,en_progreso,2026-09-20,
5706,2561,en_progreso,2026-09-20,
5707,246,pausado,2026-09-20,
5708,3141,completado,2026-09-20,Modulo finalizado por el estudiante
5709,2596,en_progreso,2026-09-20,
5710,903,en_progreso,2026-09-20,
5711,1901,iniciado,2026-09-20,
5712,1702,abandonado,2026-09-20,Sin actividad posterior registrada
5713,206,pausado,2026-09-20,
5714,3522,iniciado,2026-09-20,
5715,3647,en_progreso,2026-09-20,
5716,1782,completado,2026-09-20,Modulo finalizado por el estudiante
5717,3124,en_progreso,2026-09-20,
5718,3460,en_progreso,2026-09-20,
5719,521,en_progreso,2026-09-20,
5720,3116,abandonado,2026-09-20,Sin actividad posterior registrada
5721,2228,pausado,2026-09-20,
5722,484,iniciado,2026-09-20,
5723,3861,en_progreso,2026-09-20,
5724,1060,pausado,2026-09-20,
5725,1196,completado,2026-09-20,Modulo finalizado por el estudiante
5726,3593,en_progreso,2026-09-20,
5727,913,en_progreso,2026-09-20,
5728,2513,pausado,2026-09-20,
5729,2578,en_progreso,2026-09-20,
5730,855,pausado,2026-09-20,
5731,591,en_progreso,2026-09-20,
5732,3383,en_progreso,2026-09-20,
5733,4036,en_progreso,2026-09-20,
5734,521,en_progreso,2026-09-20,
5735,2409,en_progreso,2026-09-20,
5736,3875,iniciado,2026-09-20,
5737,1258,completado,2026-09-20,Modulo finalizado por el estudiante
5738,855,en_progreso,2026-09-20,
5739,405,completado,2026-09-20,Modulo finalizado por el estudiante
5740,3655,en_progreso,2026-09-20,
5741,2262,completado,2026-09-20,Modulo finalizado por el estudiante
5742,1537,en_progreso,2026-09-20,
5743,1952,iniciado,2026-09-20,
5744,549,en_progreso,2026-09-20,
5745,3875,en_progreso,2026-09-20,
5746,3752,en_progreso,2026-09-20,
5747,4076,iniciado,2026-09-20,
5748,1033,en_progreso,2026-09-20,
5749,2362,completado,2026-09-20,Modulo finalizado por el estudiante
5750,3975,en_progreso,2026-09-20,
5751,561,en_progreso,2026-09-20,
5752,4050,en_progreso,2026-09-20,
5753,4021,en_progreso,2026-09-20,
5754,3517,completado,2026-09-20,Modulo finalizado por el estudiante
5755,3827,iniciado,2026-09-20,
5756,1990,pausado,2026-09-20,
5757,2093,en_progreso,2026-09-20,
5758,2845,en_progreso,2026-09-20,
5759,444,en_progreso,2026-09-20,
5760,3269,en_progreso,2026-09-20,
5761,2173,completado,2026-09-20,Modulo finalizado por el estudiante
5762,2223,iniciado,2026-09-20,
5763,2414,abandonado,2026-09-20,Sin actividad posterior registrada
5764,861,completado,2026-09-20,Modulo finalizado por el estudiante
5765,3642,pausado,2026-09-20,
5766,2223,en_progreso,2026-09-20,
5767,3165,iniciado,2026-09-20,
5768,1682,en_progreso,2026-09-20,
5769,2704,completado,2026-09-20,Modulo finalizado por el estudiante
5770,2930,en_progreso,2026-09-20,
5771,1082,completado,2026-09-20,Modulo finalizado por el estudiante
5772,4063,iniciado,2026-09-20,
5773,2174,iniciado,2026-09-20,
5774,1304,completado,2026-09-20,Modulo finalizado por el estudiante
5775,3529,abandonado,2026-09-20,Sin actividad posterior registrada
5776,3311,en_progreso,2026-09-20,
5777,189,en_progreso,2026-09-20,
5778,3215,abandonado,2026-09-20,Sin actividad posterior registrada
5779,1463,pausado,2026-09-20,
5780,352,en_progreso,2026-09-20,
5781,3338,en_progreso,2026-09-20,
5782,723,en_progreso,2026-09-20,
5783,2566,iniciado,2026-09-20,
5784,2835,iniciado,2026-09-20,
5785,2566,en_progreso,2026-09-20,
5786,3979,en_progreso,2026-09-20,
5787,521,en_progreso,2026-09-20,
5788,3890,en_progreso,2026-09-20,
5789,789,en_progreso,2026-09-20,
5790,2630,iniciado,2026-09-20,
5791,2374,pausado,2026-09-20,
5792,2566,completado,2026-09-20,Modulo finalizado por el estudiante
5793,1361,iniciado,2026-09-20,
5794,3619,en_progreso,2026-09-20,
5795,276,iniciado,2026-09-20,
5796,903,pausado,2026-09-20,
5797,3361,iniciado,2026-09-20,
5798,3676,en_progreso,2026-09-20,
5799,3655,en_progreso,2026-09-20,
5800,2223,en_progreso,2026-09-20,
5801,2064,pausado,2026-09-20,
5802,3610,completado,2026-09-20,Modulo finalizado por el estudiante
5803,3762,en_progreso,2026-09-20,
5804,3373,iniciado,2026-09-20,
5805,116,en_progreso,2026-09-20,
5806,2924,pausado,2026-09-20,
5807,209,pausado,2026-09-20,
5808,1805,iniciado,2026-09-20,
5809,4082,pausado,2026-09-20,
5810,384,pausado,2026-09-20,
5811,1169,en_progreso,2026-09-20,
5812,2679,en_progreso,2026-09-20,
5813,241,pausado,2026-09-20,
5814,737,en_progreso,2026-09-20,
5815,2930,en_progreso,2026-09-20,
5816,2879,en_progreso,2026-09-20,
5817,3345,iniciado,2026-09-20,
5818,456,pausado,2026-09-20,
5819,3676,en_progreso,2026-09-20,
5820,3390,en_progreso,2026-09-20,
5821,1186,en_progreso,2026-09-20,
5822,3850,en_progreso,2026-09-20,
5823,1790,iniciado,2026-09-20,
5824,3428,en_progreso,2026-09-20,
5825,3939,en_progreso,2026-09-20,
5826,2049,completado,2026-09-20,Modulo finalizado por el estudiante
5827,1419,pausado,2026-09-20,
5828,3467,en_progreso,2026-09-20,
5829,1864,en_progreso,2026-09-20,
5830,3834,en_progreso,2026-09-20,
5831,2418,abandonado,2026-09-20,Sin actividad posterior registrada
5832,962,en_progreso,2026-09-20,
5833,549,en_progreso,2026-09-20,
5834,1745,pausado,2026-09-20,
5835,1459,en_progreso,2026-09-20,
5836,3982,pausado,2026-09-20,
5837,903,en_progreso,2026-09-20,
5838,1634,en_progreso,2026-09-20,
5839,3757,en_progreso,2026-09-20,
5840,672,en_progreso,2026-09-20,
5841,672,pausado,2026-09-20,
5842,903,en_progreso,2026-09-20,
5843,1060,en_progreso,2026-09-20,
5844,3383,en_progreso,2026-09-20,
5845,1980,en_progreso,2026-09-20,
5846,610,pausado,2026-09-20,
5847,1585,en_progreso,2026-09-20,
5848,271,completado,2026-09-20,Modulo finalizado por el estudiante
5849,1201,en_progreso,2026-09-20,
5850,263,abandonado,2026-09-20,Sin actividad posterior registrada
5851,2805,completado,2026-09-20,Modulo finalizado por el estudiante
5852,1289,iniciado,2026-09-20,
5853,1997,completado,2026-09-20,Modulo finalizado por el estudiante
5854,58,en_progreso,2026-09-20,
5855,2345,iniciado,2026-09-20,
5856,1971,en_progreso,2026-09-20,
5857,3726,en_progreso,2026-09-20,
5858,3603,en_progreso,2026-09-20,
5859,765,en_progreso,2026-09-20,
5860,1752,pausado,2026-09-20,
5861,82,pausado,2026-09-20,
5862,2041,pausado,2026-09-20,
5863,1339,en_progreso,2026-09-20,
5864,2859,completado,2026-09-20,Modulo finalizado por el estudiante
5865,3664,en_progreso,2026-09-20,
5866,647,en_progreso,2026-09-20,
5867,2270,iniciado,2026-09-20,
5868,1712,en_progreso,2026-09-20,
5869,3157,completado,2026-09-20,Modulo finalizado por el estudiante
5870,2305,en_progreso,2026-09-20,
5871,68,en_progreso,2026-09-20,
5872,1620,en_progreso,2026-09-20,
5873,2138,en_progreso,2026-09-20,
5874,2165,pausado,2026-09-20,
5875,2041,en_progreso,2026-09-20,
5876,889,en_progreso,2026-09-20,
5877,2643,en_progreso,2026-09-20,
5878,3353,completado,2026-09-20,Modulo finalizado por el estudiante
5879,1496,iniciado,2026-09-20,
5880,1687,pausado,2026-09-20,
5881,571,en_progreso,2026-09-20,
5882,2556,en_progreso,2026-09-20,
5883,471,completado,2026-09-20,Modulo finalizado por el estudiante
5884,3611,iniciado,2026-09-20,
5885,1385,pausado,2026-09-20,
5886,1014,en_progreso,2026-09-20,
5887,3124,en_progreso,2026-09-20,
5888,3474,en_progreso,2026-09-20,
5889,415,en_progreso,2026-09-20,
5890,3228,pausado,2026-09-20,
5891,3975,en_progreso,2026-09-20,
5892,183,en_progreso,2026-09-20,
5893,1496,pausado,2026-09-20,
5894,331,en_progreso,2026-09-20,
5895,3834,abandonado,2026-09-20,Sin actividad posterior registrada
5896,507,abandonado,2026-09-20,Sin actividad posterior registrada
5897,3373,en_progreso,2026-09-20,
5898,903,completado,2026-09-20,Modulo finalizado por el estudiante
5899,2953,en_progreso,2026-09-20,
5900,3177,completado,2026-09-20,Modulo finalizado por el estudiante
5901,2679,en_progreso,2026-09-20,
5902,3827,en_progreso,2026-09-20,
5903,799,en_progreso,2026-09-20,
5904,3757,en_progreso,2026-09-20,
5905,27,completado,2026-09-20,Modulo finalizado por el estudiante
5906,2070,en_progreso,2026-09-20,
5907,2981,en_progreso,2026-09-20,
5908,1712,en_progreso,2026-09-20,
5909,1311,completado,2026-09-20,Modulo finalizado por el estudiante
5910,770,en_progreso,2026-09-20,
5911,102,en_progreso,2026-09-20,
5912,252,en_progreso,2026-09-20,
5913,358,iniciado,2026-09-20,
5914,1678,pausado,2026-09-20,
5915,2845,en_progreso,2026-09-20,
5916,419,en_progreso,2026-09-20,
5917,1614,completado,2026-09-20,Modulo finalizado por el estudiante
5918,4089,iniciado,2026-09-20,
5919,2233,pausado,2026-09-20,
5920,2263,iniciado,2026-09-20,
5921,1629,en_progreso,2026-09-20,
5922,3717,en_progreso,2026-09-20,
5923,456,pausado,2026-09-20,
5924,1217,pausado,2026-09-20,
5925,3004,pausado,2026-09-20,
5926,352,abandonado,2026-09-20,Sin actividad posterior registrada
5927,2714,completado,2026-09-20,Modulo finalizado por el estudiante
5928,2258,pausado,2026-09-20,
5929,2891,en_progreso,2026-09-20,
5930,3822,en_progreso,2026-09-20,
5931,2108,completado,2026-09-20,Modulo finalizado por el estudiante
5932,974,iniciado,2026-09-20,
5933,3324,completado,2026-09-20,Modulo finalizado por el estudiante
5934,4014,en_progreso,2026-09-20,
5935,3773,en_progreso,2026-09-20,
5936,1415,en_progreso,2026-09-20,
5937,3196,completado,2026-09-20,Modulo finalizado por el estudiante
5938,643,en_progreso,2026-09-20,
5939,395,en_progreso,2026-09-20,
5940,293,iniciado,2026-09-20,
5941,533,en_progreso,2026-09-20,
5942,3996,en_progreso,2026-09-20,
5943,2345,en_progreso,2026-09-20,
5944,1459,completado,2026-09-20,Modulo finalizado por el estudiante
5945,799,pausado,2026-09-20,
5946,3428,completado,2026-09-20,Modulo finalizado por el estudiante
5947,1419,en_progreso,2026-09-20,
5948,2277,iniciado,2026-09-20,
5949,1971,en_progreso,2026-09-20,
5950,2556,en_progreso,2026-09-20,
5951,3576,en_progreso,2026-09-20,
5952,3361,completado,2026-09-20,Modulo finalizado por el estudiante
5953,2266,completado,2026-09-20,Modulo finalizado por el estudiante
5954,2643,en_progreso,2026-09-20,
5955,1532,pausado,2026-09-20,
5956,102,en_progreso,2026-09-20,
5957,2950,en_progreso,2026-09-20,
5958,1592,en_progreso,2026-09-20,
5959,3590,pausado,2026-09-20,
5960,2394,en_progreso,2026-09-20,
5961,3518,iniciado,2026-09-20,
5962,3302,en_progreso,2026-09-20,
5963,1180,en_progreso,2026-09-20,
5964,1289,completado,2026-09-20,Modulo finalizado por el estudiante
5965,3875,abandonado,2026-09-20,Sin actividad posterior registrada
5966,451,en_progreso,2026-09-20,
5967,543,completado,2026-09-20,Modulo finalizado por el estudiante
5968,367,completado,2026-09-20,Modulo finalizado por el estudiante
5969,2929,en_progreso,2026-09-20,
5970,509,pausado,2026-09-20,
5971,58,en_progreso,2026-09-20,
5972,456,pausado,2026-09-20,
5973,3460,pausado,2026-09-20,
5974,102,en_progreso,2026-09-20,
5975,73,iniciado,2026-09-20,
5976,116,en_progreso,2026-09-20,
5977,1990,en_progreso,2026-09-20,
5978,3056,completado,2026-09-20,Modulo finalizado por el estudiante
5979,1259,iniciado,2026-09-20,
5980,737,completado,2026-09-20,Modulo finalizado por el estudiante
5981,3742,iniciado,2026-09-20,
5982,1020,iniciado,2026-09-20,
5983,1651,iniciado,2026-09-20,
5984,1342,pausado,2026-09-20,
5985,1739,iniciado,2026-09-20,
5986,2508,en_progreso,2026-09-20,
5987,2657,abandonado,2026-09-20,Sin actividad posterior registrada
5988,3302,pausado,2026-09-20,
5989,1561,en_progreso,2026-09-20,
5990,578,pausado,2026-09-20,
5991,241,en_progreso,2026-09-20,
5992,3958,en_progreso,2026-09-20,
5993,1197,iniciado,2026-09-20,
5994,588,en_progreso,2026-09-20,
5995,2339,pausado,2026-09-20,
5996,658,iniciado,2026-09-20,
5997,3768,completado,2026-09-20,Modulo finalizado por el estudiante
5998,1592,en_progreso,2026-09-20,
5999,4055,en_progreso,2026-09-20,
6000,544,iniciado,2026-09-20,
