id_evento,id_progreso_modulo,tipo_evento,fecha_evento,detalle
1,2620,iniciado,2026-09-07,
2,457,iniciado,2026-09-07,
3,103,iniciado,2026-09-07,
4,3038,iniciado,2026-09-07,
5,1127,iniciado,2026-09-07,
6,1004,iniciado,2026-09-07,
7,915,iniciado,2026-09-07,
8,572,iniciado,2026-09-07,
9,3017,iniciado,2026-09-07,
10,420,iniciado,2026-09-07,
11,2772,iniciado,2026-09-07,
12,3034,iniciado,2026-09-07,
13,3655,iniciado,2026-09-07,
14,2234,iniciado,2026-09-07,
15,357,iniciado,2026-09-07,
16,2419,iniciado,2026-09-07,
17,1729,iniciado,2026-09-07,
18,131,iniciado,2026-09-07,
19,123,iniciado,2026-09-07,
20,384,iniciado,2026-09-07,
21,896,iniciado,2026-09-07,
22,953,iniciado,2026-09-07,
23,2070,iniciado,2026-09-07,
24,2466,iniciado,2026-09-07,
25,109,iniciado,2026-09-07,
26,2299,iniciado,2026-09-07,
27,815,iniciado,2026-09-07,
28,2933,iniciado,2026-09-07,
29,2662,iniciado,2026-09-07,
30,2873,iniciado,2026-09-07,
31,2233,iniciado,2026-09-07,
32,1719,iniciado,2026-09-07,
33,903,iniciado,2026-09-07,
34,1840,iniciado,2026-09-07,
35,2414,iniciado,2026-09-07,
36,1140,iniciado,2026-09-07,
37,3316,iniciado,2026-09-07,
38,3561,iniciado,2026-09-07,
39,27,iniciado,2026-09-07,
40,3109,iniciado,2026-09-07,
41,3301,iniciado,2026-09-07,
42,654,iniciado,2026-09-07,
43,2860,iniciado,2026-09-07,
44,1732,iniciado,2026-09-07,
45,1394,iniciado,2026-09-07,
46,1139,iniciado,2026-09-07,
47,637,iniciado,2026-09-07,
48,882,iniciado,2026-09-07,
49,3921,iniciado,2026-09-07,
50,3128,iniciado,2026-09-07,
51,1379,iniciado,2026-09-07,
52,419,iniciado,2026-09-07,
53,380,iniciado,2026-09-07,
54,1557,iniciado,2026-09-07,
55,397,iniciado,2026-09-07,
56,1471,iniciado,2026-09-07,
57,3472,iniciado,2026-09-07,
58,1409,iniciado,2026-09-07,
59,2473,iniciado,2026-09-07,
60,1084,iniciado,2026-09-07,
61,3306,iniciado,2026-09-07,
62,178,iniciado,2026-09-07,
63,2989,iniciado,2026-09-07,
64,1882,iniciado,2026-09-07,
65,2197,iniciado,2026-09-07,
66,512,iniciado,2026-09-07,
67,3986,iniciado,2026-09-07,
68,3778,iniciado,2026-09-07,
69,1551,iniciado,2026-09-07,
70,323,iniciado,2026-09-07,
71,2262,iniciado,2026-09-07,
72,1201,iniciado,2026-09-07,
73,3398,iniciado,2026-09-07,
74,2575,iniciado,2026-09-07,
75,2534,iniciado,2026-09-07,
76,3627,iniciado,2026-09-07,
77,3530,iniciado,2026-09-07,
78,1482,iniciado,2026-09-07,
79,2365,iniciado,2026-09-07,
80,788,iniciado,2026-09-07,
81,2886,iniciado,2026-09-07,
82,285,iniciado,2026-09-07,
83,188,iniciado,2026-09-07,
84,2709,iniciado,2026-09-07,
85,934,iniciado,2026-09-07,
86,3167,iniciado,2026-09-07,
87,1186,iniciado,2026-09-07,
88,4036,iniciado,2026-09-07,
89,327,iniciado,2026-09-07,
90,3504,iniciado,2026-09-07,
91,954,iniciado,2026-09-07,
92,3550,iniciado,2026-09-07,
93,414,iniciado,2026-09-07,
94,1557,en_progreso,2026-09-07,
95,1495,iniciado,2026-09-07,
96,667,iniciado,2026-09-07,
97,1517,iniciado,2026-09-07,
98,1456,iniciado,2026-09-07,
99,859,iniciado,2026-09-07,
100,2746,iniciado,2026-09-07,
101,1094,iniciado,2026-09-07,
102,2875,iniciado,2026-09-07,
103,3837,iniciado,2026-09-07,
104,2800,iniciado,2026-09-07,
105,2655,iniciado,2026-09-07,
106,293,iniciado,2026-09-07,
107,2496,iniciado,2026-09-07,
108,2601,iniciado,2026-09-07,
109,701,iniciado,2026-09-07,
110,2188,iniciado,2026-09-07,
111,2987,iniciado,2026-09-07,
112,1003,iniciado,2026-09-07,
113,670,iniciado,2026-09-07,
114,1894,iniciado,2026-09-07,
115,1555,iniciado,2026-09-07,
116,1106,iniciado,2026-09-07,
117,4054,iniciado,2026-09-07,
118,3791,iniciado,2026-09-07,
119,2622,iniciado,2026-09-07,
120,2819,iniciado,2026-09-07,
121,2282,iniciado,2026-09-07,
122,900,iniciado,2026-09-07,
123,2805,iniciado,2026-09-07,
124,1329,iniciado,2026-09-07,
125,3453,iniciado,2026-09-07,
126,3148,iniciado,2026-09-07,
127,3179,iniciado,2026-09-07,
128,230,iniciado,2026-09-07,
129,939,iniciado,2026-09-07,
130,3367,iniciado,2026-09-07,
131,132,iniciado,2026-09-07,
132,3298,iniciado,2026-09-07,
133,1293,iniciado,2026-09-07,
134,1644,iniciado,2026-09-07,
135,1097,iniciado,2026-09-07,
136,272,iniciado,2026-09-07,
137,865,iniciado,2026-09-07,
138,3741,iniciado,2026-09-07,
139,3863,iniciado,2026-09-07,
140,2324,iniciado,2026-09-07,
141,3590,iniciado,2026-09-07,
142,2941,iniciado,2026-09-07,
143,1289,iniciado,2026-09-07,
144,871,iniciado,2026-09-07,
145,2685,iniciado,2026-09-07,
146,2045,iniciado,2026-09-07,
147,1621,iniciado,2026-09-07,
148,3624,iniciado,2026-09-07,
149,3746,iniciado,2026-09-07,
150,2634,iniciado,2026-09-07,
151,1880,iniciado,2026-09-07,
152,586,iniciado,2026-09-07,
153,1085,iniciado,2026-09-07,
154,572,en_progreso,2026-09-07,
155,1077,iniciado,2026-09-07,
156,3060,iniciado,2026-09-07,
157,2395,iniciado,2026-09-07,
158,1755,iniciado,2026-09-07,
159,3678,iniciado,2026-09-07,
160,2391,iniciado,2026-09-07,
161,1636,iniciado,2026-09-07,
162,1483,iniciado,2026-09-07,
163,899,iniciado,2026-09-07,
164,4086,iniciado,2026-09-07,
165,4086,en_progreso,2026-09-07,
166,3096,iniciado,2026-09-07,
167,193,iniciado,2026-09-07,
168,3528,iniciado,2026-09-07,
169,450,iniciado,2026-09-07,
170,627,iniciado,2026-09-07,
171,2571,iniciado,2026-09-07,
172,656,iniciado,2026-09-07,
173,3245,iniciado,2026-09-07,
174,2788,iniciado,2026-09-07,
175,1730,iniciado,2026-09-07,
176,2443,iniciado,2026-09-07,
177,261,iniciado,2026-09-07,
178,1577,iniciado,2026-09-07,
179,1564,iniciado,2026-09-07,
180,2441,iniciado,2026-09-07,
181,4081,iniciado,2026-09-07,
182,1918,iniciado,2026-09-07,
183,2168,iniciado,2026-09-07,
184,1030,iniciado,2026-09-07,
185,3978,iniciado,2026-09-07,
186,2267,iniciado,2026-09-07,
187,3526,iniciado,2026-09-07,
188,3861,iniciado,2026-09-07,
189,48,iniciado,2026-09-07,
190,2787,iniciado,2026-09-07,
191,2953,iniciado,2026-09-07,
192,470,iniciado,2026-09-07,
193,2793,iniciado,2026-09-07,
194,3625,iniciado,2026-09-07,
195,2200,iniciado,2026-09-07,
196,3076,iniciado,2026-09-07,
197,1093,iniciado,2026-09-07,
198,3149,iniciado,2026-09-07,
199,2626,iniciado,2026-09-07,
200,1394,en_progreso,2026-09-07,
201,1859,iniciado,2026-09-07,
202,14,iniciado,2026-09-07,
203,3907,iniciado,2026-09-07,
204,2958,iniciado,2026-09-07,
205,3588,iniciado,2026-09-07,
206,2948,iniciado,2026-09-07,
207,1079,iniciado,2026-09-07,
208,3981,iniciado,2026-09-07,
209,2051,iniciado,2026-09-07,
210,3121,iniciado,2026-09-07,
211,732,iniciado,2026-09-07,
212,2080,iniciado,2026-09-07,
213,3739,iniciado,2026-09-07,
214,436,iniciado,2026-09-07,
215,3566,iniciado,2026-09-07,
216,2562,iniciado,2026-09-07,
217,1223,iniciado,2026-09-07,
218,3448,iniciado,2026-09-07,
219,2618,iniciado,2026-09-07,
220,2080,pausado,2026-09-07,
221,627,en_progreso,2026-09-07,
222,3906,iniciado,2026-09-07,
223,3190,iniciado,2026-09-07,
224,3779,iniciado,2026-09-07,
225,2173,iniciado,2026-09-07,
226,3763,iniciado,2026-09-07,
227,3,iniciado,2026-09-07,
228,2454,iniciado,2026-09-07,
229,1328,iniciado,2026-09-07,
230,2002,iniciado,2026-09-07,
231,80,iniciado,2026-09-07,
232,459,iniciado,2026-09-07,
233,3806,iniciado,2026-09-07,
234,1487,iniciado,2026-09-07,
235,3600,iniciado,2026-09-07,
236,4036,completado,2026-09-07,Modulo finalizado por el estudiante
237,1260,iniciado,2026-09-07,
238,981,iniciado,2026-09-07,
239,238,iniciado,2026-09-07,
240,987,iniciado,2026-09-07,
241,3597,iniciado,2026-09-07,
242,2324,completado,2026-09-07,Modulo finalizado por el estudiante
243,351,iniciado,2026-09-07,
244,2998,iniciado,2026-09-07,
245,1991,iniciado,2026-09-07,
246,3343,iniciado,2026-09-07,
247,284,iniciado,2026-09-07,
248,4006,iniciado,2026-09-07,
249,3116,iniciado,2026-09-07,
250,2182,iniciado,2026-09-07,
251,3137,iniciado,2026-09-07,
252,516,iniciado,2026-09-07,
253,526,iniciado,2026-09-07,
254,2703,iniciado,2026-09-07,
255,1947,iniciado,2026-09-07,
256,3879,iniciado,2026-09-07,
257,2252,iniciado,2026-09-07,
258,677,iniciado,2026-09-07,
259,1086,iniciado,2026-09-07,
260,2162,iniciado,2026-09-07,
261,3574,iniciado,2026-09-07,
262,2485,iniciado,2026-09-07,
263,1734,iniciado,2026-09-07,
264,3951,iniciado,2026-09-07,
265,868,iniciado,2026-09-07,
266,3805,iniciado,2026-09-07,
267,2209,iniciado,2026-09-07,
268,3094,iniciado,2026-09-07,
269,2990,iniciado,2026-09-07,
270,2826,iniciado,2026-09-07,
271,824,iniciado,2026-09-07,
272,2921,iniciado,2026-09-07,
273,1277,iniciado,2026-09-07,
274,1635,iniciado,2026-09-07,
275,4077,iniciado,2026-09-07,
276,2752,iniciado,2026-09-07,
277,2662,en_progreso,2026-09-07,
278,1850,iniciado,2026-09-07,
279,496,iniciado,2026-09-07,
280,1016,iniciado,2026-09-07,
281,921,iniciado,2026-09-07,
282,263,iniciado,2026-09-07,
283,1385,iniciado,2026-09-07,
284,87,iniciado,2026-09-07,
285,2410,iniciado,2026-09-07,
286,2269,iniciado,2026-09-07,
287,943,iniciado,2026-09-07,
288,2411,iniciado,2026-09-07,
289,903,en_progreso,2026-09-07,
290,242,iniciado,2026-09-07,
291,938,iniciado,2026-09-07,
292,277,iniciado,2026-09-07,
293,3709,iniciado,2026-09-07,
294,129,iniciado,2026-09-07,
295,3522,iniciado,2026-09-07,
296,1354,iniciado,2026-09-07,
297,291,iniciado,2026-09-07,
298,2106,iniciado,2026-09-07,
299,975,iniciado,2026-09-07,
300,1141,iniciado,2026-09-07,
301,2741,iniciado,2026-09-07,
302,1989,iniciado,2026-09-07,
303,878,iniciado,2026-09-07,
304,2209,en_progreso,2026-09-07,
305,2339,iniciado,2026-09-07,
306,2361,iniciado,2026-09-07,
307,1937,iniciado,2026-09-07,
308,996,iniciado,2026-09-07,
309,3214,iniciado,2026-09-07,
310,1938,iniciado,2026-09-07,
311,3308,iniciado,2026-09-07,
312,1668,iniciado,2026-09-07,
313,780,iniciado,2026-09-07,
314,387,iniciado,2026-09-07,
315,398,iniciado,2026-09-07,
316,2700,iniciado,2026-09-07,
317,1766,iniciado,2026-09-07,
318,1452,iniciado,2026-09-07,
319,1735,iniciado,2026-09-07,
320,1684,iniciado,2026-09-07,
321,1913,iniciado,2026-09-07,
322,3539,iniciado,2026-09-07,
323,2987,en_progreso,2026-09-07,
324,2647,iniciado,2026-09-07,
325,404,iniciado,2026-09-07,
326,249,iniciado,2026-09-07,
327,1650,iniciado,2026-09-07,
328,2983,iniciado,2026-09-07,
329,1390,iniciado,2026-09-07,
330,3280,iniciado,2026-09-07,
331,3530,en_progreso,2026-09-07,
332,2197,en_progreso,2026-09-07,
333,1141,en_progreso,2026-09-07,
334,309,iniciado,2026-09-07,
335,1816,iniciado,2026-09-07,
336,3310,iniciado,2026-09-07,
337,3529,iniciado,2026-09-07,
338,3507,iniciado,2026-09-07,
339,2255,iniciado,2026-09-07,
340,402,iniciado,2026-09-07,
341,208,iniciado,2026-09-07,
342,2672,iniciado,2026-09-07,
343,2215,iniciado,2026-09-07,
344,3425,iniciado,2026-09-07,
345,61,iniciado,2026-09-07,
346,3970,iniciado,2026-09-07,
347,383,iniciado,2026-09-07,
348,3795,iniciado,2026-09-07,
349,3087,iniciado,2026-09-07,
350,3477,iniciado,2026-09-07,
351,969,iniciado,2026-09-07,
352,682,iniciado,2026-09-07,
353,1665,iniciado,2026-09-07,
354,1990,iniciado,2026-09-07,
355,1972,iniciado,2026-09-07,
356,876,iniciado,2026-09-07,
357,3542,iniciado,2026-09-07,
358,1643,iniciado,2026-09-07,
359,3697,iniciado,2026-09-07,
360,241,iniciado,2026-09-07,
361,675,iniciado,2026-09-07,
362,1553,iniciado,2026-09-07,
363,9,iniciado,2026-09-07,
364,4036,en_progreso,2026-09-07,
365,3796,iniciado,2026-09-07,
366,3212,iniciado,2026-09-07,
367,3216,iniciado,2026-09-07,
368,1864,iniciado,2026-09-07,
369,1169,iniciado,2026-09-07,
370,1733,iniciado,2026-09-07,
371,2854,iniciado,2026-09-07,
372,3922,iniciado,2026-09-07,
373,2993,iniciado,2026-09-07,
374,4078,iniciado,2026-09-07,
375,3209,iniciado,2026-09-07,
376,2277,iniciado,2026-09-07,
377,2712,iniciado,2026-09-07,
378,2943,iniciado,2026-09-07,
379,1994,iniciado,2026-09-07,
380,635,iniciado,2026-09-07,
381,778,iniciado,2026-09-07,
382,1216,iniciado,2026-09-07,
383,892,iniciado,2026-09-07,
384,3968,iniciado,2026-09-07,
385,240,iniciado,2026-09-07,
386,2373,iniciado,2026-09-07,
387,3014,iniciado,2026-09-07,
388,2221,iniciado,2026-09-07,
389,250,iniciado,2026-09-07,
390,3064,iniciado,2026-09-07,
391,1285,iniciado,2026-09-07,
392,235,iniciado,2026-09-07,
393,206,iniciado,2026-09-07,
394,2393,iniciado,2026-09-07,
395,1953,iniciado,2026-09-07,
396,2060,iniciado,2026-09-07,
397,3766,iniciado,2026-09-07,
398,3493,iniciado,2026-09-07,
399,2176,iniciado,2026-09-07,
400,645,iniciado,2026-09-07,
401,233,iniciado,2026-09-07,
402,3936,iniciado,2026-09-07,
403,2081,iniciado,2026-09-07,
404,329,iniciado,2026-09-07,
405,3488,iniciado,2026-09-07,
406,762,iniciado,2026-09-07,
407,281,iniciado,2026-09-07,
408,2438,iniciado,2026-09-07,
409,279,iniciado,2026-09-07,
410,2766,iniciado,2026-09-07,
411,3531,iniciado,2026-09-07,
412,964,iniciado,2026-09-07,
413,1654,iniciado,2026-09-07,
414,492,iniciado,2026-09-07,
415,3857,iniciado,2026-09-07,
416,3647,iniciado,2026-09-07,
417,2334,iniciado,2026-09-07,
418,1009,iniciado,2026-09-07,
419,2372,iniciado,2026-09-07,
420,2436,iniciado,2026-09-07,
421,163,iniciado,2026-09-07,
422,2537,iniciado,2026-09-07,
423,336,iniciado,2026-09-07,
424,1718,iniciado,2026-09-07,
425,2693,iniciado,2026-09-07,
426,2391,pausado,2026-09-07,
427,1296,iniciado,2026-09-07,
428,3829,iniciado,2026-09-07,
429,1069,iniciado,2026-09-07,
430,837,iniciado,2026-09-07,
431,2744,iniciado,2026-09-07,
432,2934,iniciado,2026-09-07,
433,1287,iniciado,2026-09-07,
434,978,iniciado,2026-09-07,
435,1088,iniciado,2026-09-07,
436,1622,iniciado,2026-09-07,
437,537,iniciado,2026-09-07,
438,2752,pausado,2026-09-07,
439,1873,iniciado,2026-09-07,
440,1296,completado,2026-09-07,Modulo finalizado por el estudiante
441,3833,iniciado,2026-09-07,
442,298,iniciado,2026-09-07,
443,39,iniciado,2026-09-07,
444,1878,iniciado,2026-09-07,
445,2545,iniciado,2026-09-07,
446,4090,iniciado,2026-09-07,
447,2307,iniciado,2026-09-07,
448,4081,en_progreso,2026-09-07,
449,2073,iniciado,2026-09-07,
450,1087,iniciado,2026-09-07,
451,543,iniciado,2026-09-07,
452,3823,iniciado,2026-09-07,
453,1430,iniciado,2026-09-07,
454,3609,iniciado,2026-09-07,
455,282,iniciado,2026-09-07,
456,3602,iniciado,2026-09-07,
457,1001,iniciado,2026-09-07,
458,1514,iniciado,2026-09-07,
459,1168,iniciado,2026-09-07,
460,647,iniciado,2026-09-07,
461,1795,iniciado,2026-09-07,
462,3416,iniciado,2026-09-07,
463,2226,iniciado,2026-09-07,
464,2882,iniciado,2026-09-07,
465,1240,iniciado,2026-09-07,
466,2506,iniciado,2026-09-07,
467,4030,iniciado,2026-09-07,
468,4044,iniciado,2026-09-07,
469,3306,pausado,2026-09-07,
470,33,iniciado,2026-09-07,
471,2736,iniciado,2026-09-07,
472,3347,iniciado,2026-09-07,
473,2272,iniciado,2026-09-07,
474,1227,iniciado,2026-09-07,
475,3817,iniciado,2026-09-07,
476,2718,iniciado,2026-09-07,
477,425,iniciado,2026-09-07,
478,3846,iniciado,2026-09-07,
479,3597,en_progreso,2026-09-07,
480,439,iniciado,2026-09-07,
481,3041,iniciado,2026-09-07,
482,2267,en_progreso,2026-09-07,
483,863,iniciado,2026-09-07,
484,2940,iniciado,2026-09-07,
485,1405,iniciado,2026-09-07,
486,834,iniciado,2026-09-07,
487,2816,iniciado,2026-09-07,
488,2598,iniciado,2026-09-07,
489,3494,iniciado,2026-09-07,
490,1082,iniciado,2026-09-07,
491,2071,iniciado,2026-09-07,
492,2002,en_progreso,2026-09-07,
493,209,iniciado,2026-09-07,
494,379,iniciado,2026-09-07,
495,2599,iniciado,2026-09-07,
496,1735,completado,2026-09-07,Modulo finalizado por el estudiante
497,181,iniciado,2026-09-07,
498,15,iniciado,2026-09-07,
499,1367,iniciado,2026-09-07,
500,3159,iniciado,2026-09-07,
501,536,iniciado,2026-09-07,
502,2610,iniciado,2026-09-07,
503,4014,iniciado,2026-09-07,
504,1073,iniciado,2026-09-07,
505,662,iniciado,2026-09-07,
506,3037,iniciado,2026-09-07,
507,1810,iniciado,2026-09-07,
508,2260,iniciado,2026-09-07,
509,2891,iniciado,2026-09-07,
510,1752,iniciado,2026-09-07,
511,2298,iniciado,2026-09-07,
512,40,iniciado,2026-09-07,
513,459,en_progreso,2026-09-07,
514,3703,iniciado,2026-09-07,
515,611,iniciado,2026-09-07,
516,2235,iniciado,2026-09-07,
517,148,iniciado,2026-09-07,
518,3419,iniciado,2026-09-07,
519,1513,iniciado,2026-09-07,
520,2386,iniciado,2026-09-07,
521,2264,iniciado,2026-09-07,
522,607,iniciado,2026-09-07,
523,1761,iniciado,2026-09-07,
524,523,iniciado,2026-09-07,
525,172,iniciado,2026-09-07,
526,1263,iniciado,2026-09-07,
527,1494,iniciado,2026-09-07,
528,3683,iniciado,2026-09-07,
529,3822,iniciado,2026-09-07,
530,3261,iniciado,2026-09-07,
531,3983,iniciado,2026-09-07,
532,3526,en_progreso,2026-09-07,
533,2794,iniciado,2026-09-07,
534,1023,iniciado,2026-09-07,
535,2732,iniciado,2026-09-07,
536,422,iniciado,2026-09-07,
537,1449,iniciado,2026-09-07,
538,3196,iniciado,2026-09-07,
539,2294,iniciado,2026-09-07,
540,3622,iniciado,2026-09-07,
541,3583,iniciado,2026-09-07,
542,1665,abandonado,2026-09-07,Sin actividad posterior registrada
543,3070,iniciado,2026-09-07,
544,634,iniciado,2026-09-07,
545,3792,iniciado,2026-09-07,
546,3809,iniciado,2026-09-07,
547,970,iniciado,2026-09-07,
548,3542,en_progreso,2026-09-07,
549,726,iniciado,2026-09-07,
550,3611,iniciado,2026-09-07,
551,1689,iniciado,2026-09-07,
552,102,iniciado,2026-09-07,
553,735,iniciado,2026-09-07,
554,3017,completado,2026-09-07,Modulo finalizado por el estudiante
555,3205,iniciado,2026-09-07,
556,3813,iniciado,2026-09-07,
557,1687,iniciado,2026-09-07,
558,3286,iniciado,2026-09-07,
559,2744,completado,2026-09-07,Modulo finalizado por el estudiante
560,3321,iniciado,2026-09-07,
561,1017,iniciado,2026-09-07,
562,1093,en_progreso,2026-09-07,
563,1567,iniciado,2026-09-07,
564,3573,iniciado,2026-09-07,
565,159,iniciado,2026-09-07,
566,3517,iniciado,2026-09-07,
567,1928,iniciado,2026-09-07,
568,912,iniciado,2026-09-07,
569,818,iniciado,2026-09-07,
570,3345,iniciado,2026-09-07,
571,3762,iniciado,2026-09-07,
572,1886,iniciado,2026-09-07,
573,1433,iniciado,2026-09-07,
574,1251,iniciado,2026-09-07,
575,3361,iniciado,2026-09-07,
576,3258,iniciado,2026-09-07,
577,3569,iniciado,2026-09-07,
578,933,iniciado,2026-09-07,
579,914,iniciado,2026-09-07,
580,97,iniciado,2026-09-07,
581,2704,iniciado,2026-09-07,
582,792,iniciado,2026-09-07,
583,1633,iniciado,2026-09-07,
584,1345,iniciado,2026-09-07,
585,1142,iniciado,2026-09-07,
586,3541,iniciado,2026-09-07,
587,285,abandonado,2026-09-07,Sin actividad posterior registrada
588,1144,iniciado,2026-09-07,
589,1439,iniciado,2026-09-07,
590,2628,iniciado,2026-09-07,
591,2087,iniciado,2026-09-07,
592,1638,iniciado,2026-09-07,
593,2784,iniciado,2026-09-07,
594,4019,iniciado,2026-09-07,
595,3456,iniciado,2026-09-07,
596,2197,en_progreso,2026-09-07,
597,3593,iniciado,2026-09-07,
598,3975,iniciado,2026-09-07,
599,1070,iniciado,2026-09-07,
600,732,pausado,2026-09-07,
601,4029,iniciado,2026-09-07,
602,1088,en_progreso,2026-09-07,
603,1416,iniciado,2026-09-07,
604,2985,iniciado,2026-09-07,
605,3222,iniciado,2026-09-07,
606,1285,en_progreso,2026-09-07,
607,474,iniciado,2026-09-07,
608,1578,iniciado,2026-09-07,
609,3685,iniciado,2026-09-07,
610,2362,iniciado,2026-09-07,
611,779,iniciado,2026-09-07,
612,1044,iniciado,2026-09-07,
613,182,iniciado,2026-09-07,
614,2904,iniciado,2026-09-07,
615,1787,iniciado,2026-09-07,
616,7,iniciado,2026-09-07,
617,2130,iniciado,2026-09-07,
618,3792,completado,2026-09-07,Modulo finalizado por el estudiante
619,2814,iniciado,2026-09-07,
620,2947,iniciado,2026-09-07,
621,3852,iniciado,2026-09-07,
622,3040,iniciado,2026-09-07,
623,3019,iniciado,2026-09-07,
624,2747,iniciado,2026-09-07,
625,808,iniciado,2026-09-07,
626,1492,iniciado,2026-09-07,
627,1767,iniciado,2026-09-07,
628,287,iniciado,2026-09-07,
629,3887,iniciado,2026-09-07,
630,2721,iniciado,2026-09-07,
631,3772,iniciado,2026-09-07,
632,1353,iniciado,2026-09-07,
633,2553,iniciado,2026-09-07,
634,1286,iniciado,2026-09-07,
635,2718,completado,2026-09-07,Modulo finalizado por el estudiante
636,2949,iniciado,2026-09-07,
637,3687,iniciado,2026-09-07,
638,1231,iniciado,2026-09-07,
639,2078,iniciado,2026-09-07,
640,1267,iniciado,2026-09-07,
641,2732,en_progreso,2026-09-07,
642,1212,iniciado,2026-09-07,
643,2271,iniciado,2026-09-07,
644,522,iniciado,2026-09-07,
645,786,iniciado,2026-09-07,
646,1723,iniciado,2026-09-07,
647,2724,iniciado,2026-09-07,
648,3852,en_progreso,2026-09-07,
649,713,iniciado,2026-09-07,
650,2522,iniciado,2026-09-07,
651,2332,iniciado,2026-09-07,
652,1233,iniciado,2026-09-07,
653,1664,iniciado,2026-09-07,
654,2245,iniciado,2026-09-07,
655,3415,iniciado,2026-09-07,
656,2,iniciado,2026-09-07,
657,1245,iniciado,2026-09-07,
658,1176,iniciado,2026-09-07,
659,861,iniciado,2026-09-07,
660,1761,completado,2026-09-07,Modulo finalizado por el estudiante
661,2485,pausado,2026-09-07,
662,1905,iniciado,2026-09-07,
663,1810,en_progreso,2026-09-07,
664,1939,iniciado,2026-09-07,
665,3252,iniciado,2026-09-07,
666,3692,iniciado,2026-09-07,
667,3932,iniciado,2026-09-07,
668,3261,pausado,2026-09-07,
669,2699,iniciado,2026-09-07,
670,348,iniciado,2026-09-07,
671,1163,iniciado,2026-09-07,
672,2112,iniciado,2026-09-07,
673,2720,iniciado,2026-09-07,
674,2593,iniciado,2026-09-07,
675,2537,en_progreso,2026-09-07,
676,3077,iniciado,2026-09-07,
677,963,iniciado,2026-09-07,
678,2756,iniciado,2026-09-07,
679,1272,iniciado,2026-09-07,
680,921,completado,2026-09-07,Modulo finalizado por el estudiante
681,604,iniciado,2026-09-07,
682,101,iniciado,2026-09-07,
683,190,iniciado,2026-09-07,
684,1003,abandonado,2026-09-07,Sin actividad posterior registrada
685,2504,iniciado,2026-09-07,
686,3481,iniciado,2026-09-07,
687,3148,en_progreso,2026-09-07,
688,2580,iniciado,2026-09-07,
689,2358,iniciado,2026-09-07,
690,797,iniciado,2026-09-07,
691,2943,pausado,2026-09-07,
692,2025,iniciado,2026-09-07,
693,1637,iniciado,2026-09-07,
694,1000,iniciado,2026-09-07,
695,605,iniciado,2026-09-07,
696,2688,iniciado,2026-09-07,
697,2817,iniciado,2026-09-07,
698,23,iniciado,2026-09-07,
699,3657,iniciado,2026-09-07,
700,3076,completado,2026-09-07,Modulo finalizado por el estudiante
701,3627,en_progreso,2026-09-07,
702,721,iniciado,2026-09-07,
703,3294,iniciado,2026-09-07,
704,3924,iniciado,2026-09-07,
705,2851,iniciado,2026-09-07,
706,2122,iniciado,2026-09-07,
707,1903,iniciado,2026-09-07,
708,206,pausado,2026-09-07,
709,3758,iniciado,2026-09-07,
710,3475,iniciado,2026-09-07,
711,498,iniciado,2026-09-07,
712,1870,iniciado,2026-09-07,
713,547,iniciado,2026-09-07,
714,3283,iniciado,2026-09-07,
715,1904,iniciado,2026-09-07,
716,2735,iniciado,2026-09-07,
717,2176,abandonado,2026-09-07,Sin actividad posterior registrada
718,2439,iniciado,2026-09-07,
719,1300,iniciado,2026-09-07,
720,3892,iniciado,2026-09-07,
721,3094,completado,2026-09-07,Modulo finalizado por el estudiante
722,2510,iniciado,2026-09-07,
723,3339,iniciado,2026-09-07,
724,2947,completado,2026-09-07,Modulo finalizado por el estudiante
725,1748,iniciado,2026-09-07,
726,3403,iniciado,2026-09-07,
727,3715,iniciado,2026-09-07,
728,2245,en_progreso,2026-09-07,
729,3529,en_progreso,2026-09-07,
730,1013,iniciado,2026-09-07,
731,3441,iniciado,2026-09-07,
732,2612,iniciado,2026-09-07,
733,1136,iniciado,2026-09-07,
734,3137,completado,2026-09-07,Modulo finalizado por el estudiante
735,1985,iniciado,2026-09-07,
736,2568,iniciado,2026-09-07,
737,980,iniciado,2026-09-07,
738,1125,iniciado,2026-09-07,
739,1802,iniciado,2026-09-07,
740,318,iniciado,2026-09-07,
741,2923,iniciado,2026-09-07,
742,1171,iniciado,2026-09-07,
743,961,iniciado,2026-09-07,
744,1113,iniciado,2026-09-07,
745,1376,iniciado,2026-09-07,
746,1310,iniciado,2026-09-07,
747,3658,iniciado,2026-09-07,
748,2213,iniciado,2026-09-07,
749,331,iniciado,2026-09-07,
750,567,iniciado,2026-09-07,
751,618,iniciado,2026-09-07,
752,948,iniciado,2026-09-07,
753,1569,iniciado,2026-09-07,
754,2843,iniciado,2026-09-07,
755,626,iniciado,2026-09-07,
756,2894,iniciado,2026-09-07,
757,877,iniciado,2026-09-07,
758,264,iniciado,2026-09-07,
759,1700,iniciado,2026-09-07,
760,1670,iniciado,2026-09-07,
761,1356,iniciado,2026-09-07,
762,2223,iniciado,2026-09-07,
763,1909,iniciado,2026-09-07,
764,1704,iniciado,2026-09-07,
765,256,iniciado,2026-09-07,
766,848,iniciado,2026-09-07,
767,3412,iniciado,2026-09-07,
768,1721,iniciado,2026-09-07,
769,1596,iniciado,2026-09-07,
770,3707,iniciado,2026-09-07,
771,3154,iniciado,2026-09-07,
772,2393,completado,2026-09-07,Modulo finalizado por el estudiante
773,81,iniciado,2026-09-07,
774,3510,iniciado,2026-09-07,
775,3608,iniciado,2026-09-07,
776,3136,iniciado,2026-09-07,
777,2359,iniciado,2026-09-07,
778,1559,iniciado,2026-09-07,
779,1954,iniciado,2026-09-07,
780,25,iniciado,2026-09-07,
781,3862,iniciado,2026-09-07,
782,1441,iniciado,2026-09-07,
783,1224,iniciado,2026-09-07,
784,3087,en_progreso,2026-09-07,
785,3424,iniciado,2026-09-07,
786,1717,iniciado,2026-09-07,
787,2205,iniciado,2026-09-07,
788,3062,iniciado,2026-09-07,
789,3010,iniciado,2026-09-07,
790,2237,iniciado,2026-09-07,
791,3277,iniciado,2026-09-07,
792,2471,iniciado,2026-09-07,
793,3678,en_progreso,2026-09-07,
794,1786,iniciado,2026-09-07,
795,1990,en_progreso,2026-09-07,
796,2782,iniciado,2026-09-07,
797,3270,iniciado,2026-09-07,
798,1657,iniciado,2026-09-07,
799,2967,iniciado,2026-09-07,
800,677,completado,2026-09-07,Modulo finalizado por el estudiante
801,3767,iniciado,2026-09-07,
802,523,abandonado,2026-09-07,Sin actividad posterior registrada
803,2188,en_progreso,2026-09-07,
804,2312,iniciado,2026-09-07,
805,2716,iniciado,2026-09-07,
806,112,iniciado,2026-09-07,
807,344,iniciado,2026-09-07,
808,2633,iniciado,2026-09-07,
809,1756,iniciado,2026-09-07,
810,556,iniciado,2026-09-07,
811,3551,iniciado,2026-09-07,
812,1892,iniciado,2026-09-07,
813,745,iniciado,2026-09-07,
814,206,en_progreso,2026-09-07,
815,1863,iniciado,2026-09-07,
816,1339,iniciado,2026-09-07,
817,1383,iniciado,2026-09-07,
818,3118,iniciado,2026-09-07,
819,3604,iniciado,2026-09-07,
820,1553,en_progreso,2026-09-07,
821,1727,iniciado,2026-09-07,
822,1034,iniciado,2026-09-07,
823,3420,iniciado,2026-09-07,
824,336,en_progreso,2026-09-07,
825,214,iniciado,2026-09-07,
826,3900,iniciado,2026-09-07,
827,1434,iniciado,2026-09-07,
828,919,iniciado,2026-09-07,
829,2663,iniciado,2026-09-07,
830,282,completado,2026-09-07,Modulo finalizado por el estudiante
831,2670,iniciado,2026-09-07,
832,165,iniciado,2026-09-07,
833,3090,iniciado,2026-09-07,
834,128,iniciado,2026-09-07,
835,3890,iniciado,2026-09-07,
836,1013,en_progreso,2026-09-07,
837,625,iniciado,2026-09-07,
838,978,en_progreso,2026-09-07,
839,2311,iniciado,2026-09-07,
840,3883,iniciado,2026-09-07,
841,893,iniciado,2026-09-07,
842,1905,pausado,2026-09-07,
843,3142,iniciado,2026-09-07,
844,1511,iniciado,2026-09-07,
845,688,iniciado,2026-09-07,
846,2482,iniciado,2026-09-07,
847,2488,iniciado,2026-09-07,
848,3948,iniciado,2026-09-07,
849,3064,pausado,2026-09-07,
850,3186,iniciado,2026-09-07,
851,3356,iniciado,2026-09-07,
852,671,iniciado,2026-09-07,
853,3952,iniciado,2026-09-07,
854,1275,iniciado,2026-09-07,
855,443,iniciado,2026-09-07,
856,2371,iniciado,2026-09-07,
857,106,iniciado,2026-09-07,
858,3805,en_progreso,2026-09-07,
859,3925,iniciado,2026-09-07,
860,1538,iniciado,2026-09-07,
861,1625,iniciado,2026-09-07,
862,3857,pausado,2026-09-07,
863,312,iniciado,2026-09-07,
864,2426,iniciado,2026-09-07,
865,2829,iniciado,2026-09-07,
866,3403,pausado,2026-09-07,
867,418,iniciado,2026-09-07,
868,2856,iniciado,2026-09-07,
869,3165,iniciado,2026-09-07,
870,1236,iniciado,2026-09-07,
871,3483,iniciado,2026-09-07,
872,2803,iniciado,2026-09-07,
873,2460,iniciado,2026-09-07,
874,3300,iniciado,2026-09-07,
875,496,completado,2026-09-07,Modulo finalizado por el estudiante
876,2319,iniciado,2026-09-07,
877,3206,iniciado,2026-09-07,
878,169,iniciado,2026-09-07,
879,1423,iniciado,2026-09-07,
880,2183,iniciado,2026-09-07,
881,1755,pausado,2026-09-07,
882,283,iniciado,2026-09-07,
883,2073,pausado,2026-09-07,
884,52,iniciado,2026-09-07,
885,3480,iniciado,2026-09-07,
886,1721,completado,2026-09-07,Modulo finalizado por el estudiante
887,433,iniciado,2026-09-07,
888,1776,iniciado,2026-09-07,
889,3936,en_progreso,2026-09-07,
890,1884,iniciado,2026-09-07,
891,2898,iniciado,2026-09-07,
892,627,en_progreso,2026-09-07,
893,3955,iniciado,2026-09-07,
894,2665,iniciado,2026-09-07,
895,1107,iniciado,2026-09-07,
896,2523,iniciado,2026-09-07,
897,3311,iniciado,2026-09-07,
898,3767,en_progreso,2026-09-07,
899,1785,iniciado,2026-09-07,
900,3383,iniciado,2026-09-07,
901,2995,iniciado,2026-09-07,
902,2427,iniciado,2026-09-07,
903,1100,iniciado,2026-09-07,
904,1321,iniciado,2026-09-07,
905,3489,iniciado,2026-09-07,
906,1006,iniciado,2026-09-07,
907,3403,completado,2026-09-07,Modulo finalizado por el estudiante
908,1143,iniciado,2026-09-07,
909,3612,iniciado,2026-09-07,
910,1847,iniciado,2026-09-07,
911,999,iniciado,2026-09-07,
912,3074,iniciado,2026-09-07,
913,1904,pausado,2026-09-07,
914,2737,iniciado,2026-09-07,
915,1553,en_progreso,2026-09-07,
916,1332,iniciado,2026-09-07,
917,745,en_progreso,2026-09-07,
918,1059,iniciado,2026-09-07,
919,1395,iniciado,2026-09-07,
920,1146,iniciado,2026-09-07,
921,3606,iniciado,2026-09-07,
922,2442,iniciado,2026-09-07,
923,2873,completado,2026-09-07,Modulo finalizado por el estudiante
924,2277,en_progreso,2026-09-07,
925,351,en_progreso,2026-09-07,
926,2275,iniciado,2026-09-07,
927,3106,iniciado,2026-09-07,
928,985,iniciado,2026-09-07,
929,2829,en_progreso,2026-09-07,
930,1836,iniciado,2026-09-07,
931,3248,iniciado,2026-09-07,
932,71,iniciado,2026-09-07,
933,382,iniciado,2026-09-07,
934,1206,iniciado,2026-09-07,
935,908,iniciado,2026-09-07,
936,1657,pausado,2026-09-07,
937,1255,iniciado,2026-09-07,
938,2720,pausado,2026-09-07,
939,1939,pausado,2026-09-07,
940,1409,en_progreso,2026-09-07,
941,1355,iniciado,2026-09-07,
942,1442,iniciado,2026-09-07,
943,2879,iniciado,2026-09-07,
944,1859,en_progreso,2026-09-07,
945,495,iniciado,2026-09-07,
946,2955,iniciado,2026-09-07,
947,789,iniciado,2026-09-07,
948,1293,en_progreso,2026-09-07,
949,3122,iniciado,2026-09-07,
950,2827,iniciado,2026-09-07,
951,759,iniciado,2026-09-07,
952,785,iniciado,2026-09-07,
953,887,iniciado,2026-09-07,
954,3026,iniciado,2026-09-07,
955,1984,iniciado,2026-09-07,
956,1133,iniciado,2026-09-07,
957,2968,iniciado,2026-09-07,
958,2415,iniciado,2026-09-07,
959,4001,iniciado,2026-09-07,
960,3114,iniciado,2026-09-07,
961,2149,iniciado,2026-09-07,
962,2445,iniciado,2026-09-07,
963,1160,iniciado,2026-09-07,
964,4017,iniciado,2026-09-07,
965,412,iniciado,2026-09-07,
966,3411,iniciado,2026-09-07,
967,796,iniciado,2026-09-07,
968,1214,iniciado,2026-09-07,
969,932,iniciado,2026-09-07,
970,1479,iniciado,2026-09-07,
971,735,en_progreso,2026-09-07,
972,519,iniciado,2026-09-07,
973,1124,iniciado,2026-09-07,
974,187,iniciado,2026-09-07,
975,3991,iniciado,2026-09-07,
976,224,iniciado,2026-09-07,
977,2267,en_progreso,2026-09-07,
978,2613,iniciado,2026-09-07,
979,3558,iniciado,2026-09-07,
980,3084,iniciado,2026-09-07,
981,2011,iniciado,2026-09-07,
982,421,iniciado,2026-09-07,
983,3575,iniciado,2026-09-07,
984,51,iniciado,2026-09-07,
985,2352,iniciado,2026-09-07,
986,1165,iniciado,2026-09-07,
987,1923,iniciado,2026-09-07,
988,1961,iniciado,2026-09-07,
989,1805,iniciado,2026-09-07,
990,1396,iniciado,2026-09-07,
991,756,iniciado,2026-09-07,
992,3955,en_progreso,2026-09-07,
993,1957,iniciado,2026-09-07,
994,468,iniciado,2026-09-07,
995,3368,iniciado,2026-09-07,
996,268,iniciado,2026-09-07,
997,1642,iniciado,2026-09-07,
998,2015,iniciado,2026-09-07,
999,304,iniciado,2026-09-07,
1000,2364,iniciado,2026-09-07,
1001,2620,en_progreso,2026-09-08,
1002,1004,en_progreso,2026-09-08,
1003,2772,pausado,2026-09-08,
1004,2234,en_progreso,2026-09-08,
1005,123,en_progreso,2026-09-08,
1006,2466,en_progreso,2026-09-08,
1007,2662,pausado,2026-09-08,
1008,1719,en_progreso,2026-09-08,
1009,3316,completado,2026-09-08,Modulo finalizado por el estudiante
1010,3109,completado,2026-09-08,Modulo finalizado por el estudiante
1011,2860,en_progreso,2026-09-08,
1012,882,abandonado,2026-09-08,Sin actividad posterior registrada
1013,1379,en_progreso,2026-09-08,
1014,1471,completado,2026-09-08,Modulo finalizado por el estudiante
1015,2473,en_progreso,2026-09-08,
1016,1882,en_progreso,2026-09-08,
1017,1551,en_progreso,2026-09-08,
1018,2575,pausado,2026-09-08,
1019,3530,en_progreso,2026-09-08,
1020,285,en_progreso,2026-09-08,
1021,934,completado,2026-09-08,Modulo finalizado por el estudiante
1022,4036,en_progreso,2026-09-08,
1023,954,completado,2026-09-08,Modulo finalizado por el estudiante
1024,1557,en_progreso,2026-09-08,
1025,1495,en_progreso,2026-09-08,
1026,2746,en_progreso,2026-09-08,
1027,2655,en_progreso,2026-09-08,
1028,2188,pausado,2026-09-08,
1029,670,en_progreso,2026-09-08,
1030,3791,pausado,2026-09-08,
1031,2282,en_progreso,2026-09-08,
1032,3148,completado,2026-09-08,Modulo finalizado por el estudiante
1033,939,completado,2026-09-08,Modulo finalizado por el estudiante
1034,3298,en_progreso,2026-09-08,
1035,865,completado,2026-09-08,Modulo finalizado por el estudiante
1036,2324,en_progreso,2026-09-08,
1037,1289,en_progreso,2026-09-08,
1038,3624,completado,2026-09-08,Modulo finalizado por el estudiante
1039,1880,en_progreso,2026-09-08,
1040,3052,iniciado,2026-09-08,
1041,2300,iniciado,2026-09-08,
1042,2208,iniciado,2026-09-08,
1043,1077,pausado,2026-09-08,
1044,1755,completado,2026-09-08,Modulo finalizado por el estudiante
1045,1636,en_progreso,2026-09-08,
1046,567,en_progreso,2026-09-08,
1047,193,completado,2026-09-08,Modulo finalizado por el estudiante
1048,627,pausado,2026-09-08,
1049,3245,pausado,2026-09-08,
1050,2443,en_progreso,2026-09-08,
1051,4081,en_progreso,2026-09-08,
1052,2267,completado,2026-09-08,Modulo finalizado por el estudiante
1053,48,pausado,2026-09-08,
1054,470,pausado,2026-09-08,
1055,2200,completado,2026-09-08,Modulo finalizado por el estudiante
1056,3149,pausado,2026-09-08,
1057,457,en_progreso,2026-09-08,
1058,14,abandonado,2026-09-08,Sin actividad posterior registrada
1059,3588,pausado,2026-09-08,
1060,3981,en_progreso,2026-09-08,
1061,3739,en_progreso,2026-09-08,
1062,3448,pausado,2026-09-08,
1063,2495,iniciado,2026-09-08,
1064,815,en_progreso,2026-09-08,
1065,2210,iniciado,2026-09-08,
1066,3906,completado,2026-09-08,Modulo finalizado por el estudiante
1067,2173,completado,2026-09-08,Modulo finalizado por el estudiante
1068,2454,en_progreso,2026-09-08,
1069,3806,en_progreso,2026-09-08,
1070,3305,iniciado,2026-09-08,
1071,1260,en_progreso,2026-09-08,
1072,2324,en_progreso,2026-09-08,
1073,351,pausado,2026-09-08,
1074,3343,en_progreso,2026-09-08,
1075,3137,en_progreso,2026-09-08,
1076,2703,en_progreso,2026-09-08,
1077,1086,en_progreso,2026-09-08,
1078,3951,en_progreso,2026-09-08,
1079,2990,pausado,2026-09-08,
1080,2921,en_progreso,2026-09-08,
1081,2662,en_progreso,2026-09-08,
1082,1850,en_progreso,2026-09-08,
1083,1385,en_progreso,2026-09-08,
1084,2411,en_progreso,2026-09-08,
1085,2585,iniciado,2026-09-08,
1086,242,en_progreso,2026-09-08,
1087,3522,en_progreso,2026-09-08,
1088,1141,pausado,2026-09-08,
1089,878,en_progreso,2026-09-08,
1090,3615,iniciado,2026-09-08,
1091,2339,pausado,2026-09-08,
1092,996,completado,2026-09-08,Modulo finalizado por el estudiante
1093,3308,en_progreso,2026-09-08,
1094,2700,en_progreso,2026-09-08,
1095,1913,completado,2026-09-08,Modulo finalizado por el estudiante
1096,222,iniciado,2026-09-08,
1097,2759,iniciado,2026-09-08,
1098,2677,iniciado,2026-09-08,
1099,4032,iniciado,2026-09-08,
1100,2647,en_progreso,2026-09-08,
1101,1390,completado,2026-09-08,Modulo finalizado por el estudiante
1102,448,iniciado,2026-09-08,
1103,1019,iniciado,2026-09-08,
1104,785,en_progreso,2026-09-08,
1105,1729,en_progreso,2026-09-08,
1106,3582,iniciado,2026-09-08,
1107,3782,iniciado,2026-09-08,
1108,309,en_progreso,2026-09-08,
1109,2255,en_progreso,2026-09-08,
1110,2215,completado,2026-09-08,Modulo finalizado por el estudiante
1111,3970,en_progreso,2026-09-08,
1112,969,en_progreso,2026-09-08,
1113,876,completado,2026-09-08,Modulo finalizado por el estudiante
1114,3697,en_progreso,2026-09-08,
1115,4036,en_progreso,2026-09-08,
1116,3796,completado,2026-09-08,Modulo finalizado por el estudiante
1117,1864,en_progreso,2026-09-08,
1118,2993,abandonado,2026-09-08,Sin actividad posterior registrada
1119,2277,pausado,2026-09-08,
1120,1994,en_progreso,2026-09-08,
1121,3968,en_progreso,2026-09-08,
1122,250,pausado,2026-09-08,
1123,235,en_progreso,2026-09-08,
1124,3766,completado,2026-09-08,Modulo finalizado por el estudiante
1125,645,en_progreso,2026-09-08,
1126,3488,en_progreso,2026-09-08,
1127,2766,completado,2026-09-08,Modulo finalizado por el estudiante
1128,1654,en_progreso,2026-09-08,
1129,1009,pausado,2026-09-08,
1130,163,pausado,2026-09-08,
1131,1718,pausado,2026-09-08,
1132,2316,iniciado,2026-09-08,
1133,2142,iniciado,2026-09-08,
1134,1296,en_progreso,2026-09-08,
1135,837,pausado,2026-09-08,
1136,1287,en_progreso,2026-09-08,
1137,2752,pausado,2026-09-08,
1138,1873,en_progreso,2026-09-08,
1139,298,en_progreso,2026-09-08,
1140,2307,abandonado,2026-09-08,Sin actividad posterior registrada
1141,301,iniciado,2026-09-08,
1142,2203,iniciado,2026-09-08,
1143,874,iniciado,2026-09-08,
1144,2073,en_progreso,2026-09-08,
1145,3609,en_progreso,2026-09-08,
1146,1168,en_progreso,2026-09-08,
1147,2882,en_progreso,2026-09-08,
1148,3306,pausado,2026-09-08,
1149,33,pausado,2026-09-08,
1150,2272,en_progreso,2026-09-08,
1151,3846,completado,2026-09-08,Modulo finalizado por el estudiante
1152,1084,en_progreso,2026-09-08,
1153,2267,en_progreso,2026-09-08,
1154,1155,iniciado,2026-09-08,
1155,2478,iniciado,2026-09-08,
1156,863,pausado,2026-09-08,
1157,834,pausado,2026-09-08,
1158,3494,en_progreso,2026-09-08,
1159,3709,completado,2026-09-08,Modulo finalizado por el estudiante
1160,209,en_progreso,2026-09-08,
1161,1134,iniciado,2026-09-08,
1162,181,en_progreso,2026-09-08,
1163,2610,abandonado,2026-09-08,Sin actividad posterior registrada
1164,662,pausado,2026-09-08,
1165,2260,pausado,2026-09-08,
1166,2298,en_progreso,2026-09-08,
1167,3618,iniciado,2026-09-08,
1168,2831,iniciado,2026-09-08,
1169,3703,en_progreso,2026-09-08,
1170,1513,pausado,2026-09-08,
1171,607,en_progreso,2026-09-08,
1172,1494,completado,2026-09-08,Modulo finalizado por el estudiante
1173,3261,abandonado,2026-09-08,Sin actividad posterior registrada
1174,164,iniciado,2026-09-08,
1175,3682,iniciado,2026-09-08,
1176,1466,iniciado,2026-09-08,
1177,861,pausado,2026-09-08,
1178,2732,en_progreso,2026-09-08,
1179,3622,completado,2026-09-08,Modulo finalizado por el estudiante
1180,3989,iniciado,2026-09-08,
1181,2543,iniciado,2026-09-08,
1182,3070,en_progreso,2026-09-08,
1183,3542,en_progreso,2026-09-08,
1184,726,completado,2026-09-08,Modulo finalizado por el estudiante
1185,102,en_progreso,2026-09-08,
1186,3205,completado,2026-09-08,Modulo finalizado por el estudiante
1187,3286,pausado,2026-09-08,
1188,3011,iniciado,2026-09-08,
1189,3321,en_progreso,2026-09-08,
1190,2873,en_progreso,2026-09-08,
1191,3573,en_progreso,2026-09-08,
1192,818,completado,2026-09-08,Modulo finalizado por el estudiante
1193,1886,en_progreso,2026-09-08,
1194,3569,en_progreso,2026-09-08,
1195,792,en_progreso,2026-09-08,
1196,285,en_progreso,2026-09-08,
1197,1144,en_progreso,2026-09-08,
1198,2784,abandonado,2026-09-08,Sin actividad posterior registrada
1199,2197,en_progreso,2026-09-08,
1200,3593,abandonado,2026-09-08,Sin actividad posterior registrada
1201,732,pausado,2026-09-08,
1202,4029,en_progreso,2026-09-08,
1203,1780,iniciado,2026-09-08,
1204,1416,pausado,2026-09-08,
1205,1285,en_progreso,2026-09-08,
1206,474,en_progreso,2026-09-08,
1207,1044,en_progreso,2026-09-08,
1208,2130,completado,2026-09-08,Modulo finalizado por el estudiante
1209,2206,iniciado,2026-09-08,
1210,2814,pausado,2026-09-08,
1211,3040,pausado,2026-09-08,
1212,808,en_progreso,2026-09-08,
1213,2721,completado,2026-09-08,Modulo finalizado por el estudiante
1214,2553,en_progreso,2026-09-08,
1215,2949,completado,2026-09-08,Modulo finalizado por el estudiante
1216,2078,en_progreso,2026-09-08,
1217,1649,iniciado,2026-09-08,
1218,2856,en_progreso,2026-09-08,
1219,1723,pausado,2026-09-08,
1220,1553,pausado,2026-09-08,
1221,3698,iniciado,2026-09-08,
1222,713,pausado,2026-09-08,
1223,1233,en_progreso,2026-09-08,
1224,1245,en_progreso,2026-09-08,
1225,2376,iniciado,2026-09-08,
1226,2485,pausado,2026-09-08,
1227,1905,en_progreso,2026-09-08,
1228,2094,iniciado,2026-09-08,
1229,1939,completado,2026-09-08,Modulo finalizado por el estudiante
1230,3932,completado,2026-09-08,Modulo finalizado por el estudiante
1231,696,iniciado,2026-09-08,
1232,2699,en_progreso,2026-09-08,
1233,2593,pausado,2026-09-08,
1234,383,completado,2026-09-08,Modulo finalizado por el estudiante
1235,3077,en_progreso,2026-09-08,
1236,3304,iniciado,2026-09-08,
1237,816,iniciado,2026-09-08,
1238,604,en_progreso,2026-09-08,
1239,1947,pausado,2026-09-08,
1240,3148,en_progreso,2026-09-08,
1241,1698,iniciado,2026-09-08,
1242,3630,iniciado,2026-09-08,
1243,2580,pausado,2026-09-08,
1244,2943,pausado,2026-09-08,
1245,2025,en_progreso,2026-09-08,
1246,2817,en_progreso,2026-09-08,
1247,3155,iniciado,2026-09-08,
1248,3627,en_progreso,2026-09-08,
1249,721,completado,2026-09-08,Modulo finalizado por el estudiante
1250,2851,en_progreso,2026-09-08,
1251,1021,iniciado,2026-09-08,
1252,3758,completado,2026-09-08,Modulo finalizado por el estudiante
1253,1870,en_progreso,2026-09-08,
1254,2176,en_progreso,2026-09-08,
1255,2439,en_progreso,2026-09-08,
1256,1813,iniciado,2026-09-08,
1257,2510,completado,2026-09-08,Modulo finalizado por el estudiante
1258,3654,iniciado,2026-09-08,
1259,2068,iniciado,2026-09-08,
1260,1748,completado,2026-09-08,Modulo finalizado por el estudiante
1261,2245,en_progreso,2026-09-08,
1262,3529,en_progreso,2026-09-08,
1263,1013,completado,2026-09-08,Modulo finalizado por el estudiante
1264,1136,completado,2026-09-08,Modulo finalizado por el estudiante
1265,2136,iniciado,2026-09-08,
1266,1985,pausado,2026-09-08,
1267,1125,en_progreso,2026-09-08,
1268,961,en_progreso,2026-09-08,
1269,2213,en_progreso,2026-09-08,
1270,1569,pausado,2026-09-08,
1271,2894,en_progreso,2026-09-08,
1272,1356,en_progreso,2026-09-08,
1273,848,completado,2026-09-08,Modulo finalizado por el estudiante
1274,1596,completado,2026-09-08,Modulo finalizado por el estudiante
1275,2393,en_progreso,2026-09-08,
1276,81,completado,2026-09-08,Modulo finalizado por el estudiante
1277,3136,pausado,2026-09-08,
1278,1954,en_progreso,2026-09-08,
1279,3087,en_progreso,2026-09-08,
1280,3424,en_progreso,2026-09-08,
1281,2237,completado,2026-09-08,Modulo finalizado por el estudiante
1282,3678,en_progreso,2026-09-08,
1283,1786,en_progreso,2026-09-08,
1284,2740,iniciado,2026-09-08,
1285,2782,completado,2026-09-08,Modulo finalizado por el estudiante
1286,2967,en_progreso,2026-09-08,
1287,523,en_progreso,2026-09-08,
1288,2188,en_progreso,2026-09-08,
1289,2312,pausado,2026-09-08,
1290,344,pausado,2026-09-08,
1291,556,completado,2026-09-08,Modulo finalizado por el estudiante
1292,745,en_progreso,2026-09-08,
1293,867,iniciado,2026-09-08,
1294,1863,en_progreso,2026-09-08,
1295,1553,en_progreso,2026-09-08,
1296,1727,en_progreso,2026-09-08,
1297,80,pausado,2026-09-08,
1298,214,abandonado,2026-09-08,Sin actividad posterior registrada
1299,1434,en_progreso,2026-09-08,
1300,3922,pausado,2026-09-08,
1301,3090,en_progreso,2026-09-08,
1302,3438,iniciado,2026-09-08,
1303,84,iniciado,2026-09-08,
1304,2545,en_progreso,2026-09-08,
1305,2743,iniciado,2026-09-08,
1306,469,iniciado,2026-09-08,
1307,2311,completado,2026-09-08,Modulo finalizado por el estudiante
1308,1905,pausado,2026-09-08,
1309,3142,en_progreso,2026-09-08,
1310,3948,pausado,2026-09-08,
1311,470,completado,2026-09-08,Modulo finalizado por el estudiante
1312,671,abandonado,2026-09-08,Sin actividad posterior registrada
1313,443,pausado,2026-09-08,
1314,3805,en_progreso,2026-09-08,
1315,3925,en_progreso,2026-09-08,
1316,813,iniciado,2026-09-08,
1317,312,pausado,2026-09-08,
1318,3403,en_progreso,2026-09-08,
1319,418,pausado,2026-09-08,
1320,1236,completado,2026-09-08,Modulo finalizado por el estudiante
1321,2460,completado,2026-09-08,Modulo finalizado por el estudiante
1322,3262,iniciado,2026-09-08,
1323,4030,pausado,2026-09-08,
1324,169,en_progreso,2026-09-08,
1325,1518,iniciado,2026-09-08,
1326,283,en_progreso,2026-09-08,
1327,3480,en_progreso,2026-09-08,
1328,1776,abandonado,2026-09-08,Sin actividad posterior registrada
1329,2604,iniciado,2026-09-08,
1330,3652,iniciado,2026-09-08,
1331,3395,iniciado,2026-09-08,
1332,1884,pausado,2026-09-08,
1333,1784,iniciado,2026-09-08,
1334,722,iniciado,2026-09-08,
1335,3006,iniciado,2026-09-08,
1336,2138,iniciado,2026-09-08,
1337,3955,pausado,2026-09-08,
1338,2523,completado,2026-09-08,Modulo finalizado por el estudiante
1339,2205,completado,2026-09-08,Modulo finalizado por el estudiante
1340,1905,en_progreso,2026-09-08,
1341,1100,en_progreso,2026-09-08,
1342,3829,en_progreso,2026-09-08,
1343,999,completado,2026-09-08,Modulo finalizado por el estudiante
1344,2335,iniciado,2026-09-08,
1345,2500,iniciado,2026-09-08,
1346,2737,en_progreso,2026-09-08,
1347,3486,iniciado,2026-09-08,
1348,1332,en_progreso,2026-09-08,
1349,3268,iniciado,2026-09-08,
1350,1059,en_progreso,2026-09-08,
1351,2873,en_progreso,2026-09-08,
1352,2277,en_progreso,2026-09-08,
1353,351,en_progreso,2026-09-08,
1354,2275,completado,2026-09-08,Modulo finalizado por el estudiante
1355,2829,en_progreso,2026-09-08,
1356,1836,completado,2026-09-08,Modulo finalizado por el estudiante
1357,382,en_progreso,2026-09-08,
1358,997,iniciado,2026-09-08,
1359,1255,pausado,2026-09-08,
1360,1512,iniciado,2026-09-08,
1361,1939,en_progreso,2026-09-08,
1362,1409,en_progreso,2026-09-08,
1363,1355,en_progreso,2026-09-08,
1364,1256,iniciado,2026-09-08,
1365,1030,en_progreso,2026-09-08,
1366,1293,en_progreso,2026-09-08,
1367,3122,pausado,2026-09-08,
1368,785,en_progreso,2026-09-08,
1369,2968,pausado,2026-09-08,
1370,3114,en_progreso,2026-09-08,
1371,412,completado,2026-09-08,Modulo finalizado por el estudiante
1372,1214,en_progreso,2026-09-08,
1373,58,iniciado,2026-09-08,
1374,2901,iniciado,2026-09-08,
1375,2188,en_progreso,2026-09-08,
1376,224,pausado,2026-09-08,
1377,2857,iniciado,2026-09-08,
1378,3867,iniciado,2026-09-08,
1379,518,iniciado,2026-09-08,
1380,2613,completado,2026-09-08,Modulo finalizado por el estudiante
1381,2011,en_progreso,2026-09-08,
1382,1165,en_progreso,2026-09-08,
1383,756,abandonado,2026-09-08,Sin actividad posterior registrada
1384,1035,iniciado,2026-09-08,
1385,3855,iniciado,2026-09-08,
1386,3530,en_progreso,2026-09-08,
1387,1642,en_progreso,2026-09-08,
1388,2812,iniciado,2026-09-08,
1389,220,iniciado,2026-09-08,
1390,622,iniciado,2026-09-08,
1391,612,iniciado,2026-09-08,
1392,3323,iniciado,2026-09-08,
1393,2306,iniciado,2026-09-08,
1394,3888,iniciado,2026-09-08,
1395,1245,en_progreso,2026-09-08,
1396,2286,iniciado,2026-09-08,
1397,3132,iniciado,2026-09-08,
1398,1705,iniciado,2026-09-08,
1399,2484,iniciado,2026-09-08,
1400,2442,completado,2026-09-08,Modulo finalizado por el estudiante
1401,925,iniciado,2026-09-08,
1402,3178,iniciado,2026-09-08,
1403,2141,iniciado,2026-09-08,
1404,1559,en_progreso,2026-09-08,
1405,3524,iniciado,2026-09-08,
1406,2411,abandonado,2026-09-08,Sin actividad posterior registrada
1407,1251,pausado,2026-09-08,
1408,247,iniciado,2026-09-08,
1409,2498,iniciado,2026-09-08,
1410,3933,iniciado,2026-09-08,
1411,3032,iniciado,2026-09-08,
1412,407,iniciado,2026-09-08,
1413,3882,iniciado,2026-09-08,
1414,3125,iniciado,2026-09-08,
1415,852,iniciado,2026-09-08,
1416,2563,iniciado,2026-09-08,
1417,865,en_progreso,2026-09-08,
1418,333,iniciado,2026-09-08,
1419,644,iniciado,2026-09-08,
1420,983,iniciado,2026-09-08,
1421,712,iniciado,2026-09-08,
1422,2261,iniciado,2026-09-08,
1423,308,iniciado,2026-09-08,
1424,642,iniciado,2026-09-08,
1425,11,iniciado,2026-09-08,
1426,1674,iniciado,2026-09-08,
1427,1846,iniciado,2026-09-08,
1428,2824,iniciado,2026-09-08,
1429,2433,iniciado,2026-09-08,
1430,1925,iniciado,2026-09-08,
1431,1193,iniciado,2026-09-08,
1432,134,iniciado,2026-09-08,
1433,949,iniciado,2026-09-08,
1434,1181,iniciado,2026-09-08,
1435,2896,iniciado,2026-09-08,
1436,1159,iniciado,2026-09-08,
1437,2880,iniciado,2026-09-08,
1438,3521,iniciado,2026-09-08,
1439,1860,iniciado,2026-09-08,
1440,292,iniciado,2026-09-08,
1441,2816,en_progreso,2026-09-08,
1442,3241,iniciado,2026-09-08,
1443,2561,iniciado,2026-09-08,
1444,2416,iniciado,2026-09-08,
1445,2709,completado,2026-09-08,Modulo finalizado por el estudiante
1446,811,iniciado,2026-09-08,
1447,1742,iniciado,2026-09-08,
1448,471,iniciado,2026-09-08,
1449,2231,iniciado,2026-09-08,
1450,921,en_progreso,2026-09-08,
1451,3721,iniciado,2026-09-08,
1452,1089,iniciado,2026-09-08,
1453,3386,iniciado,2026-09-08,
1454,583,iniciado,2026-09-08,
1455,293,en_progreso,2026-09-08,
1456,2438,pausado,2026-09-08,
1457,2332,completado,2026-09-08,Modulo finalizado por el estudiante
1458,1799,iniciado,2026-09-08,
1459,510,iniciado,2026-09-08,
1460,1920,iniciado,2026-09-08,
1461,2821,iniciado,2026-09-08,
1462,1246,iniciado,2026-09-08,
1463,2867,iniciado,2026-09-08,
1464,1649,completado,2026-09-08,Modulo finalizado por el estudiante
1465,2050,iniciado,2026-09-08,
1466,2212,iniciado,2026-09-08,
1467,2023,iniciado,2026-09-08,
1468,1794,iniciado,2026-09-08,
1469,330,iniciado,2026-09-08,
1470,2450,iniciado,2026-09-08,
1471,164,completado,2026-09-08,Modulo finalizado por el estudiante
1472,3009,iniciado,2026-09-08,
1473,1321,pausado,2026-09-08,
1474,106,en_progreso,2026-09-08,
1475,3425,completado,2026-09-08,Modulo finalizado por el estudiante
1476,2405,iniciado,2026-09-08,
1477,3895,iniciado,2026-09-08,
1478,85,iniciado,2026-09-08,
1479,3133,iniciado,2026-09-08,
1480,2754,iniciado,2026-09-08,
1481,3365,iniciado,2026-09-08,
1482,1104,iniciado,2026-09-08,
1483,2361,en_progreso,2026-09-08,
1484,1928,en_progreso,2026-09-08,
1485,1140,en_progreso,2026-09-08,
1486,2601,completado,2026-09-08,Modulo finalizado por el estudiante
1487,3970,en_progreso,2026-09-08,
1488,1366,iniciado,2026-09-08,
1489,1316,iniciado,2026-09-08,
1490,2745,iniciado,2026-09-08,
1491,429,iniciado,2026-09-08,
1492,3514,iniciado,2026-09-08,
1493,659,iniciado,2026-09-08,
1494,1351,iniciado,2026-09-08,
1495,1687,pausado,2026-09-08,
1496,1181,pausado,2026-09-08,
1497,1641,iniciado,2026-09-08,
1498,3333,iniciado,2026-09-08,
1499,3116,pausado,2026-09-08,
1500,1863,en_progreso,2026-09-08,
1501,475,iniciado,2026-09-08,
1502,3974,iniciado,2026-09-08,
1503,3165,en_progreso,2026-09-08,
1504,4048,iniciado,2026-09-08,
1505,5,iniciado,2026-09-08,
1506,2694,iniciado,2026-09-08,
1507,3561,en_progreso,2026-09-08,
1508,769,iniciado,2026-09-08,
1509,2124,iniciado,2026-09-08,
1510,1482,pausado,2026-09-08,
1511,2042,iniciado,2026-09-08,
1512,2562,en_progreso,2026-09-08,
1513,1094,en_progreso,2026-09-08,
1514,1795,completado,2026-09-08,Modulo finalizado por el estudiante
1515,1986,iniciado,2026-09-08,
1516,498,en_progreso,2026-09-08,
1517,3274,iniciado,2026-09-08,
1518,981,pausado,2026-09-08,
1519,1273,iniciado,2026-09-08,
1520,2257,iniciado,2026-09-08,
1521,57,iniciado,2026-09-08,
1522,2263,iniciado,2026-09-08,
1523,1672,iniciado,2026-09-08,
1524,382,en_progreso,2026-09-08,
1525,465,iniciado,2026-09-08,
1526,1891,iniciado,2026-09-08,
1527,3880,iniciado,2026-09-08,
1528,482,iniciado,2026-09-08,
1529,2654,iniciado,2026-09-08,
1530,3409,iniciado,2026-09-08,
1531,631,iniciado,2026-09-08,
1532,2042,completado,2026-09-08,Modulo finalizado por el estudiante
1533,1196,iniciado,2026-09-08,
1534,2085,iniciado,2026-09-08,
1535,2890,iniciado,2026-09-08,
1536,1120,iniciado,2026-09-08,
1537,1702,iniciado,2026-09-08,
1538,3420,en_progreso,2026-09-08,
1539,1871,iniciado,2026-09-08,
1540,2258,iniciado,2026-09-08,
1541,593,iniciado,2026-09-08,
1542,1572,iniciado,2026-09-08,
1543,781,iniciado,2026-09-08,
1544,3776,iniciado,2026-09-08,
1545,2456,iniciado,2026-09-08,
1546,2082,iniciado,2026-09-08,
1547,3057,iniciado,2026-09-08,
1548,3602,en_progreso,2026-09-08,
1549,3165,completado,2026-09-08,Modulo finalizado por el estudiante
1550,1700,en_progreso,2026-09-08,
1551,1095,iniciado,2026-09-08,
1552,3361,en_progreso,2026-09-08,
1553,3431,iniciado,2026-09-08,
1554,2405,pausado,2026-09-08,
1555,2704,en_progreso,2026-09-08,
1556,2207,iniciado,2026-09-08,
1557,1984,en_progreso,2026-09-08,
1558,2226,en_progreso,2026-09-08,
1559,3562,iniciado,2026-09-08,
1560,773,iniciado,2026-09-08,
1561,4018,iniciado,2026-09-08,
1562,2857,en_progreso,2026-09-08,
1563,3507,completado,2026-09-08,Modulo finalizado por el estudiante
1564,179,iniciado,2026-09-08,
1565,1304,iniciado,2026-09-08,
1566,3051,iniciado,2026-09-08,
1567,1938,pausado,2026-09-08,
1568,3324,iniciado,2026-09-08,
1569,1562,iniciado,2026-09-08,
1570,1582,iniciado,2026-09-08,
1571,4049,iniciado,2026-09-08,
1572,2719,iniciado,2026-09-08,
1573,3246,iniciado,2026-09-08,
1574,3362,iniciado,2026-09-08,
1575,2671,iniciado,2026-09-08,
1576,4018,en_progreso,2026-09-08,
1577,518,en_progreso,2026-09-08,
1578,3563,iniciado,2026-09-08,
1579,412,en_progreso,2026-09-08,
1580,1804,iniciado,2026-09-08,
1581,409,iniciado,2026-09-08,
1582,2155,iniciado,2026-09-08,
1583,3730,iniciado,2026-09-08,
1584,1872,iniciado,2026-09-08,
1585,63,iniciado,2026-09-08,
1586,2960,iniciado,2026-09-08,
1587,591,iniciado,2026-09-08,
1588,1680,iniciado,2026-09-08,
1589,3568,iniciado,2026-09-08,
1590,2682,iniciado,2026-09-08,
1591,3973,iniciado,2026-09-08,
1592,633,iniciado,2026-09-08,
1593,307,iniciado,2026-09-08,
1594,1924,iniciado,2026-09-08,
1595,3202,iniciado,2026-09-08,
1596,3970,en_progreso,2026-09-08,
1597,1629,iniciado,2026-09-08,
1598,2662,en_progreso,2026-09-08,
1599,2763,iniciado,2026-09-08,
1600,3520,iniciado,2026-09-08,
1601,2186,iniciado,2026-09-08,
1602,1557,abandonado,2026-09-08,Sin actividad posterior registrada
1603,2568,pausado,2026-09-08,
1604,3111,iniciado,2026-09-08,
1605,1999,iniciado,2026-09-08,
1606,3574,en_progreso,2026-09-08,
1607,962,iniciado,2026-09-08,
1608,2586,iniciado,2026-09-08,
1609,2804,iniciado,2026-09-08,
1610,3773,iniciado,2026-09-08,
1611,1178,iniciado,2026-09-08,
1612,4086,en_progreso,2026-09-08,
1613,4008,iniciado,2026-09-08,
1614,404,completado,2026-09-08,Modulo finalizado por el estudiante
1615,2884,iniciado,2026-09-08,
1616,3575,en_progreso,2026-09-08,
1617,1227,completado,2026-09-08,Modulo finalizado por el estudiante
1618,189,iniciado,2026-09-08,
1619,1329,completado,2026-09-08,Modulo finalizado por el estudiante
1620,1202,iniciado,2026-09-08,
1621,1469,iniciado,2026-09-08,
1622,1536,iniciado,2026-09-08,
1623,1765,iniciado,2026-09-08,
1624,597,iniciado,2026-09-08,
1625,1001,en_progreso,2026-09-08,
1626,3247,iniciado,2026-09-08,
1627,738,iniciado,2026-09-08,
1628,697,iniciado,2026-09-08,
1629,718,iniciado,2026-09-08,
1630,324,iniciado,2026-09-08,
1631,2497,iniciado,2026-09-08,
1632,3567,iniciado,2026-09-08,
1633,1567,pausado,2026-09-08,
1634,987,en_progreso,2026-09-08,
1635,952,iniciado,2026-09-08,
1636,1889,iniciado,2026-09-08,
1637,2613,en_progreso,2026-09-08,
1638,1046,iniciado,2026-09-08,
1639,2732,en_progreso,2026-09-08,
1640,3692,en_progreso,2026-09-08,
1641,303,iniciado,2026-09-08,
1642,1810,completado,2026-09-08,Modulo finalizado por el estudiante
1643,4046,iniciado,2026-09-08,
1644,2407,iniciado,2026-09-08,
1645,1226,iniciado,2026-09-08,
1646,2618,abandonado,2026-09-08,Sin actividad posterior registrada
1647,2828,iniciado,2026-09-08,
1648,1025,iniciado,2026-09-08,
1649,1872,completado,2026-09-08,Modulo finalizado por el estudiante
1650,816,abandonado,2026-09-08,Sin actividad posterior registrada
1651,3496,iniciado,2026-09-08,
1652,1980,iniciado,2026-09-08,
1653,437,iniciado,2026-09-08,
1654,972,iniciado,2026-09-08,
1655,1563,iniciado,2026-09-08,
1656,2343,iniciado,2026-09-08,
1657,1471,en_progreso,2026-09-08,
1658,4067,iniciado,2026-09-08,
1659,2865,iniciado,2026-09-08,
1660,1210,iniciado,2026-09-08,
1661,90,iniciado,2026-09-08,
1662,4006,completado,2026-09-08,Modulo finalizado por el estudiante
1663,1622,en_progreso,2026-09-08,
1664,2810,iniciado,2026-09-08,
1665,3188,iniciado,2026-09-08,
1666,3051,abandonado,2026-09-08,Sin actividad posterior registrada
1667,3730,pausado,2026-09-08,
1668,2035,iniciado,2026-09-08,
1669,3412,completado,2026-09-08,Modulo finalizado por el estudiante
1670,1173,iniciado,2026-09-08,
1671,3178,completado,2026-09-08,Modulo finalizado por el estudiante
1672,2487,iniciado,2026-09-08,
1673,3285,iniciado,2026-09-08,
1674,1444,iniciado,2026-09-08,
1675,898,iniciado,2026-09-08,
1676,2608,iniciado,2026-09-08,
1677,779,pausado,2026-09-08,
1678,2777,iniciado,2026-09-08,
1679,3095,iniciado,2026-09-08,
1680,2953,completado,2026-09-08,Modulo finalizado por el estudiante
1681,2789,iniciado,2026-09-08,
1682,3434,iniciado,2026-09-08,
1683,561,iniciado,2026-09-08,
1684,2574,iniciado,2026-09-08,
1685,398,completado,2026-09-08,Modulo finalizado por el estudiante
1686,2648,iniciado,2026-09-08,
1687,162,iniciado,2026-09-08,
1688,1266,iniciado,2026-09-08,
1689,3231,iniciado,2026-09-08,
1690,1806,iniciado,2026-09-08,
1691,137,iniciado,2026-09-08,
1692,2374,iniciado,2026-09-08,
1693,1495,pausado,2026-09-08,
1694,370,iniciado,2026-09-08,
1695,3726,iniciado,2026-09-08,
1696,1209,iniciado,2026-09-08,
1697,1339,pausado,2026-09-08,
1698,720,iniciado,2026-09-08,
1699,823,iniciado,2026-09-08,
1700,542,iniciado,2026-09-08,
1701,3222,en_progreso,2026-09-08,
1702,2175,iniciado,2026-09-08,
1703,2056,iniciado,2026-09-08,
1704,3742,iniciado,2026-09-08,
1705,1117,iniciado,2026-09-08,
1706,3402,iniciado,2026-09-08,
1707,674,iniciado,2026-09-08,
1708,1053,iniciado,2026-09-08,
1709,3744,iniciado,2026-09-08,
1710,3378,iniciado,2026-09-08,
1711,3868,iniciado,2026-09-08,
1712,1974,iniciado,2026-09-08,
1713,3963,iniciado,2026-09-08,
1714,3304,en_progreso,2026-09-08,
1715,3295,iniciado,2026-09-08,
1716,472,iniciado,2026-09-08,
1717,1919,iniciado,2026-09-08,
1718,3945,iniciado,2026-09-08,
1719,309,en_progreso,2026-09-08,
1720,3524,pausado,2026-09-08,
1721,2763,abandonado,2026-09-08,Sin actividad posterior registrada
1722,3962,iniciado,2026-09-08,
1723,3465,iniciado,2026-09-08,
1724,3296,iniciado,2026-09-08,
1725,2283,iniciado,2026-09-08,
1726,1499,iniciado,2026-09-08,
1727,370,completado,2026-09-08,Modulo finalizado por el estudiante
1728,58,en_progreso,2026-09-08,
1729,1510,iniciado,2026-09-08,
1730,2756,pausado,2026-09-08,
1731,1074,iniciado,2026-09-08,
1732,2395,en_progreso,2026-09-08,
1733,1522,iniciado,2026-09-08,
1734,444,iniciado,2026-09-08,
1735,2765,iniciado,2026-09-08,
1736,958,iniciado,2026-09-08,
1737,1932,iniciado,2026-09-08,
1738,103,pausado,2026-09-08,
1739,3864,iniciado,2026-09-08,
1740,2300,en_progreso,2026-09-08,
1741,2653,iniciado,2026-09-08,
1742,259,iniciado,2026-09-08,
1743,2603,iniciado,2026-09-08,
1744,3375,iniciado,2026-09-08,
1745,1902,iniciado,2026-09-08,
1746,3725,iniciado,2026-09-08,
1747,2872,iniciado,2026-09-08,
1748,1238,iniciado,2026-09-08,
1749,2660,iniciado,2026-09-08,
1750,1673,iniciado,2026-09-08,
1751,478,iniciado,2026-09-08,
1752,573,iniciado,2026-09-08,
1753,186,iniciado,2026-09-08,
1754,3876,iniciado,2026-09-08,
1755,153,iniciado,2026-09-08,
1756,1247,iniciado,2026-09-08,
1757,4080,iniciado,2026-09-08,
1758,2018,iniciado,2026-09-08,
1759,476,iniciado,2026-09-08,
1760,399,iniciado,2026-09-08,
1761,962,completado,2026-09-08,Modulo finalizado por el estudiante
1762,556,en_progreso,2026-09-08,
1763,1520,iniciado,2026-09-08,
1764,2747,completado,2026-09-08,Modulo finalizado por el estudiante
1765,2853,iniciado,2026-09-08,
1766,3875,iniciado,2026-09-08,
1767,2213,en_progreso,2026-09-08,
1768,633,completado,2026-09-08,Modulo finalizado por el estudiante
1769,2683,iniciado,2026-09-08,
1770,406,iniciado,2026-09-08,
1771,3415,en_progreso,2026-09-08,
1772,3898,iniciado,2026-09-08,
1773,1146,en_progreso,2026-09-08,
1774,1817,iniciado,2026-09-08,
1775,1822,iniciado,2026-09-08,
1776,3894,iniciado,2026-09-08,
1777,968,iniciado,2026-09-08,
1778,3504,en_progreso,2026-09-08,
1779,1505,iniciado,2026-09-08,
1780,2231,completado,2026-09-08,Modulo finalizado por el estudiante
1781,2642,iniciado,2026-09-08,
1782,1470,iniciado,2026-09-08,
1783,249,en_progreso,2026-09-08,
1784,501,iniciado,2026-09-08,
1785,3888,completado,2026-09-08,Modulo finalizado por el estudiante
1786,1863,en_progreso,2026-09-08,
1787,2620,pausado,2026-09-08,
1788,88,iniciado,2026-09-08,
1789,208,completado,2026-09-08,Modulo finalizado por el estudiante
1790,998,iniciado,2026-09-08,
1791,4051,iniciado,2026-09-08,
1792,516,completado,2026-09-08,Modulo finalizado por el estudiante
1793,841,iniciado,2026-09-08,
1794,282,en_progreso,2026-09-08,
1795,2271,en_progreso,2026-09-08,
1796,3563,en_progreso,2026-09-08,
1797,3231,completado,2026-09-08,Modulo finalizado por el estudiante
1798,12,iniciado,2026-09-08,
1799,1136,en_progreso,2026-09-08,
1800,593,abandonado,2026-09-08,Sin actividad posterior registrada
1801,2213,en_progreso,2026-09-08,
1802,2708,iniciado,2026-09-08,
1803,3549,iniciado,2026-09-08,
1804,106,en_progreso,2026-09-08,
1805,3230,iniciado,2026-09-08,
1806,975,pausado,2026-09-08,
1807,65,iniciado,2026-09-08,
1808,714,iniciado,2026-09-08,
1809,1087,en_progreso,2026-09-08,
1810,2155,en_progreso,2026-09-08,
1811,1837,iniciado,2026-09-08,
1812,3187,iniciado,2026-09-08,
1813,1483,en_progreso,2026-09-08,
1814,2064,iniciado,2026-09-08,
1815,908,completado,2026-09-08,Modulo finalizado por el estudiante
1816,178,pausado,2026-09-08,
1817,3723,iniciado,2026-09-08,
1818,3552,iniciado,2026-09-08,
1819,2699,en_progreso,2026-09-08,
1820,3949,iniciado,2026-09-08,
1821,128,en_progreso,2026-09-08,
1822,1646,iniciado,2026-09-08,
1823,1747,iniciado,2026-09-08,
1824,2811,iniciado,2026-09-08,
1825,443,en_progreso,2026-09-08,
1826,302,iniciado,2026-09-08,
1827,3684,iniciado,2026-09-08,
1828,331,en_progreso,2026-09-08,
1829,517,iniciado,2026-09-08,
1830,1127,pausado,2026-09-08,
1831,2398,iniciado,2026-09-08,
1832,2247,iniciado,2026-09-08,
1833,2917,iniciado,2026-09-08,
1834,1332,en_progreso,2026-09-08,
1835,1208,iniciado,2026-09-08,
1836,1859,en_progreso,2026-09-08,
1837,3249,iniciado,2026-09-08,
1838,2875,en_progreso,2026-09-08,
1839,3596,iniciado,2026-09-08,
1840,3150,iniciado,2026-09-08,
1841,2259,iniciado,2026-09-08,
1842,2953,en_progreso,2026-09-08,
1843,1762,iniciado,2026-09-08,
1844,1850,completado,2026-09-08,Modulo finalizado por el estudiante
1845,1695,iniciado,2026-09-08,
1846,1389,iniciado,2026-09-08,
1847,3390,iniciado,2026-09-08,
1848,1858,iniciado,2026-09-08,
1849,1634,iniciado,2026-09-08,
1850,1704,pausado,2026-09-08,
1851,1281,iniciado,2026-09-08,
1852,1749,iniciado,2026-09-08,
1853,1281,pausado,2026-09-08,
1854,1534,iniciado,2026-09-08,
1855,3906,en_progreso,2026-09-08,
1856,3781,iniciado,2026-09-08,
1857,1943,iniciado,2026-09-08,
1858,275,iniciado,2026-09-08,
1859,374,iniciado,2026-09-08,
1860,3407,iniciado,2026-09-08,
1861,350,iniciado,2026-09-08,
1862,382,en_progreso,2026-09-08,
1863,1527,iniciado,2026-09-08,
1864,3326,iniciado,2026-09-08,
1865,533,iniciado,2026-09-08,
1866,2279,iniciado,2026-09-08,
1867,246,iniciado,2026-09-08,
1868,2403,iniciado,2026-09-08,
1869,3919,iniciado,2026-09-08,
1870,2301,iniciado,2026-09-08,
1871,2301,en_progreso,2026-09-08,
1872,1449,completado,2026-09-08,Modulo finalizado por el estudiante
1873,3855,completado,2026-09-08,Modulo finalizado por el estudiante
1874,3556,iniciado,2026-09-08,
1875,3752,iniciado,2026-09-08,
1876,2954,iniciado,2026-09-08,
1877,211,iniciado,2026-09-08,
1878,3967,iniciado,2026-09-08,
1879,1179,iniciado,2026-09-08,
1880,2460,en_progreso,2026-09-08,
1881,425,pausado,2026-09-08,
1882,872,iniciado,2026-09-08,
1883,634,pausado,2026-09-08,
1884,919,completado,2026-09-08,Modulo finalizado por el estudiante
1885,1435,iniciado,2026-09-08,
1886,3463,iniciado,2026-09-08,
1887,2279,en_progreso,2026-09-08,
1888,2352,en_progreso,2026-09-08,
1889,2298,abandonado,2026-09-08,Sin actividad posterior registrada
1890,3353,iniciado,2026-09-08,
1891,2547,iniciado,2026-09-08,
1892,2514,iniciado,2026-09-08,
1893,2765,pausado,2026-09-08,
1894,108,iniciado,2026-09-08,
1895,2495,completado,2026-09-08,Modulo finalizado por el estudiante
1896,3398,pausado,2026-09-08,
1897,119,iniciado,2026-09-08,
1898,739,iniciado,2026-09-08,
1899,1120,pausado,2026-09-08,
1900,1266,completado,2026-09-08,Modulo finalizado por el estudiante
1901,1438,iniciado,2026-09-08,
1902,26,iniciado,2026-09-08,
1903,744,iniciado,2026-09-08,
1904,3563,en_progreso,2026-09-08,
1905,286,iniciado,2026-09-08,
1906,582,iniciado,2026-09-08,
1907,3036,iniciado,2026-09-08,
1908,2594,iniciado,2026-09-08,
1909,3981,en_progreso,2026-09-08,
1910,882,en_progreso,2026-09-08,
1911,1859,en_progreso,2026-09-08,
1912,2956,iniciado,2026-09-08,
1913,1329,en_progreso,2026-09-08,
1914,2325,iniciado,2026-09-08,
1915,2443,en_progreso,2026-09-08,
1916,645,completado,2026-09-08,Modulo finalizado por el estudiante
1917,204,iniciado,2026-09-08,
1918,2761,iniciado,2026-09-08,
1919,335,iniciado,2026-09-08,
1920,1115,iniciado,2026-09-08,
1921,1815,iniciado,2026-09-08,
1922,2712,en_progreso,2026-09-08,
1923,1697,iniciado,2026-09-08,
1924,1119,iniciado,2026-09-08,
1925,883,iniciado,2026-09-08,
1926,3093,iniciado,2026-09-08,
1927,2099,iniciado,2026-09-08,
1928,467,iniciado,2026-09-08,
1929,1414,iniciado,2026-09-08,
1930,1761,en_progreso,2026-09-08,
1931,2778,iniciado,2026-09-08,
1932,2780,iniciado,2026-09-08,
1933,2430,iniciado,2026-09-08,
1934,1994,en_progreso,2026-09-08,
1935,904,iniciado,2026-09-08,
1936,1619,iniciado,2026-09-08,
1937,4033,iniciado,2026-09-08,
1938,2455,iniciado,2026-09-08,
1939,225,iniciado,2026-09-08,
1940,32,iniciado,2026-09-08,
1941,838,iniciado,2026-09-08,
1942,1235,iniciado,2026-09-08,
1943,3873,iniciado,2026-09-08,
1944,866,iniciado,2026-09-08,
1945,3144,iniciado,2026-09-08,
1946,563,iniciado,2026-09-08,
1947,3131,iniciado,2026-09-08,
1948,1047,iniciado,2026-09-08,
1949,1186,en_progreso,2026-09-08,
1950,3060,en_progreso,2026-09-08,
1951,2182,pausado,2026-09-08,
1952,2050,pausado,2026-09-08,
1953,2737,completado,2026-09-08,Modulo finalizado por el estudiante
1954,296,iniciado,2026-09-08,
1955,1627,iniciado,2026-09-08,
1956,3530,pausado,2026-09-08,
1957,1787,en_progreso,2026-09-08,
1958,3532,iniciado,2026-09-08,
1959,1283,iniciado,2026-09-08,
1960,2359,en_progreso,2026-09-08,
1961,2623,iniciado,2026-09-08,
1962,1711,iniciado,2026-09-08,
1963,1186,en_progreso,2026-09-08,
1964,1331,iniciado,2026-09-08,
1965,704,iniciado,2026-09-08,
1966,3283,completado,2026-09-08,Modulo finalizado por el estudiante
1967,1885,iniciado,2026-09-08,
1968,3408,iniciado,2026-09-08,
1969,2825,iniciado,2026-09-08,
1970,3768,iniciado,2026-09-08,
1971,1483,en_progreso,2026-09-08,
1972,997,en_progreso,2026-09-08,
1973,323,en_progreso,2026-09-08,
1974,1391,iniciado,2026-09-08,
1975,908,en_progreso,2026-09-08,
1976,689,iniciado,2026-09-08,
1977,313,iniciado,2026-09-08,
1978,2091,iniciado,2026-09-08,
1979,2594,en_progreso,2026-09-08,
1980,3711,iniciado,2026-09-08,
1981,3180,iniciado,2026-09-08,
1982,1432,iniciado,2026-09-08,
1983,1439,pausado,2026-09-08,
1984,3355,iniciado,2026-09-08,
1985,2644,iniciado,2026-09-08,
1986,3339,en_progreso,2026-09-08,
1987,1049,iniciado,2026-09-08,
1988,809,iniciado,2026-09-08,
1989,711,iniciado,2026-09-08,
1990,2468,iniciado,2026-09-08,
1991,627,completado,2026-09-08,Modulo finalizado por el estudiante
1992,2685,en_progreso,2026-09-08,
1993,2573,iniciado,2026-09-08,
1994,2024,iniciado,2026-09-08,
1995,1901,iniciado,2026-09-08,
1996,3091,iniciado,2026-09-08,
1997,2310,iniciado,2026-09-08,
1998,3113,iniciado,2026-09-08,
1999,2374,en_progreso,2026-09-08,
2000,2313,iniciado,2026-09-08,
2001,2620,en_progreso,2026-09-09,
2002,1004,en_progreso,2026-09-09,
2003,2772,pausado,2026-09-09,
2004,2234,en_progreso,2026-09-09,
2005,123,en_progreso,2026-09-09,
2006,2466,en_progreso,2026-09-09,
2007,2662,pausado,2026-09-09,
2008,1719,en_progreso,2026-09-09,
2009,3316,en_progreso,2026-09-09,
2010,3109,en_progreso,2026-09-09,
2011,2860,en_progreso,2026-09-09,
2012,882,en_progreso,2026-09-09,
2013,1379,en_progreso,2026-09-09,
2014,1471,en_progreso,2026-09-09,
2015,2473,en_progreso,2026-09-09,
2016,1882,en_progreso,2026-09-09,
2017,1551,en_progreso,2026-09-09,
2018,2575,pausado,2026-09-09,
2019,3530,en_progreso,2026-09-09,
2020,285,en_progreso,2026-09-09,
2021,934,en_progreso,2026-09-09,
2022,4036,en_progreso,2026-09-09,
2023,954,en_progreso,2026-09-09,
2024,1557,en_progreso,2026-09-09,
2025,2604,completado,2026-09-09,Modulo finalizado por el estudiante
2026,667,en_progreso,2026-09-09,
2027,1094,pausado,2026-09-09,
2028,2800,pausado,2026-09-09,
2029,2496,pausado,2026-09-09,
2030,2188,pausado,2026-09-09,
2031,670,en_progreso,2026-09-09,
2032,3791,pausado,2026-09-09,
2033,2282,en_progreso,2026-09-09,
2034,3148,en_progreso,2026-09-09,
2035,939,en_progreso,2026-09-09,
2036,3298,en_progreso,2026-09-09,
2037,865,en_progreso,2026-09-09,
2038,2324,en_progreso,2026-09-09,
2039,1289,en_progreso,2026-09-09,
2040,3624,en_progreso,2026-09-09,
2041,1880,en_progreso,2026-09-09,
2042,3052,pausado,2026-09-09,
2043,1077,pausado,2026-09-09,
2044,1755,en_progreso,2026-09-09,
2045,1636,en_progreso,2026-09-09,
2046,567,en_progreso,2026-09-09,
2047,193,en_progreso,2026-09-09,
2048,627,en_progreso,2026-09-09,
2049,3245,pausado,2026-09-09,
2050,2443,en_progreso,2026-09-09,
2051,4081,en_progreso,2026-09-09,
2052,2267,en_progreso,2026-09-09,
2053,48,pausado,2026-09-09,
2054,470,en_progreso,2026-09-09,
2055,2200,en_progreso,2026-09-09,
2056,3149,pausado,2026-09-09,
2057,457,en_progreso,2026-09-09,
2058,14,en_progreso,2026-09-09,
2059,3588,pausado,2026-09-09,
2060,3981,en_progreso,2026-09-09,
2061,3739,en_progreso,2026-09-09,
2062,3448,pausado,2026-09-09,
2063,2495,en_progreso,2026-09-09,
2064,1532,iniciado,2026-09-09,
2065,3124,iniciado,2026-09-09,
2066,662,en_progreso,2026-09-09,
2067,2173,en_progreso,2026-09-09,
2068,2454,en_progreso,2026-09-09,
2069,3806,en_progreso,2026-09-09,
2070,3305,en_progreso,2026-09-09,
2071,3597,pausado,2026-09-09,
2072,323,en_progreso,2026-09-09,
2073,284,abandonado,2026-09-09,Sin actividad posterior registrada
2074,2182,completado,2026-09-09,Modulo finalizado por el estudiante
2075,526,pausado,2026-09-09,
2076,3879,en_progreso,2026-09-09,
2077,3574,pausado,2026-09-09,
2078,3951,en_progreso,2026-09-09,
2079,2990,pausado,2026-09-09,
2080,2921,en_progreso,2026-09-09,
2081,2662,en_progreso,2026-09-09,
2082,1850,en_progreso,2026-09-09,
2083,921,en_progreso,2026-09-09,
2084,87,pausado,2026-09-09,
2085,943,pausado,2026-09-09,
2086,30,iniciado,2026-09-09,
2087,291,pausado,2026-09-09,
2088,242,en_progreso,2026-09-09,
2089,3522,en_progreso,2026-09-09,
2090,1141,pausado,2026-09-09,
2091,878,en_progreso,2026-09-09,
2092,3615,pausado,2026-09-09,
2093,1937,en_progreso,2026-09-09,
2094,1668,en_progreso,2026-09-09,
2095,1766,en_progreso,2026-09-09,
2096,3539,pausado,2026-09-09,
2097,2759,pausado,2026-09-09,
2098,2647,en_progreso,2026-09-09,
2099,1390,en_progreso,2026-09-09,
2100,448,en_progreso,2026-09-09,
2101,1838,iniciado,2026-09-09,
2102,575,iniciado,2026-09-09,
2103,1729,en_progreso,2026-09-09,
2104,3582,completado,2026-09-09,Modulo finalizado por el estudiante
2105,1816,completado,2026-09-09,Modulo finalizado por el estudiante
2106,3507,en_progreso,2026-09-09,
2107,208,en_progreso,2026-09-09,
2108,2215,en_progreso,2026-09-09,
2109,3970,en_progreso,2026-09-09,
2110,969,en_progreso,2026-09-09,
2111,876,en_progreso,2026-09-09,
2112,3697,en_progreso,2026-09-09,
2113,4036,en_progreso,2026-09-09,
2114,3796,en_progreso,2026-09-09,
2115,1864,en_progreso,2026-09-09,
2116,2993,en_progreso,2026-09-09,
2117,2277,pausado,2026-09-09,
2118,1994,en_progreso,2026-09-09,
2119,3968,en_progreso,2026-09-09,
2120,250,pausado,2026-09-09,
2121,235,en_progreso,2026-09-09,
2122,3766,en_progreso,2026-09-09,
2123,645,en_progreso,2026-09-09,
2124,2081,en_progreso,2026-09-09,
2125,2438,en_progreso,2026-09-09,
2126,1654,en_progreso,2026-09-09,
2127,1009,pausado,2026-09-09,
2128,163,pausado,2026-09-09,
2129,1718,pausado,2026-09-09,
2130,2316,en_progreso,2026-09-09,
2131,837,pausado,2026-09-09,
2132,1287,en_progreso,2026-09-09,
2133,2752,pausado,2026-09-09,
2134,1873,en_progreso,2026-09-09,
2135,298,en_progreso,2026-09-09,
2136,2307,en_progreso,2026-09-09,
2137,301,en_progreso,2026-09-09,
2138,543,completado,2026-09-09,Modulo finalizado por el estudiante
2139,3609,en_progreso,2026-09-09,
2140,1168,en_progreso,2026-09-09,
2141,2882,en_progreso,2026-09-09,
2142,3306,pausado,2026-09-09,
2143,33,pausado,2026-09-09,
2144,2272,en_progreso,2026-09-09,
2145,3846,en_progreso,2026-09-09,
2146,1084,en_progreso,2026-09-09,
2147,2267,en_progreso,2026-09-09,
2148,1155,pausado,2026-09-09,
2149,2940,en_progreso,2026-09-09,
2150,3494,en_progreso,2026-09-09,
2151,3709,en_progreso,2026-09-09,
2152,209,en_progreso,2026-09-09,
2153,1134,en_progreso,2026-09-09,
2154,536,pausado,2026-09-09,
2155,1073,en_progreso,2026-09-09,
2156,2891,en_progreso,2026-09-09,
2157,309,completado,2026-09-09,Modulo finalizado por el estudiante
2158,2831,completado,2026-09-09,Modulo finalizado por el estudiante
2159,2235,en_progreso,2026-09-09,
2160,2264,en_progreso,2026-09-09,
2161,1263,en_progreso,2026-09-09,
2162,3983,completado,2026-09-09,Modulo finalizado por el estudiante
2163,3682,en_progreso,2026-09-09,
2164,2732,en_progreso,2026-09-09,
2165,3622,en_progreso,2026-09-09,
2166,3989,pausado,2026-09-09,
2167,634,completado,2026-09-09,Modulo finalizado por el estudiante
2168,970,completado,2026-09-09,Modulo finalizado por el estudiante
2169,3999,iniciado,2026-09-09,
2170,3277,completado,2026-09-09,Modulo finalizado por el estudiante
2171,3611,en_progreso,2026-09-09,
2172,3787,iniciado,2026-09-09,
2173,1361,iniciado,2026-09-09,
2174,3205,en_progreso,2026-09-09,
2175,3286,pausado,2026-09-09,
2176,3011,completado,2026-09-09,Modulo finalizado por el estudiante
2177,1093,en_progreso,2026-09-09,
2178,1567,completado,2026-09-09,Modulo finalizado por el estudiante
2179,3517,en_progreso,2026-09-09,
2180,3762,en_progreso,2026-09-09,
2181,3258,completado,2026-09-09,Modulo finalizado por el estudiante
2182,914,en_progreso,2026-09-09,
2183,1345,en_progreso,2026-09-09,
2184,3168,iniciado,2026-09-09,
2185,1144,en_progreso,2026-09-09,
2186,2784,en_progreso,2026-09-09,
2187,2197,en_progreso,2026-09-09,
2188,3593,en_progreso,2026-09-09,
2189,732,pausado,2026-09-09,
2190,4029,en_progreso,2026-09-09,
2191,1780,en_progreso,2026-09-09,
2192,1788,iniciado,2026-09-09,
2193,2484,abandonado,2026-09-09,Sin actividad posterior registrada
2194,474,en_progreso,2026-09-09,
2195,1044,en_progreso,2026-09-09,
2196,2130,en_progreso,2026-09-09,
2197,2206,pausado,2026-09-09,
2198,3852,pausado,2026-09-09,
2199,2747,en_progreso,2026-09-09,
2200,1767,en_progreso,2026-09-09,
2201,1353,pausado,2026-09-09,
2202,2718,en_progreso,2026-09-09,
2203,2949,en_progreso,2026-09-09,
2204,2078,en_progreso,2026-09-09,
2205,1649,en_progreso,2026-09-09,
2206,2271,en_progreso,2026-09-09,
2207,3852,en_progreso,2026-09-09,
2208,713,pausado,2026-09-09,
2209,1233,en_progreso,2026-09-09,
2210,1245,en_progreso,2026-09-09,
2211,2376,pausado,2026-09-09,
2212,1320,iniciado,2026-09-09,
2213,1905,en_progreso,2026-09-09,
2214,2094,en_progreso,2026-09-09,
2215,3261,en_progreso,2026-09-09,
2216,2699,en_progreso,2026-09-09,
2217,2593,pausado,2026-09-09,
2218,383,en_progreso,2026-09-09,
2219,3077,en_progreso,2026-09-09,
2220,3304,en_progreso,2026-09-09,
2221,1003,en_progreso,2026-09-09,
2222,2504,completado,2026-09-09,Modulo finalizado por el estudiante
2223,299,iniciado,2026-09-09,
2224,1866,iniciado,2026-09-09,
2225,1698,completado,2026-09-09,Modulo finalizado por el estudiante
2226,2358,en_progreso,2026-09-09,
2227,2025,en_progreso,2026-09-09,
2228,2817,en_progreso,2026-09-09,
2229,3155,completado,2026-09-09,Modulo finalizado por el estudiante
2230,3189,iniciado,2026-09-09,
2231,1742,en_progreso,2026-09-09,
2232,2851,en_progreso,2026-09-09,
2233,1021,completado,2026-09-09,Modulo finalizado por el estudiante
2234,498,en_progreso,2026-09-09,
2235,2735,en_progreso,2026-09-09,
2236,1300,abandonado,2026-09-09,Sin actividad posterior registrada
2237,3652,en_progreso,2026-09-09,
2238,3654,en_progreso,2026-09-09,
2239,2245,en_progreso,2026-09-09,
2240,3529,en_progreso,2026-09-09,
2241,1013,en_progreso,2026-09-09,
2242,1136,en_progreso,2026-09-09,
2243,2136,en_progreso,2026-09-09,
2244,1802,en_progreso,2026-09-09,
2245,1113,en_progreso,2026-09-09,
2246,331,en_progreso,2026-09-09,
2247,2843,en_progreso,2026-09-09,
2248,1700,en_progreso,2026-09-09,
2249,1704,en_progreso,2026-09-09,
2250,1596,en_progreso,2026-09-09,
2251,2393,en_progreso,2026-09-09,
2252,81,en_progreso,2026-09-09,
2253,3136,pausado,2026-09-09,
2254,1954,en_progreso,2026-09-09,
2255,3087,en_progreso,2026-09-09,
2256,3424,en_progreso,2026-09-09,
2257,2237,en_progreso,2026-09-09,
2258,3678,en_progreso,2026-09-09,
2259,1786,en_progreso,2026-09-09,
2260,2740,pausado,2026-09-09,
2261,1657,pausado,2026-09-09,
2262,3443,iniciado,2026-09-09,
2263,1915,iniciado,2026-09-09,
2264,3767,en_progreso,2026-09-09,
2265,111,iniciado,2026-09-09,
2266,3715,en_progreso,2026-09-09,
2267,112,en_progreso,2026-09-09,
2268,3551,en_progreso,2026-09-09,
2269,1553,en_progreso,2026-09-09,
2270,1383,completado,2026-09-09,Modulo finalizado por el estudiante
2271,1553,en_progreso,2026-09-09,
2272,1727,en_progreso,2026-09-09,
2273,80,pausado,2026-09-09,
2274,214,en_progreso,2026-09-09,
2275,1434,en_progreso,2026-09-09,
2276,3922,pausado,2026-09-09,
2277,3090,en_progreso,2026-09-09,
2278,3438,en_progreso,2026-09-09,
2279,518,en_progreso,2026-09-09,
2280,3883,en_progreso,2026-09-09,
2281,3142,en_progreso,2026-09-09,
2282,3948,pausado,2026-09-09,
2283,470,en_progreso,2026-09-09,
2284,671,en_progreso,2026-09-09,
2285,443,pausado,2026-09-09,
2286,3805,en_progreso,2026-09-09,
2287,3925,en_progreso,2026-09-09,
2288,813,en_progreso,2026-09-09,
2289,2570,iniciado,2026-09-09,
2290,995,iniciado,2026-09-09,
2291,418,pausado,2026-09-09,
2292,1236,en_progreso,2026-09-09,
2293,2460,en_progreso,2026-09-09,
2294,3262,abandonado,2026-09-09,Sin actividad posterior registrada
2295,3206,en_progreso,2026-09-09,
2296,2710,iniciado,2026-09-09,
2297,1518,en_progreso,2026-09-09,
2298,52,completado,2026-09-09,Modulo finalizado por el estudiante
2299,3369,iniciado,2026-09-09,
2300,2008,iniciado,2026-09-09,
2301,433,en_progreso,2026-09-09,
2302,3652,completado,2026-09-09,Modulo finalizado por el estudiante
2303,2898,en_progreso,2026-09-09,
2304,2138,abandonado,2026-09-09,Sin actividad posterior registrada
2305,1107,pausado,2026-09-09,
2306,3767,en_progreso,2026-09-09,
2307,1785,completado,2026-09-09,Modulo finalizado por el estudiante
2308,2427,en_progreso,2026-09-09,
2309,3403,en_progreso,2026-09-09,
2310,1143,completado,2026-09-09,Modulo finalizado por el estudiante
2311,999,en_progreso,2026-09-09,
2312,2335,pausado,2026-09-09,
2313,1553,en_progreso,2026-09-09,
2314,1332,en_progreso,2026-09-09,
2315,3268,en_progreso,2026-09-09,
2316,2442,en_progreso,2026-09-09,
2317,1132,iniciado,2026-09-09,
2318,2277,en_progreso,2026-09-09,
2319,351,en_progreso,2026-09-09,
2320,2275,en_progreso,2026-09-09,
2321,2829,en_progreso,2026-09-09,
2322,1836,en_progreso,2026-09-09,
2323,382,en_progreso,2026-09-09,
2324,997,en_progreso,2026-09-09,
2325,1939,en_progreso,2026-09-09,
2326,1409,en_progreso,2026-09-09,
2327,1355,en_progreso,2026-09-09,
2328,1256,en_progreso,2026-09-09,
2329,789,en_progreso,2026-09-09,
2330,3895,completado,2026-09-09,Modulo finalizado por el estudiante
2331,759,en_progreso,2026-09-09,
2332,1133,pausado,2026-09-09,
2333,4001,completado,2026-09-09,Modulo finalizado por el estudiante
2334,2445,en_progreso,2026-09-09,
2335,796,en_progreso,2026-09-09,
2336,1239,iniciado,2026-09-09,
2337,58,pausado,2026-09-09,
2338,519,en_progreso,2026-09-09,
2339,2267,en_progreso,2026-09-09,
2340,3867,en_progreso,2026-09-09,
2341,2011,en_progreso,2026-09-09,
2342,1165,en_progreso,2026-09-09,
2343,756,en_progreso,2026-09-09,
2344,1035,completado,2026-09-09,Modulo finalizado por el estudiante
2345,1957,en_progreso,2026-09-09,
2346,2015,en_progreso,2026-09-09,
2347,220,en_progreso,2026-09-09,
2348,3888,en_progreso,2026-09-09,
2349,4072,iniciado,2026-09-09,
2350,1017,en_progreso,2026-09-09,
2351,2484,en_progreso,2026-09-09,
2352,2534,en_progreso,2026-09-09,
2353,1846,completado,2026-09-09,Modulo finalizado por el estudiante
2354,1218,iniciado,2026-09-09,
2355,3524,pausado,2026-09-09,
2356,1757,iniciado,2026-09-09,
2357,1251,pausado,2026-09-09,
2358,247,pausado,2026-09-09,
2359,3032,en_progreso,2026-09-09,
2360,2563,en_progreso,2026-09-09,
2361,644,en_progreso,2026-09-09,
2362,642,en_progreso,2026-09-09,
2363,2433,en_progreso,2026-09-09,
2364,1181,pausado,2026-09-09,
2365,2880,completado,2026-09-09,Modulo finalizado por el estudiante
2366,292,pausado,2026-09-09,
2367,3785,iniciado,2026-09-09,
2368,1084,completado,2026-09-09,Modulo finalizado por el estudiante
2369,2561,pausado,2026-09-09,
2370,3293,iniciado,2026-09-09,
2371,3825,iniciado,2026-09-09,
2372,811,en_progreso,2026-09-09,
2373,2653,en_progreso,2026-09-09,
2374,583,en_progreso,2026-09-09,
2375,1260,pausado,2026-09-09,
2376,3377,iniciado,2026-09-09,
2377,2332,en_progreso,2026-09-09,
2378,1799,en_progreso,2026-09-09,
2379,2867,en_progreso,2026-09-09,
2380,2212,en_progreso,2026-09-09,
2381,164,en_progreso,2026-09-09,
2382,3009,en_progreso,2026-09-09,
2383,375,iniciado,2026-09-09,
2384,938,abandonado,2026-09-09,Sin actividad posterior registrada
2385,3425,en_progreso,2026-09-09,
2386,2405,abandonado,2026-09-09,Sin actividad posterior registrada
2387,3133,pausado,2026-09-09,
2388,1104,pausado,2026-09-09,
2389,3126,iniciado,2026-09-09,
2390,3098,iniciado,2026-09-09,
2391,718,en_progreso,2026-09-09,
2392,3753,iniciado,2026-09-09,
2393,1140,en_progreso,2026-09-09,
2394,2601,en_progreso,2026-09-09,
2395,3970,en_progreso,2026-09-09,
2396,1366,en_progreso,2026-09-09,
2397,659,en_progreso,2026-09-09,
2398,1181,pausado,2026-09-09,
2399,1641,completado,2026-09-09,Modulo finalizado por el estudiante
2400,2254,iniciado,2026-09-09,
2401,151,iniciado,2026-09-09,
2402,1863,en_progreso,2026-09-09,
2403,475,abandonado,2026-09-09,Sin actividad posterior registrada
2404,1656,iniciado,2026-09-09,
2405,3543,iniciado,2026-09-09,
2406,2108,iniciado,2026-09-09,
2407,3379,iniciado,2026-09-09,
2408,4048,en_progreso,2026-09-09,
2409,1893,iniciado,2026-09-09,
2410,1693,iniciado,2026-09-09,
2411,223,iniciado,2026-09-09,
2412,769,en_progreso,2026-09-09,
2413,2042,en_progreso,2026-09-09,
2414,3113,en_progreso,2026-09-09,
2415,537,completado,2026-09-09,Modulo finalizado por el estudiante
2416,1795,en_progreso,2026-09-09,
2417,1986,en_progreso,2026-09-09,
2418,2494,iniciado,2026-09-09,
2419,3274,en_progreso,2026-09-09,
2420,2257,en_progreso,2026-09-09,
2421,921,en_progreso,2026-09-09,
2422,3740,iniciado,2026-09-09,
2423,465,en_progreso,2026-09-09,
2424,3409,en_progreso,2026-09-09,
2425,1196,en_progreso,2026-09-09,
2426,3420,en_progreso,2026-09-09,
2427,1871,pausado,2026-09-09,
2428,1572,en_progreso,2026-09-09,
2429,3057,completado,2026-09-09,Modulo finalizado por el estudiante
2430,3540,iniciado,2026-09-09,
2431,286,en_progreso,2026-09-09,
2432,1700,en_progreso,2026-09-09,
2433,1095,completado,2026-09-09,Modulo finalizado por el estudiante
2434,1159,pausado,2026-09-09,
2435,3431,pausado,2026-09-09,
2436,4092,iniciado,2026-09-09,
2437,2704,en_progreso,2026-09-09,
2438,2207,en_progreso,2026-09-09,
2439,3125,en_progreso,2026-09-09,
2440,1319,iniciado,2026-09-09,
2441,3562,en_progreso,2026-09-09,
2442,2343,en_progreso,2026-09-09,
2443,1683,iniciado,2026-09-09,
2444,179,en_progreso,2026-09-09,
2445,3742,completado,2026-09-09,Modulo finalizado por el estudiante
2446,1582,abandonado,2026-09-09,Sin actividad posterior registrada
2447,3246,completado,2026-09-09,Modulo finalizado por el estudiante
2448,4018,en_progreso,2026-09-09,
2449,518,en_progreso,2026-09-09,
2450,3563,en_progreso,2026-09-09,
2451,409,en_progreso,2026-09-09,
2452,2960,en_progreso,2026-09-09,
2453,3973,en_progreso,2026-09-09,
2454,3970,en_progreso,2026-09-09,
2455,1629,pausado,2026-09-09,
2456,3489,en_progreso,2026-09-09,
2457,2186,en_progreso,2026-09-09,
2458,2944,iniciado,2026-09-09,
2459,3635,iniciado,2026-09-09,
2460,3111,en_progreso,2026-09-09,
2461,2530,iniciado,2026-09-09,
2462,281,en_progreso,2026-09-09,
2463,1178,abandonado,2026-09-09,Sin actividad posterior registrada
2464,3059,iniciado,2026-09-09,
2465,371,iniciado,2026-09-09,
2466,1778,iniciado,2026-09-09,
2467,4008,en_progreso,2026-09-09,
2468,3575,en_progreso,2026-09-09,
2469,1227,en_progreso,2026-09-09,
2470,189,en_progreso,2026-09-09,
2471,1469,en_progreso,2026-09-09,
2472,2176,en_progreso,2026-09-09,
2473,2793,completado,2026-09-09,Modulo finalizado por el estudiante
2474,697,en_progreso,2026-09-09,
2475,1567,en_progreso,2026-09-09,
2476,987,en_progreso,2026-09-09,
2477,952,en_progreso,2026-09-09,
2478,1046,pausado,2026-09-09,
2479,3682,completado,2026-09-09,Modulo finalizado por el estudiante
2480,3692,en_progreso,2026-09-09,
2481,303,en_progreso,2026-09-09,
2482,2407,en_progreso,2026-09-09,
2483,2828,en_progreso,2026-09-09,
2484,816,en_progreso,2026-09-09,
2485,3496,en_progreso,2026-09-09,
2486,2343,en_progreso,2026-09-09,
2487,2865,en_progreso,2026-09-09,
2488,2697,iniciado,2026-09-09,
2489,1622,en_progreso,2026-09-09,
2490,2810,completado,2026-09-09,Modulo finalizado por el estudiante
2491,3988,iniciado,2026-09-09,
2492,201,iniciado,2026-09-09,
2493,3730,pausado,2026-09-09,
2494,2035,completado,2026-09-09,Modulo finalizado por el estudiante
2495,3699,iniciado,2026-09-09,
2496,1173,completado,2026-09-09,Modulo finalizado por el estudiante
2497,943,pausado,2026-09-09,
2498,1444,en_progreso,2026-09-09,
2499,1027,iniciado,2026-09-09,
2500,2777,completado,2026-09-09,Modulo finalizado por el estudiante
2501,3144,pausado,2026-09-09,
2502,3434,en_progreso,2026-09-09,
2503,2571,pausado,2026-09-09,
2504,1266,en_progreso,2026-09-09,
2505,137,pausado,2026-09-09,
2506,3000,iniciado,2026-09-09,
2507,539,iniciado,2026-09-09,
2508,370,en_progreso,2026-09-09,
2509,1339,pausado,2026-09-09,
2510,720,en_progreso,2026-09-09,
2511,3590,abandonado,2026-09-09,Sin actividad posterior registrada
2512,2175,en_progreso,2026-09-09,
2513,674,en_progreso,2026-09-09,
2514,1974,abandonado,2026-09-09,Sin actividad posterior registrada
2515,1209,pausado,2026-09-09,
2516,1388,iniciado,2026-09-09,
2517,3295,en_progreso,2026-09-09,
2518,577,iniciado,2026-09-09,
2519,3090,abandonado,2026-09-09,Sin actividad posterior registrada
2520,3524,pausado,2026-09-09,
2521,2763,en_progreso,2026-09-09,
2522,3962,completado,2026-09-09,Modulo finalizado por el estudiante
2523,2283,en_progreso,2026-09-09,
2524,58,en_progreso,2026-09-09,
2525,1510,pausado,2026-09-09,
2526,2754,en_progreso,2026-09-09,
2527,2616,iniciado,2026-09-09,
2528,3852,en_progreso,2026-09-09,
2529,1932,en_progreso,2026-09-09,
2530,2300,en_progreso,2026-09-09,
2531,2653,en_progreso,2026-09-09,
2532,3725,pausado,2026-09-09,
2533,2660,en_progreso,2026-09-09,
2534,3876,en_progreso,2026-09-09,
2535,476,en_progreso,2026-09-09,
2536,556,en_progreso,2026-09-09,
2537,1520,pausado,2026-09-09,
2538,3044,iniciado,2026-09-09,
2539,2853,completado,2026-09-09,Modulo finalizado por el estudiante
2540,1717,pausado,2026-09-09,
2541,2977,iniciado,2026-09-09,
2542,633,en_progreso,2026-09-09,
2543,2683,en_progreso,2026-09-09,
2544,1672,completado,2026-09-09,Modulo finalizado por el estudiante
2545,1146,en_progreso,2026-09-09,
2546,1817,en_progreso,2026-09-09,
2547,1486,iniciado,2026-09-09,
2548,407,abandonado,2026-09-09,Sin actividad posterior registrada
2549,1505,en_progreso,2026-09-09,
2550,1470,en_progreso,2026-09-09,
2551,3966,iniciado,2026-09-09,
2552,501,completado,2026-09-09,Modulo finalizado por el estudiante
2553,3376,iniciado,2026-09-09,
2554,1863,en_progreso,2026-09-09,
2555,2620,pausado,2026-09-09,
2556,88,en_progreso,2026-09-09,
2557,4051,en_progreso,2026-09-09,
2558,282,en_progreso,2026-09-09,
2559,2271,en_progreso,2026-09-09,
2560,3563,en_progreso,2026-09-09,
2561,3231,en_progreso,2026-09-09,
2562,12,en_progreso,2026-09-09,
2563,4045,iniciado,2026-09-09,
2564,533,en_progreso,2026-09-09,
2565,451,iniciado,2026-09-09,
2566,2708,completado,2026-09-09,Modulo finalizado por el estudiante
2567,540,iniciado,2026-09-09,
2568,61,en_progreso,2026-09-09,
2569,2412,iniciado,2026-09-09,
2570,1327,iniciado,2026-09-09,
2571,65,en_progreso,2026-09-09,
2572,3039,iniciado,2026-09-09,
2573,1725,iniciado,2026-09-09,
2574,2155,en_progreso,2026-09-09,
2575,1837,completado,2026-09-09,Modulo finalizado por el estudiante
2576,2103,iniciado,2026-09-09,
2577,2432,iniciado,2026-09-09,
2578,447,iniciado,2026-09-09,
2579,1852,iniciado,2026-09-09,
2580,2064,en_progreso,2026-09-09,
2581,2979,iniciado,2026-09-09,
2582,3209,completado,2026-09-09,Modulo finalizado por el estudiante
2583,2699,en_progreso,2026-09-09,
2584,3949,en_progreso,2026-09-09,
2585,3471,iniciado,2026-09-09,
2586,1646,en_progreso,2026-09-09,
2587,2918,iniciado,2026-09-09,
2588,3727,iniciado,2026-09-09,
2589,1817,en_progreso,2026-09-09,
2590,2492,iniciado,2026-09-09,
2591,608,iniciado,2026-09-09,
2592,270,iniciado,2026-09-09,
2593,517,en_progreso,2026-09-09,
2594,2247,pausado,2026-09-09,
2595,1561,iniciado,2026-09-09,
2596,4074,iniciado,2026-09-09,
2597,2447,iniciado,2026-09-09,
2598,2174,iniciado,2026-09-09,
2599,1208,en_progreso,2026-09-09,
2600,407,en_progreso,2026-09-09,
2601,469,completado,2026-09-09,Modulo finalizado por el estudiante
2602,2667,iniciado,2026-09-09,
2603,3596,completado,2026-09-09,Modulo finalizado por el estudiante
2604,2953,en_progreso,2026-09-09,
2605,1762,en_progreso,2026-09-09,
2606,1389,completado,2026-09-09,Modulo finalizado por el estudiante
2607,1634,en_progreso,2026-09-09,
2608,1749,en_progreso,2026-09-09,
2609,3906,en_progreso,2026-09-09,
2610,3781,en_progreso,2026-09-09,
2611,350,en_progreso,2026-09-09,
2612,3027,iniciado,2026-09-09,
2613,1527,completado,2026-09-09,Modulo finalizado por el estudiante
2614,2279,en_progreso,2026-09-09,
2615,2301,en_progreso,2026-09-09,
2616,1449,en_progreso,2026-09-09,
2617,3855,en_progreso,2026-09-09,
2618,3556,completado,2026-09-09,Modulo finalizado por el estudiante
2619,211,abandonado,2026-09-09,Sin actividad posterior registrada
2620,2460,en_progreso,2026-09-09,
2621,425,pausado,2026-09-09,
2622,872,en_progreso,2026-09-09,
2623,3471,en_progreso,2026-09-09,
2624,1506,iniciado,2026-09-09,
2625,471,completado,2026-09-09,Modulo finalizado por el estudiante
2626,2352,en_progreso,2026-09-09,
2627,2298,en_progreso,2026-09-09,
2628,3353,pausado,2026-09-09,
2629,2765,pausado,2026-09-09,
2630,108,pausado,2026-09-09,
2631,2695,iniciado,2026-09-09,
2632,3398,pausado,2026-09-09,
2633,119,en_progreso,2026-09-09,
2634,1266,en_progreso,2026-09-09,
2635,1438,en_progreso,2026-09-09,
2636,2320,iniciado,2026-09-09,
2637,2693,en_progreso,2026-09-09,
2638,2594,abandonado,2026-09-09,Sin actividad posterior registrada
2639,376,iniciado,2026-09-09,
2640,3057,en_progreso,2026-09-09,
2641,1541,iniciado,2026-09-09,
2642,1720,iniciado,2026-09-09,
2643,1859,en_progreso,2026-09-09,
2644,2956,en_progreso,2026-09-09,
2645,2443,en_progreso,2026-09-09,
2646,645,en_progreso,2026-09-09,
2647,204,pausado,2026-09-09,
2648,1115,en_progreso,2026-09-09,
2649,2487,en_progreso,2026-09-09,
2650,3093,en_progreso,2026-09-09,
2651,455,iniciado,2026-09-09,
2652,1161,iniciado,2026-09-09,
2653,2778,pausado,2026-09-09,
2654,1994,en_progreso,2026-09-09,
2655,904,en_progreso,2026-09-09,
2656,32,en_progreso,2026-09-09,
2657,3144,en_progreso,2026-09-09,
2658,1344,iniciado,2026-09-09,
2659,492,en_progreso,2026-09-09,
2660,720,en_progreso,2026-09-09,
2661,943,en_progreso,2026-09-09,
2662,3303,iniciado,2026-09-09,
2663,1451,iniciado,2026-09-09,
2664,296,en_progreso,2026-09-09,
2665,1787,en_progreso,2026-09-09,
2666,3532,en_progreso,2026-09-09,
2667,1657,pausado,2026-09-09,
2668,1711,en_progreso,2026-09-09,
2669,3958,iniciado,2026-09-09,
2670,1331,en_progreso,2026-09-09,
2671,1885,completado,2026-09-09,Modulo finalizado por el estudiante
2672,3768,en_progreso,2026-09-09,
2673,434,iniciado,2026-09-09,
2674,997,en_progreso,2026-09-09,
2675,323,en_progreso,2026-09-09,
2676,1391,en_progreso,2026-09-09,
2677,313,en_progreso,2026-09-09,
2678,2089,iniciado,2026-09-09,
2679,795,iniciado,2026-09-09,
2680,3711,completado,2026-09-09,Modulo finalizado por el estudiante
2681,1439,pausado,2026-09-09,
2682,3355,pausado,2026-09-09,
2683,605,en_progreso,2026-09-09,
2684,809,en_progreso,2026-09-09,
2685,3110,iniciado,2026-09-09,
2686,2685,en_progreso,2026-09-09,
2687,2573,en_progreso,2026-09-09,
2688,3113,pausado,2026-09-09,
2689,2790,iniciado,2026-09-09,
2690,3786,iniciado,2026-09-09,
2691,3613,iniciado,2026-09-09,
2692,2313,pausado,2026-09-09,
2693,4041,iniciado,2026-09-09,
2694,2559,iniciado,2026-09-09,
2695,1324,iniciado,2026-09-09,
2696,3540,abandonado,2026-09-09,Sin actividad posterior registrada
2697,1295,iniciado,2026-09-09,
2698,619,iniciado,2026-09-09,
2699,1802,en_progreso,2026-09-09,
2700,1241,iniciado,2026-09-09,
2701,3262,en_progreso,2026-09-09,
2702,231,iniciado,2026-09-09,
2703,1442,en_progreso,2026-09-09,
2704,1852,en_progreso,2026-09-09,
2705,1176,en_progreso,2026-09-09,
2706,3504,en_progreso,2026-09-09,
2707,1575,iniciado,2026-09-09,
2708,1896,iniciado,2026-09-09,
2709,2378,iniciado,2026-09-09,
2710,2271,abandonado,2026-09-09,Sin actividad posterior registrada
2711,3027,completado,2026-09-09,Modulo finalizado por el estudiante
2712,1843,iniciado,2026-09-09,
2713,3724,iniciado,2026-09-09,
2714,3318,iniciado,2026-09-09,
2715,2342,iniciado,2026-09-09,
2716,2670,en_progreso,2026-09-09,
2717,2054,iniciado,2026-09-09,
2718,618,abandonado,2026-09-09,Sin actividad posterior registrada
2719,1846,en_progreso,2026-09-09,
2720,3683,completado,2026-09-09,Modulo finalizado por el estudiante
2721,4024,iniciado,2026-09-09,
2722,2926,iniciado,2026-09-09,
2723,346,iniciado,2026-09-09,
2724,2067,iniciado,2026-09-09,
2725,2647,en_progreso,2026-09-09,
2726,1794,abandonado,2026-09-09,Sin actividad posterior registrada
2727,2147,iniciado,2026-09-09,
2728,2142,pausado,2026-09-09,
2729,1491,iniciado,2026-09-09,
2730,1528,iniciado,2026-09-09,
2731,3760,iniciado,2026-09-09,
2732,1159,en_progreso,2026-09-09,
2733,2781,iniciado,2026-09-09,
2734,2449,iniciado,2026-09-09,
2735,215,iniciado,2026-09-09,
2736,3233,iniciado,2026-09-09,
2737,2585,pausado,2026-09-09,
2738,270,en_progreso,2026-09-09,
2739,1584,iniciado,2026-09-09,
2740,1164,iniciado,2026-09-09,
2741,1033,iniciado,2026-09-09,
2742,2965,iniciado,2026-09-09,
2743,3489,pausado,2026-09-09,
2744,3713,iniciado,2026-09-09,
2745,2469,iniciado,2026-09-09,
2746,3577,iniciado,2026-09-09,
2747,616,iniciado,2026-09-09,
2748,1366,en_progreso,2026-09-09,
2749,3755,iniciado,2026-09-09,
2750,1433,en_progreso,2026-09-09,
2751,2713,iniciado,2026-09-09,
2752,1606,iniciado,2026-09-09,
2753,529,iniciado,2026-09-09,
2754,2438,pausado,2026-09-09,
2755,348,en_progreso,2026-09-09,
2756,3243,iniciado,2026-09-09,
2757,1346,iniciado,2026-09-09,
2758,3331,iniciado,2026-09-09,
2759,524,iniciado,2026-09-09,
2760,2745,pausado,2026-09-09,
2761,3880,pausado,2026-09-09,
2762,2808,iniciado,2026-09-09,
2763,3738,iniciado,2026-09-09,
2764,2157,iniciado,2026-09-09,
2765,383,en_progreso,2026-09-09,
2766,1735,en_progreso,2026-09-09,
2767,75,iniciado,2026-09-09,
2768,1486,en_progreso,2026-09-09,
2769,1400,iniciado,2026-09-09,
2770,3882,completado,2026-09-09,Modulo finalizado por el estudiante
2771,787,iniciado,2026-09-09,
2772,928,iniciado,2026-09-09,
2773,564,iniciado,2026-09-09,
2774,635,en_progreso,2026-09-09,
2775,415,iniciado,2026-09-09,
2776,2080,completado,2026-09-09,Modulo finalizado por el estudiante
2777,3421,iniciado,2026-09-09,
2778,3026,completado,2026-09-09,Modulo finalizado por el estudiante
2779,155,iniciado,2026-09-09,
2780,2712,en_progreso,2026-09-09,
2781,537,en_progreso,2026-09-09,
2782,632,iniciado,2026-09-09,
2783,665,iniciado,2026-09-09,
2784,741,iniciado,2026-09-09,
2785,3406,iniciado,2026-09-09,
2786,2838,iniciado,2026-09-09,
2787,3159,pausado,2026-09-09,
2788,3698,en_progreso,2026-09-09,
2789,1683,en_progreso,2026-09-09,
2790,3972,iniciado,2026-09-09,
2791,1820,iniciado,2026-09-09,
2792,2501,iniciado,2026-09-09,
2793,1168,completado,2026-09-09,Modulo finalizado por el estudiante
2794,3211,iniciado,2026-09-09,
2795,1839,iniciado,2026-09-09,
2796,959,iniciado,2026-09-09,
2797,2188,en_progreso,2026-09-09,
2798,3213,iniciado,2026-09-09,
2799,1922,iniciado,2026-09-09,
2800,3703,completado,2026-09-09,Modulo finalizado por el estudiante
2801,1507,iniciado,2026-09-09,
2802,2779,iniciado,2026-09-09,
2803,3880,pausado,2026-09-09,
2804,1805,en_progreso,2026-09-09,
2805,1565,iniciado,2026-09-09,
2806,2060,en_progreso,2026-09-09,
2807,3346,iniciado,2026-09-09,
2808,818,en_progreso,2026-09-09,
2809,567,completado,2026-09-09,Modulo finalizado por el estudiante
2810,214,en_progreso,2026-09-09,
2811,3581,iniciado,2026-09-09,
2812,1521,iniciado,2026-09-09,
2813,2272,completado,2026-09-09,Modulo finalizado por el estudiante
2814,2914,iniciado,2026-09-09,
2815,3465,en_progreso,2026-09-09,
2816,344,completado,2026-09-09,Modulo finalizado por el estudiante
2817,1118,iniciado,2026-09-09,
2818,1841,iniciado,2026-09-09,
2819,3709,en_progreso,2026-09-09,
2820,3404,iniciado,2026-09-09,
2821,1792,iniciado,2026-09-09,
2822,376,completado,2026-09-09,Modulo finalizado por el estudiante
2823,910,iniciado,2026-09-09,
2824,3346,en_progreso,2026-09-09,
2825,110,iniciado,2026-09-09,
2826,1700,en_progreso,2026-09-09,
2827,966,iniciado,2026-09-09,
2828,1582,en_progreso,2026-09-09,
2829,1536,en_progreso,2026-09-09,
2830,406,completado,2026-09-09,Modulo finalizado por el estudiante
2831,2663,en_progreso,2026-09-09,
2832,157,iniciado,2026-09-09,
2833,1176,completado,2026-09-09,Modulo finalizado por el estudiante
2834,1936,iniciado,2026-09-09,
2835,2852,iniciado,2026-09-09,
2836,3405,iniciado,2026-09-09,
2837,569,iniciado,2026-09-09,
2838,3109,en_progreso,2026-09-09,
2839,1838,pausado,2026-09-09,
2840,3711,en_progreso,2026-09-09,
2841,1049,en_progreso,2026-09-09,
2842,3852,pausado,2026-09-09,
2843,2162,en_progreso,2026-09-09,
2844,974,iniciado,2026-09-09,
2845,1234,iniciado,2026-09-09,
2846,500,iniciado,2026-09-09,
2847,196,iniciado,2026-09-09,
2848,977,iniciado,2026-09-09,
2849,1720,pausado,2026-09-09,
2850,2552,iniciado,2026-09-09,
2851,1873,en_progreso,2026-09-09,
2852,2048,iniciado,2026-09-09,
2853,2445,en_progreso,2026-09-09,
2854,2356,iniciado,2026-09-09,
2855,991,iniciado,2026-09-09,
2856,2944,en_progreso,2026-09-09,
2857,2519,iniciado,2026-09-09,
2858,1446,iniciado,2026-09-09,
2859,986,iniciado,2026-09-09,
2860,2338,iniciado,2026-09-09,
2861,1707,iniciado,2026-09-09,
2862,768,iniciado,2026-09-09,
2863,2722,iniciado,2026-09-09,
2864,2738,iniciado,2026-09-09,
2865,351,en_progreso,2026-09-09,
2866,3906,en_progreso,2026-09-09,
2867,2079,iniciado,2026-09-09,
2868,3222,abandonado,2026-09-09,Sin actividad posterior registrada
2869,2270,iniciado,2026-09-09,
2870,84,en_progreso,2026-09-09,
2871,2604,en_progreso,2026-09-09,
2872,1530,iniciado,2026-09-09,
2873,1039,iniciado,2026-09-09,
2874,3062,en_progreso,2026-09-09,
2875,1413,iniciado,2026-09-09,
2876,988,iniciado,2026-09-09,
2877,3003,iniciado,2026-09-09,
2878,2692,iniciado,2026-09-09,
2879,2574,en_progreso,2026-09-09,
2880,3100,iniciado,2026-09-09,
2881,1362,iniciado,2026-09-09,
2882,547,en_progreso,2026-09-09,
2883,3333,pausado,2026-09-09,
2884,3402,completado,2026-09-09,Modulo finalizado por el estudiante
2885,1904,abandonado,2026-09-09,Sin actividad posterior registrada
2886,1961,pausado,2026-09-09,
2887,3324,en_progreso,2026-09-09,
2888,3866,iniciado,2026-09-09,
2889,1875,iniciado,2026-09-09,
2890,152,iniciado,2026-09-09,
2891,1202,en_progreso,2026-09-09,
2892,3629,iniciado,2026-09-09,
2893,172,en_progreso,2026-09-09,
2894,1632,iniciado,2026-09-09,
2895,4052,iniciado,2026-09-09,
2896,3340,iniciado,2026-09-09,
2897,2225,iniciado,2026-09-09,
2898,1940,iniciado,2026-09-09,
2899,1038,iniciado,2026-09-09,
2900,150,iniciado,2026-09-09,
2901,3086,iniciado,2026-09-09,
2902,2650,iniciado,2026-09-09,
2903,783,iniciado,2026-09-09,
2904,1172,iniciado,2026-09-09,
2905,1463,iniciado,2026-09-09,
2906,3532,completado,2026-09-09,Modulo finalizado por el estudiante
2907,3547,iniciado,2026-09-09,
2908,2686,iniciado,2026-09-09,
2909,1360,iniciado,2026-09-09,
2910,1120,en_progreso,2026-09-09,
2911,3644,iniciado,2026-09-09,
2912,1639,iniciado,2026-09-09,
2913,3045,iniciado,2026-09-09,
2914,1802,completado,2026-09-09,Modulo finalizado por el estudiante
2915,1584,en_progreso,2026-09-09,
2916,2835,iniciado,2026-09-09,
2917,2038,iniciado,2026-09-09,
2918,1505,completado,2026-09-09,Modulo finalizado por el estudiante
2919,2127,iniciado,2026-09-09,
2920,1093,completado,2026-09-09,Modulo finalizado por el estudiante
2921,2979,en_progreso,2026-09-09,
2922,4076,iniciado,2026-09-09,
2923,3369,en_progreso,2026-09-09,
2924,421,en_progreso,2026-09-09,
2925,1256,en_progreso,2026-09-09,
2926,683,iniciado,2026-09-09,
2927,2826,en_progreso,2026-09-09,
2928,2978,iniciado,2026-09-09,
2929,3564,iniciado,2026-09-09,
2930,3734,iniciado,2026-09-09,
2931,1445,iniciado,2026-09-09,
2932,2519,abandonado,2026-09-09,Sin actividad posterior registrada
2933,1125,pausado,2026-09-09,
2934,3242,iniciado,2026-09-09,
2935,3883,en_progreso,2026-09-09,
2936,1664,en_progreso,2026-09-09,
2937,2783,iniciado,2026-09-09,
2938,656,abandonado,2026-09-09,Sin actividad posterior registrada
2939,585,iniciado,2026-09-09,
2940,3477,pausado,2026-09-09,
2941,3201,iniciado,2026-09-09,
2942,1795,en_progreso,2026-09-09,
2943,276,iniciado,2026-09-09,
2944,967,iniciado,2026-09-09,
2945,3189,pausado,2026-09-09,
2946,1484,iniciado,2026-09-09,
2947,1569,completado,2026-09-09,Modulo finalizado por el estudiante
2948,133,iniciado,2026-09-09,
2949,2479,iniciado,2026-09-09,
2950,629,iniciado,2026-09-09,
2951,2782,en_progreso,2026-09-09,
2952,1520,en_progreso,2026-09-09,
2953,2351,iniciado,2026-09-09,
2954,564,en_progreso,2026-09-09,
2955,2661,iniciado,2026-09-09,
2956,1142,en_progreso,2026-09-09,
2957,3014,en_progreso,2026-09-09,
2958,3742,en_progreso,2026-09-09,
2959,1073,completado,2026-09-09,Modulo finalizado por el estudiante
2960,2884,en_progreso,2026-09-09,
2961,1170,iniciado,2026-09-09,
2962,2843,completado,2026-09-09,Modulo finalizado por el estudiante
2963,2012,iniciado,2026-09-09,
2964,820,iniciado,2026-09-09,
2965,503,iniciado,2026-09-09,
2966,556,en_progreso,2026-09-09,
2967,1852,en_progreso,2026-09-09,
2968,4085,iniciado,2026-09-09,
2969,360,iniciado,2026-09-09,
2970,3320,iniciado,2026-09-09,
2971,2794,abandonado,2026-09-09,Sin actividad posterior registrada
2972,4042,iniciado,2026-09-09,
2973,1310,pausado,2026-09-09,
2974,2907,iniciado,2026-09-09,
2975,266,iniciado,2026-09-09,
2976,2253,iniciado,2026-09-09,
2977,2221,en_progreso,2026-09-09,
2978,646,iniciado,2026-09-09,
2979,2916,iniciado,2026-09-09,
2980,2907,completado,2026-09-09,Modulo finalizado por el estudiante
2981,2613,en_progreso,2026-09-09,
2982,1481,iniciado,2026-09-09,
2983,2084,iniciado,2026-09-09,
2984,919,en_progreso,2026-09-09,
2985,824,completado,2026-09-09,Modulo finalizado por el estudiante
2986,970,en_progreso,2026-09-09,
2987,108,en_progreso,2026-09-09,
2988,1915,completado,2026-09-09,Modulo finalizado por el estudiante
2989,2260,en_progreso,2026-09-09,
2990,270,en_progreso,2026-09-09,
2991,2945,iniciado,2026-09-09,
2992,1961,en_progreso,2026-09-09,
2993,3373,iniciado,2026-09-09,
2994,2355,iniciado,2026-09-09,
2995,303,en_progreso,2026-09-09,
2996,304,en_progreso,2026-09-09,
2997,1412,iniciado,2026-09-09,
2998,526,completado,2026-09-09,Modulo finalizado por el estudiante
2999,3196,pausado,2026-09-09,
3000,2408,iniciado,2026-09-09,
3001,2620,en_progreso,2026-09-10,
3002,1004,en_progreso,2026-09-10,
3003,2772,pausado,2026-09-10,
3004,2234,en_progreso,2026-09-10,
3005,123,en_progreso,2026-09-10,
3006,2466,en_progreso,2026-09-10,
3007,2662,pausado,2026-09-10,
3008,1719,en_progreso,2026-09-10,
3009,3316,en_progreso,2026-09-10,
3010,3109,en_progreso,2026-09-10,
3011,2860,en_progreso,2026-09-10,
3012,882,en_progreso,2026-09-10,
3013,1379,en_progreso,2026-09-10,
3014,1471,en_progreso,2026-09-10,
3015,2473,en_progreso,2026-09-10,
3016,1882,en_progreso,2026-09-10,
3017,1551,en_progreso,2026-09-10,
3018,2575,pausado,2026-09-10,
3019,3530,en_progreso,2026-09-10,
3020,285,en_progreso,2026-09-10,
3021,934,en_progreso,2026-09-10,
3022,4036,en_progreso,2026-09-10,
3023,954,en_progreso,2026-09-10,
3024,1557,en_progreso,2026-09-10,
3025,2604,en_progreso,2026-09-10,
3026,667,en_progreso,2026-09-10,
3027,1094,pausado,2026-09-10,
3028,2800,pausado,2026-09-10,
3029,2496,pausado,2026-09-10,
3030,2188,pausado,2026-09-10,
3031,670,en_progreso,2026-09-10,
3032,3791,pausado,2026-09-10,
3033,2282,en_progreso,2026-09-10,
3034,3148,en_progreso,2026-09-10,
3035,939,en_progreso,2026-09-10,
3036,3298,en_progreso,2026-09-10,
3037,865,en_progreso,2026-09-10,
3038,2324,en_progreso,2026-09-10,
3039,1289,en_progreso,2026-09-10,
3040,3624,en_progreso,2026-09-10,
3041,1880,en_progreso,2026-09-10,
3042,3052,pausado,2026-09-10,
3043,1077,pausado,2026-09-10,
3044,1755,en_progreso,2026-09-10,
3045,1636,en_progreso,2026-09-10,
3046,567,en_progreso,2026-09-10,
3047,373,iniciado,2026-09-10,
3048,3096,en_progreso,2026-09-10,
3049,2571,en_progreso,2026-09-10,
3050,2443,en_progreso,2026-09-10,
3051,4081,en_progreso,2026-09-10,
3052,2267,en_progreso,2026-09-10,
3053,48,pausado,2026-09-10,
3054,470,en_progreso,2026-09-10,
3055,2200,en_progreso,2026-09-10,
3056,3149,pausado,2026-09-10,
3057,457,en_progreso,2026-09-10,
3058,14,en_progreso,2026-09-10,
3059,3588,pausado,2026-09-10,
3060,3981,en_progreso,2026-09-10,
3061,3739,en_progreso,2026-09-10,
3062,3448,pausado,2026-09-10,
3063,2495,en_progreso,2026-09-10,
3064,1532,completado,2026-09-10,Modulo finalizado por el estudiante
3065,2210,abandonado,2026-09-10,Sin actividad posterior registrada
3066,3779,en_progreso,2026-09-10,
3067,1328,en_progreso,2026-09-10,
3068,1487,completado,2026-09-10,Modulo finalizado por el estudiante
3069,3407,completado,2026-09-10,Modulo finalizado por el estudiante
3070,981,en_progreso,2026-09-10,
3071,3879,en_progreso,2026-09-10,
3072,3343,en_progreso,2026-09-10,
3073,3137,en_progreso,2026-09-10,
3074,2703,en_progreso,2026-09-10,
3075,1086,en_progreso,2026-09-10,
3076,3951,en_progreso,2026-09-10,
3077,2990,pausado,2026-09-10,
3078,2921,en_progreso,2026-09-10,
3079,2662,en_progreso,2026-09-10,
3080,1850,en_progreso,2026-09-10,
3081,921,en_progreso,2026-09-10,
3082,87,pausado,2026-09-10,
3083,943,pausado,2026-09-10,
3084,30,en_progreso,2026-09-10,
3085,938,en_progreso,2026-09-10,
3086,129,completado,2026-09-10,Modulo finalizado por el estudiante
3087,291,en_progreso,2026-09-10,
3088,1989,en_progreso,2026-09-10,
3089,3832,iniciado,2026-09-10,
3090,3615,pausado,2026-09-10,
3091,1937,en_progreso,2026-09-10,
3092,1668,en_progreso,2026-09-10,
3093,1766,en_progreso,2026-09-10,
3094,3539,pausado,2026-09-10,
3095,2759,pausado,2026-09-10,
3096,2647,en_progreso,2026-09-10,
3097,1390,en_progreso,2026-09-10,
3098,448,en_progreso,2026-09-10,
3099,1838,en_progreso,2026-09-10,
3100,1895,iniciado,2026-09-10,
3101,1024,iniciado,2026-09-10,
3102,3582,en_progreso,2026-09-10,
3103,1816,en_progreso,2026-09-10,
3104,3507,en_progreso,2026-09-10,
3105,208,en_progreso,2026-09-10,
3106,2215,en_progreso,2026-09-10,
3107,3970,en_progreso,2026-09-10,
3108,969,en_progreso,2026-09-10,
3109,876,en_progreso,2026-09-10,
3110,3697,en_progreso,2026-09-10,
3111,4036,en_progreso,2026-09-10,
3112,3796,en_progreso,2026-09-10,
3113,1864,en_progreso,2026-09-10,
3114,2993,en_progreso,2026-09-10,
3115,2277,pausado,2026-09-10,
3116,1994,en_progreso,2026-09-10,
3117,3968,en_progreso,2026-09-10,
3118,250,pausado,2026-09-10,
3119,235,en_progreso,2026-09-10,
3120,3766,en_progreso,2026-09-10,
3121,645,en_progreso,2026-09-10,
3122,2081,en_progreso,2026-09-10,
3123,2438,en_progreso,2026-09-10,
3124,1654,en_progreso,2026-09-10,
3125,1009,pausado,2026-09-10,
3126,163,pausado,2026-09-10,
3127,1718,pausado,2026-09-10,
3128,2316,en_progreso,2026-09-10,
3129,837,pausado,2026-09-10,
3130,1287,en_progreso,2026-09-10,
3131,2752,pausado,2026-09-10,
3132,1873,en_progreso,2026-09-10,
3133,298,en_progreso,2026-09-10,
3134,2307,en_progreso,2026-09-10,
3135,301,en_progreso,2026-09-10,
3136,543,en_progreso,2026-09-10,
3137,3609,en_progreso,2026-09-10,
3138,1168,en_progreso,2026-09-10,
3139,3416,en_progreso,2026-09-10,
3140,4030,abandonado,2026-09-10,Sin actividad posterior registrada
3141,2679,iniciado,2026-09-10,
3142,2167,iniciado,2026-09-10,
3143,33,pausado,2026-09-10,
3144,2272,en_progreso,2026-09-10,
3145,2718,en_progreso,2026-09-10,
3146,3597,en_progreso,2026-09-10,
3147,439,pausado,2026-09-10,
3148,637,en_progreso,2026-09-10,
3149,2940,en_progreso,2026-09-10,
3150,3494,en_progreso,2026-09-10,
3151,3709,en_progreso,2026-09-10,
3152,209,en_progreso,2026-09-10,
3153,1134,en_progreso,2026-09-10,
3154,536,pausado,2026-09-10,
3155,1073,en_progreso,2026-09-10,
3156,1810,en_progreso,2026-09-10,
3157,1752,pausado,2026-09-10,
3158,459,en_progreso,2026-09-10,
3159,3703,en_progreso,2026-09-10,
3160,148,completado,2026-09-10,Modulo finalizado por el estudiante
3161,2386,pausado,2026-09-10,
3162,1761,en_progreso,2026-09-10,
3163,1263,en_progreso,2026-09-10,
3164,3983,en_progreso,2026-09-10,
3165,3682,en_progreso,2026-09-10,
3166,2794,en_progreso,2026-09-10,
3167,422,en_progreso,2026-09-10,
3168,3583,en_progreso,2026-09-10,
3169,634,en_progreso,2026-09-10,
3170,970,en_progreso,2026-09-10,
3171,3999,completado,2026-09-10,Modulo finalizado por el estudiante
3172,726,en_progreso,2026-09-10,
3173,102,en_progreso,2026-09-10,
3174,3205,en_progreso,2026-09-10,
3175,3286,pausado,2026-09-10,
3176,3011,en_progreso,2026-09-10,
3177,1093,en_progreso,2026-09-10,
3178,2873,en_progreso,2026-09-10,
3179,3573,en_progreso,2026-09-10,
3180,818,en_progreso,2026-09-10,
3181,1886,en_progreso,2026-09-10,
3182,3569,en_progreso,2026-09-10,
3183,792,en_progreso,2026-09-10,
3184,285,en_progreso,2026-09-10,
3185,1144,en_progreso,2026-09-10,
3186,2784,en_progreso,2026-09-10,
3187,2197,en_progreso,2026-09-10,
3188,3593,en_progreso,2026-09-10,
3189,732,pausado,2026-09-10,
3190,4029,en_progreso,2026-09-10,
3191,1780,en_progreso,2026-09-10,
3192,1788,pausado,2026-09-10,
3193,2095,iniciado,2026-09-10,
3194,474,en_progreso,2026-09-10,
3195,1044,en_progreso,2026-09-10,
3196,2130,en_progreso,2026-09-10,
3197,2206,pausado,2026-09-10,
3198,3852,pausado,2026-09-10,
3199,2747,en_progreso,2026-09-10,
3200,1767,en_progreso,2026-09-10,
3201,1353,pausado,2026-09-10,
3202,2718,en_progreso,2026-09-10,
3203,2949,en_progreso,2026-09-10,
3204,2078,en_progreso,2026-09-10,
3205,1649,en_progreso,2026-09-10,
3206,2271,en_progreso,2026-09-10,
3207,1723,pausado,2026-09-10,
3208,1553,pausado,2026-09-10,
3209,3698,en_progreso,2026-09-10,
3210,1664,en_progreso,2026-09-10,
3211,1176,en_progreso,2026-09-10,
3212,3219,iniciado,2026-09-10,
3213,2376,pausado,2026-09-10,
3214,1320,en_progreso,2026-09-10,
3215,876,en_progreso,2026-09-10,
3216,3252,completado,2026-09-10,Modulo finalizado por el estudiante
3217,3261,en_progreso,2026-09-10,
3218,2699,en_progreso,2026-09-10,
3219,2593,pausado,2026-09-10,
3220,383,en_progreso,2026-09-10,
3221,3077,en_progreso,2026-09-10,
3222,3304,en_progreso,2026-09-10,
3223,1003,en_progreso,2026-09-10,
3224,2504,en_progreso,2026-09-10,
3225,299,en_progreso,2026-09-10,
3226,2358,en_progreso,2026-09-10,
3227,2025,en_progreso,2026-09-10,
3228,2817,en_progreso,2026-09-10,
3229,3155,en_progreso,2026-09-10,
3230,3189,en_progreso,2026-09-10,
3231,3924,pausado,2026-09-10,
3232,1903,en_progreso,2026-09-10,
3233,3475,en_progreso,2026-09-10,
3234,1904,en_progreso,2026-09-10,
3235,4047,iniciado,2026-09-10,
3236,2290,iniciado,2026-09-10,
3237,2439,en_progreso,2026-09-10,
3238,1813,pausado,2026-09-10,
3239,2947,en_progreso,2026-09-10,
3240,1748,en_progreso,2026-09-10,
3241,2245,en_progreso,2026-09-10,
3242,3529,en_progreso,2026-09-10,
3243,1013,en_progreso,2026-09-10,
3244,1136,en_progreso,2026-09-10,
3245,2136,en_progreso,2026-09-10,
3246,1802,en_progreso,2026-09-10,
3247,1171,en_progreso,2026-09-10,
3248,3658,en_progreso,2026-09-10,
3249,948,en_progreso,2026-09-10,
3250,877,en_progreso,2026-09-10,
3251,2223,en_progreso,2026-09-10,
3252,3412,en_progreso,2026-09-10,
3253,3707,completado,2026-09-10,Modulo finalizado por el estudiante
3254,3876,pausado,2026-09-10,
3255,3510,completado,2026-09-10,Modulo finalizado por el estudiante
3256,2359,en_progreso,2026-09-10,
3257,1441,en_progreso,2026-09-10,
3258,3653,iniciado,2026-09-10,
3259,3906,en_progreso,2026-09-10,
3260,2205,en_progreso,2026-09-10,
3261,2237,en_progreso,2026-09-10,
3262,3678,en_progreso,2026-09-10,
3263,1786,en_progreso,2026-09-10,
3264,2740,pausado,2026-09-10,
3265,1657,pausado,2026-09-10,
3266,3443,en_progreso,2026-09-10,
3267,2549,iniciado,2026-09-10,
3268,2188,en_progreso,2026-09-10,
3269,2312,pausado,2026-09-10,
3270,344,en_progreso,2026-09-10,
3271,556,en_progreso,2026-09-10,
3272,745,en_progreso,2026-09-10,
3273,867,en_progreso,2026-09-10,
3274,3604,en_progreso,2026-09-10,
3275,3408,en_progreso,2026-09-10,
3276,1927,iniciado,2026-09-10,
3277,80,pausado,2026-09-10,
3278,214,en_progreso,2026-09-10,
3279,1434,en_progreso,2026-09-10,
3280,3922,pausado,2026-09-10,
3281,3090,en_progreso,2026-09-10,
3282,1013,en_progreso,2026-09-10,
3283,84,pausado,2026-09-10,
3284,978,en_progreso,2026-09-10,
3285,2311,en_progreso,2026-09-10,
3286,1905,pausado,2026-09-10,
3287,3142,en_progreso,2026-09-10,
3288,3948,pausado,2026-09-10,
3289,470,en_progreso,2026-09-10,
3290,671,en_progreso,2026-09-10,
3291,443,pausado,2026-09-10,
3292,3805,en_progreso,2026-09-10,
3293,3925,en_progreso,2026-09-10,
3294,813,en_progreso,2026-09-10,
3295,2570,en_progreso,2026-09-10,
3296,1236,en_progreso,2026-09-10,
3297,2460,en_progreso,2026-09-10,
3298,3262,en_progreso,2026-09-10,
3299,3206,en_progreso,2026-09-10,
3300,2710,en_progreso,2026-09-10,
3301,1398,iniciado,2026-09-10,
3302,52,en_progreso,2026-09-10,
3303,3369,en_progreso,2026-09-10,
3304,1484,pausado,2026-09-10,
3305,3395,en_progreso,2026-09-10,
3306,722,pausado,2026-09-10,
3307,3955,pausado,2026-09-10,
3308,2523,en_progreso,2026-09-10,
3309,2205,en_progreso,2026-09-10,
3310,1905,en_progreso,2026-09-10,
3311,1100,en_progreso,2026-09-10,
3312,3829,en_progreso,2026-09-10,
3313,999,en_progreso,2026-09-10,
3314,2335,pausado,2026-09-10,
3315,1553,en_progreso,2026-09-10,
3316,1332,en_progreso,2026-09-10,
3317,3268,en_progreso,2026-09-10,
3318,2442,en_progreso,2026-09-10,
3319,1132,pausado,2026-09-10,
3320,2117,iniciado,2026-09-10,
3321,3884,iniciado,2026-09-10,
3322,783,en_progreso,2026-09-10,
3323,2002,pausado,2026-09-10,
3324,985,pausado,2026-09-10,
3325,2646,iniciado,2026-09-10,
3326,2916,en_progreso,2026-09-10,
3327,382,en_progreso,2026-09-10,
3328,997,en_progreso,2026-09-10,
3329,1939,en_progreso,2026-09-10,
3330,1409,en_progreso,2026-09-10,
3331,1355,en_progreso,2026-09-10,
3332,1256,en_progreso,2026-09-10,
3333,789,en_progreso,2026-09-10,
3334,3895,en_progreso,2026-09-10,
3335,759,en_progreso,2026-09-10,
3336,1133,pausado,2026-09-10,
3337,4001,en_progreso,2026-09-10,
3338,2445,en_progreso,2026-09-10,
3339,796,en_progreso,2026-09-10,
3340,1239,en_progreso,2026-09-10,
3341,1124,en_progreso,2026-09-10,
3342,1197,iniciado,2026-09-10,
3343,2857,completado,2026-09-10,Modulo finalizado por el estudiante
3344,2613,en_progreso,2026-09-10,
3345,2011,en_progreso,2026-09-10,
3346,1165,en_progreso,2026-09-10,
3347,756,en_progreso,2026-09-10,
3348,1035,en_progreso,2026-09-10,
3349,1957,en_progreso,2026-09-10,
3350,2015,en_progreso,2026-09-10,
3351,220,en_progreso,2026-09-10,
3352,3888,en_progreso,2026-09-10,
3353,4072,en_progreso,2026-09-10,
3354,1705,pausado,2026-09-10,
3355,3239,iniciado,2026-09-10,
3356,2534,en_progreso,2026-09-10,
3357,1846,en_progreso,2026-09-10,
3358,1218,completado,2026-09-10,Modulo finalizado por el estudiante
3359,4056,iniciado,2026-09-10,
3360,1757,en_progreso,2026-09-10,
3361,2498,abandonado,2026-09-10,Sin actividad posterior registrada
3362,407,en_progreso,2026-09-10,
3363,852,pausado,2026-09-10,
3364,1084,en_progreso,2026-09-10,
3365,644,en_progreso,2026-09-10,
3366,642,en_progreso,2026-09-10,
3367,2433,en_progreso,2026-09-10,
3368,1181,pausado,2026-09-10,
3369,2880,en_progreso,2026-09-10,
3370,292,pausado,2026-09-10,
3371,3785,en_progreso,2026-09-10,
3372,2416,pausado,2026-09-10,
3373,3825,en_progreso,2026-09-10,
3374,921,en_progreso,2026-09-10,
3375,3721,en_progreso,2026-09-10,
3376,245,iniciado,2026-09-10,
3377,680,iniciado,2026-09-10,
3378,3247,en_progreso,2026-09-10,
3379,2332,en_progreso,2026-09-10,
3380,1799,en_progreso,2026-09-10,
3381,2867,en_progreso,2026-09-10,
3382,2212,en_progreso,2026-09-10,
3383,164,en_progreso,2026-09-10,
3384,3009,en_progreso,2026-09-10,
3385,375,en_progreso,2026-09-10,
3386,3525,iniciado,2026-09-10,
3387,2357,iniciado,2026-09-10,
3388,2405,en_progreso,2026-09-10,
3389,3133,pausado,2026-09-10,
3390,1104,pausado,2026-09-10,
3391,3126,completado,2026-09-10,Modulo finalizado por el estudiante
3392,1928,en_progreso,2026-09-10,
3393,1140,en_progreso,2026-09-10,
3394,2601,en_progreso,2026-09-10,
3395,3970,en_progreso,2026-09-10,
3396,1366,en_progreso,2026-09-10,
3397,659,en_progreso,2026-09-10,
3398,1181,pausado,2026-09-10,
3399,1641,en_progreso,2026-09-10,
3400,2254,en_progreso,2026-09-10,
3401,1034,en_progreso,2026-09-10,
3402,1656,completado,2026-09-10,Modulo finalizado por el estudiante
3403,3379,abandonado,2026-09-10,Sin actividad posterior registrada
3404,2694,completado,2026-09-10,Modulo finalizado por el estudiante
3405,1893,en_progreso,2026-09-10,
3406,1482,pausado,2026-09-10,
3407,2042,en_progreso,2026-09-10,
3408,3113,en_progreso,2026-09-10,
3409,537,en_progreso,2026-09-10,
3410,1795,en_progreso,2026-09-10,
3411,1986,en_progreso,2026-09-10,
3412,2494,completado,2026-09-10,Modulo finalizado por el estudiante
3413,2908,iniciado,2026-09-10,
3414,649,iniciado,2026-09-10,
3415,1273,pausado,2026-09-10,
3416,2263,en_progreso,2026-09-10,
3417,3447,iniciado,2026-09-10,
3418,3740,en_progreso,2026-09-10,
3419,2654,completado,2026-09-10,Modulo finalizado por el estudiante
3420,2042,en_progreso,2026-09-10,
3421,1196,en_progreso,2026-09-10,
3422,3420,en_progreso,2026-09-10,
3423,1871,pausado,2026-09-10,
3424,1572,en_progreso,2026-09-10,
3425,3057,en_progreso,2026-09-10,
3426,3540,en_progreso,2026-09-10,
3427,3165,en_progreso,2026-09-10,
3428,1700,en_progreso,2026-09-10,
3429,1095,en_progreso,2026-09-10,
3430,1159,pausado,2026-09-10,
3431,3431,pausado,2026-09-10,
3432,4092,pausado,2026-09-10,
3433,3545,iniciado,2026-09-10,
3434,609,iniciado,2026-09-10,
3435,1830,iniciado,2026-09-10,
3436,2207,en_progreso,2026-09-10,
3437,3125,en_progreso,2026-09-10,
3438,1319,completado,2026-09-10,Modulo finalizado por el estudiante
3439,4018,pausado,2026-09-10,
3440,2343,en_progreso,2026-09-10,
3441,1683,en_progreso,2026-09-10,
3442,2889,iniciado,2026-09-10,
3443,3742,en_progreso,2026-09-10,
3444,1582,en_progreso,2026-09-10,
3445,3246,en_progreso,2026-09-10,
3446,4018,en_progreso,2026-09-10,
3447,518,en_progreso,2026-09-10,
3448,3563,en_progreso,2026-09-10,
3449,409,en_progreso,2026-09-10,
3450,2960,en_progreso,2026-09-10,
3451,3973,en_progreso,2026-09-10,
3452,3970,en_progreso,2026-09-10,
3453,1629,pausado,2026-09-10,
3454,3489,en_progreso,2026-09-10,
3455,2186,en_progreso,2026-09-10,
3456,2944,completado,2026-09-10,Modulo finalizado por el estudiante
3457,1999,completado,2026-09-10,Modulo finalizado por el estudiante
3458,148,en_progreso,2026-09-10,
3459,962,en_progreso,2026-09-10,
3460,3773,en_progreso,2026-09-10,
3461,371,en_progreso,2026-09-10,
3462,2596,iniciado,2026-09-10,
3463,2884,completado,2026-09-10,Modulo finalizado por el estudiante
3464,1818,iniciado,2026-09-10,
3465,682,pausado,2026-09-10,
3466,3701,iniciado,2026-09-10,
3467,119,en_progreso,2026-09-10,
3468,1202,en_progreso,2026-09-10,
3469,1001,en_progreso,2026-09-10,
3470,3247,en_progreso,2026-09-10,
3471,2497,completado,2026-09-10,Modulo finalizado por el estudiante
3472,2539,iniciado,2026-09-10,
3473,2799,iniciado,2026-09-10,
3474,987,en_progreso,2026-09-10,
3475,952,en_progreso,2026-09-10,
3476,1046,pausado,2026-09-10,
3477,3682,en_progreso,2026-09-10,
3478,3692,en_progreso,2026-09-10,
3479,303,en_progreso,2026-09-10,
3480,2407,en_progreso,2026-09-10,
3481,2828,en_progreso,2026-09-10,
3482,816,en_progreso,2026-09-10,
3483,3496,en_progreso,2026-09-10,
3484,2343,en_progreso,2026-09-10,
3485,2865,en_progreso,2026-09-10,
3486,2697,en_progreso,2026-09-10,
3487,3544,iniciado,2026-09-10,
3488,2810,en_progreso,2026-09-10,
3489,3988,en_progreso,2026-09-10,
3490,2035,en_progreso,2026-09-10,
3491,3699,en_progreso,2026-09-10,
3492,2487,completado,2026-09-10,Modulo finalizado por el estudiante
3493,898,pausado,2026-09-10,
3494,2544,iniciado,2026-09-10,
3495,1027,pausado,2026-09-10,
3496,2953,en_progreso,2026-09-10,
3497,2789,completado,2026-09-10,Modulo finalizado por el estudiante
3498,2574,en_progreso,2026-09-10,
3499,162,en_progreso,2026-09-10,
3500,2374,en_progreso,2026-09-10,
3501,3726,en_progreso,2026-09-10,
3502,720,en_progreso,2026-09-10,
3503,3590,en_progreso,2026-09-10,
3504,2175,en_progreso,2026-09-10,
3505,674,en_progreso,2026-09-10,
3506,1974,en_progreso,2026-09-10,
3507,1209,pausado,2026-09-10,
3508,1388,completado,2026-09-10,Modulo finalizado por el estudiante
3509,1919,abandonado,2026-09-10,Sin actividad posterior registrada
3510,577,completado,2026-09-10,Modulo finalizado por el estudiante
3511,925,completado,2026-09-10,Modulo finalizado por el estudiante
3512,2967,pausado,2026-09-10,
3513,1628,iniciado,2026-09-10,
3514,3962,en_progreso,2026-09-10,
3515,2283,en_progreso,2026-09-10,
3516,58,en_progreso,2026-09-10,
3517,1510,pausado,2026-09-10,
3518,2754,en_progreso,2026-09-10,
3519,2616,completado,2026-09-10,Modulo finalizado por el estudiante
3520,444,pausado,2026-09-10,
3521,1932,en_progreso,2026-09-10,
3522,2300,en_progreso,2026-09-10,
3523,2653,en_progreso,2026-09-10,
3524,3725,pausado,2026-09-10,
3525,2660,en_progreso,2026-09-10,
3526,3876,en_progreso,2026-09-10,
3527,476,en_progreso,2026-09-10,
3528,556,en_progreso,2026-09-10,
3529,1520,pausado,2026-09-10,
3530,3044,pausado,2026-09-10,
3531,2213,en_progreso,2026-09-10,
3532,633,en_progreso,2026-09-10,
3533,2683,en_progreso,2026-09-10,
3534,1672,en_progreso,2026-09-10,
3535,1146,en_progreso,2026-09-10,
3536,1817,en_progreso,2026-09-10,
3537,1486,en_progreso,2026-09-10,
3538,2231,en_progreso,2026-09-10,
3539,2642,en_progreso,2026-09-10,
3540,778,abandonado,2026-09-10,Sin actividad posterior registrada
3541,3888,en_progreso,2026-09-10,
3542,1863,en_progreso,2026-09-10,
3543,2620,pausado,2026-09-10,
3544,88,en_progreso,2026-09-10,
3545,4051,en_progreso,2026-09-10,
3546,282,en_progreso,2026-09-10,
3547,2271,en_progreso,2026-09-10,
3548,885,iniciado,2026-09-10,
3549,3331,completado,2026-09-10,Modulo finalizado por el estudiante
3550,1346,completado,2026-09-10,Modulo finalizado por el estudiante
3551,3231,en_progreso,2026-09-10,
3552,12,en_progreso,2026-09-10,
3553,4045,en_progreso,2026-09-10,
3554,715,iniciado,2026-09-10,
3555,451,pausado,2026-09-10,
3556,106,en_progreso,2026-09-10,
3557,3230,en_progreso,2026-09-10,
3558,714,en_progreso,2026-09-10,
3559,1725,en_progreso,2026-09-10,
3560,1951,iniciado,2026-09-10,
3561,1837,en_progreso,2026-09-10,
3562,2103,pausado,2026-09-10,
3563,1852,en_progreso,2026-09-10,
3564,178,pausado,2026-09-10,
3565,3723,completado,2026-09-10,Modulo finalizado por el estudiante
3566,2136,en_progreso,2026-09-10,
3567,128,en_progreso,2026-09-10,
3568,1646,en_progreso,2026-09-10,
3569,2918,completado,2026-09-10,Modulo finalizado por el estudiante
3570,302,completado,2026-09-10,Modulo finalizado por el estudiante
3571,1320,pausado,2026-09-10,
3572,270,en_progreso,2026-09-10,
3573,2398,en_progreso,2026-09-10,
3574,4074,pausado,2026-09-10,
3575,1208,en_progreso,2026-09-10,
3576,407,en_progreso,2026-09-10,
3577,469,en_progreso,2026-09-10,
3578,2667,completado,2026-09-10,Modulo finalizado por el estudiante
3579,2259,pausado,2026-09-10,
3580,881,iniciado,2026-09-10,
3581,1762,en_progreso,2026-09-10,
3582,1389,en_progreso,2026-09-10,
3583,1634,en_progreso,2026-09-10,
3584,1749,en_progreso,2026-09-10,
3585,3906,en_progreso,2026-09-10,
3586,3781,en_progreso,2026-09-10,
3587,350,en_progreso,2026-09-10,
3588,3027,en_progreso,2026-09-10,
3589,533,pausado,2026-09-10,
3590,2403,abandonado,2026-09-10,Sin actividad posterior registrada
3591,2301,en_progreso,2026-09-10,
3592,1449,en_progreso,2026-09-10,
3593,3855,en_progreso,2026-09-10,
3594,3556,en_progreso,2026-09-10,
3595,211,en_progreso,2026-09-10,
3596,2460,en_progreso,2026-09-10,
3597,425,pausado,2026-09-10,
3598,872,en_progreso,2026-09-10,
3599,3471,en_progreso,2026-09-10,
3600,1506,en_progreso,2026-09-10,
3601,927,iniciado,2026-09-10,
3602,3307,iniciado,2026-09-10,
3603,1758,iniciado,2026-09-10,
3604,3462,iniciado,2026-09-10,
3605,2298,en_progreso,2026-09-10,
3606,3353,pausado,2026-09-10,
3607,2765,pausado,2026-09-10,
3608,108,pausado,2026-09-10,
3609,2695,completado,2026-09-10,Modulo finalizado por el estudiante
3610,1096,iniciado,2026-09-10,
3611,119,en_progreso,2026-09-10,
3612,1266,en_progreso,2026-09-10,
3613,1438,en_progreso,2026-09-10,
3614,2320,pausado,2026-09-10,
3615,286,en_progreso,2026-09-10,
3616,126,iniciado,2026-09-10,
3617,376,en_progreso,2026-09-10,
3618,882,en_progreso,2026-09-10,
3619,1859,en_progreso,2026-09-10,
3620,2956,en_progreso,2026-09-10,
3621,2443,en_progreso,2026-09-10,
3622,645,en_progreso,2026-09-10,
3623,204,pausado,2026-09-10,
3624,1115,en_progreso,2026-09-10,
3625,2487,en_progreso,2026-09-10,
3626,1119,en_progreso,2026-09-10,
3627,1414,en_progreso,2026-09-10,
3628,2780,pausado,2026-09-10,
3629,2159,iniciado,2026-09-10,
3630,2733,iniciado,2026-09-10,
3631,1264,iniciado,2026-09-10,
3632,187,en_progreso,2026-09-10,
3633,225,en_progreso,2026-09-10,
3634,866,completado,2026-09-10,Modulo finalizado por el estudiante
3635,3131,en_progreso,2026-09-10,
3636,32,en_progreso,2026-09-10,
3637,530,iniciado,2026-09-10,
3638,1558,iniciado,2026-09-10,
3639,2182,en_progreso,2026-09-10,
3640,2050,pausado,2026-09-10,
3641,2737,en_progreso,2026-09-10,
3642,296,en_progreso,2026-09-10,
3643,1787,en_progreso,2026-09-10,
3644,3532,en_progreso,2026-09-10,
3645,1759,iniciado,2026-09-10,
3646,2349,iniciado,2026-09-10,
3647,1657,pausado,2026-09-10,
3648,1711,en_progreso,2026-09-10,
3649,3958,en_progreso,2026-09-10,
3650,2532,iniciado,2026-09-10,
3651,1885,en_progreso,2026-09-10,
3652,3768,en_progreso,2026-09-10,
3653,434,en_progreso,2026-09-10,
3654,2147,en_progreso,2026-09-10,
3655,3055,iniciado,2026-09-10,
3656,1391,en_progreso,2026-09-10,
3657,313,en_progreso,2026-09-10,
3658,2089,en_progreso,2026-09-10,
3659,1439,pausado,2026-09-10,
3660,3355,pausado,2026-09-10,
3661,605,en_progreso,2026-09-10,
3662,809,en_progreso,2026-09-10,
3663,3110,pausado,2026-09-10,
3664,726,en_progreso,2026-09-10,
3665,2573,en_progreso,2026-09-10,
3666,3113,pausado,2026-09-10,
3667,2790,completado,2026-09-10,Modulo finalizado por el estudiante
3668,2313,pausado,2026-09-10,
3669,4041,pausado,2026-09-10,
3670,3540,en_progreso,2026-09-10,
3671,1295,en_progreso,2026-09-10,
3672,1812,iniciado,2026-09-10,
3673,2587,iniciado,2026-09-10,
3674,1241,completado,2026-09-10,Modulo finalizado por el estudiante
3675,2423,iniciado,2026-09-10,
3676,231,en_progreso,2026-09-10,
3677,1892,en_progreso,2026-09-10,
3678,3407,en_progreso,2026-09-10,
3679,2641,iniciado,2026-09-10,
3680,3540,en_progreso,2026-09-10,
3681,370,en_progreso,2026-09-10,
3682,2077,iniciado,2026-09-10,
3683,1575,en_progreso,2026-09-10,
3684,3244,iniciado,2026-09-10,
3685,3027,en_progreso,2026-09-10,
3686,1843,completado,2026-09-10,Modulo finalizado por el estudiante
3687,2342,pausado,2026-09-10,
3688,1317,iniciado,2026-09-10,
3689,2479,en_progreso,2026-09-10,
3690,254,iniciado,2026-09-10,
3691,1846,en_progreso,2026-09-10,
3692,3683,en_progreso,2026-09-10,
3693,4024,pausado,2026-09-10,
3694,2067,pausado,2026-09-10,
3695,161,iniciado,2026-09-10,
3696,1015,iniciado,2026-09-10,
3697,2899,iniciado,2026-09-10,
3698,1794,en_progreso,2026-09-10,
3699,2147,en_progreso,2026-09-10,
3700,1528,completado,2026-09-10,Modulo finalizado por el estudiante
3701,1587,iniciado,2026-09-10,
3702,1675,iniciado,2026-09-10,
3703,3173,iniciado,2026-09-10,
3704,1386,iniciado,2026-09-10,
3705,2781,pausado,2026-09-10,
3706,3233,pausado,2026-09-10,
3707,1371,iniciado,2026-09-10,
3708,270,en_progreso,2026-09-10,
3709,1584,en_progreso,2026-09-10,
3710,2690,iniciado,2026-09-10,
3711,3951,completado,2026-09-10,Modulo finalizado por el estudiante
3712,3577,en_progreso,2026-09-10,
3713,2719,en_progreso,2026-09-10,
3714,3964,iniciado,2026-09-10,
3715,2688,pausado,2026-09-10,
3716,1606,en_progreso,2026-09-10,
3717,348,en_progreso,2026-09-10,
3718,3243,en_progreso,2026-09-10,
3719,2879,completado,2026-09-10,Modulo finalizado por el estudiante
3720,3027,en_progreso,2026-09-10,
3721,3738,en_progreso,2026-09-10,
3722,1735,en_progreso,2026-09-10,
3723,75,en_progreso,2026-09-10,
3724,878,en_progreso,2026-09-10,
3725,787,en_progreso,2026-09-10,
3726,317,iniciado,2026-09-10,
3727,1212,completado,2026-09-10,Modulo finalizado por el estudiante
3728,415,en_progreso,2026-09-10,
3729,3026,en_progreso,2026-09-10,
3730,155,pausado,2026-09-10,
3731,3590,en_progreso,2026-09-10,
3732,537,en_progreso,2026-09-10,
3733,632,en_progreso,2026-09-10,
3734,3159,pausado,2026-09-10,
3735,3698,en_progreso,2026-09-10,
3736,1683,en_progreso,2026-09-10,
3737,3972,en_progreso,2026-09-10,
3738,3067,iniciado,2026-09-10,
3739,3211,en_progreso,2026-09-10,
3740,1268,iniciado,2026-09-10,
3741,3956,iniciado,2026-09-10,
3742,3313,iniciado,2026-09-10,
3743,3213,en_progreso,2026-09-10,
3744,1507,pausado,2026-09-10,
3745,2337,iniciado,2026-09-10,
3746,4033,en_progreso,2026-09-10,
3747,3188,en_progreso,2026-09-10,
3748,3958,en_progreso,2026-09-10,
3749,2477,iniciado,2026-09-10,
3750,567,en_progreso,2026-09-10,
3751,214,en_progreso,2026-09-10,
3752,3581,en_progreso,2026-09-10,
3753,2914,completado,2026-09-10,Modulo finalizado por el estudiante
3754,3487,iniciado,2026-09-10,
3755,511,iniciado,2026-09-10,
3756,1168,en_progreso,2026-09-10,
3757,657,iniciado,2026-09-10,
3758,1118,en_progreso,2026-09-10,
3759,3404,en_progreso,2026-09-10,
3760,910,completado,2026-09-10,Modulo finalizado por el estudiante
3761,3624,en_progreso,2026-09-10,
3762,110,en_progreso,2026-09-10,
3763,1532,en_progreso,2026-09-10,
3764,4074,en_progreso,2026-09-10,
3765,1306,iniciado,2026-09-10,
3766,3813,en_progreso,2026-09-10,
3767,1374,iniciado,2026-09-10,
3768,3242,en_progreso,2026-09-10,
3769,3758,en_progreso,2026-09-10,
3770,2852,completado,2026-09-10,Modulo finalizado por el estudiante
3771,3109,en_progreso,2026-09-10,
3772,1838,pausado,2026-09-10,
3773,3711,en_progreso,2026-09-10,
3774,1049,en_progreso,2026-09-10,
3775,3852,pausado,2026-09-10,
3776,2162,en_progreso,2026-09-10,
3777,974,en_progreso,2026-09-10,
3778,1720,pausado,2026-09-10,
3779,2552,en_progreso,2026-09-10,
3780,3708,iniciado,2026-09-10,
3781,2048,pausado,2026-09-10,
3782,68,iniciado,2026-09-10,
3783,2589,iniciado,2026-09-10,
3784,2111,iniciado,2026-09-10,
3785,2356,en_progreso,2026-09-10,
3786,1759,en_progreso,2026-09-10,
3787,2338,en_progreso,2026-09-10,
3788,351,en_progreso,2026-09-10,
3789,3906,en_progreso,2026-09-10,
3790,2079,completado,2026-09-10,Modulo finalizado por el estudiante
3791,2080,en_progreso,2026-09-10,
3792,1600,iniciado,2026-09-10,
3793,3578,iniciado,2026-09-10,
3794,1926,iniciado,2026-09-10,
3795,179,pausado,2026-09-10,
3796,4019,en_progreso,2026-09-10,
3797,1463,completado,2026-09-10,Modulo finalizado por el estudiante
3798,1413,en_progreso,2026-09-10,
3799,425,completado,2026-09-10,Modulo finalizado por el estudiante
3800,3012,iniciado,2026-09-10,
3801,3100,en_progreso,2026-09-10,
3802,2237,en_progreso,2026-09-10,
3803,2633,en_progreso,2026-09-10,
3804,1904,en_progreso,2026-09-10,
3805,1961,pausado,2026-09-10,
3806,3324,en_progreso,2026-09-10,
3807,3866,en_progreso,2026-09-10,
3808,180,iniciado,2026-09-10,
3809,3241,en_progreso,2026-09-10,
3810,3824,iniciado,2026-09-10,
3811,1271,iniciado,2026-09-10,
3812,2112,en_progreso,2026-09-10,
3813,1940,en_progreso,2026-09-10,
3814,783,en_progreso,2026-09-10,
3815,196,completado,2026-09-10,Modulo finalizado por el estudiante
3816,1360,en_progreso,2026-09-10,
3817,1790,iniciado,2026-09-10,
3818,3644,en_progreso,2026-09-10,
3819,3918,iniciado,2026-09-10,
3820,1584,en_progreso,2026-09-10,
3821,2835,en_progreso,2026-09-10,
3822,2127,en_progreso,2026-09-10,
3823,1739,iniciado,2026-09-10,
3824,324,en_progreso,2026-09-10,
3825,740,iniciado,2026-09-10,
3826,2235,en_progreso,2026-09-10,
3827,1344,pausado,2026-09-10,
3828,1256,en_progreso,2026-09-10,
3829,683,pausado,2026-09-10,
3830,1440,iniciado,2026-09-10,
3831,1832,iniciado,2026-09-10,
3832,174,iniciado,2026-09-10,
3833,2978,completado,2026-09-10,Modulo finalizado por el estudiante
3834,1445,pausado,2026-09-10,
3835,1782,iniciado,2026-09-10,
3836,1125,pausado,2026-09-10,
3837,3242,completado,2026-09-10,Modulo finalizado por el estudiante
3838,308,pausado,2026-09-10,
3839,1664,en_progreso,2026-09-10,
3840,2783,en_progreso,2026-09-10,
3841,3477,pausado,2026-09-10,
3842,3201,en_progreso,2026-09-10,
3843,967,completado,2026-09-10,Modulo finalizado por el estudiante
3844,1501,iniciado,2026-09-10,
3845,1484,en_progreso,2026-09-10,
3846,2479,en_progreso,2026-09-10,
3847,1520,en_progreso,2026-09-10,
3848,2351,en_progreso,2026-09-10,
3849,1288,iniciado,2026-09-10,
3850,2661,en_progreso,2026-09-10,
3851,107,iniciado,2026-09-10,
3852,3014,en_progreso,2026-09-10,
3853,3742,en_progreso,2026-09-10,
3854,1073,en_progreso,2026-09-10,
3855,2884,en_progreso,2026-09-10,
3856,4082,iniciado,2026-09-10,
3857,2507,iniciado,2026-09-10,
3858,1170,pausado,2026-09-10,
3859,4091,iniciado,2026-09-10,
3860,2012,en_progreso,2026-09-10,
3861,304,en_progreso,2026-09-10,
3862,1824,iniciado,2026-09-10,
3863,4085,en_progreso,2026-09-10,
3864,3464,iniciado,2026-09-10,
3865,4042,en_progreso,2026-09-10,
3866,266,en_progreso,2026-09-10,
3867,1229,iniciado,2026-09-10,
3868,3488,en_progreso,2026-09-10,
3869,2869,iniciado,2026-09-10,
3870,2613,en_progreso,2026-09-10,
3871,1481,en_progreso,2026-09-10,
3872,824,en_progreso,2026-09-10,
3873,970,en_progreso,2026-09-10,
3874,108,en_progreso,2026-09-10,
3875,1915,en_progreso,2026-09-10,
3876,2260,en_progreso,2026-09-10,
3877,270,en_progreso,2026-09-10,
3878,2945,en_progreso,2026-09-10,
3879,1678,iniciado,2026-09-10,
3880,3373,pausado,2026-09-10,
3881,514,iniciado,2026-09-10,
3882,3983,en_progreso,2026-09-10,
3883,304,en_progreso,2026-09-10,
3884,1412,en_progreso,2026-09-10,
3885,2259,pausado,2026-09-10,
3886,746,iniciado,2026-09-10,
3887,3145,iniciado,2026-09-10,
3888,3958,en_progreso,2026-09-10,
3889,3557,iniciado,2026-09-10,
3890,227,iniciado,2026-09-10,
3891,3406,en_progreso,2026-09-10,
3892,675,en_progreso,2026-09-10,
3893,924,iniciado,2026-09-10,
3894,1418,iniciado,2026-09-10,
3895,3881,iniciado,2026-09-10,
3896,3854,iniciado,2026-09-10,
3897,2126,iniciado,2026-09-10,
3898,3666,iniciado,2026-09-10,
3899,1164,completado,2026-09-10,Modulo finalizado por el estudiante
3900,1027,en_progreso,2026-09-10,
3901,1125,en_progreso,2026-09-10,
3902,2186,en_progreso,2026-09-10,
3903,2425,iniciado,2026-09-10,
3904,3857,pausado,2026-09-10,
3905,702,iniciado,2026-09-10,
3906,2699,pausado,2026-09-10,
3907,3695,iniciado,2026-09-10,
3908,2479,en_progreso,2026-09-10,
3909,169,completado,2026-09-10,Modulo finalizado por el estudiante
3910,117,iniciado,2026-09-10,
3911,333,en_progreso,2026-09-10,
3912,2363,iniciado,2026-09-10,
3913,1085,pausado,2026-09-10,
3914,3142,pausado,2026-09-10,
3915,2532,pausado,2026-09-10,
3916,2040,iniciado,2026-09-10,
3917,3642,iniciado,2026-09-10,
3918,2569,iniciado,2026-09-10,
3919,2235,en_progreso,2026-09-10,
3920,1979,iniciado,2026-09-10,
3921,1004,completado,2026-09-10,Modulo finalizado por el estudiante
3922,2806,iniciado,2026-09-10,
3923,1664,en_progreso,2026-09-10,
3924,246,en_progreso,2026-09-10,
3925,1903,en_progreso,2026-09-10,
3926,1281,completado,2026-09-10,Modulo finalizado por el estudiante
3927,1308,iniciado,2026-09-10,
3928,3008,iniciado,2026-09-10,
3929,4047,completado,2026-09-10,Modulo finalizado por el estudiante
3930,3996,iniciado,2026-09-10,
3931,1634,en_progreso,2026-09-10,
3932,2301,en_progreso,2026-09-10,
3933,502,iniciado,2026-09-10,
3934,1096,en_progreso,2026-09-10,
3935,208,en_progreso,2026-09-10,
3936,1574,iniciado,2026-09-10,
3937,3540,en_progreso,2026-09-10,
3938,1017,abandonado,2026-09-10,Sin actividad posterior registrada
3939,3696,iniciado,2026-09-10,
3940,655,iniciado,2026-09-10,
3941,3333,en_progreso,2026-09-10,
3942,1281,en_progreso,2026-09-10,
3943,653,iniciado,2026-09-10,
3944,2041,iniciado,2026-09-10,
3945,4080,en_progreso,2026-09-10,
3946,1264,en_progreso,2026-09-10,
3947,1611,iniciado,2026-09-10,
3948,2071,en_progreso,2026-09-10,
3949,2390,iniciado,2026-09-10,
3950,1446,en_progreso,2026-09-10,
3951,2448,iniciado,2026-09-10,
3952,3615,completado,2026-09-10,Modulo finalizado por el estudiante
3953,2755,iniciado,2026-09-10,
3954,1928,en_progreso,2026-09-10,
3955,441,iniciado,2026-09-10,
3956,1766,en_progreso,2026-09-10,
3957,1499,completado,2026-09-10,Modulo finalizado por el estudiante
3958,1499,en_progreso,2026-09-10,
3959,210,iniciado,2026-09-10,
3960,2336,iniciado,2026-09-10,
3961,2302,iniciado,2026-09-10,
3962,798,iniciado,2026-09-10,
3963,1485,iniciado,2026-09-10,
3964,2267,en_progreso,2026-09-10,
3965,1583,iniciado,2026-09-10,
3966,2066,iniciado,2026-09-10,
3967,1845,iniciado,2026-09-10,
3968,3131,en_progreso,2026-09-10,
3969,2553,pausado,2026-09-10,
3970,487,iniciado,2026-09-10,
3971,528,iniciado,2026-09-10,
3972,3994,iniciado,2026-09-10,
3973,397,en_progreso,2026-09-10,
3974,1389,en_progreso,2026-09-10,
3975,1498,iniciado,2026-09-10,
3976,3093,en_progreso,2026-09-10,
3977,1645,iniciado,2026-09-10,
3978,2049,iniciado,2026-09-10,
3979,165,en_progreso,2026-09-10,
3980,1365,iniciado,2026-09-10,
3981,3294,en_progreso,2026-09-10,
3982,2484,en_progreso,2026-09-10,
3983,573,en_progreso,2026-09-10,
3984,666,iniciado,2026-09-10,
3985,1610,iniciado,2026-09-10,
3986,4058,iniciado,2026-09-10,
3987,2526,iniciado,2026-09-10,
3988,3029,iniciado,2026-09-10,
3989,3452,iniciado,2026-09-10,
3990,1226,pausado,2026-09-10,
3991,2078,completado,2026-09-10,Modulo finalizado por el estudiante
3992,2181,iniciado,2026-09-10,
3993,2007,iniciado,2026-09-10,
3994,2903,iniciado,2026-09-10,
3995,2306,en_progreso,2026-09-10,
3996,1509,iniciado,2026-09-10,
3997,1357,iniciado,2026-09-10,
3998,2760,iniciado,2026-09-10,
3999,449,iniciado,2026-09-10,
4000,4014,en_progreso,2026-09-10,
4001,2620,en_progreso,2026-09-11,
4002,1004,en_progreso,2026-09-11,
4003,3017,en_progreso,2026-09-11,
4004,3034,completado,2026-09-11,Modulo finalizado por el estudiante
4005,357,pausado,2026-09-11,
4006,131,en_progreso,2026-09-11,
4007,2070,pausado,2026-09-11,
4008,2299,en_progreso,2026-09-11,
4009,2233,en_progreso,2026-09-11,
4010,1140,completado,2026-09-11,Modulo finalizado por el estudiante
4011,27,completado,2026-09-11,Modulo finalizado por el estudiante
4012,654,pausado,2026-09-11,
4013,1394,en_progreso,2026-09-11,
4014,3128,en_progreso,2026-09-11,
4015,397,en_progreso,2026-09-11,
4016,1084,en_progreso,2026-09-11,
4017,2989,en_progreso,2026-09-11,
4018,3778,en_progreso,2026-09-11,
4019,3398,pausado,2026-09-11,
4020,3627,completado,2026-09-11,Modulo finalizado por el estudiante
4021,2365,en_progreso,2026-09-11,
4022,2709,en_progreso,2026-09-11,
4023,1186,abandonado,2026-09-11,Sin actividad posterior registrada
4024,3504,en_progreso,2026-09-11,
4025,1139,en_progreso,2026-09-11,
4026,667,en_progreso,2026-09-11,
4027,1094,pausado,2026-09-11,
4028,2800,pausado,2026-09-11,
4029,2496,pausado,2026-09-11,
4030,2188,pausado,2026-09-11,
4031,670,en_progreso,2026-09-11,
4032,3791,pausado,2026-09-11,
4033,2282,en_progreso,2026-09-11,
4034,3148,en_progreso,2026-09-11,
4035,939,en_progreso,2026-09-11,
4036,3298,en_progreso,2026-09-11,
4037,865,en_progreso,2026-09-11,
4038,2324,en_progreso,2026-09-11,
4039,1289,en_progreso,2026-09-11,
4040,3624,en_progreso,2026-09-11,
4041,1880,en_progreso,2026-09-11,
4042,3052,pausado,2026-09-11,
4043,1077,pausado,2026-09-11,
4044,1755,en_progreso,2026-09-11,
4045,1636,en_progreso,2026-09-11,
4046,567,en_progreso,2026-09-11,
4047,373,completado,2026-09-11,Modulo finalizado por el estudiante
4048,3528,en_progreso,2026-09-11,
4049,3245,pausado,2026-09-11,
4050,2443,en_progreso,2026-09-11,
4051,4081,en_progreso,2026-09-11,
4052,2267,en_progreso,2026-09-11,
4053,48,pausado,2026-09-11,
4054,470,en_progreso,2026-09-11,
4055,2200,en_progreso,2026-09-11,
4056,3149,pausado,2026-09-11,
4057,457,en_progreso,2026-09-11,
4058,14,en_progreso,2026-09-11,
4059,3588,pausado,2026-09-11,
4060,3981,en_progreso,2026-09-11,
4061,3739,en_progreso,2026-09-11,
4062,3448,pausado,2026-09-11,
4063,2495,en_progreso,2026-09-11,
4064,1532,en_progreso,2026-09-11,
4065,2210,en_progreso,2026-09-11,
4066,3779,en_progreso,2026-09-11,
4067,1328,en_progreso,2026-09-11,
4068,1487,en_progreso,2026-09-11,
4069,3407,en_progreso,2026-09-11,
4070,981,en_progreso,2026-09-11,
4071,3879,en_progreso,2026-09-11,
4072,3343,en_progreso,2026-09-11,
4073,3137,en_progreso,2026-09-11,
4074,2703,en_progreso,2026-09-11,
4075,1086,en_progreso,2026-09-11,
4076,3951,en_progreso,2026-09-11,
4077,2209,completado,2026-09-11,Modulo finalizado por el estudiante
4078,2826,en_progreso,2026-09-11,
4079,4077,pausado,2026-09-11,
4080,1530,en_progreso,2026-09-11,
4081,496,en_progreso,2026-09-11,
4082,263,en_progreso,2026-09-11,
4083,943,pausado,2026-09-11,
4084,30,en_progreso,2026-09-11,
4085,938,en_progreso,2026-09-11,
4086,129,en_progreso,2026-09-11,
4087,291,en_progreso,2026-09-11,
4088,1989,en_progreso,2026-09-11,
4089,3832,completado,2026-09-11,Modulo finalizado por el estudiante
4090,2361,en_progreso,2026-09-11,
4091,3308,en_progreso,2026-09-11,
4092,2700,en_progreso,2026-09-11,
4093,1913,en_progreso,2026-09-11,
4094,222,pausado,2026-09-11,
4095,4032,pausado,2026-09-11,
4096,249,en_progreso,2026-09-11,
4097,3530,en_progreso,2026-09-11,
4098,2197,en_progreso,2026-09-11,
4099,1141,en_progreso,2026-09-11,
4100,309,en_progreso,2026-09-11,
4101,3529,completado,2026-09-11,Modulo finalizado por el estudiante
4102,402,en_progreso,2026-09-11,
4103,3425,en_progreso,2026-09-11,
4104,383,en_progreso,2026-09-11,
4105,3477,en_progreso,2026-09-11,
4106,1972,en_progreso,2026-09-11,
4107,241,en_progreso,2026-09-11,
4108,1600,en_progreso,2026-09-11,
4109,1864,en_progreso,2026-09-11,
4110,2993,en_progreso,2026-09-11,
4111,2277,pausado,2026-09-11,
4112,1994,en_progreso,2026-09-11,
4113,3968,en_progreso,2026-09-11,
4114,250,pausado,2026-09-11,
4115,235,en_progreso,2026-09-11,
4116,3766,en_progreso,2026-09-11,
4117,645,en_progreso,2026-09-11,
4118,2081,en_progreso,2026-09-11,
4119,2438,en_progreso,2026-09-11,
4120,1654,en_progreso,2026-09-11,
4121,1009,pausado,2026-09-11,
4122,163,pausado,2026-09-11,
4123,1718,pausado,2026-09-11,
4124,2316,en_progreso,2026-09-11,
4125,837,pausado,2026-09-11,
4126,1287,en_progreso,2026-09-11,
4127,2752,pausado,2026-09-11,
4128,1873,en_progreso,2026-09-11,
4129,298,en_progreso,2026-09-11,
4130,2307,en_progreso,2026-09-11,
4131,301,en_progreso,2026-09-11,
4132,543,en_progreso,2026-09-11,
4133,3609,en_progreso,2026-09-11,
4134,1168,en_progreso,2026-09-11,
4135,3416,en_progreso,2026-09-11,
4136,4030,en_progreso,2026-09-11,
4137,2679,en_progreso,2026-09-11,
4138,2272,en_progreso,2026-09-11,
4139,2718,en_progreso,2026-09-11,
4140,3597,en_progreso,2026-09-11,
4141,439,pausado,2026-09-11,
4142,637,en_progreso,2026-09-11,
4143,2940,en_progreso,2026-09-11,
4144,3494,en_progreso,2026-09-11,
4145,3709,en_progreso,2026-09-11,
4146,209,en_progreso,2026-09-11,
4147,1134,en_progreso,2026-09-11,
4148,536,pausado,2026-09-11,
4149,1073,en_progreso,2026-09-11,
4150,1810,en_progreso,2026-09-11,
4151,1752,pausado,2026-09-11,
4152,459,en_progreso,2026-09-11,
4153,3703,en_progreso,2026-09-11,
4154,148,en_progreso,2026-09-11,
4155,2386,pausado,2026-09-11,
4156,1761,en_progreso,2026-09-11,
4157,1263,en_progreso,2026-09-11,
4158,3983,en_progreso,2026-09-11,
4159,3682,en_progreso,2026-09-11,
4160,2794,en_progreso,2026-09-11,
4161,422,en_progreso,2026-09-11,
4162,3583,en_progreso,2026-09-11,
4163,634,en_progreso,2026-09-11,
4164,970,en_progreso,2026-09-11,
4165,3999,en_progreso,2026-09-11,
4166,726,en_progreso,2026-09-11,
4167,102,en_progreso,2026-09-11,
4168,3205,en_progreso,2026-09-11,
4169,3286,pausado,2026-09-11,
4170,3011,en_progreso,2026-09-11,
4171,1093,en_progreso,2026-09-11,
4172,2873,en_progreso,2026-09-11,
4173,3573,en_progreso,2026-09-11,
4174,818,en_progreso,2026-09-11,
4175,1886,en_progreso,2026-09-11,
4176,3569,en_progreso,2026-09-11,
4177,792,en_progreso,2026-09-11,
4178,285,en_progreso,2026-09-11,
4179,1144,en_progreso,2026-09-11,
4180,2784,en_progreso,2026-09-11,
4181,2197,en_progreso,2026-09-11,
4182,3593,en_progreso,2026-09-11,
4183,732,pausado,2026-09-11,
4184,4029,en_progreso,2026-09-11,
4185,1780,en_progreso,2026-09-11,
4186,1788,pausado,2026-09-11,
4187,2095,en_progreso,2026-09-11,
4188,779,en_progreso,2026-09-11,
4189,7,en_progreso,2026-09-11,
4190,2814,pausado,2026-09-11,
4191,3040,pausado,2026-09-11,
4192,808,en_progreso,2026-09-11,
4193,2721,en_progreso,2026-09-11,
4194,2553,en_progreso,2026-09-11,
4195,2949,en_progreso,2026-09-11,
4196,2078,en_progreso,2026-09-11,
4197,1673,en_progreso,2026-09-11,
4198,2271,en_progreso,2026-09-11,
4199,1723,pausado,2026-09-11,
4200,1553,pausado,2026-09-11,
4201,3698,en_progreso,2026-09-11,
4202,1664,en_progreso,2026-09-11,
4203,1176,en_progreso,2026-09-11,
4204,3219,pausado,2026-09-11,
4205,2682,en_progreso,2026-09-11,
4206,2768,iniciado,2026-09-11,
4207,876,en_progreso,2026-09-11,
4208,3252,en_progreso,2026-09-11,
4209,3261,en_progreso,2026-09-11,
4210,2699,en_progreso,2026-09-11,
4211,2593,pausado,2026-09-11,
4212,383,en_progreso,2026-09-11,
4213,3077,en_progreso,2026-09-11,
4214,3304,en_progreso,2026-09-11,
4215,1003,en_progreso,2026-09-11,
4216,2504,en_progreso,2026-09-11,
4217,299,en_progreso,2026-09-11,
4218,2358,en_progreso,2026-09-11,
4219,2025,en_progreso,2026-09-11,
4220,2817,en_progreso,2026-09-11,
4221,3155,en_progreso,2026-09-11,
4222,3189,en_progreso,2026-09-11,
4223,3924,pausado,2026-09-11,
4224,1903,en_progreso,2026-09-11,
4225,3475,en_progreso,2026-09-11,
4226,1904,en_progreso,2026-09-11,
4227,4047,en_progreso,2026-09-11,
4228,1300,en_progreso,2026-09-11,
4229,3652,en_progreso,2026-09-11,
4230,3339,pausado,2026-09-11,
4231,2068,en_progreso,2026-09-11,
4232,1827,iniciado,2026-09-11,
4233,3675,iniciado,2026-09-11,
4234,652,iniciado,2026-09-11,
4235,3047,iniciado,2026-09-11,
4236,3529,en_progreso,2026-09-11,
4237,1062,iniciado,2026-09-11,
4238,3080,iniciado,2026-09-11,
4239,1013,en_progreso,2026-09-11,
4240,1136,en_progreso,2026-09-11,
4241,2136,en_progreso,2026-09-11,
4242,1802,en_progreso,2026-09-11,
4243,1171,en_progreso,2026-09-11,
4244,3658,en_progreso,2026-09-11,
4245,948,en_progreso,2026-09-11,
4246,877,en_progreso,2026-09-11,
4247,2223,en_progreso,2026-09-11,
4248,3412,en_progreso,2026-09-11,
4249,3707,en_progreso,2026-09-11,
4250,3876,pausado,2026-09-11,
4251,3510,en_progreso,2026-09-11,
4252,2359,en_progreso,2026-09-11,
4253,1441,en_progreso,2026-09-11,
4254,3653,abandonado,2026-09-11,Sin actividad posterior registrada
4255,1717,en_progreso,2026-09-11,
4256,3277,en_progreso,2026-09-11,
4257,904,en_progreso,2026-09-11,
4258,1990,en_progreso,2026-09-11,
4259,2782,en_progreso,2026-09-11,
4260,2967,en_progreso,2026-09-11,
4261,523,en_progreso,2026-09-11,
4262,2188,en_progreso,2026-09-11,
4263,2312,pausado,2026-09-11,
4264,344,en_progreso,2026-09-11,
4265,556,en_progreso,2026-09-11,
4266,745,en_progreso,2026-09-11,
4267,867,en_progreso,2026-09-11,
4268,3604,en_progreso,2026-09-11,
4269,3408,en_progreso,2026-09-11,
4270,1927,en_progreso,2026-09-11,
4271,3900,en_progreso,2026-09-11,
4272,3200,iniciado,2026-09-11,
4273,3922,pausado,2026-09-11,
4274,3090,en_progreso,2026-09-11,
4275,1013,en_progreso,2026-09-11,
4276,84,pausado,2026-09-11,
4277,978,en_progreso,2026-09-11,
4278,2311,en_progreso,2026-09-11,
4279,1905,pausado,2026-09-11,
4280,3142,en_progreso,2026-09-11,
4281,3948,pausado,2026-09-11,
4282,470,en_progreso,2026-09-11,
4283,671,en_progreso,2026-09-11,
4284,443,pausado,2026-09-11,
4285,3805,en_progreso,2026-09-11,
4286,3925,en_progreso,2026-09-11,
4287,813,en_progreso,2026-09-11,
4288,2570,en_progreso,2026-09-11,
4289,1236,en_progreso,2026-09-11,
4290,2460,en_progreso,2026-09-11,
4291,3262,en_progreso,2026-09-11,
4292,3206,en_progreso,2026-09-11,
4293,2710,en_progreso,2026-09-11,
4294,1398,en_progreso,2026-09-11,
4295,2008,en_progreso,2026-09-11,
4296,2604,en_progreso,2026-09-11,
4297,1884,pausado,2026-09-11,
4298,1784,en_progreso,2026-09-11,
4299,2665,en_progreso,2026-09-11,
4300,2205,en_progreso,2026-09-11,
4301,1905,en_progreso,2026-09-11,
4302,1100,en_progreso,2026-09-11,
4303,3829,en_progreso,2026-09-11,
4304,999,en_progreso,2026-09-11,
4305,2335,pausado,2026-09-11,
4306,1553,en_progreso,2026-09-11,
4307,1332,en_progreso,2026-09-11,
4308,3268,en_progreso,2026-09-11,
4309,2442,en_progreso,2026-09-11,
4310,1132,pausado,2026-09-11,
4311,2117,completado,2026-09-11,Modulo finalizado por el estudiante
4312,351,en_progreso,2026-09-11,
4313,2275,en_progreso,2026-09-11,
4314,2829,en_progreso,2026-09-11,
4315,1836,en_progreso,2026-09-11,
4316,382,en_progreso,2026-09-11,
4317,997,en_progreso,2026-09-11,
4318,1939,en_progreso,2026-09-11,
4319,1409,en_progreso,2026-09-11,
4320,1355,en_progreso,2026-09-11,
4321,1256,en_progreso,2026-09-11,
4322,789,en_progreso,2026-09-11,
4323,3895,en_progreso,2026-09-11,
4324,759,en_progreso,2026-09-11,
4325,1133,pausado,2026-09-11,
4326,4001,en_progreso,2026-09-11,
4327,2445,en_progreso,2026-09-11,
4328,796,en_progreso,2026-09-11,
4329,1239,en_progreso,2026-09-11,
4330,1124,en_progreso,2026-09-11,
4331,1197,pausado,2026-09-11,
4332,518,pausado,2026-09-11,
4333,3084,en_progreso,2026-09-11,
4334,2352,en_progreso,2026-09-11,
4335,1396,en_progreso,2026-09-11,
4336,3855,en_progreso,2026-09-11,
4337,468,completado,2026-09-11,Modulo finalizado por el estudiante
4338,1642,en_progreso,2026-09-11,
4339,2812,en_progreso,2026-09-11,
4340,2306,completado,2026-09-11,Modulo finalizado por el estudiante
4341,349,iniciado,2026-09-11,
4342,4072,en_progreso,2026-09-11,
4343,1705,pausado,2026-09-11,
4344,3239,pausado,2026-09-11,
4345,3178,en_progreso,2026-09-11,
4346,1846,en_progreso,2026-09-11,
4347,1218,en_progreso,2026-09-11,
4348,4056,en_progreso,2026-09-11,
4349,247,pausado,2026-09-11,
4350,3032,en_progreso,2026-09-11,
4351,2563,en_progreso,2026-09-11,
4352,644,en_progreso,2026-09-11,
4353,642,en_progreso,2026-09-11,
4354,2433,en_progreso,2026-09-11,
4355,1181,pausado,2026-09-11,
4356,2880,en_progreso,2026-09-11,
4357,292,pausado,2026-09-11,
4358,3785,en_progreso,2026-09-11,
4359,2416,pausado,2026-09-11,
4360,3825,en_progreso,2026-09-11,
4361,921,en_progreso,2026-09-11,
4362,3721,en_progreso,2026-09-11,
4363,245,en_progreso,2026-09-11,
4364,3068,iniciado,2026-09-11,
4365,3377,pausado,2026-09-11,
4366,1183,iniciado,2026-09-11,
4367,1799,en_progreso,2026-09-11,
4368,2867,en_progreso,2026-09-11,
4369,2212,en_progreso,2026-09-11,
4370,164,en_progreso,2026-09-11,
4371,3009,en_progreso,2026-09-11,
4372,375,en_progreso,2026-09-11,
4373,3525,pausado,2026-09-11,
4374,3895,en_progreso,2026-09-11,
4375,3133,pausado,2026-09-11,
4376,1104,pausado,2026-09-11,
4377,3126,en_progreso,2026-09-11,
4378,1928,en_progreso,2026-09-11,
4379,1140,en_progreso,2026-09-11,
4380,2398,en_progreso,2026-09-11,
4381,3970,en_progreso,2026-09-11,
4382,1366,en_progreso,2026-09-11,
4383,659,en_progreso,2026-09-11,
4384,1181,pausado,2026-09-11,
4385,1641,en_progreso,2026-09-11,
4386,2254,en_progreso,2026-09-11,
4387,1034,en_progreso,2026-09-11,
4388,1656,en_progreso,2026-09-11,
4389,3379,en_progreso,2026-09-11,
4390,2694,en_progreso,2026-09-11,
4391,1893,en_progreso,2026-09-11,
4392,1482,pausado,2026-09-11,
4393,2042,en_progreso,2026-09-11,
4394,3113,en_progreso,2026-09-11,
4395,537,en_progreso,2026-09-11,
4396,1795,en_progreso,2026-09-11,
4397,1986,en_progreso,2026-09-11,
4398,2494,en_progreso,2026-09-11,
4399,2908,en_progreso,2026-09-11,
4400,2263,en_progreso,2026-09-11,
4401,3447,completado,2026-09-11,Modulo finalizado por el estudiante
4402,1891,completado,2026-09-11,Modulo finalizado por el estudiante
4403,2654,en_progreso,2026-09-11,
4404,2042,en_progreso,2026-09-11,
4405,1196,en_progreso,2026-09-11,
4406,3420,en_progreso,2026-09-11,
4407,1871,pausado,2026-09-11,
4408,1572,en_progreso,2026-09-11,
4409,3057,en_progreso,2026-09-11,
4410,3540,en_progreso,2026-09-11,
4411,3165,en_progreso,2026-09-11,
4412,1700,en_progreso,2026-09-11,
4413,1095,en_progreso,2026-09-11,
4414,1159,pausado,2026-09-11,
4415,3431,pausado,2026-09-11,
4416,4092,pausado,2026-09-11,
4417,3545,en_progreso,2026-09-11,
4418,1414,en_progreso,2026-09-11,
4419,1546,iniciado,2026-09-11,
4420,1866,completado,2026-09-11,Modulo finalizado por el estudiante
4421,3562,en_progreso,2026-09-11,
4422,2343,en_progreso,2026-09-11,
4423,1683,en_progreso,2026-09-11,
4424,2889,completado,2026-09-11,Modulo finalizado por el estudiante
4425,1562,en_progreso,2026-09-11,
4426,3362,pausado,2026-09-11,
4427,624,iniciado,2026-09-11,
4428,2029,iniciado,2026-09-11,
4429,3952,en_progreso,2026-09-11,
4430,2418,iniciado,2026-09-11,
4431,1360,completado,2026-09-11,Modulo finalizado por el estudiante
4432,3581,completado,2026-09-11,Modulo finalizado por el estudiante
4433,409,en_progreso,2026-09-11,
4434,2960,en_progreso,2026-09-11,
4435,3973,en_progreso,2026-09-11,
4436,3970,en_progreso,2026-09-11,
4437,1629,pausado,2026-09-11,
4438,3489,en_progreso,2026-09-11,
4439,2186,en_progreso,2026-09-11,
4440,2944,en_progreso,2026-09-11,
4441,1999,en_progreso,2026-09-11,
4442,148,en_progreso,2026-09-11,
4443,962,en_progreso,2026-09-11,
4444,3773,en_progreso,2026-09-11,
4445,371,en_progreso,2026-09-11,
4446,2596,pausado,2026-09-11,
4447,412,en_progreso,2026-09-11,
4448,2843,en_progreso,2026-09-11,
4449,119,en_progreso,2026-09-11,
4450,1202,en_progreso,2026-09-11,
4451,1001,en_progreso,2026-09-11,
4452,3247,en_progreso,2026-09-11,
4453,2497,en_progreso,2026-09-11,
4454,2539,pausado,2026-09-11,
4455,2039,iniciado,2026-09-11,
4456,3739,pausado,2026-09-11,
4457,952,en_progreso,2026-09-11,
4458,1046,pausado,2026-09-11,
4459,3682,en_progreso,2026-09-11,
4460,3692,en_progreso,2026-09-11,
4461,303,en_progreso,2026-09-11,
4462,2407,en_progreso,2026-09-11,
4463,2828,en_progreso,2026-09-11,
4464,816,en_progreso,2026-09-11,
4465,3496,en_progreso,2026-09-11,
4466,2343,en_progreso,2026-09-11,
4467,2865,en_progreso,2026-09-11,
4468,2697,en_progreso,2026-09-11,
4469,3544,pausado,2026-09-11,
4470,3051,en_progreso,2026-09-11,
4471,3730,pausado,2026-09-11,
4472,2035,en_progreso,2026-09-11,
4473,3699,en_progreso,2026-09-11,
4474,2487,en_progreso,2026-09-11,
4475,898,pausado,2026-09-11,
4476,2544,en_progreso,2026-09-11,
4477,3144,pausado,2026-09-11,
4478,3434,en_progreso,2026-09-11,
4479,2571,pausado,2026-09-11,
4480,1266,en_progreso,2026-09-11,
4481,137,pausado,2026-09-11,
4482,3000,en_progreso,2026-09-11,
4483,1339,pausado,2026-09-11,
4484,720,en_progreso,2026-09-11,
4485,3590,en_progreso,2026-09-11,
4486,2175,en_progreso,2026-09-11,
4487,674,en_progreso,2026-09-11,
4488,1974,en_progreso,2026-09-11,
4489,1209,pausado,2026-09-11,
4490,1388,en_progreso,2026-09-11,
4491,1919,en_progreso,2026-09-11,
4492,577,en_progreso,2026-09-11,
4493,925,en_progreso,2026-09-11,
4494,2967,pausado,2026-09-11,
4495,1628,abandonado,2026-09-11,Sin actividad posterior registrada
4496,3296,pausado,2026-09-11,
4497,370,en_progreso,2026-09-11,
4498,58,en_progreso,2026-09-11,
4499,1510,pausado,2026-09-11,
4500,2754,en_progreso,2026-09-11,
4501,2616,en_progreso,2026-09-11,
4502,444,pausado,2026-09-11,
4503,1932,en_progreso,2026-09-11,
4504,2300,en_progreso,2026-09-11,
4505,2653,en_progreso,2026-09-11,
4506,3725,pausado,2026-09-11,
4507,2660,en_progreso,2026-09-11,
4508,3876,en_progreso,2026-09-11,
4509,476,en_progreso,2026-09-11,
4510,556,en_progreso,2026-09-11,
4511,1520,pausado,2026-09-11,
4512,3044,pausado,2026-09-11,
4513,2213,en_progreso,2026-09-11,
4514,633,en_progreso,2026-09-11,
4515,2683,en_progreso,2026-09-11,
4516,1672,en_progreso,2026-09-11,
4517,1146,en_progreso,2026-09-11,
4518,1817,en_progreso,2026-09-11,
4519,1486,en_progreso,2026-09-11,
4520,2231,en_progreso,2026-09-11,
4521,2642,en_progreso,2026-09-11,
4522,778,en_progreso,2026-09-11,
4523,3888,en_progreso,2026-09-11,
4524,1863,en_progreso,2026-09-11,
4525,2620,pausado,2026-09-11,
4526,88,en_progreso,2026-09-11,
4527,4051,en_progreso,2026-09-11,
4528,282,en_progreso,2026-09-11,
4529,2271,en_progreso,2026-09-11,
4530,885,completado,2026-09-11,Modulo finalizado por el estudiante
4531,955,iniciado,2026-09-11,
4532,1346,en_progreso,2026-09-11,
4533,3231,en_progreso,2026-09-11,
4534,12,en_progreso,2026-09-11,
4535,4045,en_progreso,2026-09-11,
4536,715,en_progreso,2026-09-11,
4537,540,en_progreso,2026-09-11,
4538,975,pausado,2026-09-11,
4539,65,en_progreso,2026-09-11,
4540,3039,en_progreso,2026-09-11,
4541,261,en_progreso,2026-09-11,
4542,2103,pausado,2026-09-11,
4543,1852,en_progreso,2026-09-11,
4544,178,pausado,2026-09-11,
4545,3723,en_progreso,2026-09-11,
4546,2136,en_progreso,2026-09-11,
4547,128,en_progreso,2026-09-11,
4548,1646,en_progreso,2026-09-11,
4549,2918,en_progreso,2026-09-11,
4550,302,en_progreso,2026-09-11,
4551,1320,pausado,2026-09-11,
4552,270,en_progreso,2026-09-11,
4553,2398,en_progreso,2026-09-11,
4554,4074,pausado,2026-09-11,
4555,1208,en_progreso,2026-09-11,
4556,407,en_progreso,2026-09-11,
4557,469,en_progreso,2026-09-11,
4558,2667,en_progreso,2026-09-11,
4559,2259,pausado,2026-09-11,
4560,881,en_progreso,2026-09-11,
4561,1695,en_progreso,2026-09-11,
4562,1704,pausado,2026-09-11,
4563,1281,en_progreso,2026-09-11,
4564,2725,iniciado,2026-09-11,
4565,1045,iniciado,2026-09-11,
4566,1534,abandonado,2026-09-11,Sin actividad posterior registrada
4567,2814,completado,2026-09-11,Modulo finalizado por el estudiante
4568,275,en_progreso,2026-09-11,
4569,1769,iniciado,2026-09-11,
4570,396,iniciado,2026-09-11,
4571,3050,iniciado,2026-09-11,
4572,3027,en_progreso,2026-09-11,
4573,533,pausado,2026-09-11,
4574,2403,en_progreso,2026-09-11,
4575,2301,en_progreso,2026-09-11,
4576,1449,en_progreso,2026-09-11,
4577,3855,en_progreso,2026-09-11,
4578,3556,en_progreso,2026-09-11,
4579,211,en_progreso,2026-09-11,
4580,2460,en_progreso,2026-09-11,
4581,425,en_progreso,2026-09-11,
4582,872,en_progreso,2026-09-11,
4583,3471,en_progreso,2026-09-11,
4584,1506,en_progreso,2026-09-11,
4585,927,completado,2026-09-11,Modulo finalizado por el estudiante
4586,3462,pausado,2026-09-11,
4587,3144,completado,2026-09-11,Modulo finalizado por el estudiante
4588,2514,pausado,2026-09-11,
4589,2281,iniciado,2026-09-11,
4590,108,pausado,2026-09-11,
4591,2695,en_progreso,2026-09-11,
4592,1096,en_progreso,2026-09-11,
4593,3123,iniciado,2026-09-11,
4594,1266,en_progreso,2026-09-11,
4595,1438,en_progreso,2026-09-11,
4596,2320,pausado,2026-09-11,
4597,286,en_progreso,2026-09-11,
4598,126,en_progreso,2026-09-11,
4599,1541,en_progreso,2026-09-11,
4600,1516,iniciado,2026-09-11,
4601,1277,pausado,2026-09-11,
4602,3182,iniciado,2026-09-11,
4603,3857,pausado,2026-09-11,
4604,348,completado,2026-09-11,Modulo finalizado por el estudiante
4605,638,iniciado,2026-09-11,
4606,645,en_progreso,2026-09-11,
4607,204,pausado,2026-09-11,
4608,1115,en_progreso,2026-09-11,
4609,2487,en_progreso,2026-09-11,
4610,1119,en_progreso,2026-09-11,
4611,1414,en_progreso,2026-09-11,
4612,2780,pausado,2026-09-11,
4613,2159,pausado,2026-09-11,
4614,187,en_progreso,2026-09-11,
4615,225,en_progreso,2026-09-11,
4616,866,en_progreso,2026-09-11,
4617,3131,en_progreso,2026-09-11,
4618,32,en_progreso,2026-09-11,
4619,530,en_progreso,2026-09-11,
4620,2050,pausado,2026-09-11,
4621,2737,en_progreso,2026-09-11,
4622,296,en_progreso,2026-09-11,
4623,1787,en_progreso,2026-09-11,
4624,3532,en_progreso,2026-09-11,
4625,1759,pausado,2026-09-11,
4626,2907,en_progreso,2026-09-11,
4627,1186,en_progreso,2026-09-11,
4628,86,iniciado,2026-09-11,
4629,3958,en_progreso,2026-09-11,
4630,2532,en_progreso,2026-09-11,
4631,1483,en_progreso,2026-09-11,
4632,997,en_progreso,2026-09-11,
4633,323,en_progreso,2026-09-11,
4634,1391,en_progreso,2026-09-11,
4635,313,en_progreso,2026-09-11,
4636,2089,en_progreso,2026-09-11,
4637,1439,pausado,2026-09-11,
4638,3355,pausado,2026-09-11,
4639,605,en_progreso,2026-09-11,
4640,809,en_progreso,2026-09-11,
4641,3110,pausado,2026-09-11,
4642,726,en_progreso,2026-09-11,
4643,2573,en_progreso,2026-09-11,
4644,3113,pausado,2026-09-11,
4645,2790,en_progreso,2026-09-11,
4646,2313,pausado,2026-09-11,
4647,4041,pausado,2026-09-11,
4648,3540,en_progreso,2026-09-11,
4649,1295,en_progreso,2026-09-11,
4650,1812,pausado,2026-09-11,
4651,3262,en_progreso,2026-09-11,
4652,231,en_progreso,2026-09-11,
4653,1892,en_progreso,2026-09-11,
4654,3407,en_progreso,2026-09-11,
4655,2641,completado,2026-09-11,Modulo finalizado por el estudiante
4656,3504,en_progreso,2026-09-11,
4657,1575,en_progreso,2026-09-11,
4658,3244,pausado,2026-09-11,
4659,169,en_progreso,2026-09-11,
4660,3318,pausado,2026-09-11,
4661,772,iniciado,2026-09-11,
4662,1317,pausado,2026-09-11,
4663,2054,en_progreso,2026-09-11,
4664,424,iniciado,2026-09-11,
4665,3322,iniciado,2026-09-11,
4666,3683,en_progreso,2026-09-11,
4667,4024,pausado,2026-09-11,
4668,2067,pausado,2026-09-11,
4669,161,en_progreso,2026-09-11,
4670,1800,iniciado,2026-09-11,
4671,2147,en_progreso,2026-09-11,
4672,1528,en_progreso,2026-09-11,
4673,1587,en_progreso,2026-09-11,
4674,2449,en_progreso,2026-09-11,
4675,1371,en_progreso,2026-09-11,
4676,2779,en_progreso,2026-09-11,
4677,3489,pausado,2026-09-11,
4678,3713,pausado,2026-09-11,
4679,616,en_progreso,2026-09-11,
4680,580,iniciado,2026-09-11,
4681,3755,en_progreso,2026-09-11,
4682,2861,iniciado,2026-09-11,
4683,2713,en_progreso,2026-09-11,
4684,3843,iniciado,2026-09-11,
4685,348,en_progreso,2026-09-11,
4686,1543,iniciado,2026-09-11,
4687,2636,iniciado,2026-09-11,
4688,3243,en_progreso,2026-09-11,
4689,2879,en_progreso,2026-09-11,
4690,3027,en_progreso,2026-09-11,
4691,3738,en_progreso,2026-09-11,
4692,1735,en_progreso,2026-09-11,
4693,75,en_progreso,2026-09-11,
4694,878,en_progreso,2026-09-11,
4695,787,en_progreso,2026-09-11,
4696,317,en_progreso,2026-09-11,
4697,2080,en_progreso,2026-09-11,
4698,3421,pausado,2026-09-11,
4699,2157,en_progreso,2026-09-11,
4700,3139,iniciado,2026-09-11,
4701,2532,en_progreso,2026-09-11,
4702,665,en_progreso,2026-09-11,
4703,2559,completado,2026-09-11,Modulo finalizado por el estudiante
4704,679,iniciado,2026-09-11,
4705,2954,en_progreso,2026-09-11,
4706,2771,iniciado,2026-09-11,
4707,2948,en_progreso,2026-09-11,
4708,1168,en_progreso,2026-09-11,
4709,3211,en_progreso,2026-09-11,
4710,1268,abandonado,2026-09-11,Sin actividad posterior registrada
4711,3213,en_progreso,2026-09-11,
4712,1507,pausado,2026-09-11,
4713,2337,abandonado,2026-09-11,Sin actividad posterior registrada
4714,1892,completado,2026-09-11,Modulo finalizado por el estudiante
4715,3188,en_progreso,2026-09-11,
4716,3958,en_progreso,2026-09-11,
4717,2477,en_progreso,2026-09-11,
4718,2627,iniciado,2026-09-11,
4719,1969,iniciado,2026-09-11,
4720,3581,en_progreso,2026-09-11,
4721,3827,iniciado,2026-09-11,
4722,421,pausado,2026-09-11,
4723,2114,iniciado,2026-09-11,
4724,3487,en_progreso,2026-09-11,
4725,657,en_progreso,2026-09-11,
4726,604,completado,2026-09-11,Modulo finalizado por el estudiante
4727,376,en_progreso,2026-09-11,
4728,910,en_progreso,2026-09-11,
4729,3624,en_progreso,2026-09-11,
4730,110,en_progreso,2026-09-11,
4731,1532,en_progreso,2026-09-11,
4732,4074,en_progreso,2026-09-11,
4733,1306,completado,2026-09-11,Modulo finalizado por el estudiante
4734,3438,pausado,2026-09-11,
4735,1374,completado,2026-09-11,Modulo finalizado por el estudiante
4736,564,en_progreso,2026-09-11,
4737,1936,pausado,2026-09-11,
4738,569,completado,2026-09-11,Modulo finalizado por el estudiante
4739,1922,en_progreso,2026-09-11,
4740,325,iniciado,2026-09-11,
4741,78,iniciado,2026-09-11,
4742,1049,en_progreso,2026-09-11,
4743,3852,pausado,2026-09-11,
4744,2162,en_progreso,2026-09-11,
4745,974,en_progreso,2026-09-11,
4746,1720,pausado,2026-09-11,
4747,2552,en_progreso,2026-09-11,
4748,3708,en_progreso,2026-09-11,
4749,2589,en_progreso,2026-09-11,
4750,589,iniciado,2026-09-11,
4751,1194,iniciado,2026-09-11,
4752,1759,en_progreso,2026-09-11,
4753,2338,en_progreso,2026-09-11,
4754,351,en_progreso,2026-09-11,
4755,3906,en_progreso,2026-09-11,
4756,2079,en_progreso,2026-09-11,
4757,2080,en_progreso,2026-09-11,
4758,1600,completado,2026-09-11,Modulo finalizado por el estudiante
4759,179,pausado,2026-09-11,
4760,4019,en_progreso,2026-09-11,
4761,1463,en_progreso,2026-09-11,
4762,1413,en_progreso,2026-09-11,
4763,425,en_progreso,2026-09-11,
4764,3012,completado,2026-09-11,Modulo finalizado por el estudiante
4765,547,en_progreso,2026-09-11,
4766,3333,pausado,2026-09-11,
4767,3402,en_progreso,2026-09-11,
4768,1904,en_progreso,2026-09-11,
4769,1961,pausado,2026-09-11,
4770,3324,en_progreso,2026-09-11,
4771,3866,en_progreso,2026-09-11,
4772,180,completado,2026-09-11,Modulo finalizado por el estudiante
4773,3629,en_progreso,2026-09-11,
4774,2112,en_progreso,2026-09-11,
4775,1940,en_progreso,2026-09-11,
4776,783,en_progreso,2026-09-11,
4777,196,en_progreso,2026-09-11,
4778,1360,en_progreso,2026-09-11,
4779,3275,iniciado,2026-09-11,
4780,1508,iniciado,2026-09-11,
4781,1790,completado,2026-09-11,Modulo finalizado por el estudiante
4782,3045,en_progreso,2026-09-11,
4783,1389,en_progreso,2026-09-11,
4784,2033,iniciado,2026-09-11,
4785,2835,en_progreso,2026-09-11,
4786,2127,en_progreso,2026-09-11,
4787,1739,en_progreso,2026-09-11,
4788,3369,en_progreso,2026-09-11,
4789,421,en_progreso,2026-09-11,
4790,1256,en_progreso,2026-09-11,
4791,683,pausado,2026-09-11,
4792,1440,en_progreso,2026-09-11,
4793,3734,en_progreso,2026-09-11,
4794,1125,pausado,2026-09-11,
4795,3242,en_progreso,2026-09-11,
4796,308,pausado,2026-09-11,
4797,1664,en_progreso,2026-09-11,
4798,2783,en_progreso,2026-09-11,
4799,3477,pausado,2026-09-11,
4800,3201,en_progreso,2026-09-11,
4801,967,en_progreso,2026-09-11,
4802,1501,en_progreso,2026-09-11,
4803,133,pausado,2026-09-11,
4804,2782,en_progreso,2026-09-11,
4805,1520,en_progreso,2026-09-11,
4806,2351,en_progreso,2026-09-11,
4807,1288,pausado,2026-09-11,
4808,1023,abandonado,2026-09-11,Sin actividad posterior registrada
4809,107,pausado,2026-09-11,
4810,2045,en_progreso,2026-09-11,
4811,483,iniciado,2026-09-11,
4812,1073,en_progreso,2026-09-11,
4813,2884,en_progreso,2026-09-11,
4814,4082,pausado,2026-09-11,
4815,2843,en_progreso,2026-09-11,
4816,2012,en_progreso,2026-09-11,
4817,304,en_progreso,2026-09-11,
4818,1824,abandonado,2026-09-11,Sin actividad posterior registrada
4819,3320,pausado,2026-09-11,
4820,3464,abandonado,2026-09-11,Sin actividad posterior registrada
4821,2736,en_progreso,2026-09-11,
4822,2221,en_progreso,2026-09-11,
4823,646,pausado,2026-09-11,
4824,3799,iniciado,2026-09-11,
4825,2869,pausado,2026-09-11,
4826,3251,iniciado,2026-09-11,
4827,1481,en_progreso,2026-09-11,
4828,824,en_progreso,2026-09-11,
4829,970,en_progreso,2026-09-11,
4830,108,en_progreso,2026-09-11,
4831,1915,en_progreso,2026-09-11,
4832,2260,en_progreso,2026-09-11,
4833,270,en_progreso,2026-09-11,
4834,2945,en_progreso,2026-09-11,
4835,1678,completado,2026-09-11,Modulo finalizado por el estudiante
4836,303,en_progreso,2026-09-11,
4837,304,en_progreso,2026-09-11,
4838,1412,en_progreso,2026-09-11,
4839,2259,pausado,2026-09-11,
4840,746,completado,2026-09-11,Modulo finalizado por el estudiante
4841,529,en_progreso,2026-09-11,
4842,227,completado,2026-09-11,Modulo finalizado por el estudiante
4843,2123,iniciado,2026-09-11,
4844,627,en_progreso,2026-09-11,
4845,664,iniciado,2026-09-11,
4846,1322,iniciado,2026-09-11,
4847,3829,pausado,2026-09-11,
4848,1418,completado,2026-09-11,Modulo finalizado por el estudiante
4849,2126,completado,2026-09-11,Modulo finalizado por el estudiante
4850,3465,en_progreso,2026-09-11,
4851,3918,pausado,2026-09-11,
4852,513,iniciado,2026-09-11,
4853,2561,en_progreso,2026-09-11,
4854,2059,iniciado,2026-09-11,
4855,2626,en_progreso,2026-09-11,
4856,632,en_progreso,2026-09-11,
4857,3695,pausado,2026-09-11,
4858,3452,completado,2026-09-11,Modulo finalizado por el estudiante
4859,169,en_progreso,2026-09-11,
4860,117,en_progreso,2026-09-11,
4861,3159,pausado,2026-09-11,
4862,2668,iniciado,2026-09-11,
4863,864,iniciado,2026-09-11,
4864,3142,pausado,2026-09-11,
4865,2532,pausado,2026-09-11,
4866,2040,completado,2026-09-11,Modulo finalizado por el estudiante
4867,2235,en_progreso,2026-09-11,
4868,1979,en_progreso,2026-09-11,
4869,1664,en_progreso,2026-09-11,
4870,246,en_progreso,2026-09-11,
4871,1903,en_progreso,2026-09-11,
4872,1281,en_progreso,2026-09-11,
4873,1308,pausado,2026-09-11,
4874,3526,en_progreso,2026-09-11,
4875,3116,en_progreso,2026-09-11,
4876,1308,en_progreso,2026-09-11,
4877,1842,iniciado,2026-09-11,
4878,1016,en_progreso,2026-09-11,
4879,3873,en_progreso,2026-09-11,
4880,1017,en_progreso,2026-09-11,
4881,3696,en_progreso,2026-09-11,
4882,2367,iniciado,2026-09-11,
4883,2954,en_progreso,2026-09-11,
4884,2041,abandonado,2026-09-11,Sin actividad posterior registrada
4885,1913,en_progreso,2026-09-11,
4886,1264,en_progreso,2026-09-11,
4887,1611,en_progreso,2026-09-11,
4888,882,en_progreso,2026-09-11,
4889,200,iniciado,2026-09-11,
4890,208,en_progreso,2026-09-11,
4891,2448,completado,2026-09-11,Modulo finalizado por el estudiante
4892,2680,iniciado,2026-09-11,
4893,2755,en_progreso,2026-09-11,
4894,3471,en_progreso,2026-09-11,
4895,1084,en_progreso,2026-09-11,
4896,3129,iniciado,2026-09-11,
4897,1652,iniciado,2026-09-11,
4898,1499,en_progreso,2026-09-11,
4899,210,pausado,2026-09-11,
4900,798,en_progreso,2026-09-11,
4901,1583,en_progreso,2026-09-11,
4902,1146,completado,2026-09-11,Modulo finalizado por el estudiante
4903,2553,pausado,2026-09-11,
4904,487,en_progreso,2026-09-11,
4905,1529,iniciado,2026-09-11,
4906,3256,iniciado,2026-09-11,
4907,4042,en_progreso,2026-09-11,
4908,3093,en_progreso,2026-09-11,
4909,1645,en_progreso,2026-09-11,
4910,562,iniciado,2026-09-11,
4911,2923,en_progreso,2026-09-11,
4912,1872,en_progreso,2026-09-11,
4913,3659,iniciado,2026-09-11,
4914,2112,en_progreso,2026-09-11,
4915,1305,iniciado,2026-09-11,
4916,666,en_progreso,2026-09-11,
4917,3452,en_progreso,2026-09-11,
4918,1378,iniciado,2026-09-11,
4919,2078,en_progreso,2026-09-11,
4920,2181,en_progreso,2026-09-11,
4921,1946,iniciado,2026-09-11,
4922,3342,iniciado,2026-09-11,
4923,69,iniciado,2026-09-11,
4924,1509,en_progreso,2026-09-11,
4925,1707,pausado,2026-09-11,
4926,3264,iniciado,2026-09-11,
4927,3682,en_progreso,2026-09-11,
4928,2819,pausado,2026-09-11,
4929,2445,en_progreso,2026-09-11,
4930,3207,iniciado,2026-09-11,
4931,3982,iniciado,2026-09-11,
4932,3180,pausado,2026-09-11,
4933,933,pausado,2026-09-11,
4934,2391,en_progreso,2026-09-11,
4935,2954,pausado,2026-09-11,
4936,3446,iniciado,2026-09-11,
4937,1558,en_progreso,2026-09-11,
4938,130,iniciado,2026-09-11,
4939,2346,iniciado,2026-09-11,
4940,3884,pausado,2026-09-11,
4941,782,iniciado,2026-09-11,
4942,78,en_progreso,2026-09-11,
4943,1692,iniciado,2026-09-11,
4944,2829,en_progreso,2026-09-11,
4945,2505,iniciado,2026-09-11,
4946,3771,iniciado,2026-09-11,
4947,1932,completado,2026-09-11,Modulo finalizado por el estudiante
4948,3014,pausado,2026-09-11,
4949,2891,en_progreso,2026-09-11,
4950,1332,abandonado,2026-09-11,Sin actividad posterior registrada
4951,1960,iniciado,2026-09-11,
4952,2153,iniciado,2026-09-11,
4953,1544,iniciado,2026-09-11,
4954,1286,abandonado,2026-09-11,Sin actividad posterior registrada
4955,1883,iniciado,2026-09-11,
4956,3737,iniciado,2026-09-11,
4957,2184,iniciado,2026-09-11,
4958,1403,iniciado,2026-09-11,
4959,2238,iniciado,2026-09-11,
4960,1452,pausado,2026-09-11,
4961,3554,iniciado,2026-09-11,
4962,2953,en_progreso,2026-09-11,
4963,3292,iniciado,2026-09-11,
4964,2840,iniciado,2026-09-11,
4965,1083,iniciado,2026-09-11,
4966,2499,iniciado,2026-09-11,
4967,1984,en_progreso,2026-09-11,
4968,2286,en_progreso,2026-09-11,
4969,4024,en_progreso,2026-09-11,
4970,850,iniciado,2026-09-11,
4971,2828,pausado,2026-09-11,
4972,1299,iniciado,2026-09-11,
4973,1966,iniciado,2026-09-11,
4974,1429,iniciado,2026-09-11,
4975,2296,iniciado,2026-09-11,
4976,3825,completado,2026-09-11,Modulo finalizado por el estudiante
4977,2956,en_progreso,2026-09-11,
4978,2772,en_progreso,2026-09-11,
4979,1617,iniciado,2026-09-11,
4980,3353,en_progreso,2026-09-11,
4981,600,iniciado,2026-09-11,
4982,1190,iniciado,2026-09-11,
4983,173,iniciado,2026-09-11,
4984,1179,abandonado,2026-09-11,Sin actividad posterior registrada
4985,324,en_progreso,2026-09-11,
4986,1051,iniciado,2026-09-11,
4987,3062,en_progreso,2026-09-11,
4988,2207,en_progreso,2026-09-11,
4989,1113,en_progreso,2026-09-11,
4990,2404,iniciado,2026-09-11,
4991,981,en_progreso,2026-09-11,
4992,2176,en_progreso,2026-09-11,
4993,954,en_progreso,2026-09-11,
4994,1693,en_progreso,2026-09-11,
4995,2791,iniciado,2026-09-11,
4996,3158,iniciado,2026-09-11,
4997,564,en_progreso,2026-09-11,
4998,3806,en_progreso,2026-09-11,
4999,3608,completado,2026-09-11,Modulo finalizado por el estudiante
5000,1956,iniciado,2026-09-11,
5001,2620,en_progreso,2026-09-12,
5002,1004,en_progreso,2026-09-12,
5003,3017,en_progreso,2026-09-12,
5004,3034,en_progreso,2026-09-12,
5005,357,pausado,2026-09-12,
5006,131,en_progreso,2026-09-12,
5007,2070,pausado,2026-09-12,
5008,2299,en_progreso,2026-09-12,
5009,2233,en_progreso,2026-09-12,
5010,1140,en_progreso,2026-09-12,
5011,27,en_progreso,2026-09-12,
5012,654,pausado,2026-09-12,
5013,1394,en_progreso,2026-09-12,
5014,3128,en_progreso,2026-09-12,
5015,397,en_progreso,2026-09-12,
5016,1084,en_progreso,2026-09-12,
5017,2989,en_progreso,2026-09-12,
5018,3778,en_progreso,2026-09-12,
5019,3398,pausado,2026-09-12,
5020,3627,en_progreso,2026-09-12,
5021,2365,en_progreso,2026-09-12,
5022,2709,en_progreso,2026-09-12,
5023,1186,en_progreso,2026-09-12,
5024,3504,en_progreso,2026-09-12,
5025,1139,en_progreso,2026-09-12,
5026,667,en_progreso,2026-09-12,
5027,1094,pausado,2026-09-12,
5028,2800,pausado,2026-09-12,
5029,2496,pausado,2026-09-12,
5030,2188,pausado,2026-09-12,
5031,670,en_progreso,2026-09-12,
5032,3791,pausado,2026-09-12,
5033,2282,en_progreso,2026-09-12,
5034,3148,en_progreso,2026-09-12,
5035,939,en_progreso,2026-09-12,
5036,3298,en_progreso,2026-09-12,
5037,865,en_progreso,2026-09-12,
5038,2324,en_progreso,2026-09-12,
5039,1289,en_progreso,2026-09-12,
5040,3624,en_progreso,2026-09-12,
5041,1880,en_progreso,2026-09-12,
5042,3052,pausado,2026-09-12,
5043,1077,pausado,2026-09-12,
5044,1755,en_progreso,2026-09-12,
5045,1636,en_progreso,2026-09-12,
5046,567,en_progreso,2026-09-12,
5047,373,en_progreso,2026-09-12,
5048,3528,en_progreso,2026-09-12,
5049,3245,pausado,2026-09-12,
5050,2443,en_progreso,2026-09-12,
5051,4081,en_progreso,2026-09-12,
5052,2267,en_progreso,2026-09-12,
5053,48,pausado,2026-09-12,
5054,470,en_progreso,2026-09-12,
5055,2200,en_progreso,2026-09-12,
5056,3149,pausado,2026-09-12,
5057,457,en_progreso,2026-09-12,
5058,14,en_progreso,2026-09-12,
5059,3588,pausado,2026-09-12,
5060,3981,en_progreso,2026-09-12,
5061,3739,en_progreso,2026-09-12,
5062,3448,pausado,2026-09-12,
5063,2495,en_progreso,2026-09-12,
5064,1532,en_progreso,2026-09-12,
5065,2210,en_progreso,2026-09-12,
5066,3779,en_progreso,2026-09-12,
5067,1328,en_progreso,2026-09-12,
5068,1487,en_progreso,2026-09-12,
5069,3407,en_progreso,2026-09-12,
5070,981,en_progreso,2026-09-12,
5071,3879,en_progreso,2026-09-12,
5072,3343,en_progreso,2026-09-12,
5073,3137,en_progreso,2026-09-12,
5074,2703,en_progreso,2026-09-12,
5075,1086,en_progreso,2026-09-12,
5076,3951,en_progreso,2026-09-12,
5077,2209,en_progreso,2026-09-12,
5078,2826,en_progreso,2026-09-12,
5079,4077,pausado,2026-09-12,
5080,1530,en_progreso,2026-09-12,
5081,496,en_progreso,2026-09-12,
5082,263,en_progreso,2026-09-12,
5083,943,pausado,2026-09-12,
5084,30,en_progreso,2026-09-12,
5085,938,en_progreso,2026-09-12,
5086,129,en_progreso,2026-09-12,
5087,291,en_progreso,2026-09-12,
5088,1989,en_progreso,2026-09-12,
5089,3832,en_progreso,2026-09-12,
5090,2361,en_progreso,2026-09-12,
5091,3308,en_progreso,2026-09-12,
5092,2700,en_progreso,2026-09-12,
5093,1913,en_progreso,2026-09-12,
5094,222,pausado,2026-09-12,
5095,4032,pausado,2026-09-12,
5096,249,en_progreso,2026-09-12,
5097,3530,en_progreso,2026-09-12,
5098,2197,en_progreso,2026-09-12,
5099,1141,en_progreso,2026-09-12,
5100,309,en_progreso,2026-09-12,
5101,3529,en_progreso,2026-09-12,
5102,402,en_progreso,2026-09-12,
5103,3425,en_progreso,2026-09-12,
5104,383,en_progreso,2026-09-12,
5105,3477,en_progreso,2026-09-12,
5106,1972,en_progreso,2026-09-12,
5107,241,en_progreso,2026-09-12,
5108,1600,en_progreso,2026-09-12,
5109,3212,completado,2026-09-12,Modulo finalizado por el estudiante
5110,1169,en_progreso,2026-09-12,
5111,4078,completado,2026-09-12,Modulo finalizado por el estudiante
5112,2712,pausado,2026-09-12,
5113,635,en_progreso,2026-09-12,
5114,240,pausado,2026-09-12,
5115,2221,en_progreso,2026-09-12,
5116,206,pausado,2026-09-12,
5117,2060,completado,2026-09-12,Modulo finalizado por el estudiante
5118,2176,en_progreso,2026-09-12,
5119,3936,en_progreso,2026-09-12,
5120,281,pausado,2026-09-12,
5121,2766,en_progreso,2026-09-12,
5122,1654,en_progreso,2026-09-12,
5123,1009,pausado,2026-09-12,
5124,163,pausado,2026-09-12,
5125,1718,pausado,2026-09-12,
5126,2316,en_progreso,2026-09-12,
5127,837,pausado,2026-09-12,
5128,1287,en_progreso,2026-09-12,
5129,2752,pausado,2026-09-12,
5130,1873,en_progreso,2026-09-12,
5131,298,en_progreso,2026-09-12,
5132,2307,en_progreso,2026-09-12,
5133,301,en_progreso,2026-09-12,
5134,543,en_progreso,2026-09-12,
5135,3609,en_progreso,2026-09-12,
5136,1168,en_progreso,2026-09-12,
5137,3416,en_progreso,2026-09-12,
5138,4030,en_progreso,2026-09-12,
5139,2679,en_progreso,2026-09-12,
5140,2272,en_progreso,2026-09-12,
5141,2718,en_progreso,2026-09-12,
5142,3597,en_progreso,2026-09-12,
5143,439,pausado,2026-09-12,
5144,637,en_progreso,2026-09-12,
5145,2940,en_progreso,2026-09-12,
5146,3494,en_progreso,2026-09-12,
5147,3709,en_progreso,2026-09-12,
5148,209,en_progreso,2026-09-12,
5149,1134,en_progreso,2026-09-12,
5150,536,pausado,2026-09-12,
5151,1073,en_progreso,2026-09-12,
5152,1810,en_progreso,2026-09-12,
5153,1752,pausado,2026-09-12,
5154,459,en_progreso,2026-09-12,
5155,3703,en_progreso,2026-09-12,
5156,148,en_progreso,2026-09-12,
5157,2386,pausado,2026-09-12,
5158,1761,en_progreso,2026-09-12,
5159,1263,en_progreso,2026-09-12,
5160,3983,en_progreso,2026-09-12,
5161,3682,en_progreso,2026-09-12,
5162,2794,en_progreso,2026-09-12,
5163,422,en_progreso,2026-09-12,
5164,3583,en_progreso,2026-09-12,
5165,634,en_progreso,2026-09-12,
5166,970,en_progreso,2026-09-12,
5167,3999,en_progreso,2026-09-12,
5168,726,en_progreso,2026-09-12,
5169,102,en_progreso,2026-09-12,
5170,3205,en_progreso,2026-09-12,
5171,3286,pausado,2026-09-12,
5172,3011,en_progreso,2026-09-12,
5173,1093,en_progreso,2026-09-12,
5174,2873,en_progreso,2026-09-12,
5175,3573,en_progreso,2026-09-12,
5176,818,en_progreso,2026-09-12,
5177,1886,en_progreso,2026-09-12,
5178,3569,en_progreso,2026-09-12,
5179,792,en_progreso,2026-09-12,
5180,285,en_progreso,2026-09-12,
5181,1144,en_progreso,2026-09-12,
5182,2784,en_progreso,2026-09-12,
5183,2197,en_progreso,2026-09-12,
5184,3593,en_progreso,2026-09-12,
5185,732,pausado,2026-09-12,
5186,4029,en_progreso,2026-09-12,
5187,1780,en_progreso,2026-09-12,
5188,1788,pausado,2026-09-12,
5189,2095,en_progreso,2026-09-12,
5190,779,en_progreso,2026-09-12,
5191,7,en_progreso,2026-09-12,
5192,2814,en_progreso,2026-09-12,
5193,3040,pausado,2026-09-12,
5194,808,en_progreso,2026-09-12,
5195,2721,en_progreso,2026-09-12,
5196,2553,en_progreso,2026-09-12,
5197,2949,en_progreso,2026-09-12,
5198,2078,en_progreso,2026-09-12,
5199,1673,en_progreso,2026-09-12,
5200,2271,en_progreso,2026-09-12,
5201,1723,pausado,2026-09-12,
5202,1553,pausado,2026-09-12,
5203,3698,en_progreso,2026-09-12,
5204,1664,en_progreso,2026-09-12,
5205,1176,en_progreso,2026-09-12,
5206,3219,pausado,2026-09-12,
5207,2682,en_progreso,2026-09-12,
5208,2768,en_progreso,2026-09-12,
5209,3692,abandonado,2026-09-12,Sin actividad posterior registrada
5210,3015,iniciado,2026-09-12,
5211,696,pausado,2026-09-12,
5212,1163,en_progreso,2026-09-12,
5213,1373,iniciado,2026-09-12,
5214,383,en_progreso,2026-09-12,
5215,3077,en_progreso,2026-09-12,
5216,3304,en_progreso,2026-09-12,
5217,1003,en_progreso,2026-09-12,
5218,2504,en_progreso,2026-09-12,
5219,299,en_progreso,2026-09-12,
5220,2358,en_progreso,2026-09-12,
5221,2025,en_progreso,2026-09-12,
5222,2817,en_progreso,2026-09-12,
5223,3155,en_progreso,2026-09-12,
5224,3189,en_progreso,2026-09-12,
5225,3924,pausado,2026-09-12,
5226,1903,en_progreso,2026-09-12,
5227,3475,en_progreso,2026-09-12,
5228,1904,en_progreso,2026-09-12,
5229,4047,en_progreso,2026-09-12,
5230,1300,en_progreso,2026-09-12,
5231,3652,en_progreso,2026-09-12,
5232,3339,pausado,2026-09-12,
5233,2068,en_progreso,2026-09-12,
5234,1827,completado,2026-09-12,Modulo finalizado por el estudiante
5235,3047,completado,2026-09-12,Modulo finalizado por el estudiante
5236,1844,iniciado,2026-09-12,
5237,1062,completado,2026-09-12,Modulo finalizado por el estudiante
5238,3441,pausado,2026-09-12,
5239,3137,en_progreso,2026-09-12,
5240,1985,pausado,2026-09-12,
5241,1125,en_progreso,2026-09-12,
5242,961,en_progreso,2026-09-12,
5243,2213,en_progreso,2026-09-12,
5244,1569,en_progreso,2026-09-12,
5245,2894,en_progreso,2026-09-12,
5246,1356,en_progreso,2026-09-12,
5247,848,en_progreso,2026-09-12,
5248,1596,en_progreso,2026-09-12,
5249,2393,en_progreso,2026-09-12,
5250,81,en_progreso,2026-09-12,
5251,3136,pausado,2026-09-12,
5252,1954,en_progreso,2026-09-12,
5253,3087,en_progreso,2026-09-12,
5254,3424,en_progreso,2026-09-12,
5255,2237,en_progreso,2026-09-12,
5256,3678,en_progreso,2026-09-12,
5257,1786,en_progreso,2026-09-12,
5258,2740,pausado,2026-09-12,
5259,1657,pausado,2026-09-12,
5260,3443,en_progreso,2026-09-12,
5261,2549,en_progreso,2026-09-12,
5262,2425,pausado,2026-09-12,
5263,112,en_progreso,2026-09-12,
5264,3551,en_progreso,2026-09-12,
5265,1553,en_progreso,2026-09-12,
5266,1383,en_progreso,2026-09-12,
5267,1553,en_progreso,2026-09-12,
5268,1727,en_progreso,2026-09-12,
5269,80,pausado,2026-09-12,
5270,214,en_progreso,2026-09-12,
5271,1434,en_progreso,2026-09-12,
5272,3922,pausado,2026-09-12,
5273,3090,en_progreso,2026-09-12,
5274,1013,en_progreso,2026-09-12,
5275,84,pausado,2026-09-12,
5276,978,en_progreso,2026-09-12,
5277,2311,en_progreso,2026-09-12,
5278,1905,pausado,2026-09-12,
5279,3142,en_progreso,2026-09-12,
5280,3948,pausado,2026-09-12,
5281,470,en_progreso,2026-09-12,
5282,671,en_progreso,2026-09-12,
5283,443,pausado,2026-09-12,
5284,3805,en_progreso,2026-09-12,
5285,3925,en_progreso,2026-09-12,
5286,813,en_progreso,2026-09-12,
5287,2570,en_progreso,2026-09-12,
5288,1236,en_progreso,2026-09-12,
5289,2460,en_progreso,2026-09-12,
5290,3262,en_progreso,2026-09-12,
5291,3206,en_progreso,2026-09-12,
5292,2710,en_progreso,2026-09-12,
5293,1398,en_progreso,2026-09-12,
5294,2008,en_progreso,2026-09-12,
5295,2604,en_progreso,2026-09-12,
5296,1884,pausado,2026-09-12,
5297,1784,en_progreso,2026-09-12,
5298,2665,en_progreso,2026-09-12,
5299,2205,en_progreso,2026-09-12,
5300,1905,en_progreso,2026-09-12,
5301,1100,en_progreso,2026-09-12,
5302,3829,en_progreso,2026-09-12,
5303,999,en_progreso,2026-09-12,
5304,2335,pausado,2026-09-12,
5305,1553,en_progreso,2026-09-12,
5306,1332,en_progreso,2026-09-12,
5307,869,iniciado,2026-09-12,
5308,1454,iniciado,2026-09-12,
5309,3268,en_progreso,2026-09-12,
5310,2442,en_progreso,2026-09-12,
5311,1132,pausado,2026-09-12,
5312,2117,en_progreso,2026-09-12,
5313,351,en_progreso,2026-09-12,
5314,2275,en_progreso,2026-09-12,
5315,2829,en_progreso,2026-09-12,
5316,1836,en_progreso,2026-09-12,
5317,382,en_progreso,2026-09-12,
5318,997,en_progreso,2026-09-12,
5319,1939,en_progreso,2026-09-12,
5320,1409,en_progreso,2026-09-12,
5321,1355,en_progreso,2026-09-12,
5322,1256,en_progreso,2026-09-12,
5323,789,en_progreso,2026-09-12,
5324,3895,en_progreso,2026-09-12,
5325,759,en_progreso,2026-09-12,
5326,1133,pausado,2026-09-12,
5327,4001,en_progreso,2026-09-12,
5328,2445,en_progreso,2026-09-12,
5329,796,en_progreso,2026-09-12,
5330,1239,en_progreso,2026-09-12,
5331,1124,en_progreso,2026-09-12,
5332,1197,pausado,2026-09-12,
5333,518,pausado,2026-09-12,
5334,3084,en_progreso,2026-09-12,
5335,2352,en_progreso,2026-09-12,
5336,1396,en_progreso,2026-09-12,
5337,3855,en_progreso,2026-09-12,
5338,468,en_progreso,2026-09-12,
5339,1642,en_progreso,2026-09-12,
5340,2812,en_progreso,2026-09-12,
5341,2306,en_progreso,2026-09-12,
5342,349,abandonado,2026-09-12,Sin actividad posterior registrada
5343,486,iniciado,2026-09-12,
5344,2286,completado,2026-09-12,Modulo finalizado por el estudiante
5345,2484,en_progreso,2026-09-12,
5346,2534,en_progreso,2026-09-12,
5347,1846,en_progreso,2026-09-12,
5348,1218,en_progreso,2026-09-12,
5349,4056,en_progreso,2026-09-12,
5350,247,pausado,2026-09-12,
5351,3032,en_progreso,2026-09-12,
5352,2563,en_progreso,2026-09-12,
5353,644,en_progreso,2026-09-12,
5354,642,en_progreso,2026-09-12,
5355,2433,en_progreso,2026-09-12,
5356,1181,pausado,2026-09-12,
5357,2880,en_progreso,2026-09-12,
5358,292,pausado,2026-09-12,
5359,3785,en_progreso,2026-09-12,
5360,2416,pausado,2026-09-12,
5361,3825,en_progreso,2026-09-12,
5362,471,en_progreso,2026-09-12,
5363,2653,en_progreso,2026-09-12,
5364,583,en_progreso,2026-09-12,
5365,1260,pausado,2026-09-12,
5366,3377,pausado,2026-09-12,
5367,1183,en_progreso,2026-09-12,
5368,1246,pausado,2026-09-12,
5369,3862,en_progreso,2026-09-12,
5370,1794,en_progreso,2026-09-12,
5371,164,en_progreso,2026-09-12,
5372,3009,en_progreso,2026-09-12,
5373,375,en_progreso,2026-09-12,
5374,3525,pausado,2026-09-12,
5375,3895,en_progreso,2026-09-12,
5376,3133,pausado,2026-09-12,
5377,1104,pausado,2026-09-12,
5378,3126,en_progreso,2026-09-12,
5379,1928,en_progreso,2026-09-12,
5380,1140,en_progreso,2026-09-12,
5381,2398,en_progreso,2026-09-12,
5382,3970,en_progreso,2026-09-12,
5383,1366,en_progreso,2026-09-12,
5384,659,en_progreso,2026-09-12,
5385,1181,pausado,2026-09-12,
5386,1641,en_progreso,2026-09-12,
5387,2254,en_progreso,2026-09-12,
5388,1034,en_progreso,2026-09-12,
5389,1656,en_progreso,2026-09-12,
5390,3379,en_progreso,2026-09-12,
5391,2694,en_progreso,2026-09-12,
5392,1893,en_progreso,2026-09-12,
5393,1482,pausado,2026-09-12,
5394,2042,en_progreso,2026-09-12,
5395,3113,en_progreso,2026-09-12,
5396,537,en_progreso,2026-09-12,
5397,1795,en_progreso,2026-09-12,
5398,1986,en_progreso,2026-09-12,
5399,2494,en_progreso,2026-09-12,
5400,2908,en_progreso,2026-09-12,
5401,2263,en_progreso,2026-09-12,
5402,3447,en_progreso,2026-09-12,
5403,1891,en_progreso,2026-09-12,
5404,2654,en_progreso,2026-09-12,
5405,2042,en_progreso,2026-09-12,
5406,1196,en_progreso,2026-09-12,
5407,3420,en_progreso,2026-09-12,
5408,1871,pausado,2026-09-12,
5409,1572,en_progreso,2026-09-12,
5410,3057,en_progreso,2026-09-12,
5411,3540,en_progreso,2026-09-12,
5412,3165,en_progreso,2026-09-12,
5413,1700,en_progreso,2026-09-12,
5414,1095,en_progreso,2026-09-12,
5415,1159,pausado,2026-09-12,
5416,3431,pausado,2026-09-12,
5417,4092,pausado,2026-09-12,
5418,3545,en_progreso,2026-09-12,
5419,1414,en_progreso,2026-09-12,
5420,1546,en_progreso,2026-09-12,
5421,773,abandonado,2026-09-12,Sin actividad posterior registrada
5422,979,iniciado,2026-09-12,
5423,2343,en_progreso,2026-09-12,
5424,1683,en_progreso,2026-09-12,
5425,2889,en_progreso,2026-09-12,
5426,1562,en_progreso,2026-09-12,
5427,3362,pausado,2026-09-12,
5428,624,en_progreso,2026-09-12,
5429,2058,iniciado,2026-09-12,
5430,3955,pausado,2026-09-12,
5431,3563,en_progreso,2026-09-12,
5432,409,en_progreso,2026-09-12,
5433,2960,en_progreso,2026-09-12,
5434,3973,en_progreso,2026-09-12,
5435,3970,en_progreso,2026-09-12,
5436,1629,pausado,2026-09-12,
5437,3489,en_progreso,2026-09-12,
5438,2186,en_progreso,2026-09-12,
5439,2944,en_progreso,2026-09-12,
5440,1999,en_progreso,2026-09-12,
5441,148,en_progreso,2026-09-12,
5442,962,en_progreso,2026-09-12,
5443,3773,en_progreso,2026-09-12,
5444,371,en_progreso,2026-09-12,
5445,2596,pausado,2026-09-12,
5446,412,en_progreso,2026-09-12,
5447,2843,en_progreso,2026-09-12,
5448,119,en_progreso,2026-09-12,
5449,1202,en_progreso,2026-09-12,
5450,1001,en_progreso,2026-09-12,
5451,3247,en_progreso,2026-09-12,
5452,2497,en_progreso,2026-09-12,
5453,2539,pausado,2026-09-12,
5454,2039,completado,2026-09-12,Modulo finalizado por el estudiante
5455,587,iniciado,2026-09-12,
5456,952,en_progreso,2026-09-12,
5457,1046,pausado,2026-09-12,
5458,3682,en_progreso,2026-09-12,
5459,3692,en_progreso,2026-09-12,
5460,2239,iniciado,2026-09-12,
5461,648,iniciado,2026-09-12,
5462,303,en_progreso,2026-09-12,
5463,2407,en_progreso,2026-09-12,
5464,2828,en_progreso,2026-09-12,
5465,816,en_progreso,2026-09-12,
5466,3496,en_progreso,2026-09-12,
5467,2343,en_progreso,2026-09-12,
5468,2865,en_progreso,2026-09-12,
5469,2697,en_progreso,2026-09-12,
5470,3544,pausado,2026-09-12,
5471,3051,en_progreso,2026-09-12,
5472,3730,pausado,2026-09-12,
5473,2035,en_progreso,2026-09-12,
5474,3699,en_progreso,2026-09-12,
5475,2487,en_progreso,2026-09-12,
5476,898,pausado,2026-09-12,
5477,2544,en_progreso,2026-09-12,
5478,3144,en_progreso,2026-09-12,
5479,3434,en_progreso,2026-09-12,
5480,2571,pausado,2026-09-12,
5481,1266,en_progreso,2026-09-12,
5482,137,pausado,2026-09-12,
5483,3000,en_progreso,2026-09-12,
5484,1339,pausado,2026-09-12,
5485,720,en_progreso,2026-09-12,
5486,3590,en_progreso,2026-09-12,
5487,2175,en_progreso,2026-09-12,
5488,674,en_progreso,2026-09-12,
5489,1974,en_progreso,2026-09-12,
5490,1209,pausado,2026-09-12,
5491,1388,en_progreso,2026-09-12,
5492,1919,en_progreso,2026-09-12,
5493,577,en_progreso,2026-09-12,
5494,925,en_progreso,2026-09-12,
5495,2967,pausado,2026-09-12,
5496,1628,en_progreso,2026-09-12,
5497,3296,pausado,2026-09-12,
5498,370,en_progreso,2026-09-12,
5499,58,en_progreso,2026-09-12,
5500,1510,pausado,2026-09-12,
5501,2754,en_progreso,2026-09-12,
5502,2616,en_progreso,2026-09-12,
5503,444,pausado,2026-09-12,
5504,1932,en_progreso,2026-09-12,
5505,3622,en_progreso,2026-09-12,
5506,1344,completado,2026-09-12,Modulo finalizado por el estudiante
5507,907,iniciado,2026-09-12,
5508,2653,en_progreso,2026-09-12,
5509,3725,pausado,2026-09-12,
5510,2660,en_progreso,2026-09-12,
5511,3876,en_progreso,2026-09-12,
5512,476,en_progreso,2026-09-12,
5513,556,en_progreso,2026-09-12,
5514,1520,pausado,2026-09-12,
5515,3044,pausado,2026-09-12,
5516,2213,en_progreso,2026-09-12,
5517,633,en_progreso,2026-09-12,
5518,2683,en_progreso,2026-09-12,
5519,1672,en_progreso,2026-09-12,
5520,1146,en_progreso,2026-09-12,
5521,1518,en_progreso,2026-09-12,
5522,968,completado,2026-09-12,Modulo finalizado por el estudiante
5523,407,en_progreso,2026-09-12,
5524,1505,en_progreso,2026-09-12,
5525,4006,en_progreso,2026-09-12,
5526,249,en_progreso,2026-09-12,
5527,501,en_progreso,2026-09-12,
5528,3376,en_progreso,2026-09-12,
5529,2629,iniciado,2026-09-12,
5530,2620,pausado,2026-09-12,
5531,88,en_progreso,2026-09-12,
5532,4051,en_progreso,2026-09-12,
5533,282,en_progreso,2026-09-12,
5534,2271,en_progreso,2026-09-12,
5535,885,en_progreso,2026-09-12,
5536,955,en_progreso,2026-09-12,
5537,3689,iniciado,2026-09-12,
5538,2442,en_progreso,2026-09-12,
5539,3517,abandonado,2026-09-12,Sin actividad posterior registrada
5540,4045,en_progreso,2026-09-12,
5541,715,en_progreso,2026-09-12,
5542,540,en_progreso,2026-09-12,
5543,975,pausado,2026-09-12,
5544,65,en_progreso,2026-09-12,
5545,3039,en_progreso,2026-09-12,
5546,261,en_progreso,2026-09-12,
5547,2103,pausado,2026-09-12,
5548,1852,en_progreso,2026-09-12,
5549,178,pausado,2026-09-12,
5550,3723,en_progreso,2026-09-12,
5551,2136,en_progreso,2026-09-12,
5552,128,en_progreso,2026-09-12,
5553,1646,en_progreso,2026-09-12,
5554,2918,en_progreso,2026-09-12,
5555,302,en_progreso,2026-09-12,
5556,1320,pausado,2026-09-12,
5557,270,en_progreso,2026-09-12,
5558,2398,en_progreso,2026-09-12,
5559,4074,pausado,2026-09-12,
5560,1208,en_progreso,2026-09-12,
5561,407,en_progreso,2026-09-12,
5562,469,en_progreso,2026-09-12,
5563,2667,en_progreso,2026-09-12,
5564,2259,pausado,2026-09-12,
5565,881,en_progreso,2026-09-12,
5566,1695,en_progreso,2026-09-12,
5567,1704,pausado,2026-09-12,
5568,1281,en_progreso,2026-09-12,
5569,2725,en_progreso,2026-09-12,
5570,2814,en_progreso,2026-09-12,
5571,275,en_progreso,2026-09-12,
5572,1769,en_progreso,2026-09-12,
5573,3326,en_progreso,2026-09-12,
5574,3919,pausado,2026-09-12,
5575,1351,pausado,2026-09-12,
5576,1683,en_progreso,2026-09-12,
5577,3074,en_progreso,2026-09-12,
5578,211,en_progreso,2026-09-12,
5579,2460,en_progreso,2026-09-12,
5580,425,en_progreso,2026-09-12,
5581,872,en_progreso,2026-09-12,
5582,3471,en_progreso,2026-09-12,
5583,1506,en_progreso,2026-09-12,
5584,927,en_progreso,2026-09-12,
5585,3462,pausado,2026-09-12,
5586,3144,en_progreso,2026-09-12,
5587,2514,pausado,2026-09-12,
5588,2281,en_progreso,2026-09-12,
5589,3398,pausado,2026-09-12,
5590,119,en_progreso,2026-09-12,
5591,1266,en_progreso,2026-09-12,
5592,1438,en_progreso,2026-09-12,
5593,2320,pausado,2026-09-12,
5594,286,en_progreso,2026-09-12,
5595,126,en_progreso,2026-09-12,
5596,1541,en_progreso,2026-09-12,
5597,1516,en_progreso,2026-09-12,
5598,3857,pausado,2026-09-12,
5599,348,en_progreso,2026-09-12,
5600,638,en_progreso,2026-09-12,
5601,2761,en_progreso,2026-09-12,
5602,1737,iniciado,2026-09-12,
5603,1990,pausado,2026-09-12,
5604,1697,en_progreso,2026-09-12,
5605,467,en_progreso,2026-09-12,
5606,2778,pausado,2026-09-12,
5607,1994,en_progreso,2026-09-12,
5608,904,en_progreso,2026-09-12,
5609,32,en_progreso,2026-09-12,
5610,3144,en_progreso,2026-09-12,
5611,1047,en_progreso,2026-09-12,
5612,2038,pausado,2026-09-12,
5613,720,en_progreso,2026-09-12,
5614,943,en_progreso,2026-09-12,
5615,3303,en_progreso,2026-09-12,
5616,3040,en_progreso,2026-09-12,
5617,3774,iniciado,2026-09-12,
5618,319,iniciado,2026-09-12,
5619,3532,en_progreso,2026-09-12,
5620,1759,pausado,2026-09-12,
5621,2907,en_progreso,2026-09-12,
5622,1186,en_progreso,2026-09-12,
5623,86,abandonado,2026-09-12,Sin actividad posterior registrada
5624,704,completado,2026-09-12,Modulo finalizado por el estudiante
5625,2532,en_progreso,2026-09-12,
5626,1483,en_progreso,2026-09-12,
5627,997,en_progreso,2026-09-12,
5628,323,en_progreso,2026-09-12,
5629,1391,en_progreso,2026-09-12,
5630,313,en_progreso,2026-09-12,
5631,2089,en_progreso,2026-09-12,
5632,1439,pausado,2026-09-12,
5633,3355,pausado,2026-09-12,
5634,605,en_progreso,2026-09-12,
5635,809,en_progreso,2026-09-12,
5636,3110,pausado,2026-09-12,
5637,726,en_progreso,2026-09-12,
5638,2573,en_progreso,2026-09-12,
5639,3113,pausado,2026-09-12,
5640,2790,en_progreso,2026-09-12,
5641,2313,pausado,2026-09-12,
5642,4041,pausado,2026-09-12,
5643,3540,en_progreso,2026-09-12,
5644,1295,en_progreso,2026-09-12,
5645,1812,pausado,2026-09-12,
5646,3262,en_progreso,2026-09-12,
5647,231,en_progreso,2026-09-12,
5648,1892,en_progreso,2026-09-12,
5649,234,iniciado,2026-09-12,
5650,1511,completado,2026-09-12,Modulo finalizado por el estudiante
5651,315,iniciado,2026-09-12,
5652,2641,en_progreso,2026-09-12,
5653,3504,en_progreso,2026-09-12,
5654,1575,en_progreso,2026-09-12,
5655,3244,pausado,2026-09-12,
5656,169,en_progreso,2026-09-12,
5657,3318,pausado,2026-09-12,
5658,772,en_progreso,2026-09-12,
5659,618,en_progreso,2026-09-12,
5660,1846,en_progreso,2026-09-12,
5661,3683,en_progreso,2026-09-12,
5662,4024,pausado,2026-09-12,
5663,2067,pausado,2026-09-12,
5664,161,en_progreso,2026-09-12,
5665,1800,en_progreso,2026-09-12,
5666,1491,en_progreso,2026-09-12,
5667,1675,completado,2026-09-12,Modulo finalizado por el estudiante
5668,2781,pausado,2026-09-12,
5669,3233,pausado,2026-09-12,
5670,1371,en_progreso,2026-09-12,
5671,2779,en_progreso,2026-09-12,
5672,3489,pausado,2026-09-12,
5673,3713,pausado,2026-09-12,
5674,616,en_progreso,2026-09-12,
5675,580,completado,2026-09-12,Modulo finalizado por el estudiante
5676,1271,abandonado,2026-09-12,Sin actividad posterior registrada
5677,2861,pausado,2026-09-12,
5678,529,pausado,2026-09-12,
5679,3843,en_progreso,2026-09-12,
5680,2636,completado,2026-09-12,Modulo finalizado por el estudiante
5681,3331,en_progreso,2026-09-12,
5682,2879,en_progreso,2026-09-12,
5683,3027,en_progreso,2026-09-12,
5684,3738,en_progreso,2026-09-12,
5685,1735,en_progreso,2026-09-12,
5686,75,en_progreso,2026-09-12,
5687,878,en_progreso,2026-09-12,
5688,787,en_progreso,2026-09-12,
5689,317,en_progreso,2026-09-12,
5690,2080,en_progreso,2026-09-12,
5691,3421,pausado,2026-09-12,
5692,2157,en_progreso,2026-09-12,
5693,3139,pausado,2026-09-12,
5694,2447,en_progreso,2026-09-12,
5695,3406,pausado,2026-09-12,
5696,2559,en_progreso,2026-09-12,
5697,679,pausado,2026-09-12,
5698,179,en_progreso,2026-09-12,
5699,973,iniciado,2026-09-12,
5700,3972,en_progreso,2026-09-12,
5701,3067,completado,2026-09-12,Modulo finalizado por el estudiante
5702,959,en_progreso,2026-09-12,
5703,3313,completado,2026-09-12,Modulo finalizado por el estudiante
5704,3703,en_progreso,2026-09-12,
5705,1507,pausado,2026-09-12,
5706,2337,en_progreso,2026-09-12,
5707,1892,en_progreso,2026-09-12,
5708,3188,en_progreso,2026-09-12,
5709,3958,en_progreso,2026-09-12,
5710,2477,en_progreso,2026-09-12,
5711,2627,en_progreso,2026-09-12,
5712,3827,en_progreso,2026-09-12,
5713,3487,en_progreso,2026-09-12,
5714,657,en_progreso,2026-09-12,
5715,604,en_progreso,2026-09-12,
5716,376,en_progreso,2026-09-12,
5717,910,en_progreso,2026-09-12,
5718,3624,en_progreso,2026-09-12,
5719,110,en_progreso,2026-09-12,
5720,1532,en_progreso,2026-09-12,
5721,4074,en_progreso,2026-09-12,
5722,1306,en_progreso,2026-09-12,
5723,3438,pausado,2026-09-12,
5724,1374,en_progreso,2026-09-12,
5725,564,en_progreso,2026-09-12,
5726,1936,pausado,2026-09-12,
5727,569,en_progreso,2026-09-12,
5728,1922,en_progreso,2026-09-12,
5729,325,en_progreso,2026-09-12,
5730,613,iniciado,2026-09-12,
5731,2248,iniciado,2026-09-12,
5732,3852,pausado,2026-09-12,
5733,2162,en_progreso,2026-09-12,
5734,974,en_progreso,2026-09-12,
5735,1720,pausado,2026-09-12,
5736,2552,en_progreso,2026-09-12,
5737,3708,en_progreso,2026-09-12,
5738,2589,en_progreso,2026-09-12,
5739,589,en_progreso,2026-09-12,
5740,1446,en_progreso,2026-09-12,
5741,2722,pausado,2026-09-12,
5742,2145,iniciado,2026-09-12,
5743,3993,iniciado,2026-09-12,
5744,1478,iniciado,2026-09-12,
5745,278,iniciado,2026-09-12,
5746,3906,en_progreso,2026-09-12,
5747,2079,en_progreso,2026-09-12,
5748,2080,en_progreso,2026-09-12,
5749,1600,en_progreso,2026-09-12,
5750,179,pausado,2026-09-12,
5751,4019,en_progreso,2026-09-12,
5752,1463,en_progreso,2026-09-12,
5753,1413,en_progreso,2026-09-12,
5754,425,en_progreso,2026-09-12,
5755,3012,en_progreso,2026-09-12,
5756,547,en_progreso,2026-09-12,
5757,3333,pausado,2026-09-12,
5758,3402,en_progreso,2026-09-12,
5759,1904,en_progreso,2026-09-12,
5760,1961,pausado,2026-09-12,
5761,3324,en_progreso,2026-09-12,
5762,3866,en_progreso,2026-09-12,
5763,180,en_progreso,2026-09-12,
5764,3629,en_progreso,2026-09-12,
5765,2112,en_progreso,2026-09-12,
5766,1940,en_progreso,2026-09-12,
5767,783,en_progreso,2026-09-12,
5768,196,en_progreso,2026-09-12,
5769,1360,en_progreso,2026-09-12,
5770,3275,en_progreso,2026-09-12,
5771,3045,en_progreso,2026-09-12,
5772,1389,en_progreso,2026-09-12,
5773,2033,pausado,2026-09-12,
5774,1505,en_progreso,2026-09-12,
5775,2127,en_progreso,2026-09-12,
5776,1739,en_progreso,2026-09-12,
5777,3369,en_progreso,2026-09-12,
5778,421,en_progreso,2026-09-12,
5779,1256,en_progreso,2026-09-12,
5780,683,pausado,2026-09-12,
5781,1440,en_progreso,2026-09-12,
5782,3734,en_progreso,2026-09-12,
5783,1125,pausado,2026-09-12,
5784,3242,en_progreso,2026-09-12,
5785,308,pausado,2026-09-12,
5786,1664,en_progreso,2026-09-12,
5787,2783,en_progreso,2026-09-12,
5788,3477,pausado,2026-09-12,
5789,3201,en_progreso,2026-09-12,
5790,967,en_progreso,2026-09-12,
5791,1501,en_progreso,2026-09-12,
5792,133,pausado,2026-09-12,
5793,2782,en_progreso,2026-09-12,
5794,1520,en_progreso,2026-09-12,
5795,2351,en_progreso,2026-09-12,
5796,1288,pausado,2026-09-12,
5797,1023,en_progreso,2026-09-12,
5798,107,pausado,2026-09-12,
5799,2045,en_progreso,2026-09-12,
5800,483,en_progreso,2026-09-12,
5801,1828,iniciado,2026-09-12,
5802,879,iniciado,2026-09-12,
5803,4082,pausado,2026-09-12,
5804,2843,en_progreso,2026-09-12,
5805,2012,en_progreso,2026-09-12,
5806,304,en_progreso,2026-09-12,
5807,1824,en_progreso,2026-09-12,
5808,3320,pausado,2026-09-12,
5809,3464,en_progreso,2026-09-12,
5810,2736,en_progreso,2026-09-12,
5811,2221,en_progreso,2026-09-12,
5812,646,pausado,2026-09-12,
5813,3799,pausado,2026-09-12,
5814,714,completado,2026-09-12,Modulo finalizado por el estudiante
5815,2084,en_progreso,2026-09-12,
5816,3245,en_progreso,2026-09-12,
5817,108,en_progreso,2026-09-12,
5818,1915,en_progreso,2026-09-12,
5819,2260,en_progreso,2026-09-12,
5820,270,en_progreso,2026-09-12,
5821,2945,en_progreso,2026-09-12,
5822,1678,en_progreso,2026-09-12,
5823,303,en_progreso,2026-09-12,
5824,304,en_progreso,2026-09-12,
5825,1412,en_progreso,2026-09-12,
5826,2259,pausado,2026-09-12,
5827,746,en_progreso,2026-09-12,
5828,529,en_progreso,2026-09-12,
5829,227,en_progreso,2026-09-12,
5830,2123,en_progreso,2026-09-12,
5831,1322,completado,2026-09-12,Modulo finalizado por el estudiante
5832,924,en_progreso,2026-09-12,
5833,3666,en_progreso,2026-09-12,
5834,805,iniciado,2026-09-12,
5835,2602,iniciado,2026-09-12,
5836,3918,pausado,2026-09-12,
5837,513,pausado,2026-09-12,
5838,2517,iniciado,2026-09-12,
5839,2186,en_progreso,2026-09-12,
5840,2425,completado,2026-09-12,Modulo finalizado por el estudiante
5841,632,en_progreso,2026-09-12,
5842,3695,pausado,2026-09-12,
5843,3452,en_progreso,2026-09-12,
5844,169,en_progreso,2026-09-12,
5845,117,en_progreso,2026-09-12,
5846,3159,pausado,2026-09-12,
5847,2668,en_progreso,2026-09-12,
5848,2532,pausado,2026-09-12,
5849,2040,en_progreso,2026-09-12,
5850,2235,en_progreso,2026-09-12,
5851,1979,en_progreso,2026-09-12,
5852,1664,en_progreso,2026-09-12,
5853,246,en_progreso,2026-09-12,
5854,1903,en_progreso,2026-09-12,
5855,1281,en_progreso,2026-09-12,
5856,1308,pausado,2026-09-12,
5857,3526,en_progreso,2026-09-12,
5858,3116,en_progreso,2026-09-12,
5859,1308,en_progreso,2026-09-12,
5860,1842,en_progreso,2026-09-12,
5861,1189,iniciado,2026-09-12,
5862,3873,en_progreso,2026-09-12,
5863,1017,en_progreso,2026-09-12,
5864,3696,en_progreso,2026-09-12,
5865,2367,pausado,2026-09-12,
5866,778,en_progreso,2026-09-12,
5867,2041,en_progreso,2026-09-12,
5868,1913,en_progreso,2026-09-12,
5869,1264,en_progreso,2026-09-12,
5870,1611,en_progreso,2026-09-12,
5871,882,en_progreso,2026-09-12,
5872,200,en_progreso,2026-09-12,
5873,3615,en_progreso,2026-09-12,
5874,2755,en_progreso,2026-09-12,
5875,3471,en_progreso,2026-09-12,
5876,1084,en_progreso,2026-09-12,
5877,3129,en_progreso,2026-09-12,
5878,210,pausado,2026-09-12,
5879,798,en_progreso,2026-09-12,
5880,1583,en_progreso,2026-09-12,
5881,1146,en_progreso,2026-09-12,
5882,2553,pausado,2026-09-12,
5883,487,en_progreso,2026-09-12,
5884,1529,completado,2026-09-12,Modulo finalizado por el estudiante
5885,1389,en_progreso,2026-09-12,
5886,1498,completado,2026-09-12,Modulo finalizado por el estudiante
5887,816,en_progreso,2026-09-12,
5888,1645,en_progreso,2026-09-12,
5889,562,pausado,2026-09-12,
5890,3294,en_progreso,2026-09-12,
5891,2484,en_progreso,2026-09-12,
5892,573,en_progreso,2026-09-12,
5893,666,en_progreso,2026-09-12,
5894,3452,en_progreso,2026-09-12,
5895,1378,en_progreso,2026-09-12,
5896,2007,pausado,2026-09-12,
5897,1228,iniciado,2026-09-12,
5898,1946,completado,2026-09-12,Modulo finalizado por el estudiante
5899,1509,en_progreso,2026-09-12,
5900,1707,pausado,2026-09-12,
5901,3264,completado,2026-09-12,Modulo finalizado por el estudiante
5902,3573,pausado,2026-09-12,
5903,110,pausado,2026-09-12,
5904,1088,abandonado,2026-09-12,Sin actividad posterior registrada
5905,3207,abandonado,2026-09-12,Sin actividad posterior registrada
5906,2370,iniciado,2026-09-12,
5907,2366,iniciado,2026-09-12,
5908,933,pausado,2026-09-12,
5909,2391,en_progreso,2026-09-12,
5910,2954,pausado,2026-09-12,
5911,3446,en_progreso,2026-09-12,
5912,993,iniciado,2026-09-12,
5913,130,pausado,2026-09-12,
5914,2870,iniciado,2026-09-12,
5915,451,en_progreso,2026-09-12,
5916,1716,iniciado,2026-09-12,
5917,621,iniciado,2026-09-12,
5918,1692,pausado,2026-09-12,
5919,1681,iniciado,2026-09-12,
5920,2056,completado,2026-09-12,Modulo finalizado por el estudiante
5921,3771,en_progreso,2026-09-12,
5922,2980,iniciado,2026-09-12,
5923,256,pausado,2026-09-12,
5924,2125,iniciado,2026-09-12,
5925,850,pausado,2026-09-12,
5926,4089,iniciado,2026-09-12,
5927,2713,en_progreso,2026-09-12,
5928,3919,en_progreso,2026-09-12,
5929,1403,en_progreso,2026-09-12,
5930,3554,pausado,2026-09-12,
5931,2635,iniciado,2026-09-12,
5932,3292,pausado,2026-09-12,
5933,2499,en_progreso,2026-09-12,
5934,1143,en_progreso,2026-09-12,
5935,922,iniciado,2026-09-12,
5936,3857,abandonado,2026-09-12,Sin actividad posterior registrada
5937,1220,iniciado,2026-09-12,
5938,3159,en_progreso,2026-09-12,
5939,2888,iniciado,2026-09-12,
5940,2003,iniciado,2026-09-12,
5941,1299,en_progreso,2026-09-12,
5942,3828,iniciado,2026-09-12,
5943,3258,en_progreso,2026-09-12,
5944,1179,en_progreso,2026-09-12,
5945,2772,en_progreso,2026-09-12,
5946,1617,completado,2026-09-12,Modulo finalizado por el estudiante
5947,3911,iniciado,2026-09-12,
5948,3167,completado,2026-09-12,Modulo finalizado por el estudiante
5949,1190,en_progreso,2026-09-12,
5950,324,en_progreso,2026-09-12,
5951,1051,pausado,2026-09-12,
5952,877,en_progreso,2026-09-12,
5953,3822,pausado,2026-09-12,
5954,1113,en_progreso,2026-09-12,
5955,2404,en_progreso,2026-09-12,
5956,3708,en_progreso,2026-09-12,
5957,216,iniciado,2026-09-12,
5958,411,iniciado,2026-09-12,
5959,1693,en_progreso,2026-09-12,
5960,2791,completado,2026-09-12,Modulo finalizado por el estudiante
5961,22,iniciado,2026-09-12,
5962,3951,en_progreso,2026-09-12,
5963,3806,en_progreso,2026-09-12,
5964,3608,en_progreso,2026-09-12,
5965,1956,pausado,2026-09-12,
5966,3097,iniciado,2026-09-12,
5967,3949,en_progreso,2026-09-12,
5968,243,iniciado,2026-09-12,
5969,3719,iniciado,2026-09-12,
5970,3149,en_progreso,2026-09-12,
5971,2192,iniciado,2026-09-12,
5972,3026,en_progreso,2026-09-12,
5973,3837,en_progreso,2026-09-12,
5974,1712,iniciado,2026-09-12,
5975,3614,iniciado,2026-09-12,
5976,3431,en_progreso,2026-09-12,
5977,4085,completado,2026-09-12,Modulo finalizado por el estudiante
5978,3228,iniciado,2026-09-12,
5979,2030,iniciado,2026-09-12,
5980,764,iniciado,2026-09-12,
5981,3837,pausado,2026-09-12,
5982,3573,completado,2026-09-12,Modulo finalizado por el estudiante
5983,3592,iniciado,2026-09-12,
5984,154,iniciado,2026-09-12,
5985,38,iniciado,2026-09-12,
5986,1223,pausado,2026-09-12,
5987,440,iniciado,2026-09-12,
5988,3803,iniciado,2026-09-12,
5989,4027,iniciado,2026-09-12,
5990,1373,en_progreso,2026-09-12,
5991,2226,en_progreso,2026-09-12,
5992,550,iniciado,2026-09-12,
5993,3486,en_progreso,2026-09-12,
5994,3313,en_progreso,2026-09-12,
5995,666,pausado,2026-09-12,
5996,2656,iniciado,2026-09-12,
5997,1054,iniciado,2026-09-12,
5998,2944,en_progreso,2026-09-12,
5999,3018,iniciado,2026-09-12,
6000,1381,iniciado,2026-09-12,
6001,2620,en_progreso,2026-09-13,
6002,1004,en_progreso,2026-09-13,
6003,3017,en_progreso,2026-09-13,
6004,3034,en_progreso,2026-09-13,
6005,357,pausado,2026-09-13,
6006,131,en_progreso,2026-09-13,
6007,2070,pausado,2026-09-13,
6008,2299,en_progreso,2026-09-13,
6009,2233,en_progreso,2026-09-13,
6010,1140,en_progreso,2026-09-13,
6011,27,en_progreso,2026-09-13,
6012,654,pausado,2026-09-13,
6013,1394,en_progreso,2026-09-13,
6014,3128,en_progreso,2026-09-13,
6015,397,en_progreso,2026-09-13,
6016,1084,en_progreso,2026-09-13,
6017,2989,en_progreso,2026-09-13,
6018,3778,en_progreso,2026-09-13,
6019,3398,pausado,2026-09-13,
6020,3627,en_progreso,2026-09-13,
6021,2365,en_progreso,2026-09-13,
6022,2709,en_progreso,2026-09-13,
6023,1186,en_progreso,2026-09-13,
6024,3504,en_progreso,2026-09-13,
6025,1139,en_progreso,2026-09-13,
6026,667,en_progreso,2026-09-13,
6027,1094,pausado,2026-09-13,
6028,2800,pausado,2026-09-13,
6029,2496,pausado,2026-09-13,
6030,2188,pausado,2026-09-13,
6031,670,en_progreso,2026-09-13,
6032,3791,pausado,2026-09-13,
6033,2282,en_progreso,2026-09-13,
6034,3148,en_progreso,2026-09-13,
6035,939,en_progreso,2026-09-13,
6036,3298,en_progreso,2026-09-13,
6037,865,en_progreso,2026-09-13,
6038,2324,en_progreso,2026-09-13,
6039,1289,en_progreso,2026-09-13,
6040,3624,en_progreso,2026-09-13,
6041,1880,en_progreso,2026-09-13,
6042,3052,pausado,2026-09-13,
6043,1077,pausado,2026-09-13,
6044,1755,en_progreso,2026-09-13,
6045,1636,en_progreso,2026-09-13,
6046,567,en_progreso,2026-09-13,
6047,373,en_progreso,2026-09-13,
6048,3528,en_progreso,2026-09-13,
6049,3245,pausado,2026-09-13,
6050,2443,en_progreso,2026-09-13,
6051,4081,en_progreso,2026-09-13,
6052,2267,en_progreso,2026-09-13,
6053,48,pausado,2026-09-13,
6054,470,en_progreso,2026-09-13,
6055,2200,en_progreso,2026-09-13,
6056,3149,pausado,2026-09-13,
6057,457,en_progreso,2026-09-13,
6058,14,en_progreso,2026-09-13,
6059,3588,pausado,2026-09-13,
6060,3981,en_progreso,2026-09-13,
6061,3739,en_progreso,2026-09-13,
6062,3448,pausado,2026-09-13,
6063,2495,en_progreso,2026-09-13,
6064,1532,en_progreso,2026-09-13,
6065,2210,en_progreso,2026-09-13,
6066,3779,en_progreso,2026-09-13,
6067,1328,en_progreso,2026-09-13,
6068,1487,en_progreso,2026-09-13,
6069,3407,en_progreso,2026-09-13,
6070,981,en_progreso,2026-09-13,
6071,3879,en_progreso,2026-09-13,
6072,3343,en_progreso,2026-09-13,
6073,3137,en_progreso,2026-09-13,
6074,2703,en_progreso,2026-09-13,
6075,1086,en_progreso,2026-09-13,
6076,3951,en_progreso,2026-09-13,
6077,2209,en_progreso,2026-09-13,
6078,2826,en_progreso,2026-09-13,
6079,4077,pausado,2026-09-13,
6080,1530,en_progreso,2026-09-13,
6081,496,en_progreso,2026-09-13,
6082,263,en_progreso,2026-09-13,
6083,943,pausado,2026-09-13,
6084,30,en_progreso,2026-09-13,
6085,938,en_progreso,2026-09-13,
6086,129,en_progreso,2026-09-13,
6087,291,en_progreso,2026-09-13,
6088,1989,en_progreso,2026-09-13,
6089,3832,en_progreso,2026-09-13,
6090,2361,en_progreso,2026-09-13,
6091,3308,en_progreso,2026-09-13,
6092,2700,en_progreso,2026-09-13,
6093,1913,en_progreso,2026-09-13,
6094,222,pausado,2026-09-13,
6095,4032,pausado,2026-09-13,
6096,249,en_progreso,2026-09-13,
6097,3530,en_progreso,2026-09-13,
6098,2197,en_progreso,2026-09-13,
6099,1141,en_progreso,2026-09-13,
6100,309,en_progreso,2026-09-13,
6101,3529,en_progreso,2026-09-13,
6102,402,en_progreso,2026-09-13,
6103,3425,en_progreso,2026-09-13,
6104,383,en_progreso,2026-09-13,
6105,3477,en_progreso,2026-09-13,
6106,1972,en_progreso,2026-09-13,
6107,241,en_progreso,2026-09-13,
6108,1600,en_progreso,2026-09-13,
6109,3212,en_progreso,2026-09-13,
6110,1169,en_progreso,2026-09-13,
6111,4078,en_progreso,2026-09-13,
6112,2712,pausado,2026-09-13,
6113,635,en_progreso,2026-09-13,
6114,240,pausado,2026-09-13,
6115,2221,en_progreso,2026-09-13,
6116,206,pausado,2026-09-13,
6117,2060,en_progreso,2026-09-13,
6118,2176,en_progreso,2026-09-13,
6119,3936,en_progreso,2026-09-13,
6120,281,pausado,2026-09-13,
6121,2766,en_progreso,2026-09-13,
6122,1654,en_progreso,2026-09-13,
6123,1009,pausado,2026-09-13,
6124,163,pausado,2026-09-13,
6125,1718,pausado,2026-09-13,
6126,2316,en_progreso,2026-09-13,
6127,837,pausado,2026-09-13,
6128,1287,en_progreso,2026-09-13,
6129,2752,pausado,2026-09-13,
6130,1873,en_progreso,2026-09-13,
6131,298,en_progreso,2026-09-13,
6132,2307,en_progreso,2026-09-13,
6133,301,en_progreso,2026-09-13,
6134,543,en_progreso,2026-09-13,
6135,3609,en_progreso,2026-09-13,
6136,1168,en_progreso,2026-09-13,
6137,3416,en_progreso,2026-09-13,
6138,4030,en_progreso,2026-09-13,
6139,2679,en_progreso,2026-09-13,
6140,2272,en_progreso,2026-09-13,
6141,2718,en_progreso,2026-09-13,
6142,3597,en_progreso,2026-09-13,
6143,439,pausado,2026-09-13,
6144,637,en_progreso,2026-09-13,
6145,2940,en_progreso,2026-09-13,
6146,3494,en_progreso,2026-09-13,
6147,3709,en_progreso,2026-09-13,
6148,209,en_progreso,2026-09-13,
6149,1134,en_progreso,2026-09-13,
6150,536,pausado,2026-09-13,
6151,1073,en_progreso,2026-09-13,
6152,1810,en_progreso,2026-09-13,
6153,1752,pausado,2026-09-13,
6154,459,en_progreso,2026-09-13,
6155,3703,en_progreso,2026-09-13,
6156,148,en_progreso,2026-09-13,
6157,2386,pausado,2026-09-13,
6158,1761,en_progreso,2026-09-13,
6159,1263,en_progreso,2026-09-13,
6160,3983,en_progreso,2026-09-13,
6161,3682,en_progreso,2026-09-13,
6162,2794,en_progreso,2026-09-13,
6163,422,en_progreso,2026-09-13,
6164,3583,en_progreso,2026-09-13,
6165,634,en_progreso,2026-09-13,
6166,970,en_progreso,2026-09-13,
6167,3999,en_progreso,2026-09-13,
6168,726,en_progreso,2026-09-13,
6169,102,en_progreso,2026-09-13,
6170,3205,en_progreso,2026-09-13,
6171,3286,pausado,2026-09-13,
6172,3011,en_progreso,2026-09-13,
6173,1093,en_progreso,2026-09-13,
6174,2873,en_progreso,2026-09-13,
6175,3573,en_progreso,2026-09-13,
6176,1928,en_progreso,2026-09-13,
6177,1886,en_progreso,2026-09-13,
6178,3569,en_progreso,2026-09-13,
6179,792,en_progreso,2026-09-13,
6180,285,en_progreso,2026-09-13,
6181,1144,en_progreso,2026-09-13,
6182,2784,en_progreso,2026-09-13,
6183,2197,en_progreso,2026-09-13,
6184,3593,en_progreso,2026-09-13,
6185,732,pausado,2026-09-13,
6186,4029,en_progreso,2026-09-13,
6187,1780,en_progreso,2026-09-13,
6188,1788,pausado,2026-09-13,
6189,2095,en_progreso,2026-09-13,
6190,779,en_progreso,2026-09-13,
6191,7,en_progreso,2026-09-13,
6192,2814,en_progreso,2026-09-13,
6193,3040,pausado,2026-09-13,
6194,808,en_progreso,2026-09-13,
6195,2721,en_progreso,2026-09-13,
6196,2553,en_progreso,2026-09-13,
6197,2949,en_progreso,2026-09-13,
6198,2078,en_progreso,2026-09-13,
6199,1673,en_progreso,2026-09-13,
6200,2271,en_progreso,2026-09-13,
6201,1723,pausado,2026-09-13,
6202,1553,pausado,2026-09-13,
6203,3698,en_progreso,2026-09-13,
6204,1664,en_progreso,2026-09-13,
6205,1176,en_progreso,2026-09-13,
6206,3219,pausado,2026-09-13,
6207,2682,en_progreso,2026-09-13,
6208,2768,en_progreso,2026-09-13,
6209,3692,en_progreso,2026-09-13,
6210,3015,en_progreso,2026-09-13,
6211,2112,pausado,2026-09-13,
6212,2537,en_progreso,2026-09-13,
6213,3077,en_progreso,2026-09-13,
6214,3304,en_progreso,2026-09-13,
6215,1003,en_progreso,2026-09-13,
6216,2504,en_progreso,2026-09-13,
6217,299,en_progreso,2026-09-13,
6218,2358,en_progreso,2026-09-13,
6219,2025,en_progreso,2026-09-13,
6220,2817,en_progreso,2026-09-13,
6221,3155,en_progreso,2026-09-13,
6222,3189,en_progreso,2026-09-13,
6223,3924,pausado,2026-09-13,
6224,1903,en_progreso,2026-09-13,
6225,3475,en_progreso,2026-09-13,
6226,1904,en_progreso,2026-09-13,
6227,4047,en_progreso,2026-09-13,
6228,1300,en_progreso,2026-09-13,
6229,3652,en_progreso,2026-09-13,
6230,3339,pausado,2026-09-13,
6231,2068,en_progreso,2026-09-13,
6232,1827,en_progreso,2026-09-13,
6233,3047,en_progreso,2026-09-13,
6234,1844,en_progreso,2026-09-13,
6235,2612,en_progreso,2026-09-13,
6236,1985,pausado,2026-09-13,
6237,1125,en_progreso,2026-09-13,
6238,961,en_progreso,2026-09-13,
6239,2213,en_progreso,2026-09-13,
6240,1569,en_progreso,2026-09-13,
6241,2894,en_progreso,2026-09-13,
6242,1356,en_progreso,2026-09-13,
6243,848,en_progreso,2026-09-13,
6244,1596,en_progreso,2026-09-13,
6245,2393,en_progreso,2026-09-13,
6246,81,en_progreso,2026-09-13,
6247,3136,pausado,2026-09-13,
6248,1954,en_progreso,2026-09-13,
6249,3087,en_progreso,2026-09-13,
6250,3424,en_progreso,2026-09-13,
6251,2237,en_progreso,2026-09-13,
6252,3678,en_progreso,2026-09-13,
6253,1786,en_progreso,2026-09-13,
6254,2740,pausado,2026-09-13,
6255,1657,pausado,2026-09-13,
6256,3443,en_progreso,2026-09-13,
6257,2549,en_progreso,2026-09-13,
6258,2425,en_progreso,2026-09-13,
6259,112,en_progreso,2026-09-13,
6260,3551,en_progreso,2026-09-13,
6261,1553,en_progreso,2026-09-13,
6262,1383,en_progreso,2026-09-13,
6263,1553,en_progreso,2026-09-13,
6264,1727,en_progreso,2026-09-13,
6265,80,pausado,2026-09-13,
6266,214,en_progreso,2026-09-13,
6267,1434,en_progreso,2026-09-13,
6268,3922,pausado,2026-09-13,
6269,3090,en_progreso,2026-09-13,
6270,1013,en_progreso,2026-09-13,
6271,84,pausado,2026-09-13,
6272,978,en_progreso,2026-09-13,
6273,2311,en_progreso,2026-09-13,
6274,1905,pausado,2026-09-13,
6275,3142,en_progreso,2026-09-13,
6276,3948,pausado,2026-09-13,
6277,470,en_progreso,2026-09-13,
6278,671,en_progreso,2026-09-13,
6279,443,pausado,2026-09-13,
6280,3805,en_progreso,2026-09-13,
6281,3925,en_progreso,2026-09-13,
6282,813,en_progreso,2026-09-13,
6283,2570,en_progreso,2026-09-13,
6284,1236,en_progreso,2026-09-13,
6285,2460,en_progreso,2026-09-13,
6286,3262,en_progreso,2026-09-13,
6287,3206,en_progreso,2026-09-13,
6288,2710,en_progreso,2026-09-13,
6289,1398,en_progreso,2026-09-13,
6290,2008,en_progreso,2026-09-13,
6291,2604,en_progreso,2026-09-13,
6292,1884,pausado,2026-09-13,
6293,1784,en_progreso,2026-09-13,
6294,2665,en_progreso,2026-09-13,
6295,2205,en_progreso,2026-09-13,
6296,1905,en_progreso,2026-09-13,
6297,1100,en_progreso,2026-09-13,
6298,3829,en_progreso,2026-09-13,
6299,999,en_progreso,2026-09-13,
6300,2335,pausado,2026-09-13,
6301,1553,en_progreso,2026-09-13,
6302,1332,en_progreso,2026-09-13,
6303,869,en_progreso,2026-09-13,
6304,1146,en_progreso,2026-09-13,
6305,2873,en_progreso,2026-09-13,
6306,2277,en_progreso,2026-09-13,
6307,351,en_progreso,2026-09-13,
6308,2275,en_progreso,2026-09-13,
6309,2829,en_progreso,2026-09-13,
6310,1836,en_progreso,2026-09-13,
6311,382,en_progreso,2026-09-13,
6312,997,en_progreso,2026-09-13,
6313,1939,en_progreso,2026-09-13,
6314,1409,en_progreso,2026-09-13,
6315,1355,en_progreso,2026-09-13,
6316,1256,en_progreso,2026-09-13,
6317,789,en_progreso,2026-09-13,
6318,3895,en_progreso,2026-09-13,
6319,759,en_progreso,2026-09-13,
6320,1133,pausado,2026-09-13,
6321,4001,en_progreso,2026-09-13,
6322,2445,en_progreso,2026-09-13,
6323,796,en_progreso,2026-09-13,
6324,1239,en_progreso,2026-09-13,
6325,1124,en_progreso,2026-09-13,
6326,1197,pausado,2026-09-13,
6327,518,pausado,2026-09-13,
6328,3084,en_progreso,2026-09-13,
6329,2352,en_progreso,2026-09-13,
6330,1396,en_progreso,2026-09-13,
6331,3855,en_progreso,2026-09-13,
6332,468,en_progreso,2026-09-13,
6333,1642,en_progreso,2026-09-13,
6334,2812,en_progreso,2026-09-13,
6335,2306,en_progreso,2026-09-13,
6336,349,en_progreso,2026-09-13,
6337,486,pausado,2026-09-13,
6338,1705,pausado,2026-09-13,
6339,3239,pausado,2026-09-13,
6340,3178,en_progreso,2026-09-13,
6341,1846,en_progreso,2026-09-13,
6342,1218,en_progreso,2026-09-13,
6343,4056,en_progreso,2026-09-13,
6344,247,pausado,2026-09-13,
6345,3032,en_progreso,2026-09-13,
6346,2563,en_progreso,2026-09-13,
6347,644,en_progreso,2026-09-13,
6348,642,en_progreso,2026-09-13,
6349,2433,en_progreso,2026-09-13,
6350,1181,pausado,2026-09-13,
6351,2880,en_progreso,2026-09-13,
6352,292,pausado,2026-09-13,
6353,3785,en_progreso,2026-09-13,
6354,2416,pausado,2026-09-13,
6355,3825,en_progreso,2026-09-13,
6356,471,en_progreso,2026-09-13,
6357,2653,en_progreso,2026-09-13,
6358,583,en_progreso,2026-09-13,
6359,1260,pausado,2026-09-13,
6360,3377,pausado,2026-09-13,
6361,1183,en_progreso,2026-09-13,
6362,1246,pausado,2026-09-13,
6363,3862,en_progreso,2026-09-13,
6364,1794,en_progreso,2026-09-13,
6365,164,en_progreso,2026-09-13,
6366,3009,en_progreso,2026-09-13,
6367,375,en_progreso,2026-09-13,
6368,3525,pausado,2026-09-13,
6369,3895,en_progreso,2026-09-13,
6370,3133,pausado,2026-09-13,
6371,1104,pausado,2026-09-13,
6372,3126,en_progreso,2026-09-13,
6373,1928,en_progreso,2026-09-13,
6374,1140,en_progreso,2026-09-13,
6375,2398,en_progreso,2026-09-13,
6376,3970,en_progreso,2026-09-13,
6377,1366,en_progreso,2026-09-13,
6378,659,en_progreso,2026-09-13,
6379,1181,pausado,2026-09-13,
6380,1641,en_progreso,2026-09-13,
6381,2254,en_progreso,2026-09-13,
6382,1034,en_progreso,2026-09-13,
6383,1656,en_progreso,2026-09-13,
6384,3379,en_progreso,2026-09-13,
6385,2694,en_progreso,2026-09-13,
6386,1893,en_progreso,2026-09-13,
6387,1482,pausado,2026-09-13,
6388,2042,en_progreso,2026-09-13,
6389,3113,en_progreso,2026-09-13,
6390,537,en_progreso,2026-09-13,
6391,1795,en_progreso,2026-09-13,
6392,1986,en_progreso,2026-09-13,
6393,2494,en_progreso,2026-09-13,
6394,2908,en_progreso,2026-09-13,
6395,2263,en_progreso,2026-09-13,
6396,3447,en_progreso,2026-09-13,
6397,1891,en_progreso,2026-09-13,
6398,2654,en_progreso,2026-09-13,
6399,2042,en_progreso,2026-09-13,
6400,1196,en_progreso,2026-09-13,
6401,3420,en_progreso,2026-09-13,
6402,1871,pausado,2026-09-13,
6403,1572,en_progreso,2026-09-13,
6404,3057,en_progreso,2026-09-13,
6405,3540,en_progreso,2026-09-13,
6406,3165,en_progreso,2026-09-13,
6407,1700,en_progreso,2026-09-13,
6408,1095,en_progreso,2026-09-13,
6409,1159,pausado,2026-09-13,
6410,3431,pausado,2026-09-13,
6411,4092,pausado,2026-09-13,
6412,3545,en_progreso,2026-09-13,
6413,1414,en_progreso,2026-09-13,
6414,1546,en_progreso,2026-09-13,
6415,773,en_progreso,2026-09-13,
6416,979,pausado,2026-09-13,
6417,957,iniciado,2026-09-13,
6418,3507,en_progreso,2026-09-13,
6419,179,en_progreso,2026-09-13,
6420,3742,en_progreso,2026-09-13,
6421,1582,en_progreso,2026-09-13,
6422,3246,en_progreso,2026-09-13,
6423,4018,en_progreso,2026-09-13,
6424,518,en_progreso,2026-09-13,
6425,3563,en_progreso,2026-09-13,
6426,409,en_progreso,2026-09-13,
6427,2960,en_progreso,2026-09-13,
6428,3973,en_progreso,2026-09-13,
6429,3970,en_progreso,2026-09-13,
6430,1629,pausado,2026-09-13,
6431,3489,en_progreso,2026-09-13,
6432,2186,en_progreso,2026-09-13,
6433,2944,en_progreso,2026-09-13,
6434,1999,en_progreso,2026-09-13,
6435,148,en_progreso,2026-09-13,
6436,962,en_progreso,2026-09-13,
6437,3773,en_progreso,2026-09-13,
6438,371,en_progreso,2026-09-13,
6439,2596,pausado,2026-09-13,
6440,412,en_progreso,2026-09-13,
6441,2843,en_progreso,2026-09-13,
6442,119,en_progreso,2026-09-13,
6443,1202,en_progreso,2026-09-13,
6444,1001,en_progreso,2026-09-13,
6445,3247,en_progreso,2026-09-13,
6446,2497,en_progreso,2026-09-13,
6447,2539,pausado,2026-09-13,
6448,2039,en_progreso,2026-09-13,
6449,587,en_progreso,2026-09-13,
6450,1883,en_progreso,2026-09-13,
6451,3296,en_progreso,2026-09-13,
6452,2239,en_progreso,2026-09-13,
6453,1416,abandonado,2026-09-13,Sin actividad posterior registrada
6454,1226,pausado,2026-09-13,
6455,1738,iniciado,2026-09-13,
6456,2828,en_progreso,2026-09-13,
6457,816,en_progreso,2026-09-13,
6458,3496,en_progreso,2026-09-13,
6459,2343,en_progreso,2026-09-13,
6460,2865,en_progreso,2026-09-13,
6461,2697,en_progreso,2026-09-13,
6462,3544,pausado,2026-09-13,
6463,3051,en_progreso,2026-09-13,
6464,3730,pausado,2026-09-13,
6465,2035,en_progreso,2026-09-13,
6466,3699,en_progreso,2026-09-13,
6467,2487,en_progreso,2026-09-13,
6468,898,pausado,2026-09-13,
6469,2544,en_progreso,2026-09-13,
6470,3144,en_progreso,2026-09-13,
6471,3434,en_progreso,2026-09-13,
6472,2571,pausado,2026-09-13,
6473,1266,en_progreso,2026-09-13,
6474,137,pausado,2026-09-13,
6475,3000,en_progreso,2026-09-13,
6476,1339,pausado,2026-09-13,
6477,720,en_progreso,2026-09-13,
6478,3590,en_progreso,2026-09-13,
6479,2175,en_progreso,2026-09-13,
6480,674,en_progreso,2026-09-13,
6481,1974,en_progreso,2026-09-13,
6482,1209,pausado,2026-09-13,
6483,1388,en_progreso,2026-09-13,
6484,1919,en_progreso,2026-09-13,
6485,577,en_progreso,2026-09-13,
6486,925,en_progreso,2026-09-13,
6487,2967,pausado,2026-09-13,
6488,1628,en_progreso,2026-09-13,
6489,3296,pausado,2026-09-13,
6490,370,en_progreso,2026-09-13,
6491,58,en_progreso,2026-09-13,
6492,1510,pausado,2026-09-13,
6493,2754,en_progreso,2026-09-13,
6494,2616,en_progreso,2026-09-13,
6495,444,pausado,2026-09-13,
6496,1932,en_progreso,2026-09-13,
6497,3622,en_progreso,2026-09-13,
6498,1344,en_progreso,2026-09-13,
6499,907,pausado,2026-09-13,
6500,2603,completado,2026-09-13,Modulo finalizado por el estudiante
6501,3725,pausado,2026-09-13,
6502,2660,en_progreso,2026-09-13,
6503,3876,en_progreso,2026-09-13,
6504,476,en_progreso,2026-09-13,
6505,556,en_progreso,2026-09-13,
6506,1520,pausado,2026-09-13,
6507,3044,pausado,2026-09-13,
6508,2213,en_progreso,2026-09-13,
6509,633,en_progreso,2026-09-13,
6510,2683,en_progreso,2026-09-13,
6511,1672,en_progreso,2026-09-13,
6512,1146,en_progreso,2026-09-13,
6513,1518,en_progreso,2026-09-13,
6514,968,en_progreso,2026-09-13,
6515,407,en_progreso,2026-09-13,
6516,1505,en_progreso,2026-09-13,
6517,4006,en_progreso,2026-09-13,
6518,249,en_progreso,2026-09-13,
6519,501,en_progreso,2026-09-13,
6520,3376,en_progreso,2026-09-13,
6521,2629,pausado,2026-09-13,
6522,3978,en_progreso,2026-09-13,
6523,998,abandonado,2026-09-13,Sin actividad posterior registrada
6524,3224,iniciado,2026-09-13,
6525,2313,en_progreso,2026-09-13,
6526,2271,en_progreso,2026-09-13,
6527,885,en_progreso,2026-09-13,
6528,955,en_progreso,2026-09-13,
6529,3689,pausado,2026-09-13,
6530,1136,en_progreso,2026-09-13,
6531,593,en_progreso,2026-09-13,
6532,2213,en_progreso,2026-09-13,
6533,2708,en_progreso,2026-09-13,
6534,540,en_progreso,2026-09-13,
6535,975,pausado,2026-09-13,
6536,65,en_progreso,2026-09-13,
6537,3039,en_progreso,2026-09-13,
6538,261,en_progreso,2026-09-13,
6539,2103,pausado,2026-09-13,
6540,1852,en_progreso,2026-09-13,
6541,178,pausado,2026-09-13,
6542,3723,en_progreso,2026-09-13,
6543,2136,en_progreso,2026-09-13,
6544,128,en_progreso,2026-09-13,
6545,1646,en_progreso,2026-09-13,
6546,2918,en_progreso,2026-09-13,
6547,302,en_progreso,2026-09-13,
6548,1320,pausado,2026-09-13,
6549,270,en_progreso,2026-09-13,
6550,2398,en_progreso,2026-09-13,
6551,4074,pausado,2026-09-13,
6552,1208,en_progreso,2026-09-13,
6553,407,en_progreso,2026-09-13,
6554,469,en_progreso,2026-09-13,
6555,2667,en_progreso,2026-09-13,
6556,2259,pausado,2026-09-13,
6557,881,en_progreso,2026-09-13,
6558,1695,en_progreso,2026-09-13,
6559,1704,pausado,2026-09-13,
6560,1281,en_progreso,2026-09-13,
6561,2725,en_progreso,2026-09-13,
6562,2814,en_progreso,2026-09-13,
6563,275,en_progreso,2026-09-13,
6564,1769,en_progreso,2026-09-13,
6565,3326,en_progreso,2026-09-13,
6566,3919,pausado,2026-09-13,
6567,1351,pausado,2026-09-13,
6568,1683,en_progreso,2026-09-13,
6569,3074,en_progreso,2026-09-13,
6570,211,en_progreso,2026-09-13,
6571,2460,en_progreso,2026-09-13,
6572,425,en_progreso,2026-09-13,
6573,872,en_progreso,2026-09-13,
6574,3471,en_progreso,2026-09-13,
6575,1506,en_progreso,2026-09-13,
6576,927,en_progreso,2026-09-13,
6577,3462,pausado,2026-09-13,
6578,3144,en_progreso,2026-09-13,
6579,2514,pausado,2026-09-13,
6580,2281,en_progreso,2026-09-13,
6581,3398,pausado,2026-09-13,
6582,119,en_progreso,2026-09-13,
6583,1266,en_progreso,2026-09-13,
6584,1438,en_progreso,2026-09-13,
6585,2320,pausado,2026-09-13,
6586,286,en_progreso,2026-09-13,
6587,126,en_progreso,2026-09-13,
6588,1541,en_progreso,2026-09-13,
6589,1516,en_progreso,2026-09-13,
6590,3857,en_progreso,2026-09-13,
6591,348,en_progreso,2026-09-13,
6592,638,en_progreso,2026-09-13,
6593,2761,en_progreso,2026-09-13,
6594,1737,en_progreso,2026-09-13,
6595,1119,en_progreso,2026-09-13,
6596,1414,en_progreso,2026-09-13,
6597,2780,pausado,2026-09-13,
6598,2159,pausado,2026-09-13,
6599,187,en_progreso,2026-09-13,
6600,225,en_progreso,2026-09-13,
6601,866,en_progreso,2026-09-13,
6602,3131,en_progreso,2026-09-13,
6603,32,en_progreso,2026-09-13,
6604,530,en_progreso,2026-09-13,
6605,2050,pausado,2026-09-13,
6606,2737,en_progreso,2026-09-13,
6607,296,en_progreso,2026-09-13,
6608,1787,en_progreso,2026-09-13,
6609,3532,en_progreso,2026-09-13,
6610,1759,pausado,2026-09-13,
6611,2907,en_progreso,2026-09-13,
6612,1186,en_progreso,2026-09-13,
6613,86,en_progreso,2026-09-13,
6614,704,en_progreso,2026-09-13,
6615,2532,en_progreso,2026-09-13,
6616,1483,en_progreso,2026-09-13,
6617,997,en_progreso,2026-09-13,
6618,323,en_progreso,2026-09-13,
6619,1391,en_progreso,2026-09-13,
6620,313,en_progreso,2026-09-13,
6621,2089,en_progreso,2026-09-13,
6622,1439,pausado,2026-09-13,
6623,3355,pausado,2026-09-13,
6624,605,en_progreso,2026-09-13,
6625,809,en_progreso,2026-09-13,
6626,3110,pausado,2026-09-13,
6627,726,en_progreso,2026-09-13,
6628,2573,en_progreso,2026-09-13,
6629,3113,pausado,2026-09-13,
6630,2790,en_progreso,2026-09-13,
6631,2313,pausado,2026-09-13,
6632,4041,pausado,2026-09-13,
6633,3540,en_progreso,2026-09-13,
6634,1295,en_progreso,2026-09-13,
6635,1812,pausado,2026-09-13,
6636,3262,en_progreso,2026-09-13,
6637,231,en_progreso,2026-09-13,
6638,1892,en_progreso,2026-09-13,
6639,234,en_progreso,2026-09-13,
6640,2641,en_progreso,2026-09-13,
6641,3504,en_progreso,2026-09-13,
6642,1575,en_progreso,2026-09-13,
6643,3244,pausado,2026-09-13,
6644,169,en_progreso,2026-09-13,
6645,3318,pausado,2026-09-13,
6646,772,en_progreso,2026-09-13,
6647,618,en_progreso,2026-09-13,
6648,1846,en_progreso,2026-09-13,
6649,3683,en_progreso,2026-09-13,
6650,4024,pausado,2026-09-13,
6651,2067,pausado,2026-09-13,
6652,161,en_progreso,2026-09-13,
6653,1800,en_progreso,2026-09-13,
6654,1491,en_progreso,2026-09-13,
6655,1675,en_progreso,2026-09-13,
6656,2781,pausado,2026-09-13,
6657,3233,pausado,2026-09-13,
6658,1371,en_progreso,2026-09-13,
6659,2779,en_progreso,2026-09-13,
6660,3489,pausado,2026-09-13,
6661,3713,pausado,2026-09-13,
6662,616,en_progreso,2026-09-13,
6663,580,en_progreso,2026-09-13,
6664,1271,en_progreso,2026-09-13,
6665,2861,pausado,2026-09-13,
6666,529,pausado,2026-09-13,
6667,3843,en_progreso,2026-09-13,
6668,2636,en_progreso,2026-09-13,
6669,3331,en_progreso,2026-09-13,
6670,2879,en_progreso,2026-09-13,
6671,3027,en_progreso,2026-09-13,
6672,3738,en_progreso,2026-09-13,
6673,1735,en_progreso,2026-09-13,
6674,75,en_progreso,2026-09-13,
6675,878,en_progreso,2026-09-13,
6676,787,en_progreso,2026-09-13,
6677,317,en_progreso,2026-09-13,
6678,2080,en_progreso,2026-09-13,
6679,3421,pausado,2026-09-13,
6680,2157,en_progreso,2026-09-13,
6681,3139,pausado,2026-09-13,
6682,2447,en_progreso,2026-09-13,
6683,3406,pausado,2026-09-13,
6684,2559,en_progreso,2026-09-13,
6685,679,pausado,2026-09-13,
6686,179,en_progreso,2026-09-13,
6687,973,abandonado,2026-09-13,Sin actividad posterior registrada
6688,2501,en_progreso,2026-09-13,
6689,1839,en_progreso,2026-09-13,
6690,3956,completado,2026-09-13,Modulo finalizado por el estudiante
6691,1922,completado,2026-09-13,Modulo finalizado por el estudiante
6692,795,en_progreso,2026-09-13,
6693,4033,en_progreso,2026-09-13,
6694,3188,en_progreso,2026-09-13,
6695,3958,en_progreso,2026-09-13,
6696,2477,en_progreso,2026-09-13,
6697,2627,en_progreso,2026-09-13,
6698,3827,en_progreso,2026-09-13,
6699,3487,en_progreso,2026-09-13,
6700,657,en_progreso,2026-09-13,
6701,604,en_progreso,2026-09-13,
6702,376,en_progreso,2026-09-13,
6703,910,en_progreso,2026-09-13,
6704,3624,en_progreso,2026-09-13,
6705,110,en_progreso,2026-09-13,
6706,1532,en_progreso,2026-09-13,
6707,4074,en_progreso,2026-09-13,
6708,1306,en_progreso,2026-09-13,
6709,3438,pausado,2026-09-13,
6710,1374,en_progreso,2026-09-13,
6711,564,en_progreso,2026-09-13,
6712,1936,pausado,2026-09-13,
6713,569,en_progreso,2026-09-13,
6714,1922,en_progreso,2026-09-13,
6715,22,completado,2026-09-13,Modulo finalizado por el estudiante
6716,78,en_progreso,2026-09-13,
6717,2248,completado,2026-09-13,Modulo finalizado por el estudiante
6718,2494,en_progreso,2026-09-13,
6719,456,iniciado,2026-09-13,
6720,3180,en_progreso,2026-09-13,
6721,196,en_progreso,2026-09-13,
6722,2618,en_progreso,2026-09-13,
6723,1873,en_progreso,2026-09-13,
6724,2048,pausado,2026-09-13,
6725,68,pausado,2026-09-13,
6726,2356,en_progreso,2026-09-13,
6727,1759,en_progreso,2026-09-13,
6728,2338,en_progreso,2026-09-13,
6729,351,en_progreso,2026-09-13,
6730,3906,en_progreso,2026-09-13,
6731,2079,en_progreso,2026-09-13,
6732,2080,en_progreso,2026-09-13,
6733,1600,en_progreso,2026-09-13,
6734,179,pausado,2026-09-13,
6735,4019,en_progreso,2026-09-13,
6736,1463,en_progreso,2026-09-13,
6737,1413,en_progreso,2026-09-13,
6738,425,en_progreso,2026-09-13,
6739,3012,en_progreso,2026-09-13,
6740,547,en_progreso,2026-09-13,
6741,3333,pausado,2026-09-13,
6742,3402,en_progreso,2026-09-13,
6743,1904,en_progreso,2026-09-13,
6744,1961,pausado,2026-09-13,
6745,3324,en_progreso,2026-09-13,
6746,3866,en_progreso,2026-09-13,
6747,180,en_progreso,2026-09-13,
6748,3629,en_progreso,2026-09-13,
6749,2112,en_progreso,2026-09-13,
6750,1940,en_progreso,2026-09-13,
6751,783,en_progreso,2026-09-13,
6752,196,en_progreso,2026-09-13,
6753,1360,en_progreso,2026-09-13,
6754,3275,en_progreso,2026-09-13,
6755,3045,en_progreso,2026-09-13,
6756,1389,en_progreso,2026-09-13,
6757,2033,pausado,2026-09-13,
6758,1505,en_progreso,2026-09-13,
6759,2127,en_progreso,2026-09-13,
6760,1739,en_progreso,2026-09-13,
6761,3369,en_progreso,2026-09-13,
6762,421,en_progreso,2026-09-13,
6763,1256,en_progreso,2026-09-13,
6764,683,pausado,2026-09-13,
6765,1440,en_progreso,2026-09-13,
6766,3734,en_progreso,2026-09-13,
6767,1125,pausado,2026-09-13,
6768,3242,en_progreso,2026-09-13,
6769,308,pausado,2026-09-13,
6770,1664,en_progreso,2026-09-13,
6771,2783,en_progreso,2026-09-13,
6772,3477,pausado,2026-09-13,
6773,3201,en_progreso,2026-09-13,
6774,967,en_progreso,2026-09-13,
6775,1501,en_progreso,2026-09-13,
6776,133,pausado,2026-09-13,
6777,2782,en_progreso,2026-09-13,
6778,1520,en_progreso,2026-09-13,
6779,2351,en_progreso,2026-09-13,
6780,1288,pausado,2026-09-13,
6781,1023,en_progreso,2026-09-13,
6782,107,pausado,2026-09-13,
6783,2045,en_progreso,2026-09-13,
6784,483,en_progreso,2026-09-13,
6785,1828,en_progreso,2026-09-13,
6786,2843,en_progreso,2026-09-13,
6787,2012,en_progreso,2026-09-13,
6788,304,en_progreso,2026-09-13,
6789,1824,en_progreso,2026-09-13,
6790,3320,pausado,2026-09-13,
6791,3464,en_progreso,2026-09-13,
6792,2736,en_progreso,2026-09-13,
6793,2221,en_progreso,2026-09-13,
6794,646,pausado,2026-09-13,
6795,3799,pausado,2026-09-13,
6796,714,en_progreso,2026-09-13,
6797,2084,en_progreso,2026-09-13,
6798,3245,en_progreso,2026-09-13,
6799,108,en_progreso,2026-09-13,
6800,1915,en_progreso,2026-09-13,
6801,2260,en_progreso,2026-09-13,
6802,270,en_progreso,2026-09-13,
6803,2945,en_progreso,2026-09-13,
6804,1678,en_progreso,2026-09-13,
6805,303,en_progreso,2026-09-13,
6806,304,en_progreso,2026-09-13,
6807,1412,en_progreso,2026-09-13,
6808,2259,pausado,2026-09-13,
6809,746,en_progreso,2026-09-13,
6810,529,en_progreso,2026-09-13,
6811,227,en_progreso,2026-09-13,
6812,2123,en_progreso,2026-09-13,
6813,1322,en_progreso,2026-09-13,
6814,924,en_progreso,2026-09-13,
6815,3666,en_progreso,2026-09-13,
6816,805,pausado,2026-09-13,
6817,2257,en_progreso,2026-09-13,
6818,2517,en_progreso,2026-09-13,
6819,691,iniciado,2026-09-13,
6820,2425,en_progreso,2026-09-13,
6821,632,en_progreso,2026-09-13,
6822,3695,pausado,2026-09-13,
6823,3452,en_progreso,2026-09-13,
6824,169,en_progreso,2026-09-13,
6825,117,en_progreso,2026-09-13,
6826,3159,pausado,2026-09-13,
6827,2668,en_progreso,2026-09-13,
6828,2532,pausado,2026-09-13,
6829,2040,en_progreso,2026-09-13,
6830,2235,en_progreso,2026-09-13,
6831,1979,en_progreso,2026-09-13,
6832,1664,en_progreso,2026-09-13,
6833,246,en_progreso,2026-09-13,
6834,1903,en_progreso,2026-09-13,
6835,1281,en_progreso,2026-09-13,
6836,1308,pausado,2026-09-13,
6837,3526,en_progreso,2026-09-13,
6838,3116,en_progreso,2026-09-13,
6839,1308,en_progreso,2026-09-13,
6840,1842,en_progreso,2026-09-13,
6841,1189,completado,2026-09-13,Modulo finalizado por el estudiante
6842,3540,en_progreso,2026-09-13,
6843,1017,en_progreso,2026-09-13,
6844,3696,en_progreso,2026-09-13,
6845,2367,pausado,2026-09-13,
6846,778,en_progreso,2026-09-13,
6847,2041,en_progreso,2026-09-13,
6848,1913,en_progreso,2026-09-13,
6849,1264,en_progreso,2026-09-13,
6850,1611,en_progreso,2026-09-13,
6851,882,en_progreso,2026-09-13,
6852,200,en_progreso,2026-09-13,
6853,3615,en_progreso,2026-09-13,
6854,2755,en_progreso,2026-09-13,
6855,3471,en_progreso,2026-09-13,
6856,1084,en_progreso,2026-09-13,
6857,3129,en_progreso,2026-09-13,
6858,210,pausado,2026-09-13,
6859,798,en_progreso,2026-09-13,
6860,1583,en_progreso,2026-09-13,
6861,1146,en_progreso,2026-09-13,
6862,2553,pausado,2026-09-13,
6863,487,en_progreso,2026-09-13,
6864,1529,en_progreso,2026-09-13,
6865,1389,en_progreso,2026-09-13,
6866,1498,en_progreso,2026-09-13,
6867,816,en_progreso,2026-09-13,
6868,1645,en_progreso,2026-09-13,
6869,562,pausado,2026-09-13,
6870,3294,en_progreso,2026-09-13,
6871,2484,en_progreso,2026-09-13,
6872,573,en_progreso,2026-09-13,
6873,666,en_progreso,2026-09-13,
6874,3452,en_progreso,2026-09-13,
6875,1378,en_progreso,2026-09-13,
6876,2007,pausado,2026-09-13,
6877,1228,en_progreso,2026-09-13,
6878,1357,pausado,2026-09-13,
6879,4014,en_progreso,2026-09-13,
6880,3682,en_progreso,2026-09-13,
6881,2819,pausado,2026-09-13,
6882,2445,en_progreso,2026-09-13,
6883,3207,en_progreso,2026-09-13,
6884,2370,pausado,2026-09-13,
6885,2955,en_progreso,2026-09-13,
6886,2148,iniciado,2026-09-13,
6887,2577,iniciado,2026-09-13,
6888,2954,pausado,2026-09-13,
6889,3446,en_progreso,2026-09-13,
6890,993,en_progreso,2026-09-13,
6891,451,en_progreso,2026-09-13,
6892,1716,en_progreso,2026-09-13,
6893,1681,en_progreso,2026-09-13,
6894,1932,en_progreso,2026-09-13,
6895,3014,pausado,2026-09-13,
6896,2891,en_progreso,2026-09-13,
6897,1332,en_progreso,2026-09-13,
6898,1960,en_progreso,2026-09-13,
6899,710,iniciado,2026-09-13,
6900,1883,completado,2026-09-13,Modulo finalizado por el estudiante
6901,1403,en_progreso,2026-09-13,
6902,3554,pausado,2026-09-13,
6903,2635,completado,2026-09-13,Modulo finalizado por el estudiante
6904,1083,pausado,2026-09-13,
6905,788,abandonado,2026-09-13,Sin actividad posterior registrada
6906,1143,en_progreso,2026-09-13,
6907,922,completado,2026-09-13,Modulo finalizado por el estudiante
6908,4024,en_progreso,2026-09-13,
6909,850,pausado,2026-09-13,
6910,2003,en_progreso,2026-09-13,
6911,3825,en_progreso,2026-09-13,
6912,2956,en_progreso,2026-09-13,
6913,2772,en_progreso,2026-09-13,
6914,1617,en_progreso,2026-09-13,
6915,3911,completado,2026-09-13,Modulo finalizado por el estudiante
6916,600,en_progreso,2026-09-13,
6917,2926,en_progreso,2026-09-13,
6918,2687,iniciado,2026-09-13,
6919,1051,pausado,2026-09-13,
6920,877,en_progreso,2026-09-13,
6921,3822,pausado,2026-09-13,
6922,1113,en_progreso,2026-09-13,
6923,2404,en_progreso,2026-09-13,
6924,3708,en_progreso,2026-09-13,
6925,216,en_progreso,2026-09-13,
6926,1935,iniciado,2026-09-13,
6927,412,en_progreso,2026-09-13,
6928,564,en_progreso,2026-09-13,
6929,3806,en_progreso,2026-09-13,
6930,3608,en_progreso,2026-09-13,
6931,1956,pausado,2026-09-13,
6932,3097,abandonado,2026-09-13,Sin actividad posterior registrada
6933,1316,en_progreso,2026-09-13,
6934,3149,en_progreso,2026-09-13,
6935,2192,pausado,2026-09-13,
6936,3483,completado,2026-09-13,Modulo finalizado por el estudiante
6937,3741,completado,2026-09-13,Modulo finalizado por el estudiante
6938,1712,completado,2026-09-13,Modulo finalizado por el estudiante
6939,721,en_progreso,2026-09-13,
6940,149,iniciado,2026-09-13,
6941,4085,en_progreso,2026-09-13,
6942,3228,en_progreso,2026-09-13,
6943,3941,iniciado,2026-09-13,
6944,3573,en_progreso,2026-09-13,
6945,3592,en_progreso,2026-09-13,
6946,2469,en_progreso,2026-09-13,
6947,1166,iniciado,2026-09-13,
6948,1862,iniciado,2026-09-13,
6949,4052,pausado,2026-09-13,
6950,2148,en_progreso,2026-09-13,
6951,3486,en_progreso,2026-09-13,
6952,3313,en_progreso,2026-09-13,
6953,666,pausado,2026-09-13,
6954,2656,en_progreso,2026-09-13,
6955,3018,en_progreso,2026-09-13,
6956,2763,en_progreso,2026-09-13,
6957,719,iniciado,2026-09-13,
6958,2503,iniciado,2026-09-13,
6959,3507,en_progreso,2026-09-13,
6960,1661,iniciado,2026-09-13,
6961,3388,iniciado,2026-09-13,
6962,1752,en_progreso,2026-09-13,
6963,2742,iniciado,2026-09-13,
6964,391,iniciado,2026-09-13,
6965,757,iniciado,2026-09-13,
6966,4021,iniciado,2026-09-13,
6967,576,iniciado,2026-09-13,
6968,1956,en_progreso,2026-09-13,
6969,1069,en_progreso,2026-09-13,
6970,1094,abandonado,2026-09-13,Sin actividad posterior registrada
6971,1237,iniciado,2026-09-13,
6972,2386,pausado,2026-09-13,
6973,47,iniciado,2026-09-13,
6974,1072,iniciado,2026-09-13,
6975,2678,iniciado,2026-09-13,
6976,1473,iniciado,2026-09-13,
6977,2838,en_progreso,2026-09-13,
6978,1907,iniciado,2026-09-13,
6979,1257,iniciado,2026-09-13,
6980,655,en_progreso,2026-09-13,
6981,3667,iniciado,2026-09-13,
6982,3637,iniciado,2026-09-13,
6983,2882,completado,2026-09-13,Modulo finalizado por el estudiante
6984,2828,en_progreso,2026-09-13,
6985,1209,en_progreso,2026-09-13,
6986,3922,en_progreso,2026-09-13,
6987,3063,iniciado,2026-09-13,
6988,4051,pausado,2026-09-13,
6989,1704,pausado,2026-09-13,
6990,3739,en_progreso,2026-09-13,
6991,2721,en_progreso,2026-09-13,
6992,3121,en_progreso,2026-09-13,
6993,3577,completado,2026-09-13,Modulo finalizado por el estudiante
6994,2153,en_progreso,2026-09-13,
6995,320,iniciado,2026-09-13,
6996,3758,en_progreso,2026-09-13,
6997,253,iniciado,2026-09-13,
6998,3395,en_progreso,2026-09-13,
6999,2346,en_progreso,2026-09-13,
7000,3500,iniciado,2026-09-13,
7001,2620,en_progreso,2026-09-14,
7002,1004,en_progreso,2026-09-14,
7003,3017,en_progreso,2026-09-14,
7004,3034,en_progreso,2026-09-14,
7005,357,pausado,2026-09-14,
7006,131,en_progreso,2026-09-14,
7007,2070,pausado,2026-09-14,
7008,2299,en_progreso,2026-09-14,
7009,2233,en_progreso,2026-09-14,
7010,1140,en_progreso,2026-09-14,
7011,27,en_progreso,2026-09-14,
7012,654,pausado,2026-09-14,
7013,1394,en_progreso,2026-09-14,
7014,3128,en_progreso,2026-09-14,
7015,397,en_progreso,2026-09-14,
7016,1084,en_progreso,2026-09-14,
7017,2989,en_progreso,2026-09-14,
7018,3778,en_progreso,2026-09-14,
7019,3398,pausado,2026-09-14,
7020,3627,en_progreso,2026-09-14,
7021,2365,en_progreso,2026-09-14,
7022,2709,en_progreso,2026-09-14,
7023,1186,en_progreso,2026-09-14,
7024,3504,en_progreso,2026-09-14,
7025,1139,en_progreso,2026-09-14,
7026,667,en_progreso,2026-09-14,
7027,1094,en_progreso,2026-09-14,
7028,2800,pausado,2026-09-14,
7029,2496,pausado,2026-09-14,
7030,2188,pausado,2026-09-14,
7031,670,en_progreso,2026-09-14,
7032,3791,pausado,2026-09-14,
7033,2282,en_progreso,2026-09-14,
7034,3148,en_progreso,2026-09-14,
7035,939,en_progreso,2026-09-14,
7036,3298,en_progreso,2026-09-14,
7037,865,en_progreso,2026-09-14,
7038,2324,en_progreso,2026-09-14,
7039,1289,en_progreso,2026-09-14,
7040,3624,en_progreso,2026-09-14,
7041,1880,en_progreso,2026-09-14,
7042,3052,pausado,2026-09-14,
7043,1077,pausado,2026-09-14,
7044,1755,en_progreso,2026-09-14,
7045,1636,en_progreso,2026-09-14,
7046,567,en_progreso,2026-09-14,
7047,373,en_progreso,2026-09-14,
7048,3528,en_progreso,2026-09-14,
7049,3245,pausado,2026-09-14,
7050,2443,en_progreso,2026-09-14,
7051,4081,en_progreso,2026-09-14,
7052,2267,en_progreso,2026-09-14,
7053,48,pausado,2026-09-14,
7054,470,en_progreso,2026-09-14,
7055,2200,en_progreso,2026-09-14,
7056,3149,pausado,2026-09-14,
7057,457,en_progreso,2026-09-14,
7058,14,en_progreso,2026-09-14,
7059,3588,pausado,2026-09-14,
7060,3981,en_progreso,2026-09-14,
7061,3739,en_progreso,2026-09-14,
7062,3448,pausado,2026-09-14,
7063,2495,en_progreso,2026-09-14,
7064,1532,en_progreso,2026-09-14,
7065,2210,en_progreso,2026-09-14,
7066,3779,en_progreso,2026-09-14,
7067,1328,en_progreso,2026-09-14,
7068,1487,en_progreso,2026-09-14,
7069,3407,en_progreso,2026-09-14,
7070,981,en_progreso,2026-09-14,
7071,3879,en_progreso,2026-09-14,
7072,3343,en_progreso,2026-09-14,
7073,3137,en_progreso,2026-09-14,
7074,2703,en_progreso,2026-09-14,
7075,1086,en_progreso,2026-09-14,
7076,3951,en_progreso,2026-09-14,
7077,2209,en_progreso,2026-09-14,
7078,2826,en_progreso,2026-09-14,
7079,4077,pausado,2026-09-14,
7080,1530,en_progreso,2026-09-14,
7081,496,en_progreso,2026-09-14,
7082,263,en_progreso,2026-09-14,
7083,943,pausado,2026-09-14,
7084,30,en_progreso,2026-09-14,
7085,938,en_progreso,2026-09-14,
7086,129,en_progreso,2026-09-14,
7087,291,en_progreso,2026-09-14,
7088,1989,en_progreso,2026-09-14,
7089,3832,en_progreso,2026-09-14,
7090,2361,en_progreso,2026-09-14,
7091,3308,en_progreso,2026-09-14,
7092,2700,en_progreso,2026-09-14,
7093,1913,en_progreso,2026-09-14,
7094,222,pausado,2026-09-14,
7095,4032,pausado,2026-09-14,
7096,249,en_progreso,2026-09-14,
7097,3530,en_progreso,2026-09-14,
7098,2197,en_progreso,2026-09-14,
7099,1141,en_progreso,2026-09-14,
7100,309,en_progreso,2026-09-14,
7101,3529,en_progreso,2026-09-14,
7102,402,en_progreso,2026-09-14,
7103,3425,en_progreso,2026-09-14,
7104,383,en_progreso,2026-09-14,
7105,3477,en_progreso,2026-09-14,
7106,1972,en_progreso,2026-09-14,
7107,241,en_progreso,2026-09-14,
7108,1600,en_progreso,2026-09-14,
7109,3212,en_progreso,2026-09-14,
7110,1169,en_progreso,2026-09-14,
7111,4078,en_progreso,2026-09-14,
7112,2712,pausado,2026-09-14,
7113,635,en_progreso,2026-09-14,
7114,240,pausado,2026-09-14,
7115,2221,en_progreso,2026-09-14,
7116,206,pausado,2026-09-14,
7117,2060,en_progreso,2026-09-14,
7118,2176,en_progreso,2026-09-14,
7119,3936,en_progreso,2026-09-14,
7120,281,pausado,2026-09-14,
7121,2766,en_progreso,2026-09-14,
7122,1654,en_progreso,2026-09-14,
7123,1009,pausado,2026-09-14,
7124,163,pausado,2026-09-14,
7125,1718,pausado,2026-09-14,
7126,2316,en_progreso,2026-09-14,
7127,837,pausado,2026-09-14,
7128,1287,en_progreso,2026-09-14,
7129,2752,pausado,2026-09-14,
7130,1873,en_progreso,2026-09-14,
7131,298,en_progreso,2026-09-14,
7132,2307,en_progreso,2026-09-14,
7133,301,en_progreso,2026-09-14,
7134,543,en_progreso,2026-09-14,
7135,3609,en_progreso,2026-09-14,
7136,1168,en_progreso,2026-09-14,
7137,3416,en_progreso,2026-09-14,
7138,4030,en_progreso,2026-09-14,
7139,2679,en_progreso,2026-09-14,
7140,2272,en_progreso,2026-09-14,
7141,2718,en_progreso,2026-09-14,
7142,3597,en_progreso,2026-09-14,
7143,439,pausado,2026-09-14,
7144,637,en_progreso,2026-09-14,
7145,2940,en_progreso,2026-09-14,
7146,3494,en_progreso,2026-09-14,
7147,3709,en_progreso,2026-09-14,
7148,209,en_progreso,2026-09-14,
7149,1134,en_progreso,2026-09-14,
7150,536,pausado,2026-09-14,
7151,1073,en_progreso,2026-09-14,
7152,1810,en_progreso,2026-09-14,
7153,1752,pausado,2026-09-14,
7154,459,en_progreso,2026-09-14,
7155,3703,en_progreso,2026-09-14,
7156,148,en_progreso,2026-09-14,
7157,2386,pausado,2026-09-14,
7158,1761,en_progreso,2026-09-14,
7159,1263,en_progreso,2026-09-14,
7160,3983,en_progreso,2026-09-14,
7161,3682,en_progreso,2026-09-14,
7162,2794,en_progreso,2026-09-14,
7163,422,en_progreso,2026-09-14,
7164,3583,en_progreso,2026-09-14,
7165,634,en_progreso,2026-09-14,
7166,970,en_progreso,2026-09-14,
7167,3999,en_progreso,2026-09-14,
7168,726,en_progreso,2026-09-14,
7169,102,en_progreso,2026-09-14,
7170,3205,en_progreso,2026-09-14,
7171,3286,pausado,2026-09-14,
7172,3011,en_progreso,2026-09-14,
7173,1093,en_progreso,2026-09-14,
7174,2873,en_progreso,2026-09-14,
7175,3573,en_progreso,2026-09-14,
7176,1928,en_progreso,2026-09-14,
7177,1886,en_progreso,2026-09-14,
7178,3569,en_progreso,2026-09-14,
7179,792,en_progreso,2026-09-14,
7180,285,en_progreso,2026-09-14,
7181,1144,en_progreso,2026-09-14,
7182,2784,en_progreso,2026-09-14,
7183,2197,en_progreso,2026-09-14,
7184,3593,en_progreso,2026-09-14,
7185,732,pausado,2026-09-14,
7186,4029,en_progreso,2026-09-14,
7187,1780,en_progreso,2026-09-14,
7188,1788,pausado,2026-09-14,
7189,2095,en_progreso,2026-09-14,
7190,779,en_progreso,2026-09-14,
7191,7,en_progreso,2026-09-14,
7192,2814,en_progreso,2026-09-14,
7193,3040,pausado,2026-09-14,
7194,808,en_progreso,2026-09-14,
7195,2721,en_progreso,2026-09-14,
7196,2553,en_progreso,2026-09-14,
7197,2949,en_progreso,2026-09-14,
7198,2078,en_progreso,2026-09-14,
7199,1673,en_progreso,2026-09-14,
7200,2271,en_progreso,2026-09-14,
7201,1723,pausado,2026-09-14,
7202,1553,pausado,2026-09-14,
7203,3698,en_progreso,2026-09-14,
7204,1664,en_progreso,2026-09-14,
7205,1176,en_progreso,2026-09-14,
7206,3219,pausado,2026-09-14,
7207,2682,en_progreso,2026-09-14,
7208,2768,en_progreso,2026-09-14,
7209,3692,en_progreso,2026-09-14,
7210,3015,en_progreso,2026-09-14,
7211,2112,pausado,2026-09-14,
7212,2537,en_progreso,2026-09-14,
7213,3077,en_progreso,2026-09-14,
7214,3304,en_progreso,2026-09-14,
7215,1003,en_progreso,2026-09-14,
7216,2504,en_progreso,2026-09-14,
7217,299,en_progreso,2026-09-14,
7218,2358,en_progreso,2026-09-14,
7219,2025,en_progreso,2026-09-14,
7220,2817,en_progreso,2026-09-14,
7221,3155,en_progreso,2026-09-14,
7222,3189,en_progreso,2026-09-14,
7223,3924,pausado,2026-09-14,
7224,1903,en_progreso,2026-09-14,
7225,3475,en_progreso,2026-09-14,
7226,1904,en_progreso,2026-09-14,
7227,4047,en_progreso,2026-09-14,
7228,1300,en_progreso,2026-09-14,
7229,3652,en_progreso,2026-09-14,
7230,3339,pausado,2026-09-14,
7231,2068,en_progreso,2026-09-14,
7232,1827,en_progreso,2026-09-14,
7233,3047,en_progreso,2026-09-14,
7234,1844,en_progreso,2026-09-14,
7235,2612,en_progreso,2026-09-14,
7236,1985,pausado,2026-09-14,
7237,1125,en_progreso,2026-09-14,
7238,961,en_progreso,2026-09-14,
7239,2213,en_progreso,2026-09-14,
7240,1569,en_progreso,2026-09-14,
7241,2894,en_progreso,2026-09-14,
7242,1356,en_progreso,2026-09-14,
7243,848,en_progreso,2026-09-14,
7244,1596,en_progreso,2026-09-14,
7245,2393,en_progreso,2026-09-14,
7246,81,en_progreso,2026-09-14,
7247,3136,pausado,2026-09-14,
7248,1954,en_progreso,2026-09-14,
7249,3087,en_progreso,2026-09-14,
7250,3424,en_progreso,2026-09-14,
7251,2237,en_progreso,2026-09-14,
7252,3678,en_progreso,2026-09-14,
7253,1786,en_progreso,2026-09-14,
7254,2740,pausado,2026-09-14,
7255,1657,pausado,2026-09-14,
7256,3443,en_progreso,2026-09-14,
7257,2549,en_progreso,2026-09-14,
7258,2425,en_progreso,2026-09-14,
7259,112,en_progreso,2026-09-14,
7260,3551,en_progreso,2026-09-14,
7261,1553,en_progreso,2026-09-14,
7262,1383,en_progreso,2026-09-14,
7263,1553,en_progreso,2026-09-14,
7264,1727,en_progreso,2026-09-14,
7265,80,pausado,2026-09-14,
7266,214,en_progreso,2026-09-14,
7267,1434,en_progreso,2026-09-14,
7268,3922,pausado,2026-09-14,
7269,3090,en_progreso,2026-09-14,
7270,1013,en_progreso,2026-09-14,
7271,84,pausado,2026-09-14,
7272,978,en_progreso,2026-09-14,
7273,2311,en_progreso,2026-09-14,
7274,1905,pausado,2026-09-14,
7275,3142,en_progreso,2026-09-14,
7276,3948,pausado,2026-09-14,
7277,470,en_progreso,2026-09-14,
7278,671,en_progreso,2026-09-14,
7279,443,pausado,2026-09-14,
7280,3805,en_progreso,2026-09-14,
7281,3925,en_progreso,2026-09-14,
7282,813,en_progreso,2026-09-14,
7283,2570,en_progreso,2026-09-14,
7284,1236,en_progreso,2026-09-14,
7285,2460,en_progreso,2026-09-14,
7286,3262,en_progreso,2026-09-14,
7287,3206,en_progreso,2026-09-14,
7288,2710,en_progreso,2026-09-14,
7289,1398,en_progreso,2026-09-14,
7290,2008,en_progreso,2026-09-14,
7291,2604,en_progreso,2026-09-14,
7292,1884,pausado,2026-09-14,
7293,1784,en_progreso,2026-09-14,
7294,2665,en_progreso,2026-09-14,
7295,2205,en_progreso,2026-09-14,
7296,1905,en_progreso,2026-09-14,
7297,1100,en_progreso,2026-09-14,
7298,3829,en_progreso,2026-09-14,
7299,999,en_progreso,2026-09-14,
7300,2335,pausado,2026-09-14,
7301,1553,en_progreso,2026-09-14,
7302,1332,en_progreso,2026-09-14,
7303,869,en_progreso,2026-09-14,
7304,1146,en_progreso,2026-09-14,
7305,2873,en_progreso,2026-09-14,
7306,2277,en_progreso,2026-09-14,
7307,351,en_progreso,2026-09-14,
7308,2275,en_progreso,2026-09-14,
7309,2829,en_progreso,2026-09-14,
7310,1836,en_progreso,2026-09-14,
7311,382,en_progreso,2026-09-14,
7312,997,en_progreso,2026-09-14,
7313,1939,en_progreso,2026-09-14,
7314,1409,en_progreso,2026-09-14,
7315,1355,en_progreso,2026-09-14,
7316,1256,en_progreso,2026-09-14,
7317,789,en_progreso,2026-09-14,
7318,3895,en_progreso,2026-09-14,
7319,759,en_progreso,2026-09-14,
7320,1133,pausado,2026-09-14,
7321,4001,en_progreso,2026-09-14,
7322,2445,en_progreso,2026-09-14,
7323,796,en_progreso,2026-09-14,
7324,1239,en_progreso,2026-09-14,
7325,1124,en_progreso,2026-09-14,
7326,1197,pausado,2026-09-14,
7327,518,pausado,2026-09-14,
7328,3084,en_progreso,2026-09-14,
7329,2352,en_progreso,2026-09-14,
7330,1396,en_progreso,2026-09-14,
7331,3855,en_progreso,2026-09-14,
7332,468,en_progreso,2026-09-14,
7333,1642,en_progreso,2026-09-14,
7334,2812,en_progreso,2026-09-14,
7335,2306,en_progreso,2026-09-14,
7336,349,en_progreso,2026-09-14,
7337,486,pausado,2026-09-14,
7338,1705,pausado,2026-09-14,
7339,3239,pausado,2026-09-14,
7340,3178,en_progreso,2026-09-14,
7341,1846,en_progreso,2026-09-14,
7342,1218,en_progreso,2026-09-14,
7343,4056,en_progreso,2026-09-14,
7344,247,pausado,2026-09-14,
7345,3032,en_progreso,2026-09-14,
7346,2563,en_progreso,2026-09-14,
7347,644,en_progreso,2026-09-14,
7348,642,en_progreso,2026-09-14,
7349,2433,en_progreso,2026-09-14,
7350,1181,pausado,2026-09-14,
7351,2880,en_progreso,2026-09-14,
7352,292,pausado,2026-09-14,
7353,3785,en_progreso,2026-09-14,
7354,2416,pausado,2026-09-14,
7355,3825,en_progreso,2026-09-14,
7356,471,en_progreso,2026-09-14,
7357,2653,en_progreso,2026-09-14,
7358,583,en_progreso,2026-09-14,
7359,1260,pausado,2026-09-14,
7360,3377,pausado,2026-09-14,
7361,1183,en_progreso,2026-09-14,
7362,1246,pausado,2026-09-14,
7363,3862,en_progreso,2026-09-14,
7364,1794,en_progreso,2026-09-14,
7365,164,en_progreso,2026-09-14,
7366,3009,en_progreso,2026-09-14,
7367,375,en_progreso,2026-09-14,
7368,3525,pausado,2026-09-14,
7369,3895,en_progreso,2026-09-14,
7370,3133,pausado,2026-09-14,
7371,1104,pausado,2026-09-14,
7372,3126,en_progreso,2026-09-14,
7373,1928,en_progreso,2026-09-14,
7374,1140,en_progreso,2026-09-14,
7375,2398,en_progreso,2026-09-14,
7376,3970,en_progreso,2026-09-14,
7377,1366,en_progreso,2026-09-14,
7378,659,en_progreso,2026-09-14,
7379,1181,pausado,2026-09-14,
7380,1641,en_progreso,2026-09-14,
7381,2254,en_progreso,2026-09-14,
7382,1034,en_progreso,2026-09-14,
7383,1656,en_progreso,2026-09-14,
7384,3379,en_progreso,2026-09-14,
7385,2694,en_progreso,2026-09-14,
7386,1893,en_progreso,2026-09-14,
7387,1482,pausado,2026-09-14,
7388,2042,en_progreso,2026-09-14,
7389,3113,en_progreso,2026-09-14,
7390,537,en_progreso,2026-09-14,
7391,1795,en_progreso,2026-09-14,
7392,1986,en_progreso,2026-09-14,
7393,2494,en_progreso,2026-09-14,
7394,2908,en_progreso,2026-09-14,
7395,2263,en_progreso,2026-09-14,
7396,3447,en_progreso,2026-09-14,
7397,1891,en_progreso,2026-09-14,
7398,2654,en_progreso,2026-09-14,
7399,2042,en_progreso,2026-09-14,
7400,1196,en_progreso,2026-09-14,
7401,3420,en_progreso,2026-09-14,
7402,1871,pausado,2026-09-14,
7403,1572,en_progreso,2026-09-14,
7404,3057,en_progreso,2026-09-14,
7405,3540,en_progreso,2026-09-14,
7406,3165,en_progreso,2026-09-14,
7407,1700,en_progreso,2026-09-14,
7408,1095,en_progreso,2026-09-14,
7409,1159,pausado,2026-09-14,
7410,3431,pausado,2026-09-14,
7411,4092,pausado,2026-09-14,
7412,3545,en_progreso,2026-09-14,
7413,1414,en_progreso,2026-09-14,
7414,1546,en_progreso,2026-09-14,
7415,773,en_progreso,2026-09-14,
7416,979,pausado,2026-09-14,
7417,957,completado,2026-09-14,Modulo finalizado por el estudiante
7418,1683,en_progreso,2026-09-14,
7419,2889,en_progreso,2026-09-14,
7420,1562,en_progreso,2026-09-14,
7421,3362,pausado,2026-09-14,
7422,624,en_progreso,2026-09-14,
7423,2058,abandonado,2026-09-14,Sin actividad posterior registrada
7424,1360,en_progreso,2026-09-14,
7425,3581,en_progreso,2026-09-14,
7426,409,en_progreso,2026-09-14,
7427,2960,en_progreso,2026-09-14,
7428,3973,en_progreso,2026-09-14,
7429,3970,en_progreso,2026-09-14,
7430,1629,pausado,2026-09-14,
7431,3489,en_progreso,2026-09-14,
7432,2186,en_progreso,2026-09-14,
7433,2944,en_progreso,2026-09-14,
7434,1999,en_progreso,2026-09-14,
7435,148,en_progreso,2026-09-14,
7436,962,en_progreso,2026-09-14,
7437,3773,en_progreso,2026-09-14,
7438,371,en_progreso,2026-09-14,
7439,2596,pausado,2026-09-14,
7440,412,en_progreso,2026-09-14,
7441,2843,en_progreso,2026-09-14,
7442,119,en_progreso,2026-09-14,
7443,1202,en_progreso,2026-09-14,
7444,1001,en_progreso,2026-09-14,
7445,3247,en_progreso,2026-09-14,
7446,2497,en_progreso,2026-09-14,
7447,2539,pausado,2026-09-14,
7448,2039,en_progreso,2026-09-14,
7449,587,en_progreso,2026-09-14,
7450,1883,en_progreso,2026-09-14,
7451,39,completado,2026-09-14,Modulo finalizado por el estudiante
7452,1906,iniciado,2026-09-14,
7453,3692,en_progreso,2026-09-14,
7454,2239,en_progreso,2026-09-14,
7455,1416,en_progreso,2026-09-14,
7456,1226,pausado,2026-09-14,
7457,1738,pausado,2026-09-14,
7458,1872,en_progreso,2026-09-14,
7459,816,en_progreso,2026-09-14,
7460,3496,en_progreso,2026-09-14,
7461,2343,en_progreso,2026-09-14,
7462,2865,en_progreso,2026-09-14,
7463,2697,en_progreso,2026-09-14,
7464,3544,pausado,2026-09-14,
7465,3051,en_progreso,2026-09-14,
7466,3730,pausado,2026-09-14,
7467,2035,en_progreso,2026-09-14,
7468,3699,en_progreso,2026-09-14,
7469,2487,en_progreso,2026-09-14,
7470,898,pausado,2026-09-14,
7471,2544,en_progreso,2026-09-14,
7472,3144,en_progreso,2026-09-14,
7473,3434,en_progreso,2026-09-14,
7474,2571,pausado,2026-09-14,
7475,1266,en_progreso,2026-09-14,
7476,137,pausado,2026-09-14,
7477,3000,en_progreso,2026-09-14,
7478,1339,pausado,2026-09-14,
7479,720,en_progreso,2026-09-14,
7480,3590,en_progreso,2026-09-14,
7481,2175,en_progreso,2026-09-14,
7482,674,en_progreso,2026-09-14,
7483,1974,en_progreso,2026-09-14,
7484,1209,pausado,2026-09-14,
7485,1388,en_progreso,2026-09-14,
7486,1919,en_progreso,2026-09-14,
7487,577,en_progreso,2026-09-14,
7488,925,en_progreso,2026-09-14,
7489,2967,pausado,2026-09-14,
7490,1628,en_progreso,2026-09-14,
7491,3296,pausado,2026-09-14,
7492,370,en_progreso,2026-09-14,
7493,58,en_progreso,2026-09-14,
7494,1510,pausado,2026-09-14,
7495,2754,en_progreso,2026-09-14,
7496,2616,en_progreso,2026-09-14,
7497,444,pausado,2026-09-14,
7498,1932,en_progreso,2026-09-14,
7499,3622,en_progreso,2026-09-14,
7500,1344,en_progreso,2026-09-14,
7501,907,pausado,2026-09-14,
7502,2603,en_progreso,2026-09-14,
7503,3725,pausado,2026-09-14,
7504,2660,en_progreso,2026-09-14,
7505,3876,en_progreso,2026-09-14,
7506,476,en_progreso,2026-09-14,
7507,556,en_progreso,2026-09-14,
7508,1520,pausado,2026-09-14,
7509,3044,pausado,2026-09-14,
7510,2213,en_progreso,2026-09-14,
7511,633,en_progreso,2026-09-14,
7512,2683,en_progreso,2026-09-14,
7513,1672,en_progreso,2026-09-14,
7514,1146,en_progreso,2026-09-14,
7515,1518,en_progreso,2026-09-14,
7516,968,en_progreso,2026-09-14,
7517,407,en_progreso,2026-09-14,
7518,1505,en_progreso,2026-09-14,
7519,4006,en_progreso,2026-09-14,
7520,249,en_progreso,2026-09-14,
7521,501,en_progreso,2026-09-14,
7522,3376,en_progreso,2026-09-14,
7523,2629,pausado,2026-09-14,
7524,3978,en_progreso,2026-09-14,
7525,998,en_progreso,2026-09-14,
7526,3224,pausado,2026-09-14,
7527,282,en_progreso,2026-09-14,
7528,2271,en_progreso,2026-09-14,
7529,885,en_progreso,2026-09-14,
7530,955,en_progreso,2026-09-14,
7531,3689,pausado,2026-09-14,
7532,1136,en_progreso,2026-09-14,
7533,593,en_progreso,2026-09-14,
7534,2213,en_progreso,2026-09-14,
7535,2708,en_progreso,2026-09-14,
7536,540,en_progreso,2026-09-14,
7537,975,pausado,2026-09-14,
7538,65,en_progreso,2026-09-14,
7539,3039,en_progreso,2026-09-14,
7540,261,en_progreso,2026-09-14,
7541,2103,pausado,2026-09-14,
7542,1852,en_progreso,2026-09-14,
7543,178,pausado,2026-09-14,
7544,3723,en_progreso,2026-09-14,
7545,2136,en_progreso,2026-09-14,
7546,128,en_progreso,2026-09-14,
7547,1646,en_progreso,2026-09-14,
7548,2918,en_progreso,2026-09-14,
7549,302,en_progreso,2026-09-14,
7550,1320,pausado,2026-09-14,
7551,270,en_progreso,2026-09-14,
7552,2398,en_progreso,2026-09-14,
7553,4074,pausado,2026-09-14,
7554,1208,en_progreso,2026-09-14,
7555,407,en_progreso,2026-09-14,
7556,469,en_progreso,2026-09-14,
7557,2667,en_progreso,2026-09-14,
7558,2259,pausado,2026-09-14,
7559,881,en_progreso,2026-09-14,
7560,1695,en_progreso,2026-09-14,
7561,1704,pausado,2026-09-14,
7562,1281,en_progreso,2026-09-14,
7563,2725,en_progreso,2026-09-14,
7564,2814,en_progreso,2026-09-14,
7565,275,en_progreso,2026-09-14,
7566,1769,en_progreso,2026-09-14,
7567,3326,en_progreso,2026-09-14,
7568,3919,pausado,2026-09-14,
7569,1351,pausado,2026-09-14,
7570,1683,en_progreso,2026-09-14,
7571,3074,en_progreso,2026-09-14,
7572,211,en_progreso,2026-09-14,
7573,2460,en_progreso,2026-09-14,
7574,425,en_progreso,2026-09-14,
7575,872,en_progreso,2026-09-14,
7576,3471,en_progreso,2026-09-14,
7577,1506,en_progreso,2026-09-14,
7578,927,en_progreso,2026-09-14,
7579,3462,pausado,2026-09-14,
7580,3144,en_progreso,2026-09-14,
7581,2514,pausado,2026-09-14,
7582,2281,en_progreso,2026-09-14,
7583,3398,pausado,2026-09-14,
7584,119,en_progreso,2026-09-14,
7585,1266,en_progreso,2026-09-14,
7586,1438,en_progreso,2026-09-14,
7587,2320,pausado,2026-09-14,
7588,286,en_progreso,2026-09-14,
7589,126,en_progreso,2026-09-14,
7590,1541,en_progreso,2026-09-14,
7591,1516,en_progreso,2026-09-14,
7592,3857,en_progreso,2026-09-14,
7593,348,en_progreso,2026-09-14,
7594,638,en_progreso,2026-09-14,
7595,2761,en_progreso,2026-09-14,
7596,1737,en_progreso,2026-09-14,
7597,1119,en_progreso,2026-09-14,
7598,1414,en_progreso,2026-09-14,
7599,2780,pausado,2026-09-14,
7600,2159,pausado,2026-09-14,
7601,187,en_progreso,2026-09-14,
7602,225,en_progreso,2026-09-14,
7603,866,en_progreso,2026-09-14,
7604,3131,en_progreso,2026-09-14,
7605,32,en_progreso,2026-09-14,
7606,530,en_progreso,2026-09-14,
7607,2050,pausado,2026-09-14,
7608,2737,en_progreso,2026-09-14,
7609,296,en_progreso,2026-09-14,
7610,1787,en_progreso,2026-09-14,
7611,3532,en_progreso,2026-09-14,
7612,1759,pausado,2026-09-14,
7613,2907,en_progreso,2026-09-14,
7614,1186,en_progreso,2026-09-14,
7615,86,en_progreso,2026-09-14,
7616,704,en_progreso,2026-09-14,
7617,2532,en_progreso,2026-09-14,
7618,1483,en_progreso,2026-09-14,
7619,997,en_progreso,2026-09-14,
7620,323,en_progreso,2026-09-14,
7621,1391,en_progreso,2026-09-14,
7622,313,en_progreso,2026-09-14,
7623,2089,en_progreso,2026-09-14,
7624,1439,pausado,2026-09-14,
7625,3355,pausado,2026-09-14,
7626,605,en_progreso,2026-09-14,
7627,809,en_progreso,2026-09-14,
7628,3110,pausado,2026-09-14,
7629,726,en_progreso,2026-09-14,
7630,2573,en_progreso,2026-09-14,
7631,3113,pausado,2026-09-14,
7632,2790,en_progreso,2026-09-14,
7633,2313,pausado,2026-09-14,
7634,4041,pausado,2026-09-14,
7635,3540,en_progreso,2026-09-14,
7636,1295,en_progreso,2026-09-14,
7637,1812,pausado,2026-09-14,
7638,3262,en_progreso,2026-09-14,
7639,231,en_progreso,2026-09-14,
7640,1892,en_progreso,2026-09-14,
7641,234,en_progreso,2026-09-14,
7642,2641,en_progreso,2026-09-14,
7643,3504,en_progreso,2026-09-14,
7644,1575,en_progreso,2026-09-14,
7645,3244,pausado,2026-09-14,
7646,169,en_progreso,2026-09-14,
7647,3318,pausado,2026-09-14,
7648,772,en_progreso,2026-09-14,
7649,618,en_progreso,2026-09-14,
7650,1846,en_progreso,2026-09-14,
7651,3683,en_progreso,2026-09-14,
7652,4024,pausado,2026-09-14,
7653,2067,pausado,2026-09-14,
7654,161,en_progreso,2026-09-14,
7655,1800,en_progreso,2026-09-14,
7656,1491,en_progreso,2026-09-14,
7657,1675,en_progreso,2026-09-14,
7658,2781,pausado,2026-09-14,
7659,3233,pausado,2026-09-14,
7660,1371,en_progreso,2026-09-14,
7661,2779,en_progreso,2026-09-14,
7662,3489,pausado,2026-09-14,
7663,3713,pausado,2026-09-14,
7664,616,en_progreso,2026-09-14,
7665,580,en_progreso,2026-09-14,
7666,1271,en_progreso,2026-09-14,
7667,2861,pausado,2026-09-14,
7668,529,pausado,2026-09-14,
7669,3843,en_progreso,2026-09-14,
7670,2636,en_progreso,2026-09-14,
7671,3331,en_progreso,2026-09-14,
7672,2879,en_progreso,2026-09-14,
7673,3027,en_progreso,2026-09-14,
7674,3738,en_progreso,2026-09-14,
7675,1735,en_progreso,2026-09-14,
7676,75,en_progreso,2026-09-14,
7677,878,en_progreso,2026-09-14,
7678,787,en_progreso,2026-09-14,
7679,317,en_progreso,2026-09-14,
7680,2080,en_progreso,2026-09-14,
7681,3421,pausado,2026-09-14,
7682,2157,en_progreso,2026-09-14,
7683,3139,pausado,2026-09-14,
7684,2447,en_progreso,2026-09-14,
7685,3406,pausado,2026-09-14,
7686,2559,en_progreso,2026-09-14,
7687,679,pausado,2026-09-14,
7688,179,en_progreso,2026-09-14,
7689,973,en_progreso,2026-09-14,
7690,2501,en_progreso,2026-09-14,
7691,1839,en_progreso,2026-09-14,
7692,3956,en_progreso,2026-09-14,
7693,1922,en_progreso,2026-09-14,
7694,795,en_progreso,2026-09-14,
7695,4033,en_progreso,2026-09-14,
7696,3188,en_progreso,2026-09-14,
7697,3958,en_progreso,2026-09-14,
7698,2477,en_progreso,2026-09-14,
7699,2627,en_progreso,2026-09-14,
7700,3827,en_progreso,2026-09-14,
7701,3487,en_progreso,2026-09-14,
7702,657,en_progreso,2026-09-14,
7703,604,en_progreso,2026-09-14,
7704,376,en_progreso,2026-09-14,
7705,910,en_progreso,2026-09-14,
7706,3624,en_progreso,2026-09-14,
7707,110,en_progreso,2026-09-14,
7708,1532,en_progreso,2026-09-14,
7709,4074,en_progreso,2026-09-14,
7710,1306,en_progreso,2026-09-14,
7711,3438,pausado,2026-09-14,
7712,1374,en_progreso,2026-09-14,
7713,564,en_progreso,2026-09-14,
7714,1936,pausado,2026-09-14,
7715,569,en_progreso,2026-09-14,
7716,1922,en_progreso,2026-09-14,
7717,22,en_progreso,2026-09-14,
7718,78,en_progreso,2026-09-14,
7719,2248,en_progreso,2026-09-14,
7720,2494,en_progreso,2026-09-14,
7721,456,completado,2026-09-14,Modulo finalizado por el estudiante
7722,974,en_progreso,2026-09-14,
7723,1720,pausado,2026-09-14,
7724,2552,en_progreso,2026-09-14,
7725,3708,en_progreso,2026-09-14,
7726,2589,en_progreso,2026-09-14,
7727,589,en_progreso,2026-09-14,
7728,1446,en_progreso,2026-09-14,
7729,2722,pausado,2026-09-14,
7730,2145,abandonado,2026-09-14,Sin actividad posterior registrada
7731,278,abandonado,2026-09-14,Sin actividad posterior registrada
7732,2229,iniciado,2026-09-14,
7733,2079,en_progreso,2026-09-14,
7734,2080,en_progreso,2026-09-14,
7735,1600,en_progreso,2026-09-14,
7736,179,pausado,2026-09-14,
7737,4019,en_progreso,2026-09-14,
7738,1463,en_progreso,2026-09-14,
7739,1413,en_progreso,2026-09-14,
7740,425,en_progreso,2026-09-14,
7741,3012,en_progreso,2026-09-14,
7742,547,en_progreso,2026-09-14,
7743,3333,pausado,2026-09-14,
7744,3402,en_progreso,2026-09-14,
7745,1904,en_progreso,2026-09-14,
7746,1961,pausado,2026-09-14,
7747,3324,en_progreso,2026-09-14,
7748,3866,en_progreso,2026-09-14,
7749,180,en_progreso,2026-09-14,
7750,3629,en_progreso,2026-09-14,
7751,2112,en_progreso,2026-09-14,
7752,1940,en_progreso,2026-09-14,
7753,783,en_progreso,2026-09-14,
7754,196,en_progreso,2026-09-14,
7755,1360,en_progreso,2026-09-14,
7756,3275,en_progreso,2026-09-14,
7757,3045,en_progreso,2026-09-14,
7758,1389,en_progreso,2026-09-14,
7759,2033,pausado,2026-09-14,
7760,1505,en_progreso,2026-09-14,
7761,2127,en_progreso,2026-09-14,
7762,1739,en_progreso,2026-09-14,
7763,3369,en_progreso,2026-09-14,
7764,421,en_progreso,2026-09-14,
7765,1256,en_progreso,2026-09-14,
7766,683,pausado,2026-09-14,
7767,1440,en_progreso,2026-09-14,
7768,3734,en_progreso,2026-09-14,
7769,1125,pausado,2026-09-14,
7770,3242,en_progreso,2026-09-14,
7771,308,pausado,2026-09-14,
7772,1664,en_progreso,2026-09-14,
7773,2783,en_progreso,2026-09-14,
7774,3477,pausado,2026-09-14,
7775,3201,en_progreso,2026-09-14,
7776,967,en_progreso,2026-09-14,
7777,1501,en_progreso,2026-09-14,
7778,133,pausado,2026-09-14,
7779,2782,en_progreso,2026-09-14,
7780,1520,en_progreso,2026-09-14,
7781,2351,en_progreso,2026-09-14,
7782,1288,pausado,2026-09-14,
7783,1023,en_progreso,2026-09-14,
7784,107,pausado,2026-09-14,
7785,2045,en_progreso,2026-09-14,
7786,483,en_progreso,2026-09-14,
7787,1828,en_progreso,2026-09-14,
7788,2843,en_progreso,2026-09-14,
7789,2012,en_progreso,2026-09-14,
7790,304,en_progreso,2026-09-14,
7791,1824,en_progreso,2026-09-14,
7792,3320,pausado,2026-09-14,
7793,3464,en_progreso,2026-09-14,
7794,2736,en_progreso,2026-09-14,
7795,2221,en_progreso,2026-09-14,
7796,646,pausado,2026-09-14,
7797,3799,pausado,2026-09-14,
7798,714,en_progreso,2026-09-14,
7799,2084,en_progreso,2026-09-14,
7800,3245,en_progreso,2026-09-14,
7801,108,en_progreso,2026-09-14,
7802,1915,en_progreso,2026-09-14,
7803,2260,en_progreso,2026-09-14,
7804,270,en_progreso,2026-09-14,
7805,2945,en_progreso,2026-09-14,
7806,1678,en_progreso,2026-09-14,
7807,303,en_progreso,2026-09-14,
7808,304,en_progreso,2026-09-14,
7809,1412,en_progreso,2026-09-14,
7810,2259,pausado,2026-09-14,
7811,746,en_progreso,2026-09-14,
7812,529,en_progreso,2026-09-14,
7813,227,en_progreso,2026-09-14,
7814,2123,en_progreso,2026-09-14,
7815,1322,en_progreso,2026-09-14,
7816,924,en_progreso,2026-09-14,
7817,3666,en_progreso,2026-09-14,
7818,805,pausado,2026-09-14,
7819,2257,en_progreso,2026-09-14,
7820,2517,en_progreso,2026-09-14,
7821,691,pausado,2026-09-14,
7822,2379,iniciado,2026-09-14,
7823,632,en_progreso,2026-09-14,
7824,3695,pausado,2026-09-14,
7825,3452,en_progreso,2026-09-14,
7826,169,en_progreso,2026-09-14,
7827,117,en_progreso,2026-09-14,
7828,3159,pausado,2026-09-14,
7829,2668,en_progreso,2026-09-14,
7830,2532,pausado,2026-09-14,
7831,2040,en_progreso,2026-09-14,
7832,2235,en_progreso,2026-09-14,
7833,1979,en_progreso,2026-09-14,
7834,1664,en_progreso,2026-09-14,
7835,246,en_progreso,2026-09-14,
7836,1903,en_progreso,2026-09-14,
7837,1281,en_progreso,2026-09-14,
7838,1308,pausado,2026-09-14,
7839,3526,en_progreso,2026-09-14,
7840,3116,en_progreso,2026-09-14,
7841,1308,en_progreso,2026-09-14,
7842,1842,en_progreso,2026-09-14,
7843,1189,en_progreso,2026-09-14,
7844,3540,en_progreso,2026-09-14,
7845,1017,en_progreso,2026-09-14,
7846,3696,en_progreso,2026-09-14,
7847,2367,pausado,2026-09-14,
7848,778,en_progreso,2026-09-14,
7849,2041,en_progreso,2026-09-14,
7850,1913,en_progreso,2026-09-14,
7851,1264,en_progreso,2026-09-14,
7852,1611,en_progreso,2026-09-14,
7853,882,en_progreso,2026-09-14,
7854,200,en_progreso,2026-09-14,
7855,3615,en_progreso,2026-09-14,
7856,2755,en_progreso,2026-09-14,
7857,3471,en_progreso,2026-09-14,
7858,1084,en_progreso,2026-09-14,
7859,3129,en_progreso,2026-09-14,
7860,210,pausado,2026-09-14,
7861,798,en_progreso,2026-09-14,
7862,1583,en_progreso,2026-09-14,
7863,1146,en_progreso,2026-09-14,
7864,2553,pausado,2026-09-14,
7865,487,en_progreso,2026-09-14,
7866,1529,en_progreso,2026-09-14,
7867,1389,en_progreso,2026-09-14,
7868,1498,en_progreso,2026-09-14,
7869,816,en_progreso,2026-09-14,
7870,1645,en_progreso,2026-09-14,
7871,562,pausado,2026-09-14,
7872,3294,en_progreso,2026-09-14,
7873,2484,en_progreso,2026-09-14,
7874,573,en_progreso,2026-09-14,
7875,666,en_progreso,2026-09-14,
7876,3452,en_progreso,2026-09-14,
7877,1378,en_progreso,2026-09-14,
7878,2007,pausado,2026-09-14,
7879,1228,en_progreso,2026-09-14,
7880,1357,pausado,2026-09-14,
7881,4014,en_progreso,2026-09-14,
7882,3682,en_progreso,2026-09-14,
7883,2819,pausado,2026-09-14,
7884,2445,en_progreso,2026-09-14,
7885,3207,en_progreso,2026-09-14,
7886,2370,pausado,2026-09-14,
7887,2955,en_progreso,2026-09-14,
7888,2148,pausado,2026-09-14,
7889,2539,completado,2026-09-14,Modulo finalizado por el estudiante
7890,1558,en_progreso,2026-09-14,
7891,130,pausado,2026-09-14,
7892,2870,en_progreso,2026-09-14,
7893,1285,en_progreso,2026-09-14,
7894,836,iniciado,2026-09-14,
7895,1681,en_progreso,2026-09-14,
7896,1932,en_progreso,2026-09-14,
7897,3014,pausado,2026-09-14,
7898,2891,en_progreso,2026-09-14,
7899,1332,en_progreso,2026-09-14,
7900,1960,en_progreso,2026-09-14,
7901,710,en_progreso,2026-09-14,
7902,2238,en_progreso,2026-09-14,
7903,2953,en_progreso,2026-09-14,
7904,3292,pausado,2026-09-14,
7905,2499,en_progreso,2026-09-14,
7906,1143,en_progreso,2026-09-14,
7907,922,en_progreso,2026-09-14,
7908,4024,en_progreso,2026-09-14,
7909,850,pausado,2026-09-14,
7910,2003,en_progreso,2026-09-14,
7911,3825,en_progreso,2026-09-14,
7912,2956,en_progreso,2026-09-14,
7913,2772,en_progreso,2026-09-14,
7914,1617,en_progreso,2026-09-14,
7915,3911,en_progreso,2026-09-14,
7916,600,en_progreso,2026-09-14,
7917,2926,en_progreso,2026-09-14,
7918,2687,en_progreso,2026-09-14,
7919,828,iniciado,2026-09-14,
7920,3392,iniciado,2026-09-14,
7921,2207,en_progreso,2026-09-14,
7922,1113,en_progreso,2026-09-14,
7923,2404,en_progreso,2026-09-14,
7924,3708,en_progreso,2026-09-14,
7925,216,en_progreso,2026-09-14,
7926,1935,en_progreso,2026-09-14,
7927,22,en_progreso,2026-09-14,
7928,4006,en_progreso,2026-09-14,
7929,1667,iniciado,2026-09-14,
7930,2675,iniciado,2026-09-14,
7931,3830,iniciado,2026-09-14,
7932,3608,en_progreso,2026-09-14,
7933,1956,pausado,2026-09-14,
7934,3097,en_progreso,2026-09-14,
7935,1316,en_progreso,2026-09-14,
7936,3149,en_progreso,2026-09-14,
7937,2192,pausado,2026-09-14,
7938,3483,en_progreso,2026-09-14,
7939,3741,en_progreso,2026-09-14,
7940,1712,en_progreso,2026-09-14,
7941,721,en_progreso,2026-09-14,
7942,149,abandonado,2026-09-14,Sin actividad posterior registrada
7943,1627,completado,2026-09-14,Modulo finalizado por el estudiante
7944,764,completado,2026-09-14,Modulo finalizado por el estudiante
7945,3941,completado,2026-09-14,Modulo finalizado por el estudiante
7946,1186,en_progreso,2026-09-14,
7947,38,en_progreso,2026-09-14,
7948,3803,abandonado,2026-09-14,Sin actividad posterior registrada
7949,1166,en_progreso,2026-09-14,
7950,2148,en_progreso,2026-09-14,
7951,3486,en_progreso,2026-09-14,
7952,3313,en_progreso,2026-09-14,
7953,666,pausado,2026-09-14,
7954,2656,en_progreso,2026-09-14,
7955,3018,en_progreso,2026-09-14,
7956,2763,en_progreso,2026-09-14,
7957,719,pausado,2026-09-14,
7958,2617,iniciado,2026-09-14,
7959,3675,en_progreso,2026-09-14,
7960,1344,en_progreso,2026-09-14,
7961,2742,en_progreso,2026-09-14,
7962,1956,en_progreso,2026-09-14,
7963,1069,en_progreso,2026-09-14,
7964,1094,en_progreso,2026-09-14,
7965,1237,pausado,2026-09-14,
7966,2347,iniciado,2026-09-14,
7967,47,en_progreso,2026-09-14,
7968,968,en_progreso,2026-09-14,
7969,485,iniciado,2026-09-14,
7970,1907,en_progreso,2026-09-14,
7971,2059,completado,2026-09-14,Modulo finalizado por el estudiante
7972,3637,pausado,2026-09-14,
7973,1274,iniciado,2026-09-14,
7974,2828,en_progreso,2026-09-14,
7975,1209,en_progreso,2026-09-14,
7976,3922,en_progreso,2026-09-14,
7977,3063,abandonado,2026-09-14,Sin actividad posterior registrada
7978,1531,iniciado,2026-09-14,
7979,1704,pausado,2026-09-14,
7980,3739,en_progreso,2026-09-14,
7981,2721,en_progreso,2026-09-14,
7982,3121,en_progreso,2026-09-14,
7983,3577,en_progreso,2026-09-14,
7984,2153,en_progreso,2026-09-14,
7985,320,completado,2026-09-14,Modulo finalizado por el estudiante
7986,460,iniciado,2026-09-14,
7987,253,completado,2026-09-14,Modulo finalizado por el estudiante
7988,3699,en_progreso,2026-09-14,
7989,614,iniciado,2026-09-14,
7990,674,en_progreso,2026-09-14,
7991,477,iniciado,2026-09-14,
7992,2787,en_progreso,2026-09-14,
7993,373,en_progreso,2026-09-14,
7994,1825,iniciado,2026-09-14,
7995,3313,en_progreso,2026-09-14,
7996,541,iniciado,2026-09-14,
7997,2103,en_progreso,2026-09-14,
7998,2289,iniciado,2026-09-14,
7999,1894,pausado,2026-09-14,
8000,1263,pausado,2026-09-14,
8001,2620,en_progreso,2026-09-15,
8002,1004,en_progreso,2026-09-15,
8003,3017,en_progreso,2026-09-15,
8004,3034,en_progreso,2026-09-15,
8005,357,pausado,2026-09-15,
8006,131,en_progreso,2026-09-15,
8007,2070,pausado,2026-09-15,
8008,2299,en_progreso,2026-09-15,
8009,2233,en_progreso,2026-09-15,
8010,1140,en_progreso,2026-09-15,
8011,27,en_progreso,2026-09-15,
8012,654,pausado,2026-09-15,
8013,1394,en_progreso,2026-09-15,
8014,3128,en_progreso,2026-09-15,
8015,397,en_progreso,2026-09-15,
8016,1084,en_progreso,2026-09-15,
8017,2989,en_progreso,2026-09-15,
8018,3778,en_progreso,2026-09-15,
8019,3398,pausado,2026-09-15,
8020,3627,en_progreso,2026-09-15,
8021,2365,en_progreso,2026-09-15,
8022,2709,en_progreso,2026-09-15,
8023,1186,en_progreso,2026-09-15,
8024,3504,en_progreso,2026-09-15,
8025,1139,en_progreso,2026-09-15,
8026,667,en_progreso,2026-09-15,
8027,1094,en_progreso,2026-09-15,
8028,2800,pausado,2026-09-15,
8029,2496,pausado,2026-09-15,
8030,2188,pausado,2026-09-15,
8031,670,en_progreso,2026-09-15,
8032,3791,pausado,2026-09-15,
8033,2282,en_progreso,2026-09-15,
8034,3148,en_progreso,2026-09-15,
8035,939,en_progreso,2026-09-15,
8036,3298,en_progreso,2026-09-15,
8037,865,en_progreso,2026-09-15,
8038,2324,en_progreso,2026-09-15,
8039,1289,en_progreso,2026-09-15,
8040,3624,en_progreso,2026-09-15,
8041,1880,en_progreso,2026-09-15,
8042,3052,pausado,2026-09-15,
8043,1077,pausado,2026-09-15,
8044,1755,en_progreso,2026-09-15,
8045,1636,en_progreso,2026-09-15,
8046,567,en_progreso,2026-09-15,
8047,373,en_progreso,2026-09-15,
8048,3528,en_progreso,2026-09-15,
8049,3245,pausado,2026-09-15,
8050,2443,en_progreso,2026-09-15,
8051,4081,en_progreso,2026-09-15,
8052,2267,en_progreso,2026-09-15,
8053,48,pausado,2026-09-15,
8054,470,en_progreso,2026-09-15,
8055,2200,en_progreso,2026-09-15,
8056,3149,pausado,2026-09-15,
8057,457,en_progreso,2026-09-15,
8058,14,en_progreso,2026-09-15,
8059,3588,pausado,2026-09-15,
8060,3981,en_progreso,2026-09-15,
8061,3739,en_progreso,2026-09-15,
8062,3448,pausado,2026-09-15,
8063,2495,en_progreso,2026-09-15,
8064,1532,en_progreso,2026-09-15,
8065,2210,en_progreso,2026-09-15,
8066,3779,en_progreso,2026-09-15,
8067,1328,en_progreso,2026-09-15,
8068,1487,en_progreso,2026-09-15,
8069,3407,en_progreso,2026-09-15,
8070,981,en_progreso,2026-09-15,
8071,3879,en_progreso,2026-09-15,
8072,3343,en_progreso,2026-09-15,
8073,3137,en_progreso,2026-09-15,
8074,2703,en_progreso,2026-09-15,
8075,1086,en_progreso,2026-09-15,
8076,3951,en_progreso,2026-09-15,
8077,2209,en_progreso,2026-09-15,
8078,2826,en_progreso,2026-09-15,
8079,4077,pausado,2026-09-15,
8080,1530,en_progreso,2026-09-15,
8081,496,en_progreso,2026-09-15,
8082,263,en_progreso,2026-09-15,
8083,943,pausado,2026-09-15,
8084,30,en_progreso,2026-09-15,
8085,938,en_progreso,2026-09-15,
8086,129,en_progreso,2026-09-15,
8087,291,en_progreso,2026-09-15,
8088,1989,en_progreso,2026-09-15,
8089,3832,en_progreso,2026-09-15,
8090,2361,en_progreso,2026-09-15,
8091,3308,en_progreso,2026-09-15,
8092,2700,en_progreso,2026-09-15,
8093,1913,en_progreso,2026-09-15,
8094,222,pausado,2026-09-15,
8095,4032,pausado,2026-09-15,
8096,249,en_progreso,2026-09-15,
8097,3530,en_progreso,2026-09-15,
8098,2197,en_progreso,2026-09-15,
8099,1141,en_progreso,2026-09-15,
8100,309,en_progreso,2026-09-15,
8101,3529,en_progreso,2026-09-15,
8102,402,en_progreso,2026-09-15,
8103,3425,en_progreso,2026-09-15,
8104,383,en_progreso,2026-09-15,
8105,3477,en_progreso,2026-09-15,
8106,1972,en_progreso,2026-09-15,
8107,241,en_progreso,2026-09-15,
8108,1600,en_progreso,2026-09-15,
8109,3212,en_progreso,2026-09-15,
8110,1169,en_progreso,2026-09-15,
8111,4078,en_progreso,2026-09-15,
8112,2712,pausado,2026-09-15,
8113,635,en_progreso,2026-09-15,
8114,240,pausado,2026-09-15,
8115,2221,en_progreso,2026-09-15,
8116,206,pausado,2026-09-15,
8117,2060,en_progreso,2026-09-15,
8118,2176,en_progreso,2026-09-15,
8119,3936,en_progreso,2026-09-15,
8120,281,pausado,2026-09-15,
8121,2766,en_progreso,2026-09-15,
8122,1654,en_progreso,2026-09-15,
8123,1009,pausado,2026-09-15,
8124,163,pausado,2026-09-15,
8125,1718,pausado,2026-09-15,
8126,2316,en_progreso,2026-09-15,
8127,837,pausado,2026-09-15,
8128,1287,en_progreso,2026-09-15,
8129,2752,pausado,2026-09-15,
8130,1873,en_progreso,2026-09-15,
8131,298,en_progreso,2026-09-15,
8132,2307,en_progreso,2026-09-15,
8133,301,en_progreso,2026-09-15,
8134,543,en_progreso,2026-09-15,
8135,3609,en_progreso,2026-09-15,
8136,1168,en_progreso,2026-09-15,
8137,3416,en_progreso,2026-09-15,
8138,4030,en_progreso,2026-09-15,
8139,2679,en_progreso,2026-09-15,
8140,2272,en_progreso,2026-09-15,
8141,2718,en_progreso,2026-09-15,
8142,3597,en_progreso,2026-09-15,
8143,439,pausado,2026-09-15,
8144,637,en_progreso,2026-09-15,
8145,2940,en_progreso,2026-09-15,
8146,3494,en_progreso,2026-09-15,
8147,3709,en_progreso,2026-09-15,
8148,209,en_progreso,2026-09-15,
8149,1134,en_progreso,2026-09-15,
8150,536,pausado,2026-09-15,
8151,1073,en_progreso,2026-09-15,
8152,1810,en_progreso,2026-09-15,
8153,1752,pausado,2026-09-15,
8154,459,en_progreso,2026-09-15,
8155,3703,en_progreso,2026-09-15,
8156,148,en_progreso,2026-09-15,
8157,2386,pausado,2026-09-15,
8158,1761,en_progreso,2026-09-15,
8159,1263,en_progreso,2026-09-15,
8160,3983,en_progreso,2026-09-15,
8161,3682,en_progreso,2026-09-15,
8162,2794,en_progreso,2026-09-15,
8163,422,en_progreso,2026-09-15,
8164,3583,en_progreso,2026-09-15,
8165,634,en_progreso,2026-09-15,
8166,970,en_progreso,2026-09-15,
8167,3999,en_progreso,2026-09-15,
8168,726,en_progreso,2026-09-15,
8169,102,en_progreso,2026-09-15,
8170,3205,en_progreso,2026-09-15,
8171,3286,pausado,2026-09-15,
8172,3011,en_progreso,2026-09-15,
8173,1093,en_progreso,2026-09-15,
8174,2873,en_progreso,2026-09-15,
8175,3573,en_progreso,2026-09-15,
8176,1928,en_progreso,2026-09-15,
8177,1886,en_progreso,2026-09-15,
8178,3569,en_progreso,2026-09-15,
8179,792,en_progreso,2026-09-15,
8180,285,en_progreso,2026-09-15,
8181,1144,en_progreso,2026-09-15,
8182,2784,en_progreso,2026-09-15,
8183,2197,en_progreso,2026-09-15,
8184,3593,en_progreso,2026-09-15,
8185,732,pausado,2026-09-15,
8186,4029,en_progreso,2026-09-15,
8187,1780,en_progreso,2026-09-15,
8188,1788,pausado,2026-09-15,
8189,2095,en_progreso,2026-09-15,
8190,779,en_progreso,2026-09-15,
8191,7,en_progreso,2026-09-15,
8192,2814,en_progreso,2026-09-15,
8193,3040,pausado,2026-09-15,
8194,808,en_progreso,2026-09-15,
8195,2721,en_progreso,2026-09-15,
8196,2553,en_progreso,2026-09-15,
8197,2949,en_progreso,2026-09-15,
8198,2078,en_progreso,2026-09-15,
8199,1673,en_progreso,2026-09-15,
8200,2271,en_progreso,2026-09-15,
8201,1723,pausado,2026-09-15,
8202,1553,pausado,2026-09-15,
8203,3698,en_progreso,2026-09-15,
8204,1664,en_progreso,2026-09-15,
8205,1176,en_progreso,2026-09-15,
8206,3219,pausado,2026-09-15,
8207,2682,en_progreso,2026-09-15,
8208,2768,en_progreso,2026-09-15,
8209,3692,en_progreso,2026-09-15,
8210,3015,en_progreso,2026-09-15,
8211,2112,pausado,2026-09-15,
8212,2537,en_progreso,2026-09-15,
8213,3077,en_progreso,2026-09-15,
8214,3304,en_progreso,2026-09-15,
8215,1003,en_progreso,2026-09-15,
8216,2504,en_progreso,2026-09-15,
8217,299,en_progreso,2026-09-15,
8218,2358,en_progreso,2026-09-15,
8219,2025,en_progreso,2026-09-15,
8220,2817,en_progreso,2026-09-15,
8221,3155,en_progreso,2026-09-15,
8222,3189,en_progreso,2026-09-15,
8223,3924,pausado,2026-09-15,
8224,1903,en_progreso,2026-09-15,
8225,3475,en_progreso,2026-09-15,
8226,1904,en_progreso,2026-09-15,
8227,4047,en_progreso,2026-09-15,
8228,1300,en_progreso,2026-09-15,
8229,3652,en_progreso,2026-09-15,
8230,3339,pausado,2026-09-15,
8231,2068,en_progreso,2026-09-15,
8232,1827,en_progreso,2026-09-15,
8233,3047,en_progreso,2026-09-15,
8234,1844,en_progreso,2026-09-15,
8235,2612,en_progreso,2026-09-15,
8236,1985,pausado,2026-09-15,
8237,1125,en_progreso,2026-09-15,
8238,961,en_progreso,2026-09-15,
8239,2213,en_progreso,2026-09-15,
8240,1569,en_progreso,2026-09-15,
8241,2894,en_progreso,2026-09-15,
8242,1356,en_progreso,2026-09-15,
8243,848,en_progreso,2026-09-15,
8244,1596,en_progreso,2026-09-15,
8245,2393,en_progreso,2026-09-15,
8246,81,en_progreso,2026-09-15,
8247,3136,pausado,2026-09-15,
8248,1954,en_progreso,2026-09-15,
8249,3087,en_progreso,2026-09-15,
8250,3424,en_progreso,2026-09-15,
8251,2237,en_progreso,2026-09-15,
8252,3678,en_progreso,2026-09-15,
8253,1786,en_progreso,2026-09-15,
8254,2740,pausado,2026-09-15,
8255,1657,pausado,2026-09-15,
8256,3443,en_progreso,2026-09-15,
8257,2549,en_progreso,2026-09-15,
8258,2425,en_progreso,2026-09-15,
8259,112,en_progreso,2026-09-15,
8260,3551,en_progreso,2026-09-15,
8261,1553,en_progreso,2026-09-15,
8262,1383,en_progreso,2026-09-15,
8263,1553,en_progreso,2026-09-15,
8264,1727,en_progreso,2026-09-15,
8265,80,pausado,2026-09-15,
8266,214,en_progreso,2026-09-15,
8267,1434,en_progreso,2026-09-15,
8268,3922,pausado,2026-09-15,
8269,3090,en_progreso,2026-09-15,
8270,1013,en_progreso,2026-09-15,
8271,84,pausado,2026-09-15,
8272,978,en_progreso,2026-09-15,
8273,2311,en_progreso,2026-09-15,
8274,1905,pausado,2026-09-15,
8275,3142,en_progreso,2026-09-15,
8276,3948,pausado,2026-09-15,
8277,470,en_progreso,2026-09-15,
8278,671,en_progreso,2026-09-15,
8279,443,pausado,2026-09-15,
8280,3805,en_progreso,2026-09-15,
8281,3925,en_progreso,2026-09-15,
8282,813,en_progreso,2026-09-15,
8283,2570,en_progreso,2026-09-15,
8284,1236,en_progreso,2026-09-15,
8285,2460,en_progreso,2026-09-15,
8286,3262,en_progreso,2026-09-15,
8287,3206,en_progreso,2026-09-15,
8288,2710,en_progreso,2026-09-15,
8289,1398,en_progreso,2026-09-15,
8290,2008,en_progreso,2026-09-15,
8291,2604,en_progreso,2026-09-15,
8292,1884,pausado,2026-09-15,
8293,1784,en_progreso,2026-09-15,
8294,2665,en_progreso,2026-09-15,
8295,2205,en_progreso,2026-09-15,
8296,1905,en_progreso,2026-09-15,
8297,1100,en_progreso,2026-09-15,
8298,3829,en_progreso,2026-09-15,
8299,999,en_progreso,2026-09-15,
8300,2335,pausado,2026-09-15,
8301,1553,en_progreso,2026-09-15,
8302,1332,en_progreso,2026-09-15,
8303,869,en_progreso,2026-09-15,
8304,1146,en_progreso,2026-09-15,
8305,2873,en_progreso,2026-09-15,
8306,2277,en_progreso,2026-09-15,
8307,351,en_progreso,2026-09-15,
8308,2275,en_progreso,2026-09-15,
8309,2829,en_progreso,2026-09-15,
8310,1836,en_progreso,2026-09-15,
8311,382,en_progreso,2026-09-15,
8312,997,en_progreso,2026-09-15,
8313,1939,en_progreso,2026-09-15,
8314,1409,en_progreso,2026-09-15,
8315,1355,en_progreso,2026-09-15,
8316,1256,en_progreso,2026-09-15,
8317,789,en_progreso,2026-09-15,
8318,3895,en_progreso,2026-09-15,
8319,759,en_progreso,2026-09-15,
8320,1133,pausado,2026-09-15,
8321,4001,en_progreso,2026-09-15,
8322,2445,en_progreso,2026-09-15,
8323,796,en_progreso,2026-09-15,
8324,1239,en_progreso,2026-09-15,
8325,1124,en_progreso,2026-09-15,
8326,1197,pausado,2026-09-15,
8327,518,pausado,2026-09-15,
8328,3084,en_progreso,2026-09-15,
8329,2352,en_progreso,2026-09-15,
8330,1396,en_progreso,2026-09-15,
8331,3855,en_progreso,2026-09-15,
8332,468,en_progreso,2026-09-15,
8333,1642,en_progreso,2026-09-15,
8334,2812,en_progreso,2026-09-15,
8335,2306,en_progreso,2026-09-15,
8336,349,en_progreso,2026-09-15,
8337,486,pausado,2026-09-15,
8338,1705,pausado,2026-09-15,
8339,3239,pausado,2026-09-15,
8340,3178,en_progreso,2026-09-15,
8341,1846,en_progreso,2026-09-15,
8342,1218,en_progreso,2026-09-15,
8343,4056,en_progreso,2026-09-15,
8344,247,pausado,2026-09-15,
8345,3032,en_progreso,2026-09-15,
8346,2563,en_progreso,2026-09-15,
8347,644,en_progreso,2026-09-15,
8348,642,en_progreso,2026-09-15,
8349,2433,en_progreso,2026-09-15,
8350,1181,pausado,2026-09-15,
8351,2880,en_progreso,2026-09-15,
8352,292,pausado,2026-09-15,
8353,3785,en_progreso,2026-09-15,
8354,2416,pausado,2026-09-15,
8355,3825,en_progreso,2026-09-15,
8356,471,en_progreso,2026-09-15,
8357,2653,en_progreso,2026-09-15,
8358,583,en_progreso,2026-09-15,
8359,1260,pausado,2026-09-15,
8360,3377,pausado,2026-09-15,
8361,1183,en_progreso,2026-09-15,
8362,1246,pausado,2026-09-15,
8363,3862,en_progreso,2026-09-15,
8364,1794,en_progreso,2026-09-15,
8365,164,en_progreso,2026-09-15,
8366,3009,en_progreso,2026-09-15,
8367,375,en_progreso,2026-09-15,
8368,3525,pausado,2026-09-15,
8369,3895,en_progreso,2026-09-15,
8370,3133,pausado,2026-09-15,
8371,1104,pausado,2026-09-15,
8372,3126,en_progreso,2026-09-15,
8373,1928,en_progreso,2026-09-15,
8374,1140,en_progreso,2026-09-15,
8375,2398,en_progreso,2026-09-15,
8376,3970,en_progreso,2026-09-15,
8377,1366,en_progreso,2026-09-15,
8378,659,en_progreso,2026-09-15,
8379,1181,pausado,2026-09-15,
8380,1641,en_progreso,2026-09-15,
8381,2254,en_progreso,2026-09-15,
8382,1034,en_progreso,2026-09-15,
8383,1656,en_progreso,2026-09-15,
8384,3379,en_progreso,2026-09-15,
8385,2694,en_progreso,2026-09-15,
8386,1893,en_progreso,2026-09-15,
8387,1482,pausado,2026-09-15,
8388,2042,en_progreso,2026-09-15,
8389,3113,en_progreso,2026-09-15,
8390,537,en_progreso,2026-09-15,
8391,1795,en_progreso,2026-09-15,
8392,1986,en_progreso,2026-09-15,
8393,2494,en_progreso,2026-09-15,
8394,2908,en_progreso,2026-09-15,
8395,2263,en_progreso,2026-09-15,
8396,3447,en_progreso,2026-09-15,
8397,1891,en_progreso,2026-09-15,
8398,2654,en_progreso,2026-09-15,
8399,2042,en_progreso,2026-09-15,
8400,1196,en_progreso,2026-09-15,
8401,3420,en_progreso,2026-09-15,
8402,1871,pausado,2026-09-15,
8403,1572,en_progreso,2026-09-15,
8404,3057,en_progreso,2026-09-15,
8405,3540,en_progreso,2026-09-15,
8406,3165,en_progreso,2026-09-15,
8407,1700,en_progreso,2026-09-15,
8408,1095,en_progreso,2026-09-15,
8409,1159,pausado,2026-09-15,
8410,3431,pausado,2026-09-15,
8411,4092,pausado,2026-09-15,
8412,3545,en_progreso,2026-09-15,
8413,1414,en_progreso,2026-09-15,
8414,1546,en_progreso,2026-09-15,
8415,773,en_progreso,2026-09-15,
8416,979,pausado,2026-09-15,
8417,957,en_progreso,2026-09-15,
8418,1683,en_progreso,2026-09-15,
8419,2889,en_progreso,2026-09-15,
8420,1562,en_progreso,2026-09-15,
8421,3362,pausado,2026-09-15,
8422,624,en_progreso,2026-09-15,
8423,2058,en_progreso,2026-09-15,
8424,1360,en_progreso,2026-09-15,
8425,3581,en_progreso,2026-09-15,
8426,409,en_progreso,2026-09-15,
8427,2960,en_progreso,2026-09-15,
8428,3973,en_progreso,2026-09-15,
8429,3970,en_progreso,2026-09-15,
8430,1629,pausado,2026-09-15,
8431,3489,en_progreso,2026-09-15,
8432,2186,en_progreso,2026-09-15,
8433,2944,en_progreso,2026-09-15,
8434,1999,en_progreso,2026-09-15,
8435,148,en_progreso,2026-09-15,
8436,962,en_progreso,2026-09-15,
8437,3773,en_progreso,2026-09-15,
8438,371,en_progreso,2026-09-15,
8439,2596,pausado,2026-09-15,
8440,412,en_progreso,2026-09-15,
8441,2843,en_progreso,2026-09-15,
8442,119,en_progreso,2026-09-15,
8443,1202,en_progreso,2026-09-15,
8444,1001,en_progreso,2026-09-15,
8445,3247,en_progreso,2026-09-15,
8446,2497,en_progreso,2026-09-15,
8447,2539,en_progreso,2026-09-15,
8448,2039,en_progreso,2026-09-15,
8449,587,en_progreso,2026-09-15,
8450,1883,en_progreso,2026-09-15,
8451,39,en_progreso,2026-09-15,
8452,1906,completado,2026-09-15,Modulo finalizado por el estudiante
8453,2776,iniciado,2026-09-15,
8454,2239,en_progreso,2026-09-15,
8455,1416,en_progreso,2026-09-15,
8456,1226,pausado,2026-09-15,
8457,1738,pausado,2026-09-15,
8458,1872,en_progreso,2026-09-15,
8459,816,en_progreso,2026-09-15,
8460,3496,en_progreso,2026-09-15,
8461,2343,en_progreso,2026-09-15,
8462,2865,en_progreso,2026-09-15,
8463,2697,en_progreso,2026-09-15,
8464,3544,pausado,2026-09-15,
8465,3051,en_progreso,2026-09-15,
8466,3730,pausado,2026-09-15,
8467,2035,en_progreso,2026-09-15,
8468,3699,en_progreso,2026-09-15,
8469,2487,en_progreso,2026-09-15,
8470,898,pausado,2026-09-15,
8471,2544,en_progreso,2026-09-15,
8472,3144,en_progreso,2026-09-15,
8473,3434,en_progreso,2026-09-15,
8474,2571,pausado,2026-09-15,
8475,1266,en_progreso,2026-09-15,
8476,137,pausado,2026-09-15,
8477,3000,en_progreso,2026-09-15,
8478,1339,pausado,2026-09-15,
8479,720,en_progreso,2026-09-15,
8480,3590,en_progreso,2026-09-15,
8481,2175,en_progreso,2026-09-15,
8482,674,en_progreso,2026-09-15,
8483,1974,en_progreso,2026-09-15,
8484,1209,pausado,2026-09-15,
8485,1388,en_progreso,2026-09-15,
8486,1919,en_progreso,2026-09-15,
8487,577,en_progreso,2026-09-15,
8488,925,en_progreso,2026-09-15,
8489,2967,pausado,2026-09-15,
8490,1628,en_progreso,2026-09-15,
8491,3296,pausado,2026-09-15,
8492,370,en_progreso,2026-09-15,
8493,58,en_progreso,2026-09-15,
8494,1510,pausado,2026-09-15,
8495,2754,en_progreso,2026-09-15,
8496,2616,en_progreso,2026-09-15,
8497,444,pausado,2026-09-15,
8498,1932,en_progreso,2026-09-15,
8499,3622,en_progreso,2026-09-15,
8500,1344,en_progreso,2026-09-15,
8501,907,pausado,2026-09-15,
8502,2603,en_progreso,2026-09-15,
8503,3725,pausado,2026-09-15,
8504,2660,en_progreso,2026-09-15,
8505,3876,en_progreso,2026-09-15,
8506,476,en_progreso,2026-09-15,
8507,556,en_progreso,2026-09-15,
8508,1520,pausado,2026-09-15,
8509,3044,pausado,2026-09-15,
8510,2213,en_progreso,2026-09-15,
8511,633,en_progreso,2026-09-15,
8512,2683,en_progreso,2026-09-15,
8513,1672,en_progreso,2026-09-15,
8514,1146,en_progreso,2026-09-15,
8515,1518,en_progreso,2026-09-15,
8516,968,en_progreso,2026-09-15,
8517,407,en_progreso,2026-09-15,
8518,1505,en_progreso,2026-09-15,
8519,4006,en_progreso,2026-09-15,
8520,249,en_progreso,2026-09-15,
8521,501,en_progreso,2026-09-15,
8522,3376,en_progreso,2026-09-15,
8523,2629,pausado,2026-09-15,
8524,3978,en_progreso,2026-09-15,
8525,998,en_progreso,2026-09-15,
8526,3224,pausado,2026-09-15,
8527,282,en_progreso,2026-09-15,
8528,2271,en_progreso,2026-09-15,
8529,885,en_progreso,2026-09-15,
8530,955,en_progreso,2026-09-15,
8531,3689,pausado,2026-09-15,
8532,1136,en_progreso,2026-09-15,
8533,593,en_progreso,2026-09-15,
8534,2213,en_progreso,2026-09-15,
8535,2708,en_progreso,2026-09-15,
8536,540,en_progreso,2026-09-15,
8537,975,pausado,2026-09-15,
8538,65,en_progreso,2026-09-15,
8539,3039,en_progreso,2026-09-15,
8540,261,en_progreso,2026-09-15,
8541,2103,pausado,2026-09-15,
8542,1852,en_progreso,2026-09-15,
8543,178,pausado,2026-09-15,
8544,3723,en_progreso,2026-09-15,
8545,2136,en_progreso,2026-09-15,
8546,128,en_progreso,2026-09-15,
8547,1646,en_progreso,2026-09-15,
8548,2918,en_progreso,2026-09-15,
8549,302,en_progreso,2026-09-15,
8550,1320,pausado,2026-09-15,
8551,270,en_progreso,2026-09-15,
8552,2398,en_progreso,2026-09-15,
8553,4074,pausado,2026-09-15,
8554,1208,en_progreso,2026-09-15,
8555,407,en_progreso,2026-09-15,
8556,469,en_progreso,2026-09-15,
8557,2667,en_progreso,2026-09-15,
8558,2259,pausado,2026-09-15,
8559,881,en_progreso,2026-09-15,
8560,1695,en_progreso,2026-09-15,
8561,1704,pausado,2026-09-15,
8562,1281,en_progreso,2026-09-15,
8563,2725,en_progreso,2026-09-15,
8564,2814,en_progreso,2026-09-15,
8565,275,en_progreso,2026-09-15,
8566,1769,en_progreso,2026-09-15,
8567,3326,en_progreso,2026-09-15,
8568,3919,pausado,2026-09-15,
8569,1351,pausado,2026-09-15,
8570,1683,en_progreso,2026-09-15,
8571,3074,en_progreso,2026-09-15,
8572,211,en_progreso,2026-09-15,
8573,2460,en_progreso,2026-09-15,
8574,425,en_progreso,2026-09-15,
8575,872,en_progreso,2026-09-15,
8576,3471,en_progreso,2026-09-15,
8577,1506,en_progreso,2026-09-15,
8578,927,en_progreso,2026-09-15,
8579,3462,pausado,2026-09-15,
8580,3144,en_progreso,2026-09-15,
8581,2514,pausado,2026-09-15,
8582,2281,en_progreso,2026-09-15,
8583,3398,pausado,2026-09-15,
8584,119,en_progreso,2026-09-15,
8585,1266,en_progreso,2026-09-15,
8586,1438,en_progreso,2026-09-15,
8587,2320,pausado,2026-09-15,
8588,286,en_progreso,2026-09-15,
8589,126,en_progreso,2026-09-15,
8590,1541,en_progreso,2026-09-15,
8591,1516,en_progreso,2026-09-15,
8592,3857,en_progreso,2026-09-15,
8593,348,en_progreso,2026-09-15,
8594,638,en_progreso,2026-09-15,
8595,2761,en_progreso,2026-09-15,
8596,1737,en_progreso,2026-09-15,
8597,1119,en_progreso,2026-09-15,
8598,1414,en_progreso,2026-09-15,
8599,2780,pausado,2026-09-15,
8600,2159,pausado,2026-09-15,
8601,187,en_progreso,2026-09-15,
8602,225,en_progreso,2026-09-15,
8603,866,en_progreso,2026-09-15,
8604,3131,en_progreso,2026-09-15,
8605,32,en_progreso,2026-09-15,
8606,530,en_progreso,2026-09-15,
8607,2050,pausado,2026-09-15,
8608,2737,en_progreso,2026-09-15,
8609,296,en_progreso,2026-09-15,
8610,1787,en_progreso,2026-09-15,
8611,3532,en_progreso,2026-09-15,
8612,1759,pausado,2026-09-15,
8613,2907,en_progreso,2026-09-15,
8614,1186,en_progreso,2026-09-15,
8615,86,en_progreso,2026-09-15,
8616,704,en_progreso,2026-09-15,
8617,2532,en_progreso,2026-09-15,
8618,1483,en_progreso,2026-09-15,
8619,997,en_progreso,2026-09-15,
8620,323,en_progreso,2026-09-15,
8621,1391,en_progreso,2026-09-15,
8622,313,en_progreso,2026-09-15,
8623,2089,en_progreso,2026-09-15,
8624,1439,pausado,2026-09-15,
8625,3355,pausado,2026-09-15,
8626,605,en_progreso,2026-09-15,
8627,809,en_progreso,2026-09-15,
8628,3110,pausado,2026-09-15,
8629,726,en_progreso,2026-09-15,
8630,2573,en_progreso,2026-09-15,
8631,3113,pausado,2026-09-15,
8632,2790,en_progreso,2026-09-15,
8633,2313,pausado,2026-09-15,
8634,4041,pausado,2026-09-15,
8635,3540,en_progreso,2026-09-15,
8636,1295,en_progreso,2026-09-15,
8637,1812,pausado,2026-09-15,
8638,3262,en_progreso,2026-09-15,
8639,231,en_progreso,2026-09-15,
8640,1892,en_progreso,2026-09-15,
8641,234,en_progreso,2026-09-15,
8642,2641,en_progreso,2026-09-15,
8643,3504,en_progreso,2026-09-15,
8644,1575,en_progreso,2026-09-15,
8645,3244,pausado,2026-09-15,
8646,169,en_progreso,2026-09-15,
8647,3318,pausado,2026-09-15,
8648,772,en_progreso,2026-09-15,
8649,618,en_progreso,2026-09-15,
8650,1846,en_progreso,2026-09-15,
8651,3683,en_progreso,2026-09-15,
8652,4024,pausado,2026-09-15,
8653,2067,pausado,2026-09-15,
8654,161,en_progreso,2026-09-15,
8655,1800,en_progreso,2026-09-15,
8656,1491,en_progreso,2026-09-15,
8657,1675,en_progreso,2026-09-15,
8658,2781,pausado,2026-09-15,
8659,3233,pausado,2026-09-15,
8660,1371,en_progreso,2026-09-15,
8661,2779,en_progreso,2026-09-15,
8662,3489,pausado,2026-09-15,
8663,3713,pausado,2026-09-15,
8664,616,en_progreso,2026-09-15,
8665,580,en_progreso,2026-09-15,
8666,1271,en_progreso,2026-09-15,
8667,2861,pausado,2026-09-15,
8668,529,pausado,2026-09-15,
8669,3843,en_progreso,2026-09-15,
8670,2636,en_progreso,2026-09-15,
8671,3331,en_progreso,2026-09-15,
8672,2879,en_progreso,2026-09-15,
8673,3027,en_progreso,2026-09-15,
8674,3738,en_progreso,2026-09-15,
8675,1735,en_progreso,2026-09-15,
8676,75,en_progreso,2026-09-15,
8677,878,en_progreso,2026-09-15,
8678,787,en_progreso,2026-09-15,
8679,317,en_progreso,2026-09-15,
8680,2080,en_progreso,2026-09-15,
8681,3421,pausado,2026-09-15,
8682,2157,en_progreso,2026-09-15,
8683,3139,pausado,2026-09-15,
8684,2447,en_progreso,2026-09-15,
8685,3406,pausado,2026-09-15,
8686,2559,en_progreso,2026-09-15,
8687,679,pausado,2026-09-15,
8688,179,en_progreso,2026-09-15,
8689,973,en_progreso,2026-09-15,
8690,2501,en_progreso,2026-09-15,
8691,1839,en_progreso,2026-09-15,
8692,3956,en_progreso,2026-09-15,
8693,1922,en_progreso,2026-09-15,
8694,795,en_progreso,2026-09-15,
8695,4033,en_progreso,2026-09-15,
8696,3188,en_progreso,2026-09-15,
8697,3958,en_progreso,2026-09-15,
8698,2477,en_progreso,2026-09-15,
8699,2627,en_progreso,2026-09-15,
8700,3827,en_progreso,2026-09-15,
8701,3487,en_progreso,2026-09-15,
8702,657,en_progreso,2026-09-15,
8703,604,en_progreso,2026-09-15,
8704,376,en_progreso,2026-09-15,
8705,910,en_progreso,2026-09-15,
8706,3624,en_progreso,2026-09-15,
8707,110,en_progreso,2026-09-15,
8708,1532,en_progreso,2026-09-15,
8709,4074,en_progreso,2026-09-15,
8710,1306,en_progreso,2026-09-15,
8711,3438,pausado,2026-09-15,
8712,1374,en_progreso,2026-09-15,
8713,564,en_progreso,2026-09-15,
8714,1936,pausado,2026-09-15,
8715,569,en_progreso,2026-09-15,
8716,1922,en_progreso,2026-09-15,
8717,22,en_progreso,2026-09-15,
8718,78,en_progreso,2026-09-15,
8719,2248,en_progreso,2026-09-15,
8720,2494,en_progreso,2026-09-15,
8721,456,en_progreso,2026-09-15,
8722,974,en_progreso,2026-09-15,
8723,1720,pausado,2026-09-15,
8724,2552,en_progreso,2026-09-15,
8725,3708,en_progreso,2026-09-15,
8726,2589,en_progreso,2026-09-15,
8727,589,en_progreso,2026-09-15,
8728,1446,en_progreso,2026-09-15,
8729,2722,pausado,2026-09-15,
8730,2145,en_progreso,2026-09-15,
8731,278,en_progreso,2026-09-15,
8732,2229,en_progreso,2026-09-15,
8733,2270,en_progreso,2026-09-15,
8734,179,pausado,2026-09-15,
8735,4019,en_progreso,2026-09-15,
8736,1463,en_progreso,2026-09-15,
8737,1413,en_progreso,2026-09-15,
8738,425,en_progreso,2026-09-15,
8739,3012,en_progreso,2026-09-15,
8740,547,en_progreso,2026-09-15,
8741,3333,pausado,2026-09-15,
8742,3402,en_progreso,2026-09-15,
8743,1904,en_progreso,2026-09-15,
8744,1961,pausado,2026-09-15,
8745,3324,en_progreso,2026-09-15,
8746,3866,en_progreso,2026-09-15,
8747,180,en_progreso,2026-09-15,
8748,3629,en_progreso,2026-09-15,
8749,2112,en_progreso,2026-09-15,
8750,1940,en_progreso,2026-09-15,
8751,783,en_progreso,2026-09-15,
8752,196,en_progreso,2026-09-15,
8753,1360,en_progreso,2026-09-15,
8754,3275,en_progreso,2026-09-15,
8755,3045,en_progreso,2026-09-15,
8756,1389,en_progreso,2026-09-15,
8757,2033,pausado,2026-09-15,
8758,1505,en_progreso,2026-09-15,
8759,2127,en_progreso,2026-09-15,
8760,1739,en_progreso,2026-09-15,
8761,3369,en_progreso,2026-09-15,
8762,421,en_progreso,2026-09-15,
8763,1256,en_progreso,2026-09-15,
8764,683,pausado,2026-09-15,
8765,1440,en_progreso,2026-09-15,
8766,3734,en_progreso,2026-09-15,
8767,1125,pausado,2026-09-15,
8768,3242,en_progreso,2026-09-15,
8769,308,pausado,2026-09-15,
8770,1664,en_progreso,2026-09-15,
8771,2783,en_progreso,2026-09-15,
8772,3477,pausado,2026-09-15,
8773,3201,en_progreso,2026-09-15,
8774,967,en_progreso,2026-09-15,
8775,1501,en_progreso,2026-09-15,
8776,133,pausado,2026-09-15,
8777,2782,en_progreso,2026-09-15,
8778,1520,en_progreso,2026-09-15,
8779,2351,en_progreso,2026-09-15,
8780,1288,pausado,2026-09-15,
8781,1023,en_progreso,2026-09-15,
8782,107,pausado,2026-09-15,
8783,2045,en_progreso,2026-09-15,
8784,483,en_progreso,2026-09-15,
8785,1828,en_progreso,2026-09-15,
8786,2843,en_progreso,2026-09-15,
8787,2012,en_progreso,2026-09-15,
8788,304,en_progreso,2026-09-15,
8789,1824,en_progreso,2026-09-15,
8790,3320,pausado,2026-09-15,
8791,3464,en_progreso,2026-09-15,
8792,2736,en_progreso,2026-09-15,
8793,2221,en_progreso,2026-09-15,
8794,646,pausado,2026-09-15,
8795,3799,pausado,2026-09-15,
8796,714,en_progreso,2026-09-15,
8797,2084,en_progreso,2026-09-15,
8798,3245,en_progreso,2026-09-15,
8799,108,en_progreso,2026-09-15,
8800,1915,en_progreso,2026-09-15,
8801,2260,en_progreso,2026-09-15,
8802,270,en_progreso,2026-09-15,
8803,2945,en_progreso,2026-09-15,
8804,1678,en_progreso,2026-09-15,
8805,303,en_progreso,2026-09-15,
8806,304,en_progreso,2026-09-15,
8807,1412,en_progreso,2026-09-15,
8808,2259,pausado,2026-09-15,
8809,746,en_progreso,2026-09-15,
8810,529,en_progreso,2026-09-15,
8811,227,en_progreso,2026-09-15,
8812,2123,en_progreso,2026-09-15,
8813,1322,en_progreso,2026-09-15,
8814,924,en_progreso,2026-09-15,
8815,3666,en_progreso,2026-09-15,
8816,805,pausado,2026-09-15,
8817,2257,en_progreso,2026-09-15,
8818,2517,en_progreso,2026-09-15,
8819,691,pausado,2026-09-15,
8820,2379,en_progreso,2026-09-15,
8821,2952,iniciado,2026-09-15,
8822,3695,pausado,2026-09-15,
8823,3452,en_progreso,2026-09-15,
8824,169,en_progreso,2026-09-15,
8825,117,en_progreso,2026-09-15,
8826,3159,pausado,2026-09-15,
8827,2668,en_progreso,2026-09-15,
8828,2532,pausado,2026-09-15,
8829,2040,en_progreso,2026-09-15,
8830,2235,en_progreso,2026-09-15,
8831,1979,en_progreso,2026-09-15,
8832,1664,en_progreso,2026-09-15,
8833,246,en_progreso,2026-09-15,
8834,1903,en_progreso,2026-09-15,
8835,1281,en_progreso,2026-09-15,
8836,1308,pausado,2026-09-15,
8837,3526,en_progreso,2026-09-15,
8838,3116,en_progreso,2026-09-15,
8839,1308,en_progreso,2026-09-15,
8840,1842,en_progreso,2026-09-15,
8841,1189,en_progreso,2026-09-15,
8842,3540,en_progreso,2026-09-15,
8843,1017,en_progreso,2026-09-15,
8844,3696,en_progreso,2026-09-15,
8845,2367,pausado,2026-09-15,
8846,778,en_progreso,2026-09-15,
8847,2041,en_progreso,2026-09-15,
8848,1913,en_progreso,2026-09-15,
8849,1264,en_progreso,2026-09-15,
8850,1611,en_progreso,2026-09-15,
8851,882,en_progreso,2026-09-15,
8852,200,en_progreso,2026-09-15,
8853,3615,en_progreso,2026-09-15,
8854,2755,en_progreso,2026-09-15,
8855,3471,en_progreso,2026-09-15,
8856,1084,en_progreso,2026-09-15,
8857,3129,en_progreso,2026-09-15,
8858,210,pausado,2026-09-15,
8859,798,en_progreso,2026-09-15,
8860,1583,en_progreso,2026-09-15,
8861,1146,en_progreso,2026-09-15,
8862,2553,pausado,2026-09-15,
8863,487,en_progreso,2026-09-15,
8864,1529,en_progreso,2026-09-15,
8865,1389,en_progreso,2026-09-15,
8866,1498,en_progreso,2026-09-15,
8867,816,en_progreso,2026-09-15,
8868,1645,en_progreso,2026-09-15,
8869,562,pausado,2026-09-15,
8870,3294,en_progreso,2026-09-15,
8871,2484,en_progreso,2026-09-15,
8872,573,en_progreso,2026-09-15,
8873,666,en_progreso,2026-09-15,
8874,3452,en_progreso,2026-09-15,
8875,1378,en_progreso,2026-09-15,
8876,2007,pausado,2026-09-15,
8877,1228,en_progreso,2026-09-15,
8878,1357,pausado,2026-09-15,
8879,4014,en_progreso,2026-09-15,
8880,3682,en_progreso,2026-09-15,
8881,2819,pausado,2026-09-15,
8882,2445,en_progreso,2026-09-15,
8883,3207,en_progreso,2026-09-15,
8884,2370,pausado,2026-09-15,
8885,2955,en_progreso,2026-09-15,
8886,2148,pausado,2026-09-15,
8887,2539,en_progreso,2026-09-15,
8888,1558,en_progreso,2026-09-15,
8889,130,pausado,2026-09-15,
8890,2870,en_progreso,2026-09-15,
8891,1285,en_progreso,2026-09-15,
8892,836,en_progreso,2026-09-15,
8893,3771,en_progreso,2026-09-15,
8894,2980,en_progreso,2026-09-15,
8895,850,pausado,2026-09-15,
8896,4089,pausado,2026-09-15,
8897,2153,en_progreso,2026-09-15,
8898,1883,en_progreso,2026-09-15,
8899,1403,en_progreso,2026-09-15,
8900,3554,pausado,2026-09-15,
8901,2635,en_progreso,2026-09-15,
8902,1083,pausado,2026-09-15,
8903,788,en_progreso,2026-09-15,
8904,1143,en_progreso,2026-09-15,
8905,922,en_progreso,2026-09-15,
8906,4024,en_progreso,2026-09-15,
8907,850,pausado,2026-09-15,
8908,2003,en_progreso,2026-09-15,
8909,3825,en_progreso,2026-09-15,
8910,2956,en_progreso,2026-09-15,
8911,2772,en_progreso,2026-09-15,
8912,1617,en_progreso,2026-09-15,
8913,3911,en_progreso,2026-09-15,
8914,600,en_progreso,2026-09-15,
8915,2926,en_progreso,2026-09-15,
8916,2687,en_progreso,2026-09-15,
8917,828,completado,2026-09-15,Modulo finalizado por el estudiante
8918,1111,iniciado,2026-09-15,
8919,3822,pausado,2026-09-15,
8920,1113,en_progreso,2026-09-15,
8921,2404,en_progreso,2026-09-15,
8922,3708,en_progreso,2026-09-15,
8923,216,en_progreso,2026-09-15,
8924,1935,en_progreso,2026-09-15,
8925,22,en_progreso,2026-09-15,
8926,4006,en_progreso,2026-09-15,
8927,1667,pausado,2026-09-15,
8928,3608,en_progreso,2026-09-15,
8929,1956,pausado,2026-09-15,
8930,3097,en_progreso,2026-09-15,
8931,1316,en_progreso,2026-09-15,
8932,3149,en_progreso,2026-09-15,
8933,2192,pausado,2026-09-15,
8934,3483,en_progreso,2026-09-15,
8935,3741,en_progreso,2026-09-15,
8936,1712,en_progreso,2026-09-15,
8937,721,en_progreso,2026-09-15,
8938,149,en_progreso,2026-09-15,
8939,1627,en_progreso,2026-09-15,
8940,764,en_progreso,2026-09-15,
8941,3941,en_progreso,2026-09-15,
8942,1186,en_progreso,2026-09-15,
8943,38,en_progreso,2026-09-15,
8944,3803,en_progreso,2026-09-15,
8945,1166,en_progreso,2026-09-15,
8946,2148,en_progreso,2026-09-15,
8947,3486,en_progreso,2026-09-15,
8948,3313,en_progreso,2026-09-15,
8949,666,pausado,2026-09-15,
8950,2656,en_progreso,2026-09-15,
8951,3018,en_progreso,2026-09-15,
8952,2763,en_progreso,2026-09-15,
8953,719,pausado,2026-09-15,
8954,2617,completado,2026-09-15,Modulo finalizado por el estudiante
8955,3388,en_progreso,2026-09-15,
8956,1642,pausado,2026-09-15,
8957,757,abandonado,2026-09-15,Sin actividad posterior registrada
8958,1956,en_progreso,2026-09-15,
8959,1069,en_progreso,2026-09-15,
8960,1094,en_progreso,2026-09-15,
8961,1237,pausado,2026-09-15,
8962,2347,en_progreso,2026-09-15,
8963,2838,en_progreso,2026-09-15,
8964,1907,en_progreso,2026-09-15,
8965,2059,en_progreso,2026-09-15,
8966,3637,pausado,2026-09-15,
8967,1274,pausado,2026-09-15,
8968,2617,en_progreso,2026-09-15,
8969,1209,en_progreso,2026-09-15,
8970,3922,en_progreso,2026-09-15,
8971,3063,en_progreso,2026-09-15,
8972,1531,en_progreso,2026-09-15,
8973,1929,iniciado,2026-09-15,
8974,3103,iniciado,2026-09-15,
8975,2202,iniciado,2026-09-15,
8976,3285,pausado,2026-09-15,
8977,895,iniciado,2026-09-15,
8978,3121,en_progreso,2026-09-15,
8979,3577,en_progreso,2026-09-15,
8980,2153,en_progreso,2026-09-15,
8981,320,en_progreso,2026-09-15,
8982,460,en_progreso,2026-09-15,
8983,2071,en_progreso,2026-09-15,
8984,674,en_progreso,2026-09-15,
8985,477,pausado,2026-09-15,
8986,2937,iniciado,2026-09-15,
8987,2389,iniciado,2026-09-15,
8988,2003,en_progreso,2026-09-15,
8989,3313,en_progreso,2026-09-15,
8990,541,en_progreso,2026-09-15,
8991,237,iniciado,2026-09-15,
8992,2289,en_progreso,2026-09-15,
8993,2963,iniciado,2026-09-15,
8994,90,en_progreso,2026-09-15,
8995,3055,en_progreso,2026-09-15,
8996,1736,iniciado,2026-09-15,
8997,1412,pausado,2026-09-15,
8998,2217,iniciado,2026-09-15,
8999,4072,en_progreso,2026-09-15,
9000,4040,iniciado,2026-09-15,
9001,2620,en_progreso,2026-09-16,
9002,1004,en_progreso,2026-09-16,
9003,3017,en_progreso,2026-09-16,
9004,3034,en_progreso,2026-09-16,
9005,357,pausado,2026-09-16,
9006,131,en_progreso,2026-09-16,
9007,2070,pausado,2026-09-16,
9008,2299,en_progreso,2026-09-16,
9009,2233,en_progreso,2026-09-16,
9010,1140,en_progreso,2026-09-16,
9011,27,en_progreso,2026-09-16,
9012,654,pausado,2026-09-16,
9013,1394,en_progreso,2026-09-16,
9014,3128,en_progreso,2026-09-16,
9015,397,en_progreso,2026-09-16,
9016,1084,en_progreso,2026-09-16,
9017,2989,en_progreso,2026-09-16,
9018,3778,en_progreso,2026-09-16,
9019,3398,pausado,2026-09-16,
9020,3627,en_progreso,2026-09-16,
9021,2365,en_progreso,2026-09-16,
9022,2709,en_progreso,2026-09-16,
9023,1186,en_progreso,2026-09-16,
9024,3504,en_progreso,2026-09-16,
9025,1139,en_progreso,2026-09-16,
9026,667,en_progreso,2026-09-16,
9027,1094,en_progreso,2026-09-16,
9028,2800,pausado,2026-09-16,
9029,2496,pausado,2026-09-16,
9030,2188,pausado,2026-09-16,
9031,670,en_progreso,2026-09-16,
9032,3791,pausado,2026-09-16,
9033,2282,en_progreso,2026-09-16,
9034,3148,en_progreso,2026-09-16,
9035,939,en_progreso,2026-09-16,
9036,3298,en_progreso,2026-09-16,
9037,865,en_progreso,2026-09-16,
9038,2324,en_progreso,2026-09-16,
9039,1289,en_progreso,2026-09-16,
9040,3624,en_progreso,2026-09-16,
9041,1880,en_progreso,2026-09-16,
9042,3052,pausado,2026-09-16,
9043,1077,pausado,2026-09-16,
9044,1755,en_progreso,2026-09-16,
9045,1636,en_progreso,2026-09-16,
9046,567,en_progreso,2026-09-16,
9047,373,en_progreso,2026-09-16,
9048,3528,en_progreso,2026-09-16,
9049,3245,pausado,2026-09-16,
9050,2443,en_progreso,2026-09-16,
9051,4081,en_progreso,2026-09-16,
9052,2267,en_progreso,2026-09-16,
9053,48,pausado,2026-09-16,
9054,470,en_progreso,2026-09-16,
9055,2200,en_progreso,2026-09-16,
9056,3149,pausado,2026-09-16,
9057,457,en_progreso,2026-09-16,
9058,14,en_progreso,2026-09-16,
9059,3588,pausado,2026-09-16,
9060,3981,en_progreso,2026-09-16,
9061,3739,en_progreso,2026-09-16,
9062,3448,pausado,2026-09-16,
9063,2495,en_progreso,2026-09-16,
9064,1532,en_progreso,2026-09-16,
9065,2210,en_progreso,2026-09-16,
9066,3779,en_progreso,2026-09-16,
9067,1328,en_progreso,2026-09-16,
9068,1487,en_progreso,2026-09-16,
9069,3407,en_progreso,2026-09-16,
9070,981,en_progreso,2026-09-16,
9071,3879,en_progreso,2026-09-16,
9072,3343,en_progreso,2026-09-16,
9073,3137,en_progreso,2026-09-16,
9074,2703,en_progreso,2026-09-16,
9075,1086,en_progreso,2026-09-16,
9076,3951,en_progreso,2026-09-16,
9077,2209,en_progreso,2026-09-16,
9078,2826,en_progreso,2026-09-16,
9079,4077,pausado,2026-09-16,
9080,1530,en_progreso,2026-09-16,
9081,496,en_progreso,2026-09-16,
9082,263,en_progreso,2026-09-16,
9083,943,pausado,2026-09-16,
9084,30,en_progreso,2026-09-16,
9085,938,en_progreso,2026-09-16,
9086,129,en_progreso,2026-09-16,
9087,291,en_progreso,2026-09-16,
9088,1989,en_progreso,2026-09-16,
9089,3832,en_progreso,2026-09-16,
9090,2361,en_progreso,2026-09-16,
9091,3308,en_progreso,2026-09-16,
9092,2700,en_progreso,2026-09-16,
9093,1913,en_progreso,2026-09-16,
9094,222,pausado,2026-09-16,
9095,4032,pausado,2026-09-16,
9096,249,en_progreso,2026-09-16,
9097,3530,en_progreso,2026-09-16,
9098,2197,en_progreso,2026-09-16,
9099,1141,en_progreso,2026-09-16,
9100,309,en_progreso,2026-09-16,
9101,3529,en_progreso,2026-09-16,
9102,402,en_progreso,2026-09-16,
9103,3425,en_progreso,2026-09-16,
9104,383,en_progreso,2026-09-16,
9105,3477,en_progreso,2026-09-16,
9106,1972,en_progreso,2026-09-16,
9107,241,en_progreso,2026-09-16,
9108,1600,en_progreso,2026-09-16,
9109,3212,en_progreso,2026-09-16,
9110,1169,en_progreso,2026-09-16,
9111,4078,en_progreso,2026-09-16,
9112,2712,pausado,2026-09-16,
9113,635,en_progreso,2026-09-16,
9114,240,pausado,2026-09-16,
9115,2221,en_progreso,2026-09-16,
9116,206,pausado,2026-09-16,
9117,2060,en_progreso,2026-09-16,
9118,2176,en_progreso,2026-09-16,
9119,3936,en_progreso,2026-09-16,
9120,281,pausado,2026-09-16,
9121,2766,en_progreso,2026-09-16,
9122,1654,en_progreso,2026-09-16,
9123,1009,pausado,2026-09-16,
9124,163,pausado,2026-09-16,
9125,1718,pausado,2026-09-16,
9126,2316,en_progreso,2026-09-16,
9127,837,pausado,2026-09-16,
9128,1287,en_progreso,2026-09-16,
9129,2752,pausado,2026-09-16,
9130,1873,en_progreso,2026-09-16,
9131,298,en_progreso,2026-09-16,
9132,2307,en_progreso,2026-09-16,
9133,301,en_progreso,2026-09-16,
9134,543,en_progreso,2026-09-16,
9135,3609,en_progreso,2026-09-16,
9136,1168,en_progreso,2026-09-16,
9137,3416,en_progreso,2026-09-16,
9138,4030,en_progreso,2026-09-16,
9139,2679,en_progreso,2026-09-16,
9140,2272,en_progreso,2026-09-16,
9141,2718,en_progreso,2026-09-16,
9142,3597,en_progreso,2026-09-16,
9143,439,pausado,2026-09-16,
9144,637,en_progreso,2026-09-16,
9145,2940,en_progreso,2026-09-16,
9146,3494,en_progreso,2026-09-16,
9147,3709,en_progreso,2026-09-16,
9148,209,en_progreso,2026-09-16,
9149,1134,en_progreso,2026-09-16,
9150,536,pausado,2026-09-16,
9151,1073,en_progreso,2026-09-16,
9152,1810,en_progreso,2026-09-16,
9153,1752,pausado,2026-09-16,
9154,459,en_progreso,2026-09-16,
9155,3703,en_progreso,2026-09-16,
9156,148,en_progreso,2026-09-16,
9157,2386,pausado,2026-09-16,
9158,1761,en_progreso,2026-09-16,
9159,1263,en_progreso,2026-09-16,
9160,3983,en_progreso,2026-09-16,
9161,3682,en_progreso,2026-09-16,
9162,2794,en_progreso,2026-09-16,
9163,422,en_progreso,2026-09-16,
9164,3583,en_progreso,2026-09-16,
9165,634,en_progreso,2026-09-16,
9166,970,en_progreso,2026-09-16,
9167,3999,en_progreso,2026-09-16,
9168,726,en_progreso,2026-09-16,
9169,102,en_progreso,2026-09-16,
9170,3205,en_progreso,2026-09-16,
9171,3286,pausado,2026-09-16,
9172,3011,en_progreso,2026-09-16,
9173,1093,en_progreso,2026-09-16,
9174,2873,en_progreso,2026-09-16,
9175,3573,en_progreso,2026-09-16,
9176,1928,en_progreso,2026-09-16,
9177,1886,en_progreso,2026-09-16,
9178,3569,en_progreso,2026-09-16,
9179,792,en_progreso,2026-09-16,
9180,285,en_progreso,2026-09-16,
9181,1144,en_progreso,2026-09-16,
9182,2784,en_progreso,2026-09-16,
9183,2197,en_progreso,2026-09-16,
9184,3593,en_progreso,2026-09-16,
9185,732,pausado,2026-09-16,
9186,4029,en_progreso,2026-09-16,
9187,1780,en_progreso,2026-09-16,
9188,1788,pausado,2026-09-16,
9189,2095,en_progreso,2026-09-16,
9190,779,en_progreso,2026-09-16,
9191,7,en_progreso,2026-09-16,
9192,2814,en_progreso,2026-09-16,
9193,3040,pausado,2026-09-16,
9194,808,en_progreso,2026-09-16,
9195,2721,en_progreso,2026-09-16,
9196,2553,en_progreso,2026-09-16,
9197,2949,en_progreso,2026-09-16,
9198,2078,en_progreso,2026-09-16,
9199,1673,en_progreso,2026-09-16,
9200,2271,en_progreso,2026-09-16,
9201,1723,pausado,2026-09-16,
9202,1553,pausado,2026-09-16,
9203,3698,en_progreso,2026-09-16,
9204,1664,en_progreso,2026-09-16,
9205,1176,en_progreso,2026-09-16,
9206,3219,pausado,2026-09-16,
9207,2682,en_progreso,2026-09-16,
9208,2768,en_progreso,2026-09-16,
9209,3692,en_progreso,2026-09-16,
9210,3015,en_progreso,2026-09-16,
9211,2112,pausado,2026-09-16,
9212,2537,en_progreso,2026-09-16,
9213,3077,en_progreso,2026-09-16,
9214,3304,en_progreso,2026-09-16,
9215,1003,en_progreso,2026-09-16,
9216,2504,en_progreso,2026-09-16,
9217,299,en_progreso,2026-09-16,
9218,2358,en_progreso,2026-09-16,
9219,2025,en_progreso,2026-09-16,
9220,2817,en_progreso,2026-09-16,
9221,3155,en_progreso,2026-09-16,
9222,3189,en_progreso,2026-09-16,
9223,3924,pausado,2026-09-16,
9224,1903,en_progreso,2026-09-16,
9225,3475,en_progreso,2026-09-16,
9226,1904,en_progreso,2026-09-16,
9227,4047,en_progreso,2026-09-16,
9228,1300,en_progreso,2026-09-16,
9229,3652,en_progreso,2026-09-16,
9230,3339,pausado,2026-09-16,
9231,2068,en_progreso,2026-09-16,
9232,1827,en_progreso,2026-09-16,
9233,3047,en_progreso,2026-09-16,
9234,1844,en_progreso,2026-09-16,
9235,2612,en_progreso,2026-09-16,
9236,1985,pausado,2026-09-16,
9237,1125,en_progreso,2026-09-16,
9238,961,en_progreso,2026-09-16,
9239,2213,en_progreso,2026-09-16,
9240,1569,en_progreso,2026-09-16,
9241,2894,en_progreso,2026-09-16,
9242,1356,en_progreso,2026-09-16,
9243,848,en_progreso,2026-09-16,
9244,1596,en_progreso,2026-09-16,
9245,2393,en_progreso,2026-09-16,
9246,81,en_progreso,2026-09-16,
9247,3136,pausado,2026-09-16,
9248,1954,en_progreso,2026-09-16,
9249,3087,en_progreso,2026-09-16,
9250,3424,en_progreso,2026-09-16,
9251,2237,en_progreso,2026-09-16,
9252,3678,en_progreso,2026-09-16,
9253,1786,en_progreso,2026-09-16,
9254,2740,pausado,2026-09-16,
9255,1657,pausado,2026-09-16,
9256,3443,en_progreso,2026-09-16,
9257,2549,en_progreso,2026-09-16,
9258,2425,en_progreso,2026-09-16,
9259,112,en_progreso,2026-09-16,
9260,3551,en_progreso,2026-09-16,
9261,1553,en_progreso,2026-09-16,
9262,1383,en_progreso,2026-09-16,
9263,1553,en_progreso,2026-09-16,
9264,1727,en_progreso,2026-09-16,
9265,80,pausado,2026-09-16,
9266,214,en_progreso,2026-09-16,
9267,1434,en_progreso,2026-09-16,
9268,3922,pausado,2026-09-16,
9269,3090,en_progreso,2026-09-16,
9270,1013,en_progreso,2026-09-16,
9271,84,pausado,2026-09-16,
9272,978,en_progreso,2026-09-16,
9273,2311,en_progreso,2026-09-16,
9274,1905,pausado,2026-09-16,
9275,3142,en_progreso,2026-09-16,
9276,3948,pausado,2026-09-16,
9277,470,en_progreso,2026-09-16,
9278,671,en_progreso,2026-09-16,
9279,443,pausado,2026-09-16,
9280,3805,en_progreso,2026-09-16,
9281,3925,en_progreso,2026-09-16,
9282,813,en_progreso,2026-09-16,
9283,2570,en_progreso,2026-09-16,
9284,1236,en_progreso,2026-09-16,
9285,2460,en_progreso,2026-09-16,
9286,3262,en_progreso,2026-09-16,
9287,3206,en_progreso,2026-09-16,
9288,2710,en_progreso,2026-09-16,
9289,1398,en_progreso,2026-09-16,
9290,2008,en_progreso,2026-09-16,
9291,2604,en_progreso,2026-09-16,
9292,1884,pausado,2026-09-16,
9293,1784,en_progreso,2026-09-16,
9294,2665,en_progreso,2026-09-16,
9295,2205,en_progreso,2026-09-16,
9296,1905,en_progreso,2026-09-16,
9297,1100,en_progreso,2026-09-16,
9298,3829,en_progreso,2026-09-16,
9299,999,en_progreso,2026-09-16,
9300,2335,pausado,2026-09-16,
9301,1553,en_progreso,2026-09-16,
9302,1332,en_progreso,2026-09-16,
9303,869,en_progreso,2026-09-16,
9304,1146,en_progreso,2026-09-16,
9305,2873,en_progreso,2026-09-16,
9306,2277,en_progreso,2026-09-16,
9307,351,en_progreso,2026-09-16,
9308,2275,en_progreso,2026-09-16,
9309,2829,en_progreso,2026-09-16,
9310,1836,en_progreso,2026-09-16,
9311,382,en_progreso,2026-09-16,
9312,997,en_progreso,2026-09-16,
9313,1939,en_progreso,2026-09-16,
9314,1409,en_progreso,2026-09-16,
9315,1355,en_progreso,2026-09-16,
9316,1256,en_progreso,2026-09-16,
9317,789,en_progreso,2026-09-16,
9318,3895,en_progreso,2026-09-16,
9319,759,en_progreso,2026-09-16,
9320,1133,pausado,2026-09-16,
9321,4001,en_progreso,2026-09-16,
9322,2445,en_progreso,2026-09-16,
9323,796,en_progreso,2026-09-16,
9324,1239,en_progreso,2026-09-16,
9325,1124,en_progreso,2026-09-16,
9326,1197,pausado,2026-09-16,
9327,518,pausado,2026-09-16,
9328,3084,en_progreso,2026-09-16,
9329,2352,en_progreso,2026-09-16,
9330,1396,en_progreso,2026-09-16,
9331,3855,en_progreso,2026-09-16,
9332,468,en_progreso,2026-09-16,
9333,1642,en_progreso,2026-09-16,
9334,2812,en_progreso,2026-09-16,
9335,2306,en_progreso,2026-09-16,
9336,349,en_progreso,2026-09-16,
9337,486,pausado,2026-09-16,
9338,1705,pausado,2026-09-16,
9339,3239,pausado,2026-09-16,
9340,3178,en_progreso,2026-09-16,
9341,1846,en_progreso,2026-09-16,
9342,1218,en_progreso,2026-09-16,
9343,4056,en_progreso,2026-09-16,
9344,247,pausado,2026-09-16,
9345,3032,en_progreso,2026-09-16,
9346,2563,en_progreso,2026-09-16,
9347,644,en_progreso,2026-09-16,
9348,642,en_progreso,2026-09-16,
9349,2433,en_progreso,2026-09-16,
9350,1181,pausado,2026-09-16,
9351,2880,en_progreso,2026-09-16,
9352,292,pausado,2026-09-16,
9353,3785,en_progreso,2026-09-16,
9354,2416,pausado,2026-09-16,
9355,3825,en_progreso,2026-09-16,
9356,471,en_progreso,2026-09-16,
9357,2653,en_progreso,2026-09-16,
9358,583,en_progreso,2026-09-16,
9359,1260,pausado,2026-09-16,
9360,3377,pausado,2026-09-16,
9361,1183,en_progreso,2026-09-16,
9362,1246,pausado,2026-09-16,
9363,3862,en_progreso,2026-09-16,
9364,1794,en_progreso,2026-09-16,
9365,164,en_progreso,2026-09-16,
9366,3009,en_progreso,2026-09-16,
9367,375,en_progreso,2026-09-16,
9368,3525,pausado,2026-09-16,
9369,3895,en_progreso,2026-09-16,
9370,3133,pausado,2026-09-16,
9371,1104,pausado,2026-09-16,
9372,3126,en_progreso,2026-09-16,
9373,1928,en_progreso,2026-09-16,
9374,1140,en_progreso,2026-09-16,
9375,2398,en_progreso,2026-09-16,
9376,3970,en_progreso,2026-09-16,
9377,1366,en_progreso,2026-09-16,
9378,659,en_progreso,2026-09-16,
9379,1181,pausado,2026-09-16,
9380,1641,en_progreso,2026-09-16,
9381,2254,en_progreso,2026-09-16,
9382,1034,en_progreso,2026-09-16,
9383,1656,en_progreso,2026-09-16,
9384,3379,en_progreso,2026-09-16,
9385,2694,en_progreso,2026-09-16,
9386,1893,en_progreso,2026-09-16,
9387,1482,pausado,2026-09-16,
9388,2042,en_progreso,2026-09-16,
9389,3113,en_progreso,2026-09-16,
9390,537,en_progreso,2026-09-16,
9391,1795,en_progreso,2026-09-16,
9392,1986,en_progreso,2026-09-16,
9393,2494,en_progreso,2026-09-16,
9394,2908,en_progreso,2026-09-16,
9395,2263,en_progreso,2026-09-16,
9396,3447,en_progreso,2026-09-16,
9397,1891,en_progreso,2026-09-16,
9398,2654,en_progreso,2026-09-16,
9399,2042,en_progreso,2026-09-16,
9400,1196,en_progreso,2026-09-16,
9401,3420,en_progreso,2026-09-16,
9402,1871,pausado,2026-09-16,
9403,1572,en_progreso,2026-09-16,
9404,3057,en_progreso,2026-09-16,
9405,3540,en_progreso,2026-09-16,
9406,3165,en_progreso,2026-09-16,
9407,1700,en_progreso,2026-09-16,
9408,1095,en_progreso,2026-09-16,
9409,1159,pausado,2026-09-16,
9410,3431,pausado,2026-09-16,
9411,4092,pausado,2026-09-16,
9412,3545,en_progreso,2026-09-16,
9413,1414,en_progreso,2026-09-16,
9414,1546,en_progreso,2026-09-16,
9415,773,en_progreso,2026-09-16,
9416,979,pausado,2026-09-16,
9417,957,en_progreso,2026-09-16,
9418,1683,en_progreso,2026-09-16,
9419,2889,en_progreso,2026-09-16,
9420,1562,en_progreso,2026-09-16,
9421,3362,pausado,2026-09-16,
9422,624,en_progreso,2026-09-16,
9423,2058,en_progreso,2026-09-16,
9424,1360,en_progreso,2026-09-16,
9425,3581,en_progreso,2026-09-16,
9426,409,en_progreso,2026-09-16,
9427,2960,en_progreso,2026-09-16,
9428,3973,en_progreso,2026-09-16,
9429,3970,en_progreso,2026-09-16,
9430,1629,pausado,2026-09-16,
9431,3489,en_progreso,2026-09-16,
9432,2186,en_progreso,2026-09-16,
9433,2944,en_progreso,2026-09-16,
9434,1999,en_progreso,2026-09-16,
9435,148,en_progreso,2026-09-16,
9436,962,en_progreso,2026-09-16,
9437,3773,en_progreso,2026-09-16,
9438,371,en_progreso,2026-09-16,
9439,2596,pausado,2026-09-16,
9440,412,en_progreso,2026-09-16,
9441,2843,en_progreso,2026-09-16,
9442,119,en_progreso,2026-09-16,
9443,1202,en_progreso,2026-09-16,
9444,1001,en_progreso,2026-09-16,
9445,3247,en_progreso,2026-09-16,
9446,2497,en_progreso,2026-09-16,
9447,2539,en_progreso,2026-09-16,
9448,2039,en_progreso,2026-09-16,
9449,587,en_progreso,2026-09-16,
9450,1883,en_progreso,2026-09-16,
9451,39,en_progreso,2026-09-16,
9452,1906,en_progreso,2026-09-16,
9453,2776,en_progreso,2026-09-16,
9454,3872,iniciado,2026-09-16,
9455,1416,en_progreso,2026-09-16,
9456,1226,pausado,2026-09-16,
9457,1738,pausado,2026-09-16,
9458,1872,en_progreso,2026-09-16,
9459,816,en_progreso,2026-09-16,
9460,3496,en_progreso,2026-09-16,
9461,2343,en_progreso,2026-09-16,
9462,2865,en_progreso,2026-09-16,
9463,2697,en_progreso,2026-09-16,
9464,3544,pausado,2026-09-16,
9465,3051,en_progreso,2026-09-16,
9466,3730,pausado,2026-09-16,
9467,2035,en_progreso,2026-09-16,
9468,3699,en_progreso,2026-09-16,
9469,2487,en_progreso,2026-09-16,
9470,898,pausado,2026-09-16,
9471,2544,en_progreso,2026-09-16,
9472,3144,en_progreso,2026-09-16,
9473,3434,en_progreso,2026-09-16,
9474,2571,pausado,2026-09-16,
9475,1266,en_progreso,2026-09-16,
9476,137,pausado,2026-09-16,
9477,3000,en_progreso,2026-09-16,
9478,1339,pausado,2026-09-16,
9479,720,en_progreso,2026-09-16,
9480,3590,en_progreso,2026-09-16,
9481,2175,en_progreso,2026-09-16,
9482,674,en_progreso,2026-09-16,
9483,1974,en_progreso,2026-09-16,
9484,1209,pausado,2026-09-16,
9485,1388,en_progreso,2026-09-16,
9486,1919,en_progreso,2026-09-16,
9487,577,en_progreso,2026-09-16,
9488,925,en_progreso,2026-09-16,
9489,2967,pausado,2026-09-16,
9490,1628,en_progreso,2026-09-16,
9491,3296,pausado,2026-09-16,
9492,370,en_progreso,2026-09-16,
9493,58,en_progreso,2026-09-16,
9494,1510,pausado,2026-09-16,
9495,2754,en_progreso,2026-09-16,
9496,2616,en_progreso,2026-09-16,
9497,444,pausado,2026-09-16,
9498,1932,en_progreso,2026-09-16,
9499,3622,en_progreso,2026-09-16,
9500,1344,en_progreso,2026-09-16,
9501,907,pausado,2026-09-16,
9502,2603,en_progreso,2026-09-16,
9503,3725,pausado,2026-09-16,
9504,2660,en_progreso,2026-09-16,
9505,3876,en_progreso,2026-09-16,
9506,476,en_progreso,2026-09-16,
9507,556,en_progreso,2026-09-16,
9508,1520,pausado,2026-09-16,
9509,3044,pausado,2026-09-16,
9510,2213,en_progreso,2026-09-16,
9511,633,en_progreso,2026-09-16,
9512,2683,en_progreso,2026-09-16,
9513,1672,en_progreso,2026-09-16,
9514,1146,en_progreso,2026-09-16,
9515,1518,en_progreso,2026-09-16,
9516,968,en_progreso,2026-09-16,
9517,407,en_progreso,2026-09-16,
9518,1505,en_progreso,2026-09-16,
9519,4006,en_progreso,2026-09-16,
9520,249,en_progreso,2026-09-16,
9521,501,en_progreso,2026-09-16,
9522,3376,en_progreso,2026-09-16,
9523,2629,pausado,2026-09-16,
9524,3978,en_progreso,2026-09-16,
9525,998,en_progreso,2026-09-16,
9526,3224,pausado,2026-09-16,
9527,282,en_progreso,2026-09-16,
9528,2271,en_progreso,2026-09-16,
9529,885,en_progreso,2026-09-16,
9530,955,en_progreso,2026-09-16,
9531,3689,pausado,2026-09-16,
9532,1136,en_progreso,2026-09-16,
9533,593,en_progreso,2026-09-16,
9534,2213,en_progreso,2026-09-16,
9535,2708,en_progreso,2026-09-16,
9536,540,en_progreso,2026-09-16,
9537,975,pausado,2026-09-16,
9538,65,en_progreso,2026-09-16,
9539,3039,en_progreso,2026-09-16,
9540,261,en_progreso,2026-09-16,
9541,2103,pausado,2026-09-16,
9542,1852,en_progreso,2026-09-16,
9543,178,pausado,2026-09-16,
9544,3723,en_progreso,2026-09-16,
9545,2136,en_progreso,2026-09-16,
9546,128,en_progreso,2026-09-16,
9547,1646,en_progreso,2026-09-16,
9548,2918,en_progreso,2026-09-16,
9549,302,en_progreso,2026-09-16,
9550,1320,pausado,2026-09-16,
9551,270,en_progreso,2026-09-16,
9552,2398,en_progreso,2026-09-16,
9553,4074,pausado,2026-09-16,
9554,1208,en_progreso,2026-09-16,
9555,407,en_progreso,2026-09-16,
9556,469,en_progreso,2026-09-16,
9557,2667,en_progreso,2026-09-16,
9558,2259,pausado,2026-09-16,
9559,881,en_progreso,2026-09-16,
9560,1695,en_progreso,2026-09-16,
9561,1704,pausado,2026-09-16,
9562,1281,en_progreso,2026-09-16,
9563,2725,en_progreso,2026-09-16,
9564,2814,en_progreso,2026-09-16,
9565,275,en_progreso,2026-09-16,
9566,1769,en_progreso,2026-09-16,
9567,3326,en_progreso,2026-09-16,
9568,3919,pausado,2026-09-16,
9569,1351,pausado,2026-09-16,
9570,1683,en_progreso,2026-09-16,
9571,3074,en_progreso,2026-09-16,
9572,211,en_progreso,2026-09-16,
9573,2460,en_progreso,2026-09-16,
9574,425,en_progreso,2026-09-16,
9575,872,en_progreso,2026-09-16,
9576,3471,en_progreso,2026-09-16,
9577,1506,en_progreso,2026-09-16,
9578,927,en_progreso,2026-09-16,
9579,3462,pausado,2026-09-16,
9580,3144,en_progreso,2026-09-16,
9581,2514,pausado,2026-09-16,
9582,2281,en_progreso,2026-09-16,
9583,3398,pausado,2026-09-16,
9584,119,en_progreso,2026-09-16,
9585,1266,en_progreso,2026-09-16,
9586,1438,en_progreso,2026-09-16,
9587,2320,pausado,2026-09-16,
9588,286,en_progreso,2026-09-16,
9589,126,en_progreso,2026-09-16,
9590,1541,en_progreso,2026-09-16,
9591,1516,en_progreso,2026-09-16,
9592,3857,en_progreso,2026-09-16,
9593,348,en_progreso,2026-09-16,
9594,638,en_progreso,2026-09-16,
9595,2761,en_progreso,2026-09-16,
9596,1737,en_progreso,2026-09-16,
9597,1119,en_progreso,2026-09-16,
9598,1414,en_progreso,2026-09-16,
9599,2780,pausado,2026-09-16,
9600,2159,pausado,2026-09-16,
9601,187,en_progreso,2026-09-16,
9602,225,en_progreso,2026-09-16,
9603,866,en_progreso,2026-09-16,
9604,3131,en_progreso,2026-09-16,
9605,32,en_progreso,2026-09-16,
9606,530,en_progreso,2026-09-16,
9607,2050,pausado,2026-09-16,
9608,2737,en_progreso,2026-09-16,
9609,296,en_progreso,2026-09-16,
9610,1787,en_progreso,2026-09-16,
9611,3532,en_progreso,2026-09-16,
9612,1759,pausado,2026-09-16,
9613,2907,en_progreso,2026-09-16,
9614,1186,en_progreso,2026-09-16,
9615,86,en_progreso,2026-09-16,
9616,704,en_progreso,2026-09-16,
9617,2532,en_progreso,2026-09-16,
9618,1483,en_progreso,2026-09-16,
9619,997,en_progreso,2026-09-16,
9620,323,en_progreso,2026-09-16,
9621,1391,en_progreso,2026-09-16,
9622,313,en_progreso,2026-09-16,
9623,2089,en_progreso,2026-09-16,
9624,1439,pausado,2026-09-16,
9625,3355,pausado,2026-09-16,
9626,605,en_progreso,2026-09-16,
9627,809,en_progreso,2026-09-16,
9628,3110,pausado,2026-09-16,
9629,726,en_progreso,2026-09-16,
9630,2573,en_progreso,2026-09-16,
9631,3113,pausado,2026-09-16,
9632,2790,en_progreso,2026-09-16,
9633,2313,pausado,2026-09-16,
9634,4041,pausado,2026-09-16,
9635,3540,en_progreso,2026-09-16,
9636,1295,en_progreso,2026-09-16,
9637,1812,pausado,2026-09-16,
9638,3262,en_progreso,2026-09-16,
9639,231,en_progreso,2026-09-16,
9640,1892,en_progreso,2026-09-16,
9641,234,en_progreso,2026-09-16,
9642,2641,en_progreso,2026-09-16,
9643,3504,en_progreso,2026-09-16,
9644,1575,en_progreso,2026-09-16,
9645,3244,pausado,2026-09-16,
9646,169,en_progreso,2026-09-16,
9647,3318,pausado,2026-09-16,
9648,772,en_progreso,2026-09-16,
9649,618,en_progreso,2026-09-16,
9650,1846,en_progreso,2026-09-16,
9651,3683,en_progreso,2026-09-16,
9652,4024,pausado,2026-09-16,
9653,2067,pausado,2026-09-16,
9654,161,en_progreso,2026-09-16,
9655,1800,en_progreso,2026-09-16,
9656,1491,en_progreso,2026-09-16,
9657,1675,en_progreso,2026-09-16,
9658,2781,pausado,2026-09-16,
9659,3233,pausado,2026-09-16,
9660,1371,en_progreso,2026-09-16,
9661,2779,en_progreso,2026-09-16,
9662,3489,pausado,2026-09-16,
9663,3713,pausado,2026-09-16,
9664,616,en_progreso,2026-09-16,
9665,580,en_progreso,2026-09-16,
9666,1271,en_progreso,2026-09-16,
9667,2861,pausado,2026-09-16,
9668,529,pausado,2026-09-16,
9669,3843,en_progreso,2026-09-16,
9670,2636,en_progreso,2026-09-16,
9671,3331,en_progreso,2026-09-16,
9672,2879,en_progreso,2026-09-16,
9673,3027,en_progreso,2026-09-16,
9674,3738,en_progreso,2026-09-16,
9675,1735,en_progreso,2026-09-16,
9676,75,en_progreso,2026-09-16,
9677,878,en_progreso,2026-09-16,
9678,787,en_progreso,2026-09-16,
9679,317,en_progreso,2026-09-16,
9680,2080,en_progreso,2026-09-16,
9681,3421,pausado,2026-09-16,
9682,2157,en_progreso,2026-09-16,
9683,3139,pausado,2026-09-16,
9684,2447,en_progreso,2026-09-16,
9685,3406,pausado,2026-09-16,
9686,2559,en_progreso,2026-09-16,
9687,679,pausado,2026-09-16,
9688,179,en_progreso,2026-09-16,
9689,973,en_progreso,2026-09-16,
9690,2501,en_progreso,2026-09-16,
9691,1839,en_progreso,2026-09-16,
9692,3956,en_progreso,2026-09-16,
9693,1922,en_progreso,2026-09-16,
9694,795,en_progreso,2026-09-16,
9695,4033,en_progreso,2026-09-16,
9696,3188,en_progreso,2026-09-16,
9697,3958,en_progreso,2026-09-16,
9698,2477,en_progreso,2026-09-16,
9699,2627,en_progreso,2026-09-16,
9700,3827,en_progreso,2026-09-16,
9701,3487,en_progreso,2026-09-16,
9702,657,en_progreso,2026-09-16,
9703,604,en_progreso,2026-09-16,
9704,376,en_progreso,2026-09-16,
9705,910,en_progreso,2026-09-16,
9706,3624,en_progreso,2026-09-16,
9707,110,en_progreso,2026-09-16,
9708,1532,en_progreso,2026-09-16,
9709,4074,en_progreso,2026-09-16,
9710,1306,en_progreso,2026-09-16,
9711,3438,pausado,2026-09-16,
9712,1374,en_progreso,2026-09-16,
9713,564,en_progreso,2026-09-16,
9714,1936,pausado,2026-09-16,
9715,569,en_progreso,2026-09-16,
9716,1922,en_progreso,2026-09-16,
9717,22,en_progreso,2026-09-16,
9718,78,en_progreso,2026-09-16,
9719,2248,en_progreso,2026-09-16,
9720,2494,en_progreso,2026-09-16,
9721,456,en_progreso,2026-09-16,
9722,974,en_progreso,2026-09-16,
9723,1720,pausado,2026-09-16,
9724,2552,en_progreso,2026-09-16,
9725,3708,en_progreso,2026-09-16,
9726,2589,en_progreso,2026-09-16,
9727,589,en_progreso,2026-09-16,
9728,1446,en_progreso,2026-09-16,
9729,2722,pausado,2026-09-16,
9730,2145,en_progreso,2026-09-16,
9731,278,en_progreso,2026-09-16,
9732,2229,en_progreso,2026-09-16,
9733,2270,en_progreso,2026-09-16,
9734,179,pausado,2026-09-16,
9735,4019,en_progreso,2026-09-16,
9736,1463,en_progreso,2026-09-16,
9737,1413,en_progreso,2026-09-16,
9738,425,en_progreso,2026-09-16,
9739,3012,en_progreso,2026-09-16,
9740,547,en_progreso,2026-09-16,
9741,3333,pausado,2026-09-16,
9742,3402,en_progreso,2026-09-16,
9743,1904,en_progreso,2026-09-16,
9744,1961,pausado,2026-09-16,
9745,3324,en_progreso,2026-09-16,
9746,3866,en_progreso,2026-09-16,
9747,180,en_progreso,2026-09-16,
9748,3629,en_progreso,2026-09-16,
9749,2112,en_progreso,2026-09-16,
9750,1940,en_progreso,2026-09-16,
9751,783,en_progreso,2026-09-16,
9752,196,en_progreso,2026-09-16,
9753,1360,en_progreso,2026-09-16,
9754,3275,en_progreso,2026-09-16,
9755,3045,en_progreso,2026-09-16,
9756,1389,en_progreso,2026-09-16,
9757,2033,pausado,2026-09-16,
9758,1505,en_progreso,2026-09-16,
9759,2127,en_progreso,2026-09-16,
9760,1739,en_progreso,2026-09-16,
9761,3369,en_progreso,2026-09-16,
9762,421,en_progreso,2026-09-16,
9763,1256,en_progreso,2026-09-16,
9764,683,pausado,2026-09-16,
9765,1440,en_progreso,2026-09-16,
9766,3734,en_progreso,2026-09-16,
9767,1125,pausado,2026-09-16,
9768,3242,en_progreso,2026-09-16,
9769,308,pausado,2026-09-16,
9770,1664,en_progreso,2026-09-16,
9771,2783,en_progreso,2026-09-16,
9772,3477,pausado,2026-09-16,
9773,3201,en_progreso,2026-09-16,
9774,967,en_progreso,2026-09-16,
9775,1501,en_progreso,2026-09-16,
9776,133,pausado,2026-09-16,
9777,2782,en_progreso,2026-09-16,
9778,1520,en_progreso,2026-09-16,
9779,2351,en_progreso,2026-09-16,
9780,1288,pausado,2026-09-16,
9781,1023,en_progreso,2026-09-16,
9782,107,pausado,2026-09-16,
9783,2045,en_progreso,2026-09-16,
9784,483,en_progreso,2026-09-16,
9785,1828,en_progreso,2026-09-16,
9786,2843,en_progreso,2026-09-16,
9787,2012,en_progreso,2026-09-16,
9788,304,en_progreso,2026-09-16,
9789,1824,en_progreso,2026-09-16,
9790,3320,pausado,2026-09-16,
9791,3464,en_progreso,2026-09-16,
9792,2736,en_progreso,2026-09-16,
9793,2221,en_progreso,2026-09-16,
9794,646,pausado,2026-09-16,
9795,3799,pausado,2026-09-16,
9796,714,en_progreso,2026-09-16,
9797,2084,en_progreso,2026-09-16,
9798,3245,en_progreso,2026-09-16,
9799,108,en_progreso,2026-09-16,
9800,1915,en_progreso,2026-09-16,
9801,2260,en_progreso,2026-09-16,
9802,270,en_progreso,2026-09-16,
9803,2945,en_progreso,2026-09-16,
9804,1678,en_progreso,2026-09-16,
9805,303,en_progreso,2026-09-16,
9806,304,en_progreso,2026-09-16,
9807,1412,en_progreso,2026-09-16,
9808,2259,pausado,2026-09-16,
9809,746,en_progreso,2026-09-16,
9810,529,en_progreso,2026-09-16,
9811,227,en_progreso,2026-09-16,
9812,2123,en_progreso,2026-09-16,
9813,1322,en_progreso,2026-09-16,
9814,924,en_progreso,2026-09-16,
9815,3666,en_progreso,2026-09-16,
9816,805,pausado,2026-09-16,
9817,2257,en_progreso,2026-09-16,
9818,2517,en_progreso,2026-09-16,
9819,691,pausado,2026-09-16,
9820,2379,en_progreso,2026-09-16,
9821,2952,completado,2026-09-16,Modulo finalizado por el estudiante
9822,1383,en_progreso,2026-09-16,
9823,2309,iniciado,2026-09-16,
9824,169,en_progreso,2026-09-16,
9825,117,en_progreso,2026-09-16,
9826,3159,pausado,2026-09-16,
9827,2668,en_progreso,2026-09-16,
9828,2532,pausado,2026-09-16,
9829,2040,en_progreso,2026-09-16,
9830,2235,en_progreso,2026-09-16,
9831,1979,en_progreso,2026-09-16,
9832,1664,en_progreso,2026-09-16,
9833,246,en_progreso,2026-09-16,
9834,1903,en_progreso,2026-09-16,
9835,1281,en_progreso,2026-09-16,
9836,1308,pausado,2026-09-16,
9837,3526,en_progreso,2026-09-16,
9838,3116,en_progreso,2026-09-16,
9839,1308,en_progreso,2026-09-16,
9840,1842,en_progreso,2026-09-16,
9841,1189,en_progreso,2026-09-16,
9842,3540,en_progreso,2026-09-16,
9843,1017,en_progreso,2026-09-16,
9844,3696,en_progreso,2026-09-16,
9845,2367,pausado,2026-09-16,
9846,778,en_progreso,2026-09-16,
9847,2041,en_progreso,2026-09-16,
9848,1913,en_progreso,2026-09-16,
9849,1264,en_progreso,2026-09-16,
9850,1611,en_progreso,2026-09-16,
9851,882,en_progreso,2026-09-16,
9852,200,en_progreso,2026-09-16,
9853,3615,en_progreso,2026-09-16,
9854,2755,en_progreso,2026-09-16,
9855,3471,en_progreso,2026-09-16,
9856,1084,en_progreso,2026-09-16,
9857,3129,en_progreso,2026-09-16,
9858,210,pausado,2026-09-16,
9859,798,en_progreso,2026-09-16,
9860,1583,en_progreso,2026-09-16,
9861,1146,en_progreso,2026-09-16,
9862,2553,pausado,2026-09-16,
9863,487,en_progreso,2026-09-16,
9864,1529,en_progreso,2026-09-16,
9865,1389,en_progreso,2026-09-16,
9866,1498,en_progreso,2026-09-16,
9867,816,en_progreso,2026-09-16,
9868,1645,en_progreso,2026-09-16,
9869,562,pausado,2026-09-16,
9870,3294,en_progreso,2026-09-16,
9871,2484,en_progreso,2026-09-16,
9872,573,en_progreso,2026-09-16,
9873,666,en_progreso,2026-09-16,
9874,3452,en_progreso,2026-09-16,
9875,1378,en_progreso,2026-09-16,
9876,2007,pausado,2026-09-16,
9877,1228,en_progreso,2026-09-16,
9878,1357,pausado,2026-09-16,
9879,4014,en_progreso,2026-09-16,
9880,3682,en_progreso,2026-09-16,
9881,2819,pausado,2026-09-16,
9882,2445,en_progreso,2026-09-16,
9883,3207,en_progreso,2026-09-16,
9884,2370,pausado,2026-09-16,
9885,2955,en_progreso,2026-09-16,
9886,2148,pausado,2026-09-16,
9887,2539,en_progreso,2026-09-16,
9888,1558,en_progreso,2026-09-16,
9889,130,pausado,2026-09-16,
9890,2870,en_progreso,2026-09-16,
9891,1285,en_progreso,2026-09-16,
9892,836,en_progreso,2026-09-16,
9893,3771,en_progreso,2026-09-16,
9894,2980,en_progreso,2026-09-16,
9895,850,pausado,2026-09-16,
9896,4089,pausado,2026-09-16,
9897,2153,en_progreso,2026-09-16,
9898,1883,en_progreso,2026-09-16,
9899,1403,en_progreso,2026-09-16,
9900,3554,pausado,2026-09-16,
9901,2635,en_progreso,2026-09-16,
9902,1083,pausado,2026-09-16,
9903,788,en_progreso,2026-09-16,
9904,1143,en_progreso,2026-09-16,
9905,922,en_progreso,2026-09-16,
9906,4024,en_progreso,2026-09-16,
9907,850,pausado,2026-09-16,
9908,2003,en_progreso,2026-09-16,
9909,3825,en_progreso,2026-09-16,
9910,2956,en_progreso,2026-09-16,
9911,2772,en_progreso,2026-09-16,
9912,1617,en_progreso,2026-09-16,
9913,3911,en_progreso,2026-09-16,
9914,600,en_progreso,2026-09-16,
9915,2926,en_progreso,2026-09-16,
9916,2687,en_progreso,2026-09-16,
9917,828,en_progreso,2026-09-16,
9918,1111,completado,2026-09-16,Modulo finalizado por el estudiante
9919,2852,en_progreso,2026-09-16,
9920,448,pausado,2026-09-16,
9921,2404,en_progreso,2026-09-16,
9922,3708,en_progreso,2026-09-16,
9923,216,en_progreso,2026-09-16,
9924,1935,en_progreso,2026-09-16,
9925,22,en_progreso,2026-09-16,
9926,4006,en_progreso,2026-09-16,
9927,1667,pausado,2026-09-16,
9928,3608,en_progreso,2026-09-16,
9929,1956,pausado,2026-09-16,
9930,3097,en_progreso,2026-09-16,
9931,1316,en_progreso,2026-09-16,
9932,3149,en_progreso,2026-09-16,
9933,2192,pausado,2026-09-16,
9934,3483,en_progreso,2026-09-16,
9935,3741,en_progreso,2026-09-16,
9936,1712,en_progreso,2026-09-16,
9937,721,en_progreso,2026-09-16,
9938,149,en_progreso,2026-09-16,
9939,1627,en_progreso,2026-09-16,
9940,764,en_progreso,2026-09-16,
9941,3941,en_progreso,2026-09-16,
9942,1186,en_progreso,2026-09-16,
9943,38,en_progreso,2026-09-16,
9944,3803,en_progreso,2026-09-16,
9945,1166,en_progreso,2026-09-16,
9946,2148,en_progreso,2026-09-16,
9947,3486,en_progreso,2026-09-16,
9948,3313,en_progreso,2026-09-16,
9949,666,pausado,2026-09-16,
9950,2656,en_progreso,2026-09-16,
9951,3018,en_progreso,2026-09-16,
9952,2763,en_progreso,2026-09-16,
9953,719,pausado,2026-09-16,
9954,2617,en_progreso,2026-09-16,
9955,3388,en_progreso,2026-09-16,
9956,1642,pausado,2026-09-16,
9957,757,en_progreso,2026-09-16,
9958,1956,en_progreso,2026-09-16,
9959,1069,en_progreso,2026-09-16,
9960,1094,en_progreso,2026-09-16,
9961,1237,pausado,2026-09-16,
9962,2347,en_progreso,2026-09-16,
9963,2838,en_progreso,2026-09-16,
9964,1907,en_progreso,2026-09-16,
9965,2059,en_progreso,2026-09-16,
9966,3637,pausado,2026-09-16,
9967,1274,pausado,2026-09-16,
9968,2617,en_progreso,2026-09-16,
9969,1209,en_progreso,2026-09-16,
9970,3922,en_progreso,2026-09-16,
9971,3063,en_progreso,2026-09-16,
9972,1531,en_progreso,2026-09-16,
9973,1929,completado,2026-09-16,Modulo finalizado por el estudiante
9974,3285,pausado,2026-09-16,
9975,895,completado,2026-09-16,Modulo finalizado por el estudiante
9976,2787,completado,2026-09-16,Modulo finalizado por el estudiante
9977,3577,en_progreso,2026-09-16,
9978,2153,en_progreso,2026-09-16,
9979,320,en_progreso,2026-09-16,
9980,460,en_progreso,2026-09-16,
9981,2071,en_progreso,2026-09-16,
9982,674,en_progreso,2026-09-16,
9983,477,pausado,2026-09-16,
9984,2937,pausado,2026-09-16,
9985,373,en_progreso,2026-09-16,
9986,1825,completado,2026-09-16,Modulo finalizado por el estudiante
9987,1858,en_progreso,2026-09-16,
9988,2310,en_progreso,2026-09-16,
9989,3306,en_progreso,2026-09-16,
9990,1043,iniciado,2026-09-16,
9991,3345,en_progreso,2026-09-16,
9992,300,iniciado,2026-09-16,
9993,186,en_progreso,2026-09-16,
9994,2217,abandonado,2026-09-16,Sin actividad posterior registrada
9995,3829,completado,2026-09-16,Modulo finalizado por el estudiante
9996,4040,completado,2026-09-16,Modulo finalizado por el estudiante
9997,130,en_progreso,2026-09-16,
9998,555,iniciado,2026-09-16,
9999,3137,en_progreso,2026-09-16,
10000,2988,iniciado,2026-09-16,
