id_progreso_modulo,id_inscripcion,id_modulo,estado_modulo,porcentaje_avance_modulo,fecha_actualizacion
1,1,38,no_iniciado,0,2026-05-19
2,1,39,en_progreso,10,2026-09-07
3,1,40,en_progreso,10,2026-09-07
4,1,41,no_iniciado,0,2026-05-19
5,1,42,en_progreso,10,2026-09-08
6,1,43,no_iniciado,0,2026-05-19
7,2,1,en_progreso,10,2026-09-07
8,2,2,no_iniciado,0,2026-06-28
9,2,3,en_progreso,10,2026-09-07
10,2,4,no_iniciado,0,2026-06-28
11,3,56,en_progreso,10,2026-09-08
12,3,57,en_progreso,59.52,2026-09-10
13,3,58,no_iniciado,0,2026-07-16
14,3,59,abandonado,58.62,2026-09-10
15,3,60,en_progreso,10,2026-09-07
16,4,5,no_iniciado,0,2026-08-06
17,4,6,no_iniciado,0,2026-08-06
18,4,7,no_iniciado,0,2026-08-06
19,4,8,no_iniciado,0,2026-08-06
20,5,38,no_iniciado,0,2026-07-10
21,5,39,no_iniciado,0,2026-07-10
22,5,40,no_iniciado,0,2026-07-10
23,5,41,en_progreso,10,2026-09-07
24,5,42,no_iniciado,0,2026-07-10
25,5,43,en_progreso,10,2026-09-07
26,6,50,en_progreso,10,2026-09-08
27,6,51,en_progreso,10,2026-09-07
28,6,52,no_iniciado,0,2026-08-30
29,6,53,no_iniciado,0,2026-08-30
30,6,54,en_progreso,29.47,2026-09-10
31,6,55,no_iniciado,0,2026-08-30
32,7,21,en_progreso,50.64,2026-09-10
33,7,22,en_progreso,10,2026-09-10
34,7,23,no_iniciado,0,2026-08-29
35,7,24,no_iniciado,0,2026-08-29
36,7,25,no_iniciado,0,2026-08-29
37,7,26,no_iniciado,0,2026-08-29
38,7,27,no_iniciado,0,2026-08-29
39,8,17,en_progreso,10,2026-09-07
40,8,18,en_progreso,10,2026-09-07
41,8,19,no_iniciado,0,2026-04-22
42,8,20,no_iniciado,0,2026-04-22
43,9,9,no_iniciado,0,2026-08-25
44,9,10,no_iniciado,0,2026-08-25
45,9,11,no_iniciado,0,2026-08-25
46,9,12,no_iniciado,0,2026-08-25
47,10,32,no_iniciado,0,2026-05-06
48,10,33,en_progreso,10,2026-09-10
49,10,34,no_iniciado,0,2026-05-06
50,10,35,no_iniciado,0,2026-05-06
51,10,36,en_progreso,10,2026-09-07
52,10,37,completado,95,2026-09-10
53,11,56,no_iniciado,0,2026-07-19
54,11,57,no_iniciado,0,2026-07-19
55,11,58,no_iniciado,0,2026-07-19
56,11,59,no_iniciado,0,2026-07-19
57,11,60,en_progreso,10,2026-09-08
58,12,17,en_progreso,45.55,2026-09-10
59,12,18,no_iniciado,0,2026-05-20
60,12,19,no_iniciado,0,2026-05-20
61,12,20,en_progreso,31.83,2026-09-09
62,13,38,no_iniciado,0,2026-07-27
63,13,39,en_progreso,10,2026-09-08
64,13,40,no_iniciado,0,2026-07-27
65,13,41,en_progreso,20.79,2026-09-09
66,13,42,no_iniciado,0,2026-07-27
67,13,43,no_iniciado,0,2026-07-27
68,14,9,en_progreso,10,2026-09-10
69,14,10,no_iniciado,0,2026-06-12
70,14,11,no_iniciado,0,2026-06-12
71,14,12,en_progreso,10,2026-09-07
72,15,5,no_iniciado,0,2026-08-16
73,15,6,no_iniciado,0,2026-08-16
74,15,7,no_iniciado,0,2026-08-16
75,15,8,en_progreso,22.7,2026-09-10
76,16,50,no_iniciado,0,2026-07-11
77,16,51,no_iniciado,0,2026-07-11
78,16,52,no_iniciado,0,2026-07-11
79,16,53,no_iniciado,0,2026-07-11
80,16,54,en_progreso,10,2026-09-10
81,16,55,completado,95,2026-09-09
82,17,17,no_iniciado,0,2026-07-21
83,17,18,no_iniciado,0,2026-07-21
84,17,19,en_progreso,27.05,2026-09-10
85,17,20,en_progreso,10,2026-09-08
86,18,38,no_iniciado,0,2026-06-22
87,18,39,en_progreso,10,2026-09-10
88,18,40,en_progreso,40,2026-09-10
89,18,41,no_iniciado,0,2026-06-22
90,18,42,en_progreso,10,2026-09-08
91,18,43,no_iniciado,0,2026-06-22
92,19,44,no_iniciado,0,2026-06-09
93,19,45,no_iniciado,0,2026-06-09
94,19,46,no_iniciado,0,2026-06-09
95,19,47,no_iniciado,0,2026-06-09
96,19,48,no_iniciado,0,2026-06-09
97,19,49,en_progreso,10,2026-09-07
98,20,13,no_iniciado,0,2026-05-13
99,20,14,no_iniciado,0,2026-05-13
100,20,15,no_iniciado,0,2026-05-13
101,20,16,en_progreso,10,2026-09-07
102,21,21,en_progreso,57.74,2026-09-10
103,21,22,en_progreso,10,2026-09-08
104,21,23,no_iniciado,0,2026-07-08
105,21,24,no_iniciado,0,2026-07-08
106,21,25,en_progreso,65.17,2026-09-10
107,21,26,en_progreso,10,2026-09-10
108,21,27,en_progreso,47.16,2026-09-10
109,22,38,en_progreso,10,2026-09-07
110,22,39,en_progreso,25.95,2026-09-10
111,22,40,en_progreso,10,2026-09-09
112,22,41,en_progreso,26.43,2026-09-09
113,22,42,no_iniciado,0,2026-07-22
114,22,43,no_iniciado,0,2026-07-22
115,23,1,no_iniciado,0,2026-06-15
116,23,2,no_iniciado,0,2026-06-15
117,23,3,en_progreso,10,2026-09-10
118,23,4,no_iniciado,0,2026-06-15
119,24,44,en_progreso,73.02,2026-09-10
120,24,45,no_iniciado,0,2026-07-25
121,24,46,no_iniciado,0,2026-07-25
122,24,47,no_iniciado,0,2026-07-25
123,24,48,en_progreso,50.47,2026-09-10
124,24,49,no_iniciado,0,2026-07-25
125,25,21,no_iniciado,0,2026-06-17
126,25,22,en_progreso,10,2026-09-10
127,25,23,no_iniciado,0,2026-06-17
128,25,24,en_progreso,44.36,2026-09-10
129,25,25,completado,100,2026-09-10
130,25,26,no_iniciado,0,2026-06-17
131,25,27,en_progreso,10,2026-09-07
132,26,1,en_progreso,10,2026-09-07
133,26,2,en_progreso,10,2026-09-09
134,26,3,en_progreso,10,2026-09-08
135,26,4,no_iniciado,0,2026-08-19
136,27,5,no_iniciado,0,2026-08-27
137,27,6,en_progreso,10,2026-09-09
138,27,7,no_iniciado,0,2026-08-27
139,27,8,no_iniciado,0,2026-08-27
140,28,17,no_iniciado,0,2026-08-20
141,28,18,no_iniciado,0,2026-08-20
142,28,19,no_iniciado,0,2026-08-20
143,28,20,no_iniciado,0,2026-08-20
144,29,13,no_iniciado,0,2026-08-12
145,29,14,no_iniciado,0,2026-08-12
146,29,15,no_iniciado,0,2026-08-12
147,29,16,no_iniciado,0,2026-08-12
148,30,13,completado,95,2026-09-10
149,30,14,no_iniciado,0,2026-08-22
150,30,15,en_progreso,10,2026-09-09
151,30,16,en_progreso,10,2026-09-09
152,31,5,en_progreso,10,2026-09-09
153,31,6,en_progreso,10,2026-09-08
154,31,7,no_iniciado,0,2026-05-31
155,31,8,en_progreso,10,2026-09-10
156,32,56,no_iniciado,0,2026-08-06
157,32,57,en_progreso,10,2026-09-09
158,32,58,no_iniciado,0,2026-08-06
159,32,59,en_progreso,10,2026-09-07
160,32,60,no_iniciado,0,2026-08-06
161,33,32,en_progreso,10,2026-09-10
162,33,33,en_progreso,26.61,2026-09-10
163,33,34,en_progreso,10,2026-09-10
164,33,35,completado,95,2026-09-10
165,33,36,en_progreso,22.06,2026-09-10
166,33,37,no_iniciado,0,2026-07-13
167,34,38,no_iniciado,0,2026-05-17
168,34,39,no_iniciado,0,2026-05-17
169,34,40,completado,100,2026-09-10
170,34,41,no_iniciado,0,2026-05-17
171,34,42,no_iniciado,0,2026-05-17
172,34,43,en_progreso,24.65,2026-09-09
173,35,9,no_iniciado,0,2026-05-27
174,35,10,en_progreso,10,2026-09-10
175,35,11,no_iniciado,0,2026-05-27
176,35,12,no_iniciado,0,2026-05-27
177,36,32,no_iniciado,0,2026-06-03
178,36,33,en_progreso,10,2026-09-10
179,36,34,en_progreso,27.09,2026-09-10
180,36,35,en_progreso,10,2026-09-10
181,36,36,en_progreso,31.57,2026-09-08
182,36,37,en_progreso,10,2026-09-07
183,37,38,no_iniciado,0,2026-07-27
184,37,39,no_iniciado,0,2026-07-27
185,37,40,no_iniciado,0,2026-07-27
186,37,41,en_progreso,10,2026-09-08
187,37,42,en_progreso,34.77,2026-09-10
188,37,43,en_progreso,10,2026-09-07
189,38,9,en_progreso,20.84,2026-09-09
190,38,10,en_progreso,10,2026-09-07
191,38,11,no_iniciado,0,2026-06-06
192,38,12,no_iniciado,0,2026-06-06
193,39,38,completado,95,2026-09-09
194,39,39,no_iniciado,0,2026-05-23
195,39,40,no_iniciado,0,2026-05-23
196,39,41,completado,100,2026-09-10
197,39,42,no_iniciado,0,2026-05-23
198,39,43,no_iniciado,0,2026-05-23
199,40,44,no_iniciado,0,2026-06-06
200,40,45,no_iniciado,0,2026-06-06
201,40,46,en_progreso,10,2026-09-09
202,40,47,no_iniciado,0,2026-06-06
203,40,48,no_iniciado,0,2026-06-06
204,40,49,en_progreso,10,2026-09-10
205,41,13,no_iniciado,0,2026-06-05
206,41,14,en_progreso,24.91,2026-09-07
207,41,15,no_iniciado,0,2026-06-05
208,41,16,completado,95,2026-09-10
209,42,38,en_progreso,59.05,2026-09-10
210,42,39,en_progreso,10,2026-09-10
211,42,40,abandonado,34.53,2026-09-10
212,42,41,no_iniciado,0,2026-08-24
213,42,42,no_iniciado,0,2026-08-24
214,42,43,abandonado,95,2026-09-10
215,43,56,en_progreso,10,2026-09-09
216,43,57,no_iniciado,0,2026-05-20
217,43,58,no_iniciado,0,2026-05-20
218,43,59,no_iniciado,0,2026-05-20
219,43,60,no_iniciado,0,2026-05-20
220,44,13,en_progreso,54.34,2026-09-10
221,44,14,no_iniciado,0,2026-08-22
222,44,15,en_progreso,10,2026-09-08
223,44,16,en_progreso,10,2026-09-09
224,45,17,en_progreso,10,2026-09-08
225,45,18,en_progreso,24.52,2026-09-10
226,45,19,no_iniciado,0,2026-08-24
227,45,20,en_progreso,10,2026-09-10
228,46,50,no_iniciado,0,2026-07-13
229,46,51,no_iniciado,0,2026-07-13
230,46,52,en_progreso,10,2026-09-07
231,46,53,en_progreso,21.11,2026-09-10
232,46,54,no_iniciado,0,2026-07-13
233,46,55,en_progreso,10,2026-09-07
234,47,56,no_iniciado,0,2026-06-10
235,47,57,en_progreso,61.45,2026-09-10
236,47,58,no_iniciado,0,2026-06-10
237,47,59,no_iniciado,0,2026-06-10
238,47,60,en_progreso,10,2026-09-07
239,48,32,no_iniciado,0,2026-07-12
240,48,33,en_progreso,10,2026-09-07
241,48,34,en_progreso,10,2026-09-07
242,48,35,en_progreso,57.16,2026-09-09
243,48,36,no_iniciado,0,2026-07-12
244,48,37,no_iniciado,0,2026-07-12
245,49,38,en_progreso,10,2026-09-10
246,49,39,en_progreso,26.23,2026-09-10
247,49,40,en_progreso,10,2026-09-09
248,49,41,no_iniciado,0,2026-06-16
249,49,42,en_progreso,22.85,2026-09-08
250,49,43,en_progreso,10,2026-09-10
251,50,5,no_iniciado,0,2026-07-27
252,50,6,no_iniciado,0,2026-07-27
253,50,7,no_iniciado,0,2026-07-27
254,50,8,en_progreso,10,2026-09-10
255,51,13,no_iniciado,0,2026-08-28
256,51,14,en_progreso,10,2026-09-07
257,51,15,no_iniciado,0,2026-08-28
258,51,16,no_iniciado,0,2026-08-28
259,52,5,en_progreso,10,2026-09-08
260,52,6,no_iniciado,0,2026-06-02
261,52,7,en_progreso,10,2026-09-07
262,52,8,no_iniciado,0,2026-06-02
263,53,1,en_progreso,10,2026-09-07
264,53,2,en_progreso,10,2026-09-07
265,53,3,no_iniciado,0,2026-06-04
266,53,4,en_progreso,24.36,2026-09-10
267,54,44,no_iniciado,0,2026-05-03
268,54,45,en_progreso,10,2026-09-07
269,54,46,no_iniciado,0,2026-05-03
270,54,47,en_progreso,95,2026-09-10
271,54,48,no_iniciado,0,2026-05-03
272,54,49,en_progreso,10,2026-09-07
273,55,13,no_iniciado,0,2026-07-30
274,55,14,no_iniciado,0,2026-07-30
275,55,15,en_progreso,10,2026-09-08
276,55,16,en_progreso,10,2026-09-09
277,56,44,en_progreso,10,2026-09-07
278,56,45,no_iniciado,0,2026-08-19
279,56,46,en_progreso,10,2026-09-07
280,56,47,no_iniciado,0,2026-08-19
281,56,48,en_progreso,30.27,2026-09-09
282,56,49,completado,95,2026-09-10
283,57,56,en_progreso,25.12,2026-09-08
284,57,57,abandonado,10,2026-09-09
285,57,58,abandonado,91.07,2026-09-10
286,57,59,en_progreso,51.35,2026-09-10
287,57,60,en_progreso,10,2026-09-07
288,58,5,no_iniciado,0,2026-06-22
289,58,6,no_iniciado,0,2026-06-22
290,58,7,no_iniciado,0,2026-06-22
291,58,8,en_progreso,24.18,2026-09-10
292,59,50,en_progreso,10,2026-09-10
293,59,51,en_progreso,31.89,2026-09-08
294,59,52,no_iniciado,0,2026-06-25
295,59,53,no_iniciado,0,2026-06-25
296,59,54,en_progreso,52.26,2026-09-10
297,59,55,no_iniciado,0,2026-06-25
298,60,1,en_progreso,67.96,2026-09-10
299,60,2,en_progreso,33.29,2026-09-10
300,60,3,no_iniciado,0,2026-06-16
301,60,4,en_progreso,45.18,2026-09-10
302,61,13,completado,100,2026-09-10
303,61,14,en_progreso,55.12,2026-09-10
304,61,15,en_progreso,73.88,2026-09-10
305,61,16,no_iniciado,0,2026-05-08
306,62,1,no_iniciado,0,2026-06-05
307,62,2,en_progreso,10,2026-09-08
308,62,3,en_progreso,10,2026-09-10
309,62,4,completado,100,2026-09-09
310,63,5,no_iniciado,0,2026-04-18
311,63,6,no_iniciado,0,2026-04-18
312,63,7,en_progreso,10,2026-09-08
313,63,8,en_progreso,33.42,2026-09-10
314,64,38,no_iniciado,0,2026-06-04
315,64,39,no_iniciado,0,2026-06-04
316,64,40,no_iniciado,0,2026-06-04
317,64,41,en_progreso,10,2026-09-10
318,64,42,en_progreso,10,2026-09-07
319,64,43,no_iniciado,0,2026-06-04
320,65,17,no_iniciado,0,2026-08-26
321,65,18,no_iniciado,0,2026-08-26
322,65,19,no_iniciado,0,2026-08-26
323,65,20,en_progreso,56.59,2026-09-09
324,66,32,en_progreso,34.93,2026-09-10
325,66,33,no_iniciado,0,2026-04-25
326,66,34,no_iniciado,0,2026-04-25
327,66,35,en_progreso,10,2026-09-07
328,66,36,no_iniciado,0,2026-04-25
329,66,37,en_progreso,10,2026-09-07
330,67,13,en_progreso,10,2026-09-08
331,67,14,en_progreso,35.7,2026-09-09
332,67,15,no_iniciado,0,2026-06-16
333,67,16,en_progreso,29.62,2026-09-10
334,68,38,no_iniciado,0,2026-07-04
335,68,39,en_progreso,10,2026-09-08
336,68,40,en_progreso,31.24,2026-09-07
337,68,41,no_iniciado,0,2026-07-04
338,68,42,no_iniciado,0,2026-07-04
339,68,43,no_iniciado,0,2026-07-04
340,69,56,no_iniciado,0,2026-08-15
341,69,57,no_iniciado,0,2026-08-15
342,69,58,no_iniciado,0,2026-08-15
343,69,59,no_iniciado,0,2026-08-15
344,69,60,completado,95,2026-09-10
345,70,44,no_iniciado,0,2026-05-29
346,70,45,en_progreso,10,2026-09-09
347,70,46,no_iniciado,0,2026-05-29
348,70,47,en_progreso,41.3,2026-09-10
349,70,48,no_iniciado,0,2026-05-29
350,70,49,en_progreso,32.9,2026-09-10
351,71,32,en_progreso,89.12,2026-09-10
352,71,33,no_iniciado,0,2026-09-02
353,71,34,no_iniciado,0,2026-09-02
354,71,35,no_iniciado,0,2026-09-02
355,71,36,no_iniciado,0,2026-09-02
356,71,37,no_iniciado,0,2026-09-02
357,72,13,en_progreso,10,2026-09-07
358,72,14,no_iniciado,0,2026-07-12
359,72,15,no_iniciado,0,2026-07-12
360,72,16,en_progreso,10,2026-09-09
361,73,28,no_iniciado,0,2026-05-21
362,73,29,no_iniciado,0,2026-05-21
363,73,30,no_iniciado,0,2026-05-21
364,73,31,no_iniciado,0,2026-05-21
365,74,13,no_iniciado,0,2026-05-19
366,74,14,no_iniciado,0,2026-05-19
367,74,15,no_iniciado,0,2026-05-19
368,74,16,no_iniciado,0,2026-05-19
369,75,5,no_iniciado,0,2026-07-23
370,75,6,completado,95,2026-09-10
371,75,7,en_progreso,21.48,2026-09-10
372,75,8,no_iniciado,0,2026-07-23
373,76,28,en_progreso,10,2026-09-10
374,76,29,en_progreso,10,2026-09-08
375,76,30,en_progreso,30.11,2026-09-10
376,76,31,completado,95,2026-09-10
377,77,21,no_iniciado,0,2026-07-28
378,77,22,no_iniciado,0,2026-07-28
379,77,23,en_progreso,10,2026-09-07
380,77,24,en_progreso,10,2026-09-07
381,77,25,no_iniciado,0,2026-07-28
382,77,26,en_progreso,95,2026-09-10
383,77,27,completado,95,2026-09-10
384,78,56,en_progreso,10,2026-09-07
385,78,57,no_iniciado,0,2026-08-23
386,78,58,no_iniciado,0,2026-08-23
387,78,59,en_progreso,10,2026-09-07
388,78,60,no_iniciado,0,2026-08-23
389,79,32,no_iniciado,0,2026-06-01
390,79,33,no_iniciado,0,2026-06-01
391,79,34,no_iniciado,0,2026-06-01
392,79,35,no_iniciado,0,2026-06-01
393,79,36,no_iniciado,0,2026-06-01
394,79,37,no_iniciado,0,2026-06-01
395,80,1,no_iniciado,0,2026-05-06
396,80,2,no_iniciado,0,2026-05-06
397,80,3,en_progreso,31.92,2026-09-10
398,80,4,completado,100,2026-09-08
399,81,50,en_progreso,10,2026-09-08
400,81,51,no_iniciado,0,2026-05-01
401,81,52,no_iniciado,0,2026-05-01
402,81,53,en_progreso,10,2026-09-07
403,81,54,no_iniciado,0,2026-05-01
404,81,55,completado,100,2026-09-08
405,82,56,no_iniciado,0,2026-08-07
406,82,57,completado,100,2026-09-09
407,82,58,abandonado,78.01,2026-09-10
408,82,59,no_iniciado,0,2026-08-07
409,82,60,en_progreso,43.7,2026-09-10
410,83,5,no_iniciado,0,2026-08-31
411,83,6,no_iniciado,0,2026-08-31
412,83,7,completado,95,2026-09-08
413,83,8,no_iniciado,0,2026-08-31
414,84,28,en_progreso,10,2026-09-07
415,84,29,en_progreso,28.1,2026-09-10
416,84,30,no_iniciado,0,2026-08-01
417,84,31,no_iniciado,0,2026-08-01
418,85,21,en_progreso,10,2026-09-09
419,85,22,en_progreso,10,2026-09-07
420,85,23,en_progreso,10,2026-09-07
421,85,24,en_progreso,29.91,2026-09-09
422,85,25,en_progreso,28.4,2026-09-10
423,85,26,no_iniciado,0,2026-05-26
424,85,27,no_iniciado,0,2026-05-26
425,86,5,completado,100,2026-09-10
426,86,6,no_iniciado,0,2026-05-27
427,86,7,no_iniciado,0,2026-05-27
428,86,8,no_iniciado,0,2026-05-27
429,87,13,en_progreso,10,2026-09-08
430,87,14,no_iniciado,0,2026-04-19
431,87,15,no_iniciado,0,2026-04-19
432,87,16,no_iniciado,0,2026-04-19
433,88,13,en_progreso,25.43,2026-09-09
434,88,14,en_progreso,28.83,2026-09-10
435,88,15,no_iniciado,0,2026-08-18
436,88,16,en_progreso,10,2026-09-07
437,89,32,en_progreso,10,2026-09-08
438,89,33,no_iniciado,0,2026-07-22
439,89,34,en_progreso,10,2026-09-10
440,89,35,no_iniciado,0,2026-07-22
441,89,36,en_progreso,10,2026-09-10
442,89,37,no_iniciado,0,2026-07-22
443,90,9,en_progreso,33.65,2026-09-10
444,90,10,en_progreso,10,2026-09-10
445,90,11,no_iniciado,0,2026-05-23
446,90,12,no_iniciado,0,2026-05-23
447,91,28,en_progreso,10,2026-09-09
448,91,29,en_progreso,35.7,2026-09-10
449,91,30,en_progreso,10,2026-09-10
450,91,31,en_progreso,10,2026-09-07
451,92,17,en_progreso,10,2026-09-10
452,92,18,no_iniciado,0,2026-05-25
453,92,19,no_iniciado,0,2026-05-25
454,92,20,no_iniciado,0,2026-05-25
455,93,13,en_progreso,10,2026-09-09
456,93,14,no_iniciado,0,2026-04-20
457,93,15,en_progreso,47.11,2026-09-10
458,93,16,no_iniciado,0,2026-04-20
459,94,5,en_progreso,56.5,2026-09-10
460,94,6,no_iniciado,0,2026-04-29
461,94,7,no_iniciado,0,2026-04-29
462,94,8,no_iniciado,0,2026-04-29
463,95,38,no_iniciado,0,2026-06-29
464,95,39,no_iniciado,0,2026-06-29
465,95,40,en_progreso,21.76,2026-09-09
466,95,41,no_iniciado,0,2026-06-29
467,95,42,en_progreso,10,2026-09-08
468,95,43,en_progreso,10,2026-09-07
469,96,5,completado,95,2026-09-10
470,96,6,completado,95,2026-09-10
471,96,7,completado,100,2026-09-09
472,96,8,en_progreso,10,2026-09-08
473,97,50,no_iniciado,0,2026-08-27
474,97,51,en_progreso,65.95,2026-09-10
475,97,52,abandonado,10,2026-09-09
476,97,53,en_progreso,56.62,2026-09-10
477,97,54,no_iniciado,0,2026-08-27
478,97,55,en_progreso,10,2026-09-08
479,98,1,no_iniciado,0,2026-07-10
480,98,2,no_iniciado,0,2026-07-10
481,98,3,no_iniciado,0,2026-07-10
482,98,4,en_progreso,10,2026-09-08
483,99,5,no_iniciado,0,2026-04-29
484,99,6,no_iniciado,0,2026-04-29
485,99,7,no_iniciado,0,2026-04-29
486,99,8,no_iniciado,0,2026-04-29
487,100,13,en_progreso,10,2026-09-10
488,100,14,no_iniciado,0,2026-08-20
489,100,15,no_iniciado,0,2026-08-20
490,100,16,no_iniciado,0,2026-08-20
491,101,28,no_iniciado,0,2026-05-06
492,101,29,en_progreso,31.21,2026-09-09
493,101,30,no_iniciado,0,2026-05-06
494,101,31,no_iniciado,0,2026-05-06
495,102,32,en_progreso,10,2026-09-07
496,102,33,completado,100,2026-09-07
497,102,34,no_iniciado,0,2026-04-11
498,102,35,en_progreso,51.47,2026-09-09
499,102,36,no_iniciado,0,2026-04-11
500,102,37,en_progreso,10,2026-09-09
501,103,13,completado,100,2026-09-09
502,103,14,en_progreso,10,2026-09-10
503,103,15,en_progreso,10,2026-09-09
504,103,16,no_iniciado,0,2026-07-25
505,104,1,no_iniciado,0,2026-05-10
506,104,2,no_iniciado,0,2026-05-10
507,104,3,no_iniciado,0,2026-05-10
508,104,4,no_iniciado,0,2026-05-10
509,105,9,no_iniciado,0,2026-06-28
510,105,10,en_progreso,10,2026-09-08
511,105,11,en_progreso,10,2026-09-10
512,105,12,en_progreso,10,2026-09-07
513,106,1,no_iniciado,0,2026-08-14
514,106,2,en_progreso,10,2026-09-10
515,106,3,no_iniciado,0,2026-08-14
516,106,4,completado,100,2026-09-08
517,107,28,en_progreso,29.5,2026-09-09
518,107,29,en_progreso,78.27,2026-09-10
519,107,30,en_progreso,34.61,2026-09-09
520,107,31,no_iniciado,0,2026-07-11
521,108,32,no_iniciado,0,2026-07-11
522,108,33,en_progreso,10,2026-09-07
523,108,34,abandonado,34.71,2026-09-08
524,108,35,en_progreso,10,2026-09-09
525,108,36,no_iniciado,0,2026-07-11
526,108,37,completado,100,2026-09-09
527,109,17,no_iniciado,0,2026-08-14
528,109,18,en_progreso,10,2026-09-10
529,109,19,en_progreso,10,2026-09-09
530,109,20,en_progreso,10,2026-09-10
531,110,56,no_iniciado,0,2026-05-18
532,110,57,no_iniciado,0,2026-05-18
533,110,58,en_progreso,31.98,2026-09-10
534,110,59,no_iniciado,0,2026-05-18
535,110,60,no_iniciado,0,2026-05-18
536,111,38,en_progreso,10,2026-09-10
537,111,39,completado,95,2026-09-10
538,111,40,no_iniciado,0,2026-09-03
539,111,41,en_progreso,10,2026-09-09
540,111,42,en_progreso,10,2026-09-09
541,111,43,no_iniciado,0,2026-09-03
542,112,56,en_progreso,10,2026-09-08
543,112,57,completado,95,2026-09-10
544,112,58,no_iniciado,0,2026-06-04
545,112,59,no_iniciado,0,2026-06-04
546,112,60,no_iniciado,0,2026-06-04
547,113,32,en_progreso,28.19,2026-09-09
548,113,33,no_iniciado,0,2026-06-11
549,113,34,no_iniciado,0,2026-06-11
550,113,35,no_iniciado,0,2026-06-11
551,113,36,no_iniciado,0,2026-06-11
552,113,37,no_iniciado,0,2026-06-11
553,114,9,no_iniciado,0,2026-06-04
554,114,10,no_iniciado,0,2026-06-04
555,114,11,no_iniciado,0,2026-06-04
556,114,12,completado,95,2026-09-10
557,115,17,no_iniciado,0,2026-08-13
558,115,18,no_iniciado,0,2026-08-13
559,115,19,no_iniciado,0,2026-08-13
560,115,20,no_iniciado,0,2026-08-13
561,116,1,en_progreso,10,2026-09-08
562,116,2,no_iniciado,0,2026-04-21
563,116,3,en_progreso,10,2026-09-08
564,116,4,en_progreso,25.97,2026-09-09
565,117,56,no_iniciado,0,2026-04-27
566,117,57,no_iniciado,0,2026-04-27
567,117,58,completado,95,2026-09-10
568,117,59,no_iniciado,0,2026-04-27
569,117,60,en_progreso,10,2026-09-09
570,118,38,no_iniciado,0,2026-08-14
571,118,39,no_iniciado,0,2026-08-14
572,118,40,en_progreso,28.42,2026-09-07
573,118,41,en_progreso,29.2,2026-09-10
574,118,42,no_iniciado,0,2026-08-14
575,118,43,en_progreso,10,2026-09-09
576,119,1,no_iniciado,0,2026-07-30
577,119,2,completado,100,2026-09-10
578,119,3,no_iniciado,0,2026-07-30
579,119,4,no_iniciado,0,2026-07-30
580,120,21,no_iniciado,0,2026-05-25
581,120,22,no_iniciado,0,2026-05-25
582,120,23,en_progreso,10,2026-09-08
583,120,24,en_progreso,22.49,2026-09-09
584,120,25,no_iniciado,0,2026-05-25
585,120,26,en_progreso,10,2026-09-09
586,120,27,en_progreso,10,2026-09-07
587,121,1,no_iniciado,0,2026-07-22
588,121,2,no_iniciado,0,2026-07-22
589,121,3,no_iniciado,0,2026-07-22
590,121,4,no_iniciado,0,2026-07-22
591,122,50,en_progreso,10,2026-09-08
592,122,51,no_iniciado,0,2026-08-31
593,122,52,abandonado,10,2026-09-08
594,122,53,no_iniciado,0,2026-08-31
595,122,54,no_iniciado,0,2026-08-31
596,122,55,no_iniciado,0,2026-08-31
597,123,32,en_progreso,10,2026-09-08
598,123,33,no_iniciado,0,2026-08-28
599,123,34,no_iniciado,0,2026-08-28
600,123,35,no_iniciado,0,2026-08-28
601,123,36,no_iniciado,0,2026-08-28
602,123,37,no_iniciado,0,2026-08-28
603,124,38,no_iniciado,0,2026-04-17
604,124,39,en_progreso,23.67,2026-09-08
605,124,40,en_progreso,34.4,2026-09-10
606,124,41,no_iniciado,0,2026-04-17
607,124,42,en_progreso,20.63,2026-09-08
608,124,43,en_progreso,10,2026-09-09
609,125,50,en_progreso,10,2026-09-10
610,125,51,no_iniciado,0,2026-05-13
611,125,52,en_progreso,10,2026-09-07
612,125,53,en_progreso,10,2026-09-08
613,125,54,no_iniciado,0,2026-05-13
614,125,55,no_iniciado,0,2026-05-13
615,126,1,no_iniciado,0,2026-06-30
616,126,2,en_progreso,10,2026-09-09
617,126,3,no_iniciado,0,2026-06-30
618,126,4,abandonado,10,2026-09-09
619,127,5,en_progreso,10,2026-09-09
620,127,6,no_iniciado,0,2026-05-14
621,127,7,no_iniciado,0,2026-05-14
622,127,8,en_progreso,10,2026-09-08
623,128,9,no_iniciado,0,2026-04-17
624,128,10,no_iniciado,0,2026-04-17
625,128,11,en_progreso,10,2026-09-07
626,128,12,en_progreso,10,2026-09-07
627,129,56,completado,95,2026-09-09
628,129,57,no_iniciado,0,2026-06-26
629,129,58,en_progreso,10,2026-09-09
630,129,59,no_iniciado,0,2026-06-26
631,129,60,en_progreso,10,2026-09-08
632,130,5,en_progreso,32.47,2026-09-10
633,130,6,completado,95,2026-09-10
634,130,7,completado,95,2026-09-10
635,130,8,en_progreso,32.67,2026-09-09
636,131,50,no_iniciado,0,2026-05-16
637,131,51,en_progreso,29.07,2026-09-10
638,131,52,no_iniciado,0,2026-05-16
639,131,53,no_iniciado,0,2026-05-16
640,131,54,no_iniciado,0,2026-05-16
641,131,55,no_iniciado,0,2026-05-16
642,132,13,en_progreso,43.52,2026-09-10
643,132,14,no_iniciado,0,2026-09-02
644,132,15,en_progreso,46.56,2026-09-10
645,132,16,completado,95,2026-09-10
646,133,5,en_progreso,10,2026-09-09
647,133,6,en_progreso,10,2026-09-07
648,133,7,no_iniciado,0,2026-06-05
649,133,8,en_progreso,10,2026-09-10
650,134,44,no_iniciado,0,2026-04-17
651,134,45,no_iniciado,0,2026-04-17
652,134,46,no_iniciado,0,2026-04-17
653,134,47,en_progreso,10,2026-09-10
654,134,48,en_progreso,10,2026-09-07
655,134,49,en_progreso,10,2026-09-10
656,135,44,abandonado,10,2026-09-09
657,135,45,en_progreso,10,2026-09-10
658,135,46,no_iniciado,0,2026-04-11
659,135,47,en_progreso,50.82,2026-09-10
660,135,48,no_iniciado,0,2026-04-11
661,135,49,no_iniciado,0,2026-04-11
662,136,1,en_progreso,31.68,2026-09-09
663,136,2,no_iniciado,0,2026-06-06
664,136,3,no_iniciado,0,2026-06-06
665,136,4,en_progreso,10,2026-09-09
666,137,44,en_progreso,10,2026-09-10
667,137,45,en_progreso,36.28,2026-09-10
668,137,46,no_iniciado,0,2026-07-29
669,137,47,no_iniciado,0,2026-07-29
670,137,48,en_progreso,52.15,2026-09-10
671,137,49,abandonado,58.94,2026-09-10
672,138,5,no_iniciado,0,2026-08-05
673,138,6,no_iniciado,0,2026-08-05
674,138,7,en_progreso,54.74,2026-09-10
675,138,8,en_progreso,34.02,2026-09-10
676,139,50,no_iniciado,0,2026-04-30
677,139,51,completado,100,2026-09-07
678,139,52,no_iniciado,0,2026-04-30
679,139,53,no_iniciado,0,2026-04-30
680,139,54,en_progreso,10,2026-09-10
681,139,55,no_iniciado,0,2026-04-30
682,140,44,en_progreso,10,2026-09-10
683,140,45,en_progreso,10,2026-09-10
684,140,46,no_iniciado,0,2026-06-14
685,140,47,no_iniciado,0,2026-06-14
686,140,48,no_iniciado,0,2026-06-14
687,140,49,no_iniciado,0,2026-06-14
688,141,38,en_progreso,10,2026-09-07
689,141,39,en_progreso,10,2026-09-08
690,141,40,no_iniciado,0,2026-06-04
691,141,41,no_iniciado,0,2026-06-04
692,141,42,no_iniciado,0,2026-06-04
693,141,43,no_iniciado,0,2026-06-04
694,142,21,no_iniciado,0,2026-07-07
695,142,22,no_iniciado,0,2026-07-07
696,142,23,en_progreso,10,2026-09-08
697,142,24,en_progreso,29.14,2026-09-09
698,142,25,no_iniciado,0,2026-07-07
699,142,26,no_iniciado,0,2026-07-07
700,142,27,no_iniciado,0,2026-07-07
701,143,17,en_progreso,10,2026-09-07
702,143,18,en_progreso,10,2026-09-10
703,143,19,no_iniciado,0,2026-08-12
704,143,20,en_progreso,10,2026-09-08
705,144,50,no_iniciado,0,2026-07-24
706,144,51,no_iniciado,0,2026-07-24
707,144,52,no_iniciado,0,2026-07-24
708,144,53,no_iniciado,0,2026-07-24
709,144,54,no_iniciado,0,2026-07-24
710,144,55,no_iniciado,0,2026-07-24
711,145,21,en_progreso,10,2026-09-08
712,145,22,en_progreso,10,2026-09-08
713,145,23,en_progreso,10,2026-09-09
714,145,24,en_progreso,21.9,2026-09-10
715,145,25,en_progreso,10,2026-09-10
716,145,26,no_iniciado,0,2026-07-20
717,145,27,no_iniciado,0,2026-07-20
718,146,13,en_progreso,29.77,2026-09-09
719,146,14,no_iniciado,0,2026-07-14
720,146,15,en_progreso,71.59,2026-09-10
721,146,16,completado,100,2026-09-08
722,147,17,en_progreso,10,2026-09-10
723,147,18,no_iniciado,0,2026-05-06
724,147,19,no_iniciado,0,2026-05-06
725,147,20,no_iniciado,0,2026-05-06
726,148,9,completado,95,2026-09-10
727,148,10,no_iniciado,0,2026-07-16
728,148,11,no_iniciado,0,2026-07-16
729,148,12,no_iniciado,0,2026-07-16
730,149,50,no_iniciado,0,2026-07-09
731,149,51,no_iniciado,0,2026-07-09
732,149,52,en_progreso,10,2026-09-10
733,149,53,no_iniciado,0,2026-07-09
734,149,54,no_iniciado,0,2026-07-09
735,149,55,en_progreso,30.62,2026-09-07
736,150,17,no_iniciado,0,2026-06-01
737,150,18,no_iniciado,0,2026-06-01
738,150,19,en_progreso,10,2026-09-08
739,150,20,en_progreso,10,2026-09-08
740,151,32,en_progreso,10,2026-09-10
741,151,33,en_progreso,10,2026-09-09
742,151,34,no_iniciado,0,2026-05-17
743,151,35,no_iniciado,0,2026-05-17
744,151,36,en_progreso,10,2026-09-08
745,151,37,en_progreso,56.7,2026-09-10
746,152,21,en_progreso,10,2026-09-10
747,152,22,no_iniciado,0,2026-05-01
748,152,23,no_iniciado,0,2026-05-01
749,152,24,no_iniciado,0,2026-05-01
750,152,25,no_iniciado,0,2026-05-01
751,152,26,no_iniciado,0,2026-05-01
752,152,27,no_iniciado,0,2026-05-01
753,153,1,no_iniciado,0,2026-06-13
754,153,2,no_iniciado,0,2026-06-13
755,153,3,no_iniciado,0,2026-06-13
756,153,4,abandonado,58.96,2026-09-10
757,154,44,no_iniciado,0,2026-05-11
758,154,45,no_iniciado,0,2026-05-11
759,154,46,en_progreso,52.16,2026-09-10
760,154,47,no_iniciado,0,2026-05-11
761,154,48,no_iniciado,0,2026-05-11
762,154,49,en_progreso,10,2026-09-07
763,155,56,no_iniciado,0,2026-08-29
764,155,57,no_iniciado,0,2026-08-29
765,155,58,no_iniciado,0,2026-08-29
766,155,59,no_iniciado,0,2026-08-29
767,155,60,no_iniciado,0,2026-08-29
768,156,5,en_progreso,10,2026-09-09
769,156,6,en_progreso,29.34,2026-09-09
770,156,7,no_iniciado,0,2026-07-08
771,156,8,no_iniciado,0,2026-07-08
772,157,13,no_iniciado,0,2026-08-13
773,157,14,en_progreso,10,2026-09-08
774,157,15,no_iniciado,0,2026-08-13
775,157,16,no_iniciado,0,2026-08-13
776,158,38,no_iniciado,0,2026-05-29
777,158,39,no_iniciado,0,2026-05-29
778,158,40,abandonado,10,2026-09-10
779,158,41,en_progreso,10,2026-09-08
780,158,42,en_progreso,10,2026-09-07
781,158,43,en_progreso,10,2026-09-08
782,159,17,no_iniciado,0,2026-08-27
783,159,18,en_progreso,53.73,2026-09-10
784,159,19,no_iniciado,0,2026-08-27
785,159,20,en_progreso,43.99,2026-09-08
786,160,21,en_progreso,10,2026-09-07
787,160,22,en_progreso,22.06,2026-09-10
788,160,23,en_progreso,10,2026-09-07
789,160,24,en_progreso,52.28,2026-09-10
790,160,25,no_iniciado,0,2026-05-16
791,160,26,no_iniciado,0,2026-05-16
792,160,27,en_progreso,38.36,2026-09-10
793,161,13,no_iniciado,0,2026-04-12
794,161,14,no_iniciado,0,2026-04-12
795,161,15,en_progreso,10,2026-09-09
796,161,16,en_progreso,40.82,2026-09-10
797,162,17,en_progreso,10,2026-09-07
798,162,18,en_progreso,10,2026-09-10
799,162,19,no_iniciado,0,2026-08-31
800,162,20,no_iniciado,0,2026-08-31
801,163,9,no_iniciado,0,2026-06-14
802,163,10,no_iniciado,0,2026-06-14
803,163,11,no_iniciado,0,2026-06-14
804,163,12,no_iniciado,0,2026-06-14
805,164,38,no_iniciado,0,2026-06-06
806,164,39,no_iniciado,0,2026-06-06
807,164,40,no_iniciado,0,2026-06-06
808,164,41,en_progreso,21.05,2026-09-08
809,164,42,en_progreso,34.58,2026-09-10
810,164,43,no_iniciado,0,2026-06-06
811,165,17,en_progreso,28.17,2026-09-09
812,165,18,no_iniciado,0,2026-07-29
813,165,19,en_progreso,50.72,2026-09-10
814,165,20,no_iniciado,0,2026-07-29
815,166,50,en_progreso,31.44,2026-09-08
816,166,51,abandonado,59.98,2026-09-10
817,166,52,no_iniciado,0,2026-08-18
818,166,53,completado,95,2026-09-10
819,166,54,no_iniciado,0,2026-08-18
820,166,55,en_progreso,10,2026-09-09
821,167,38,no_iniciado,0,2026-09-04
822,167,39,no_iniciado,0,2026-09-04
823,167,40,en_progreso,10,2026-09-08
824,167,41,completado,95,2026-09-10
825,167,42,no_iniciado,0,2026-09-04
826,167,43,no_iniciado,0,2026-09-04
827,168,1,no_iniciado,0,2026-05-17
828,168,2,no_iniciado,0,2026-05-17
829,168,3,no_iniciado,0,2026-05-17
830,168,4,no_iniciado,0,2026-05-17
831,169,38,no_iniciado,0,2026-05-14
832,169,39,no_iniciado,0,2026-05-14
833,169,40,no_iniciado,0,2026-05-14
834,169,41,en_progreso,10,2026-09-08
835,169,42,no_iniciado,0,2026-05-14
836,169,43,no_iniciado,0,2026-05-14
837,170,17,en_progreso,10,2026-09-10
838,170,18,en_progreso,10,2026-09-08
839,170,19,no_iniciado,0,2026-08-06
840,170,20,no_iniciado,0,2026-08-06
841,171,5,en_progreso,10,2026-09-08
842,171,6,no_iniciado,0,2026-08-12
843,171,7,no_iniciado,0,2026-08-12
844,171,8,no_iniciado,0,2026-08-12
845,172,17,no_iniciado,0,2026-06-27
846,172,18,no_iniciado,0,2026-06-27
847,172,19,no_iniciado,0,2026-06-27
848,172,20,completado,100,2026-09-08
849,173,5,no_iniciado,0,2026-07-02
850,173,6,no_iniciado,0,2026-07-02
851,173,7,no_iniciado,0,2026-07-02
852,173,8,en_progreso,10,2026-09-10
853,174,38,no_iniciado,0,2026-07-19
854,174,39,no_iniciado,0,2026-07-19
855,174,40,no_iniciado,0,2026-07-19
856,174,41,no_iniciado,0,2026-07-19
857,174,42,no_iniciado,0,2026-07-19
858,174,43,no_iniciado,0,2026-07-19
859,175,9,en_progreso,10,2026-09-07
860,175,10,no_iniciado,0,2026-06-12
861,175,11,en_progreso,10,2026-09-08
862,175,12,no_iniciado,0,2026-06-12
863,176,17,en_progreso,10,2026-09-08
864,176,18,no_iniciado,0,2026-04-26
865,176,19,completado,95,2026-09-10
866,176,20,completado,100,2026-09-10
867,177,44,en_progreso,25.06,2026-09-10
868,177,45,en_progreso,10,2026-09-07
869,177,46,no_iniciado,0,2026-06-26
870,177,47,no_iniciado,0,2026-06-26
871,177,48,en_progreso,10,2026-09-07
872,177,49,en_progreso,44.46,2026-09-10
873,178,13,no_iniciado,0,2026-08-17
874,178,14,en_progreso,10,2026-09-08
875,178,15,no_iniciado,0,2026-08-17
876,178,16,completado,95,2026-09-10
877,179,21,en_progreso,26.11,2026-09-10
878,179,22,en_progreso,73.19,2026-09-10
879,179,23,no_iniciado,0,2026-04-28
880,179,24,no_iniciado,0,2026-04-28
881,179,25,en_progreso,10,2026-09-10
882,179,26,abandonado,90,2026-09-10
883,179,27,en_progreso,10,2026-09-08
884,180,13,no_iniciado,0,2026-05-15
885,180,14,en_progreso,10,2026-09-10
886,180,15,no_iniciado,0,2026-05-15
887,180,16,en_progreso,10,2026-09-07
888,181,17,no_iniciado,0,2026-05-07
889,181,18,no_iniciado,0,2026-05-07
890,181,19,no_iniciado,0,2026-05-07
891,181,20,no_iniciado,0,2026-05-07
892,182,32,en_progreso,10,2026-09-07
893,182,33,en_progreso,10,2026-09-07
894,182,34,no_iniciado,0,2026-07-11
895,182,35,no_iniciado,0,2026-07-11
896,182,36,en_progreso,10,2026-09-07
897,182,37,no_iniciado,0,2026-07-11
898,183,17,en_progreso,10,2026-09-10
899,183,18,en_progreso,10,2026-09-07
900,183,19,en_progreso,10,2026-09-07
901,183,20,no_iniciado,0,2026-06-11
902,184,1,no_iniciado,0,2026-05-28
903,184,2,en_progreso,30.62,2026-09-07
904,184,3,en_progreso,28.99,2026-09-09
905,184,4,no_iniciado,0,2026-05-28
906,185,50,no_iniciado,0,2026-04-11
907,185,51,no_iniciado,0,2026-04-11
908,185,52,completado,95,2026-09-08
909,185,53,no_iniciado,0,2026-04-11
910,185,54,completado,100,2026-09-10
911,185,55,no_iniciado,0,2026-04-11
912,186,17,en_progreso,10,2026-09-07
913,186,18,no_iniciado,0,2026-05-30
914,186,19,en_progreso,22.9,2026-09-09
915,186,20,en_progreso,10,2026-09-07
916,187,1,no_iniciado,0,2026-06-23
917,187,2,no_iniciado,0,2026-06-23
918,187,3,no_iniciado,0,2026-06-23
919,187,4,completado,95,2026-09-09
920,188,21,no_iniciado,0,2026-05-25
921,188,22,completado,95,2026-09-10
922,188,23,no_iniciado,0,2026-05-25
923,188,24,no_iniciado,0,2026-05-25
924,188,25,en_progreso,10,2026-09-10
925,188,26,completado,100,2026-09-10
926,188,27,no_iniciado,0,2026-05-25
927,189,50,en_progreso,10,2026-09-10
928,189,51,en_progreso,10,2026-09-09
929,189,52,no_iniciado,0,2026-07-05
930,189,53,no_iniciado,0,2026-07-05
931,189,54,no_iniciado,0,2026-07-05
932,189,55,en_progreso,10,2026-09-07
933,190,9,en_progreso,10,2026-09-07
934,190,10,completado,95,2026-09-10
935,190,11,no_iniciado,0,2026-09-03
936,190,12,no_iniciado,0,2026-09-03
937,191,32,no_iniciado,0,2026-05-31
938,191,33,abandonado,21.01,2026-09-10
939,191,34,completado,95,2026-09-10
940,191,35,no_iniciado,0,2026-05-31
941,191,36,no_iniciado,0,2026-05-31
942,191,37,no_iniciado,0,2026-05-31
943,192,56,en_progreso,32.5,2026-09-10
944,192,57,no_iniciado,0,2026-06-13
945,192,58,no_iniciado,0,2026-06-13
946,192,59,no_iniciado,0,2026-06-13
947,192,60,no_iniciado,0,2026-06-13
948,193,28,en_progreso,22.29,2026-09-10
949,193,29,en_progreso,10,2026-09-08
950,193,30,no_iniciado,0,2026-06-07
951,193,31,no_iniciado,0,2026-06-07
952,194,38,en_progreso,37.62,2026-09-10
953,194,39,en_progreso,10,2026-09-07
954,194,40,completado,95,2026-09-10
955,194,41,no_iniciado,0,2026-08-01
956,194,42,no_iniciado,0,2026-08-01
957,194,43,no_iniciado,0,2026-08-01
958,195,5,en_progreso,10,2026-09-08
959,195,6,en_progreso,10,2026-09-09
960,195,7,no_iniciado,0,2026-08-28
961,195,8,en_progreso,24.8,2026-09-08
962,196,56,completado,95,2026-09-10
963,196,57,en_progreso,10,2026-09-07
964,196,58,en_progreso,10,2026-09-07
965,196,59,no_iniciado,0,2026-07-30
966,196,60,en_progreso,10,2026-09-09
967,197,38,completado,100,2026-09-10
968,197,39,en_progreso,10,2026-09-08
969,197,40,en_progreso,61.84,2026-09-10
970,197,41,completado,95,2026-09-10
971,197,42,no_iniciado,0,2026-04-12
972,197,43,en_progreso,10,2026-09-08
973,198,21,no_iniciado,0,2026-05-30
974,198,22,en_progreso,20.72,2026-09-10
975,198,23,en_progreso,10,2026-09-08
976,198,24,no_iniciado,0,2026-05-30
977,198,25,en_progreso,10,2026-09-09
978,198,26,en_progreso,50.08,2026-09-10
979,198,27,no_iniciado,0,2026-05-30
980,199,38,en_progreso,10,2026-09-07
981,199,39,en_progreso,33.17,2026-09-10
982,199,40,no_iniciado,0,2026-08-14
983,199,41,en_progreso,10,2026-09-08
984,199,42,no_iniciado,0,2026-08-14
985,199,43,en_progreso,10,2026-09-10
986,200,9,en_progreso,10,2026-09-09
987,200,10,en_progreso,66.25,2026-09-10
988,200,11,en_progreso,10,2026-09-09
989,200,12,no_iniciado,0,2026-06-18
990,201,28,no_iniciado,0,2026-08-22
991,201,29,en_progreso,10,2026-09-09
992,201,30,no_iniciado,0,2026-08-22
993,201,31,no_iniciado,0,2026-08-22
994,202,1,no_iniciado,0,2026-05-25
995,202,2,en_progreso,10,2026-09-09
996,202,3,completado,100,2026-09-08
997,202,4,en_progreso,79.46,2026-09-10
998,203,21,en_progreso,10,2026-09-08
999,203,22,completado,95,2026-09-10
1000,203,23,en_progreso,10,2026-09-07
1001,203,24,en_progreso,46.98,2026-09-10
1002,203,25,no_iniciado,0,2026-04-22
1003,203,26,abandonado,59.52,2026-09-10
1004,203,27,completado,100,2026-09-10
1005,204,1,no_iniciado,0,2026-08-17
1006,204,2,en_progreso,10,2026-09-07
1007,204,3,no_iniciado,0,2026-08-17
1008,204,4,no_iniciado,0,2026-08-17
1009,205,13,en_progreso,10,2026-09-10
1010,205,14,no_iniciado,0,2026-05-02
1011,205,15,no_iniciado,0,2026-05-02
1012,205,16,no_iniciado,0,2026-05-02
1013,206,50,completado,95,2026-09-10
1014,206,51,no_iniciado,0,2026-07-09
1015,206,52,en_progreso,10,2026-09-10
1016,206,53,en_progreso,10,2026-09-07
1017,206,54,abandonado,31.47,2026-09-10
1018,206,55,no_iniciado,0,2026-07-09
1019,207,50,en_progreso,10,2026-09-08
1020,207,51,no_iniciado,0,2026-06-08
1021,207,52,completado,100,2026-09-09
1022,207,53,no_iniciado,0,2026-06-08
1023,207,54,en_progreso,10,2026-09-07
1024,207,55,en_progreso,10,2026-09-10
1025,208,21,en_progreso,10,2026-09-08
1026,208,22,no_iniciado,0,2026-05-11
1027,208,23,en_progreso,34.35,2026-09-10
1028,208,24,no_iniciado,0,2026-05-11
1029,208,25,no_iniciado,0,2026-05-11
1030,208,26,en_progreso,30.82,2026-09-08
1031,208,27,no_iniciado,0,2026-05-11
1032,209,28,no_iniciado,0,2026-06-27
1033,209,29,en_progreso,10,2026-09-09
1034,209,30,en_progreso,34.55,2026-09-10
1035,209,31,completado,95,2026-09-10
1036,210,44,no_iniciado,0,2026-08-21
1037,210,45,no_iniciado,0,2026-08-21
1038,210,46,en_progreso,10,2026-09-09
1039,210,47,en_progreso,10,2026-09-09
1040,210,48,no_iniciado,0,2026-08-21
1041,210,49,no_iniciado,0,2026-08-21
1042,211,9,no_iniciado,0,2026-07-16
1043,211,10,no_iniciado,0,2026-07-16
1044,211,11,en_progreso,59.62,2026-09-10
1045,211,12,no_iniciado,0,2026-07-16
1046,212,9,en_progreso,10,2026-09-10
1047,212,10,en_progreso,10,2026-09-08
1048,212,11,no_iniciado,0,2026-08-24
1049,212,12,en_progreso,34.48,2026-09-10
1050,213,28,no_iniciado,0,2026-06-09
1051,213,29,no_iniciado,0,2026-06-09
1052,213,30,no_iniciado,0,2026-06-09
1053,213,31,en_progreso,10,2026-09-08
1054,214,9,no_iniciado,0,2026-08-22
1055,214,10,no_iniciado,0,2026-08-22
1056,214,11,no_iniciado,0,2026-08-22
1057,214,12,no_iniciado,0,2026-08-22
1058,215,21,no_iniciado,0,2026-05-02
1059,215,22,en_progreso,33.2,2026-09-08
1060,215,23,no_iniciado,0,2026-05-02
1061,215,24,no_iniciado,0,2026-05-02
1062,215,25,no_iniciado,0,2026-05-02
1063,215,26,no_iniciado,0,2026-05-02
1064,215,27,no_iniciado,0,2026-05-02
1065,216,28,no_iniciado,0,2026-08-12
1066,216,29,no_iniciado,0,2026-08-12
1067,216,30,no_iniciado,0,2026-08-12
1068,216,31,no_iniciado,0,2026-08-12
1069,217,13,en_progreso,10,2026-09-07
1070,217,14,en_progreso,10,2026-09-07
1071,217,15,no_iniciado,0,2026-06-06
1072,217,16,no_iniciado,0,2026-06-06
1073,218,9,completado,95,2026-09-10
1074,218,10,en_progreso,10,2026-09-08
1075,218,11,no_iniciado,0,2026-06-20
1076,218,12,no_iniciado,0,2026-06-20
1077,219,5,en_progreso,10,2026-09-10
1078,219,6,no_iniciado,0,2026-08-07
1079,219,7,en_progreso,10,2026-09-07
1080,219,8,no_iniciado,0,2026-08-07
1081,220,1,no_iniciado,0,2026-05-22
1082,220,2,en_progreso,10,2026-09-07
1083,220,3,no_iniciado,0,2026-05-22
1084,220,4,completado,95,2026-09-10
1085,221,32,en_progreso,10,2026-09-10
1086,221,33,en_progreso,48.2,2026-09-10
1087,221,34,en_progreso,31.13,2026-09-08
1088,221,35,en_progreso,28.95,2026-09-07
1089,221,36,en_progreso,10,2026-09-08
1090,221,37,no_iniciado,0,2026-05-22
1091,222,13,no_iniciado,0,2026-05-05
1092,222,14,no_iniciado,0,2026-05-05
1093,222,15,completado,95,2026-09-10
1094,222,16,en_progreso,33.92,2026-09-10
1095,223,21,completado,95,2026-09-10
1096,223,22,en_progreso,22.11,2026-09-10
1097,223,23,en_progreso,10,2026-09-07
1098,223,24,no_iniciado,0,2026-07-11
1099,223,25,no_iniciado,0,2026-07-11
1100,223,26,en_progreso,37.36,2026-09-10
1101,223,27,no_iniciado,0,2026-07-11
1102,224,17,no_iniciado,0,2026-05-09
1103,224,18,no_iniciado,0,2026-05-09
1104,224,19,en_progreso,10,2026-09-10
1105,224,20,no_iniciado,0,2026-05-09
1106,225,13,en_progreso,10,2026-09-07
1107,225,14,en_progreso,10,2026-09-09
1108,225,15,no_iniciado,0,2026-07-07
1109,225,16,no_iniciado,0,2026-07-07
1110,226,50,no_iniciado,0,2026-09-02
1111,226,51,no_iniciado,0,2026-09-02
1112,226,52,no_iniciado,0,2026-09-02
1113,226,53,en_progreso,33.4,2026-09-09
1114,226,54,no_iniciado,0,2026-09-02
1115,226,55,en_progreso,42.72,2026-09-10
1116,227,28,no_iniciado,0,2026-08-05
1117,227,29,en_progreso,10,2026-09-08
1118,227,30,en_progreso,27.7,2026-09-10
1119,227,31,en_progreso,27.69,2026-09-10
1120,228,17,en_progreso,25.52,2026-09-09
1121,228,18,no_iniciado,0,2026-06-21
1122,228,19,no_iniciado,0,2026-06-21
1123,228,20,no_iniciado,0,2026-06-21
1124,229,5,en_progreso,20.82,2026-09-10
1125,229,6,en_progreso,45.24,2026-09-10
1126,229,7,no_iniciado,0,2026-06-29
1127,229,8,en_progreso,10,2026-09-08
1128,230,21,no_iniciado,0,2026-08-24
1129,230,22,no_iniciado,0,2026-08-24
1130,230,23,no_iniciado,0,2026-08-24
1131,230,24,no_iniciado,0,2026-08-24
1132,230,25,en_progreso,10,2026-09-10
1133,230,26,en_progreso,10,2026-09-10
1134,230,27,en_progreso,40,2026-09-10
1135,231,50,no_iniciado,0,2026-07-25
1136,231,51,completado,95,2026-09-10
1137,231,52,no_iniciado,0,2026-07-25
1138,231,53,no_iniciado,0,2026-07-25
1139,231,54,en_progreso,10,2026-09-07
1140,231,55,en_progreso,66.34,2026-09-10
1141,232,28,en_progreso,33.12,2026-09-09
1142,232,29,en_progreso,21.7,2026-09-09
1143,232,30,completado,100,2026-09-09
1144,232,31,en_progreso,62.92,2026-09-10
1145,233,50,no_iniciado,0,2026-09-04
1146,233,51,en_progreso,56.68,2026-09-10
1147,233,52,no_iniciado,0,2026-09-04
1148,233,53,no_iniciado,0,2026-09-04
1149,233,54,no_iniciado,0,2026-09-04
1150,233,55,no_iniciado,0,2026-09-04
1151,234,38,no_iniciado,0,2026-07-23
1152,234,39,no_iniciado,0,2026-07-23
1153,234,40,no_iniciado,0,2026-07-23
1154,234,41,no_iniciado,0,2026-07-23
1155,234,42,en_progreso,10,2026-09-09
1156,234,43,no_iniciado,0,2026-07-23
1157,235,1,no_iniciado,0,2026-08-16
1158,235,2,no_iniciado,0,2026-08-16
1159,235,3,en_progreso,31.62,2026-09-10
1160,235,4,en_progreso,10,2026-09-07
1161,236,5,en_progreso,10,2026-09-09
1162,236,6,no_iniciado,0,2026-05-22
1163,236,7,en_progreso,10,2026-09-07
1164,236,8,completado,100,2026-09-10
1165,237,9,en_progreso,59.83,2026-09-10
1166,237,10,no_iniciado,0,2026-09-04
1167,237,11,no_iniciado,0,2026-09-04
1168,237,12,completado,95,2026-09-10
1169,238,44,en_progreso,10,2026-09-07
1170,238,45,en_progreso,10,2026-09-10
1171,238,46,en_progreso,25.04,2026-09-10
1172,238,47,en_progreso,10,2026-09-09
1173,238,48,completado,100,2026-09-09
1174,238,49,no_iniciado,0,2026-05-28
1175,239,1,no_iniciado,0,2026-08-20
1176,239,2,completado,95,2026-09-10
1177,239,3,no_iniciado,0,2026-08-20
1178,239,4,abandonado,10,2026-09-09
1179,240,5,en_progreso,10,2026-09-08
1180,240,6,no_iniciado,0,2026-09-03
1181,240,7,en_progreso,10,2026-09-10
1182,240,8,no_iniciado,0,2026-09-03
1183,241,28,no_iniciado,0,2026-08-03
1184,241,29,no_iniciado,0,2026-08-03
1185,241,30,no_iniciado,0,2026-08-03
1186,241,31,en_progreso,30.43,2026-09-08
1187,242,21,no_iniciado,0,2026-04-25
1188,242,22,no_iniciado,0,2026-04-25
1189,242,23,no_iniciado,0,2026-04-25
1190,242,24,no_iniciado,0,2026-04-25
1191,242,25,no_iniciado,0,2026-04-25
1192,242,26,no_iniciado,0,2026-04-25
1193,242,27,en_progreso,10,2026-09-08
1194,243,50,no_iniciado,0,2026-07-21
1195,243,51,no_iniciado,0,2026-07-21
1196,243,52,en_progreso,38.2,2026-09-10
1197,243,53,en_progreso,10,2026-09-10
1198,243,54,no_iniciado,0,2026-07-21
1199,243,55,no_iniciado,0,2026-07-21
1200,244,44,no_iniciado,0,2026-07-05
1201,244,45,en_progreso,10,2026-09-07
1202,244,46,en_progreso,48.33,2026-09-10
1203,244,47,no_iniciado,0,2026-07-05
1204,244,48,no_iniciado,0,2026-07-05
1205,244,49,no_iniciado,0,2026-07-05
1206,245,38,en_progreso,10,2026-09-07
1207,245,39,no_iniciado,0,2026-07-21
1208,245,40,en_progreso,48.16,2026-09-10
1209,245,41,en_progreso,10,2026-09-10
1210,245,42,en_progreso,10,2026-09-08
1211,245,43,no_iniciado,0,2026-07-21
1212,246,28,completado,100,2026-09-10
1213,246,29,no_iniciado,0,2026-08-24
1214,246,30,en_progreso,22.69,2026-09-08
1215,246,31,no_iniciado,0,2026-08-24
1216,247,13,en_progreso,10,2026-09-07
1217,247,14,no_iniciado,0,2026-06-19
1218,247,15,completado,100,2026-09-10
1219,247,16,no_iniciado,0,2026-06-19
1220,248,17,no_iniciado,0,2026-04-25
1221,248,18,no_iniciado,0,2026-04-25
1222,248,19,no_iniciado,0,2026-04-25
1223,248,20,en_progreso,10,2026-09-07
1224,249,1,en_progreso,10,2026-09-07
1225,249,2,no_iniciado,0,2026-07-28
1226,249,3,en_progreso,10,2026-09-10
1227,249,4,completado,95,2026-09-09
1228,250,28,no_iniciado,0,2026-05-01
1229,250,29,en_progreso,10,2026-09-10
1230,250,30,no_iniciado,0,2026-05-01
1231,250,31,en_progreso,10,2026-09-07
1232,251,1,no_iniciado,0,2026-04-21
1233,251,2,en_progreso,55.02,2026-09-09
1234,251,3,en_progreso,10,2026-09-09
1235,251,4,en_progreso,10,2026-09-08
1236,252,38,completado,95,2026-09-10
1237,252,39,no_iniciado,0,2026-07-25
1238,252,40,en_progreso,10,2026-09-08
1239,252,41,en_progreso,28.01,2026-09-10
1240,252,42,en_progreso,10,2026-09-07
1241,252,43,completado,100,2026-09-10
1242,253,50,no_iniciado,0,2026-07-17
1243,253,51,no_iniciado,0,2026-07-17
1244,253,52,no_iniciado,0,2026-07-17
1245,253,53,en_progreso,56.62,2026-09-09
1246,253,54,en_progreso,10,2026-09-08
1247,253,55,en_progreso,10,2026-09-08
1248,254,56,no_iniciado,0,2026-05-19
1249,254,57,no_iniciado,0,2026-05-19
1250,254,58,no_iniciado,0,2026-05-19
1251,254,59,en_progreso,10,2026-09-09
1252,254,60,no_iniciado,0,2026-05-19
1253,255,13,no_iniciado,0,2026-07-30
1254,255,14,no_iniciado,0,2026-07-30
1255,255,15,en_progreso,10,2026-09-08
1256,255,16,en_progreso,75.14,2026-09-10
1257,256,28,no_iniciado,0,2026-07-23
1258,256,29,no_iniciado,0,2026-07-23
1259,256,30,no_iniciado,0,2026-07-23
1260,256,31,en_progreso,23.61,2026-09-09
1261,257,5,no_iniciado,0,2026-05-09
1262,257,6,no_iniciado,0,2026-05-09
1263,257,7,en_progreso,58,2026-09-10
1264,257,8,en_progreso,21.35,2026-09-10
1265,258,21,no_iniciado,0,2026-05-11
1266,258,22,completado,95,2026-09-10
1267,258,23,en_progreso,10,2026-09-07
1268,258,24,en_progreso,10,2026-09-10
1269,258,25,no_iniciado,0,2026-05-11
1270,258,26,no_iniciado,0,2026-05-11
1271,258,27,en_progreso,10,2026-09-10
1272,259,44,en_progreso,10,2026-09-07
1273,259,45,en_progreso,10,2026-09-10
1274,259,46,no_iniciado,0,2026-06-12
1275,259,47,en_progreso,10,2026-09-07
1276,259,48,no_iniciado,0,2026-06-12
1277,259,49,en_progreso,10,2026-09-07
1278,260,56,no_iniciado,0,2026-07-20
1279,260,57,no_iniciado,0,2026-07-20
1280,260,58,no_iniciado,0,2026-07-20
1281,260,59,completado,95,2026-09-10
1282,260,60,no_iniciado,0,2026-07-20
1283,261,5,en_progreso,10,2026-09-08
1284,261,6,no_iniciado,0,2026-07-04
1285,261,7,en_progreso,59.52,2026-09-08
1286,261,8,en_progreso,10,2026-09-07
1287,262,17,en_progreso,57.82,2026-09-10
1288,262,18,en_progreso,10,2026-09-10
1289,262,19,en_progreso,62.47,2026-09-10
1290,262,20,no_iniciado,0,2026-05-02
1291,263,38,no_iniciado,0,2026-08-20
1292,263,39,no_iniciado,0,2026-08-20
1293,263,40,en_progreso,46.08,2026-09-08
1294,263,41,no_iniciado,0,2026-08-20
1295,263,42,en_progreso,21.02,2026-09-10
1296,263,43,completado,95,2026-09-08
1297,264,50,no_iniciado,0,2026-05-19
1298,264,51,no_iniciado,0,2026-05-19
1299,264,52,no_iniciado,0,2026-05-19
1300,264,53,abandonado,10,2026-09-09
1301,264,54,no_iniciado,0,2026-05-19
1302,264,55,no_iniciado,0,2026-05-19
1303,265,28,no_iniciado,0,2026-08-27
1304,265,29,en_progreso,10,2026-09-08
1305,265,30,no_iniciado,0,2026-08-27
1306,265,31,en_progreso,10,2026-09-10
1307,266,28,no_iniciado,0,2026-08-01
1308,266,29,en_progreso,10,2026-09-10
1309,266,30,no_iniciado,0,2026-08-01
1310,266,31,en_progreso,10,2026-09-09
1311,267,17,no_iniciado,0,2026-07-13
1312,267,18,no_iniciado,0,2026-07-13
1313,267,19,no_iniciado,0,2026-07-13
1314,267,20,no_iniciado,0,2026-07-13
1315,268,9,no_iniciado,0,2026-04-27
1316,268,10,en_progreso,10,2026-09-08
1317,268,11,en_progreso,10,2026-09-10
1318,268,12,no_iniciado,0,2026-04-27
1319,269,13,completado,100,2026-09-10
1320,269,14,en_progreso,26.63,2026-09-10
1321,269,15,en_progreso,10,2026-09-08
1322,269,16,no_iniciado,0,2026-07-18
1323,270,28,no_iniciado,0,2026-07-05
1324,270,29,en_progreso,10,2026-09-09
1325,270,30,no_iniciado,0,2026-07-05
1326,270,31,no_iniciado,0,2026-07-05
1327,271,28,en_progreso,10,2026-09-09
1328,271,29,en_progreso,21.68,2026-09-10
1329,271,30,completado,95,2026-09-08
1330,271,31,no_iniciado,0,2026-04-20
1331,272,50,en_progreso,34.21,2026-09-09
1332,272,51,en_progreso,68.5,2026-09-10
1333,272,52,no_iniciado,0,2026-07-07
1334,272,53,no_iniciado,0,2026-07-07
1335,272,54,no_iniciado,0,2026-07-07
1336,272,55,no_iniciado,0,2026-07-07
1337,273,9,no_iniciado,0,2026-05-05
1338,273,10,no_iniciado,0,2026-05-05
1339,273,11,en_progreso,10,2026-09-09
1340,273,12,no_iniciado,0,2026-05-05
1341,274,44,no_iniciado,0,2026-07-18
1342,274,45,no_iniciado,0,2026-07-18
1343,274,46,no_iniciado,0,2026-07-18
1344,274,47,en_progreso,10,2026-09-10
1345,274,48,en_progreso,21.04,2026-09-09
1346,274,49,completado,100,2026-09-10
1347,275,17,no_iniciado,0,2026-06-29
1348,275,18,no_iniciado,0,2026-06-29
1349,275,19,no_iniciado,0,2026-06-29
1350,275,20,no_iniciado,0,2026-06-29
1351,276,28,en_progreso,10,2026-09-08
1352,276,29,no_iniciado,0,2026-07-07
1353,276,30,en_progreso,10,2026-09-10
1354,276,31,en_progreso,10,2026-09-07
1355,277,1,en_progreso,60.43,2026-09-10
1356,277,2,en_progreso,26.24,2026-09-08
1357,277,3,en_progreso,10,2026-09-10
1358,277,4,no_iniciado,0,2026-07-28
1359,278,17,no_iniciado,0,2026-04-21
1360,278,18,en_progreso,31.99,2026-09-10
1361,278,19,en_progreso,10,2026-09-09
1362,278,20,en_progreso,10,2026-09-09
1363,279,50,no_iniciado,0,2026-07-27
1364,279,51,no_iniciado,0,2026-07-27
1365,279,52,en_progreso,10,2026-09-10
1366,279,53,en_progreso,53.09,2026-09-10
1367,279,54,en_progreso,10,2026-09-07
1368,279,55,no_iniciado,0,2026-07-27
1369,280,28,no_iniciado,0,2026-07-08
1370,280,29,no_iniciado,0,2026-07-08
1371,280,30,en_progreso,10,2026-09-10
1372,280,31,no_iniciado,0,2026-07-08
1373,281,44,no_iniciado,0,2026-08-18
1374,281,45,en_progreso,10,2026-09-10
1375,281,46,no_iniciado,0,2026-08-18
1376,281,47,en_progreso,10,2026-09-07
1377,281,48,no_iniciado,0,2026-08-18
1378,281,49,no_iniciado,0,2026-08-18
1379,282,50,en_progreso,57.1,2026-09-10
1380,282,51,no_iniciado,0,2026-06-08
1381,282,52,no_iniciado,0,2026-06-08
1382,282,53,no_iniciado,0,2026-06-08
1383,282,54,completado,100,2026-09-09
1384,282,55,no_iniciado,0,2026-06-08
1385,283,21,en_progreso,28.31,2026-09-08
1386,283,22,en_progreso,10,2026-09-10
1387,283,23,no_iniciado,0,2026-08-28
1388,283,24,completado,100,2026-09-10
1389,283,25,completado,95,2026-09-10
1390,283,26,completado,95,2026-09-10
1391,283,27,en_progreso,53.38,2026-09-10
1392,284,32,no_iniciado,0,2026-04-14
1393,284,33,no_iniciado,0,2026-04-14
1394,284,34,en_progreso,26.52,2026-09-07
1395,284,35,en_progreso,10,2026-09-07
1396,284,36,en_progreso,10,2026-09-07
1397,284,37,no_iniciado,0,2026-04-14
1398,285,56,en_progreso,10,2026-09-10
1399,285,57,no_iniciado,0,2026-06-25
1400,285,58,en_progreso,10,2026-09-09
1401,285,59,no_iniciado,0,2026-06-25
1402,285,60,no_iniciado,0,2026-06-25
1403,286,13,no_iniciado,0,2026-05-29
1404,286,14,no_iniciado,0,2026-05-29
1405,286,15,en_progreso,10,2026-09-07
1406,286,16,no_iniciado,0,2026-05-29
1407,287,38,no_iniciado,0,2026-04-10
1408,287,39,no_iniciado,0,2026-04-10
1409,287,40,en_progreso,94.76,2026-09-10
1410,287,41,no_iniciado,0,2026-04-10
1411,287,42,no_iniciado,0,2026-04-10
1412,287,43,en_progreso,32.44,2026-09-10
1413,288,32,en_progreso,29.86,2026-09-10
1414,288,33,en_progreso,24.25,2026-09-10
1415,288,34,no_iniciado,0,2026-09-01
1416,288,35,en_progreso,10,2026-09-08
1417,288,36,no_iniciado,0,2026-09-01
1418,288,37,en_progreso,10,2026-09-10
1419,289,9,no_iniciado,0,2026-05-22
1420,289,10,no_iniciado,0,2026-05-22
1421,289,11,no_iniciado,0,2026-05-22
1422,289,12,no_iniciado,0,2026-05-22
1423,290,50,en_progreso,10,2026-09-07
1424,290,51,no_iniciado,0,2026-07-31
1425,290,52,no_iniciado,0,2026-07-31
1426,290,53,no_iniciado,0,2026-07-31
1427,290,54,no_iniciado,0,2026-07-31
1428,290,55,no_iniciado,0,2026-07-31
1429,291,5,no_iniciado,0,2026-04-24
1430,291,6,en_progreso,10,2026-09-07
1431,291,7,no_iniciado,0,2026-04-24
1432,291,8,en_progreso,10,2026-09-08
1433,292,38,en_progreso,29.84,2026-09-09
1434,292,39,en_progreso,43.09,2026-09-10
1435,292,40,en_progreso,10,2026-09-08
1436,292,41,no_iniciado,0,2026-04-18
1437,292,42,no_iniciado,0,2026-04-18
1438,292,43,en_progreso,56.1,2026-09-10
1439,293,50,en_progreso,10,2026-09-10
1440,293,51,en_progreso,10,2026-09-10
1441,293,52,en_progreso,25.85,2026-09-10
1442,293,53,en_progreso,24.66,2026-09-09
1443,293,54,no_iniciado,0,2026-07-01
1444,293,55,en_progreso,22.85,2026-09-09
1445,294,44,en_progreso,10,2026-09-10
1446,294,45,en_progreso,24.22,2026-09-10
1447,294,46,no_iniciado,0,2026-06-15
1448,294,47,no_iniciado,0,2026-06-15
1449,294,48,completado,95,2026-09-10
1450,294,49,no_iniciado,0,2026-06-15
1451,295,21,en_progreso,10,2026-09-09
1452,295,22,en_progreso,10,2026-09-07
1453,295,23,no_iniciado,0,2026-08-24
1454,295,24,no_iniciado,0,2026-08-24
1455,295,25,no_iniciado,0,2026-08-24
1456,295,26,en_progreso,10,2026-09-07
1457,295,27,no_iniciado,0,2026-08-24
1458,296,5,no_iniciado,0,2026-04-22
1459,296,6,no_iniciado,0,2026-04-22
1460,296,7,no_iniciado,0,2026-04-22
1461,296,8,no_iniciado,0,2026-04-22
1462,297,50,no_iniciado,0,2026-07-24
1463,297,51,completado,100,2026-09-10
1464,297,52,no_iniciado,0,2026-07-24
1465,297,53,no_iniciado,0,2026-07-24
1466,297,54,en_progreso,10,2026-09-08
1467,297,55,no_iniciado,0,2026-07-24
1468,298,13,no_iniciado,0,2026-04-21
1469,298,14,en_progreso,22.18,2026-09-09
1470,298,15,en_progreso,24.14,2026-09-09
1471,298,16,completado,95,2026-09-10
1472,299,56,no_iniciado,0,2026-04-23
1473,299,57,no_iniciado,0,2026-04-23
1474,299,58,no_iniciado,0,2026-04-23
1475,299,59,no_iniciado,0,2026-04-23
1476,299,60,no_iniciado,0,2026-04-23
1477,300,1,no_iniciado,0,2026-07-10
1478,300,2,no_iniciado,0,2026-07-10
1479,300,3,en_progreso,10,2026-09-07
1480,300,4,no_iniciado,0,2026-07-10
1481,301,13,en_progreso,21.82,2026-09-10
1482,301,14,en_progreso,10,2026-09-10
1483,301,15,en_progreso,44.3,2026-09-08
1484,301,16,en_progreso,28.51,2026-09-10
1485,302,44,en_progreso,10,2026-09-10
1486,302,45,en_progreso,54.56,2026-09-10
1487,302,46,completado,100,2026-09-10
1488,302,47,no_iniciado,0,2026-06-04
1489,302,48,no_iniciado,0,2026-06-04
1490,302,49,no_iniciado,0,2026-06-04
1491,303,5,en_progreso,10,2026-09-09
1492,303,6,en_progreso,10,2026-09-07
1493,303,7,no_iniciado,0,2026-06-28
1494,303,8,completado,100,2026-09-08
1495,304,28,en_progreso,25.33,2026-09-08
1496,304,29,no_iniciado,0,2026-05-14
1497,304,30,no_iniciado,0,2026-05-14
1498,304,31,en_progreso,10,2026-09-10
1499,305,50,completado,95,2026-09-10
1500,305,51,no_iniciado,0,2026-05-06
1501,305,52,en_progreso,10,2026-09-10
1502,305,53,no_iniciado,0,2026-05-06
1503,305,54,no_iniciado,0,2026-05-06
1504,305,55,no_iniciado,0,2026-05-06
1505,306,13,completado,100,2026-09-09
1506,306,14,en_progreso,24.18,2026-09-10
1507,306,15,en_progreso,10,2026-09-10
1508,306,16,no_iniciado,0,2026-09-05
1509,307,28,en_progreso,10,2026-09-10
1510,307,29,en_progreso,10,2026-09-10
1511,307,30,en_progreso,10,2026-09-07
1512,307,31,en_progreso,10,2026-09-08
1513,308,32,en_progreso,10,2026-09-08
1514,308,33,en_progreso,10,2026-09-07
1515,308,34,no_iniciado,0,2026-08-29
1516,308,35,no_iniciado,0,2026-08-29
1517,308,36,en_progreso,10,2026-09-07
1518,308,37,en_progreso,29.71,2026-09-09
1519,309,13,no_iniciado,0,2026-08-13
1520,309,14,en_progreso,52.9,2026-09-10
1521,309,15,en_progreso,10,2026-09-09
1522,309,16,en_progreso,10,2026-09-08
1523,310,9,no_iniciado,0,2026-06-30
1524,310,10,no_iniciado,0,2026-06-30
1525,310,11,no_iniciado,0,2026-06-30
1526,310,12,no_iniciado,0,2026-06-30
1527,311,56,completado,100,2026-09-09
1528,311,57,completado,100,2026-09-10
1529,311,58,no_iniciado,0,2026-06-21
1530,311,59,en_progreso,10,2026-09-09
1531,311,60,no_iniciado,0,2026-06-21
1532,312,1,completado,95,2026-09-10
1533,312,2,no_iniciado,0,2026-06-23
1534,312,3,en_progreso,10,2026-09-08
1535,312,4,no_iniciado,0,2026-06-23
1536,313,5,en_progreso,24.78,2026-09-09
1537,313,6,no_iniciado,0,2026-07-06
1538,313,7,en_progreso,10,2026-09-07
1539,313,8,no_iniciado,0,2026-07-06
1540,314,13,no_iniciado,0,2026-06-22
1541,314,14,en_progreso,10,2026-09-09
1542,314,15,no_iniciado,0,2026-06-22
1543,314,16,no_iniciado,0,2026-06-22
1544,315,9,no_iniciado,0,2026-06-21
1545,315,10,no_iniciado,0,2026-06-21
1546,315,11,no_iniciado,0,2026-06-21
1547,315,12,no_iniciado,0,2026-06-21
1548,316,38,no_iniciado,0,2026-04-25
1549,316,39,no_iniciado,0,2026-04-25
1550,316,40,no_iniciado,0,2026-04-25
1551,316,41,en_progreso,53.2,2026-09-10
1552,316,42,no_iniciado,0,2026-04-25
1553,316,43,en_progreso,95,2026-09-10
1554,317,32,no_iniciado,0,2026-08-20
1555,317,33,en_progreso,10,2026-09-07
1556,317,34,no_iniciado,0,2026-08-20
1557,317,35,abandonado,77.42,2026-09-10
1558,317,36,en_progreso,10,2026-09-10
1559,317,37,en_progreso,26.64,2026-09-08
1560,318,1,no_iniciado,0,2026-08-16
1561,318,2,en_progreso,10,2026-09-09
1562,318,3,en_progreso,10,2026-09-08
1563,318,4,en_progreso,10,2026-09-08
1564,319,13,en_progreso,10,2026-09-07
1565,319,14,en_progreso,10,2026-09-09
1566,319,15,no_iniciado,0,2026-07-23
1567,319,16,completado,95,2026-09-09
1568,320,5,no_iniciado,0,2026-05-05
1569,320,6,completado,100,2026-09-09
1570,320,7,no_iniciado,0,2026-05-05
1571,320,8,no_iniciado,0,2026-05-05
1572,321,32,en_progreso,47.98,2026-09-10
1573,321,33,no_iniciado,0,2026-08-14
1574,321,34,en_progreso,10,2026-09-10
1575,321,35,en_progreso,28.31,2026-09-10
1576,321,36,no_iniciado,0,2026-08-14
1577,321,37,en_progreso,10,2026-09-07
1578,322,32,en_progreso,10,2026-09-07
1579,322,33,no_iniciado,0,2026-06-16
1580,322,34,no_iniciado,0,2026-06-16
1581,322,35,no_iniciado,0,2026-06-16
1582,322,36,abandonado,59.75,2026-09-10
1583,322,37,en_progreso,10,2026-09-10
1584,323,38,en_progreso,56.46,2026-09-10
1585,323,39,no_iniciado,0,2026-05-03
1586,323,40,no_iniciado,0,2026-05-03
1587,323,41,en_progreso,10,2026-09-10
1588,323,42,no_iniciado,0,2026-05-03
1589,323,43,no_iniciado,0,2026-05-03
1590,324,56,no_iniciado,0,2026-05-14
1591,324,57,no_iniciado,0,2026-05-14
1592,324,58,no_iniciado,0,2026-05-14
1593,324,59,no_iniciado,0,2026-05-14
1594,324,60,no_iniciado,0,2026-05-14
1595,325,44,no_iniciado,0,2026-07-23
1596,325,45,completado,95,2026-09-09
1597,325,46,no_iniciado,0,2026-07-23
1598,325,47,no_iniciado,0,2026-07-23
1599,325,48,no_iniciado,0,2026-07-23
1600,325,49,en_progreso,10,2026-09-10
1601,326,32,no_iniciado,0,2026-06-25
1602,326,33,no_iniciado,0,2026-06-25
1603,326,34,no_iniciado,0,2026-06-25
1604,326,35,no_iniciado,0,2026-06-25
1605,326,36,no_iniciado,0,2026-06-25
1606,326,37,en_progreso,30.63,2026-09-10
1607,327,44,no_iniciado,0,2026-07-21
1608,327,45,no_iniciado,0,2026-07-21
1609,327,46,no_iniciado,0,2026-07-21
1610,327,47,en_progreso,10,2026-09-10
1611,327,48,en_progreso,10,2026-09-10
1612,327,49,no_iniciado,0,2026-07-21
1613,328,38,no_iniciado,0,2026-05-04
1614,328,39,no_iniciado,0,2026-05-04
1615,328,40,no_iniciado,0,2026-05-04
1616,328,41,no_iniciado,0,2026-05-04
1617,328,42,no_iniciado,0,2026-05-04
1618,328,43,no_iniciado,0,2026-05-04
1619,329,28,en_progreso,10,2026-09-08
1620,329,29,no_iniciado,0,2026-08-29
1621,329,30,en_progreso,10,2026-09-07
1622,329,31,en_progreso,46.98,2026-09-09
1623,330,56,no_iniciado,0,2026-05-23
1624,330,57,no_iniciado,0,2026-05-23
1625,330,58,en_progreso,10,2026-09-07
1626,330,59,no_iniciado,0,2026-05-23
1627,330,60,en_progreso,10,2026-09-08
1628,331,9,en_progreso,10,2026-09-10
1629,331,10,en_progreso,10,2026-09-10
1630,331,11,no_iniciado,0,2026-04-10
1631,331,12,no_iniciado,0,2026-04-10
1632,332,32,en_progreso,10,2026-09-09
1633,332,33,en_progreso,10,2026-09-07
1634,332,34,en_progreso,48.41,2026-09-10
1635,332,35,en_progreso,10,2026-09-07
1636,332,36,en_progreso,84.88,2026-09-10
1637,332,37,en_progreso,10,2026-09-07
1638,333,17,en_progreso,10,2026-09-07
1639,333,18,en_progreso,10,2026-09-09
1640,333,19,no_iniciado,0,2026-04-14
1641,333,20,completado,95,2026-09-10
1642,334,13,en_progreso,28.66,2026-09-08
1643,334,14,en_progreso,10,2026-09-07
1644,334,15,en_progreso,10,2026-09-07
1645,334,16,en_progreso,10,2026-09-10
1646,335,17,en_progreso,33.24,2026-09-10
1647,335,18,no_iniciado,0,2026-07-08
1648,335,19,no_iniciado,0,2026-07-08
1649,335,20,completado,95,2026-09-10
1650,336,38,en_progreso,10,2026-09-07
1651,336,39,no_iniciado,0,2026-08-18
1652,336,40,no_iniciado,0,2026-08-18
1653,336,41,no_iniciado,0,2026-08-18
1654,336,42,en_progreso,80.05,2026-09-10
1655,336,43,no_iniciado,0,2026-08-18
1656,337,32,completado,100,2026-09-10
1657,337,33,en_progreso,10,2026-09-10
1658,337,34,no_iniciado,0,2026-08-27
1659,337,35,no_iniciado,0,2026-08-27
1660,337,36,no_iniciado,0,2026-08-27
1661,337,37,no_iniciado,0,2026-08-27
1662,338,13,no_iniciado,0,2026-07-24
1663,338,14,no_iniciado,0,2026-07-24
1664,338,15,en_progreso,75.14,2026-09-10
1665,338,16,abandonado,10,2026-09-07
1666,339,17,no_iniciado,0,2026-07-01
1667,339,18,no_iniciado,0,2026-07-01
1668,339,19,en_progreso,32.9,2026-09-10
1669,339,20,no_iniciado,0,2026-07-01
1670,340,32,en_progreso,10,2026-09-07
1671,340,33,no_iniciado,0,2026-07-22
1672,340,34,completado,95,2026-09-10
1673,340,35,en_progreso,10,2026-09-08
1674,340,36,en_progreso,10,2026-09-08
1675,340,37,en_progreso,10,2026-09-10
1676,341,56,no_iniciado,0,2026-06-22
1677,341,57,no_iniciado,0,2026-06-22
1678,341,58,en_progreso,10,2026-09-10
1679,341,59,no_iniciado,0,2026-06-22
1680,341,60,en_progreso,10,2026-09-08
1681,342,13,no_iniciado,0,2026-05-24
1682,342,14,no_iniciado,0,2026-05-24
1683,342,15,en_progreso,72.75,2026-09-10
1684,342,16,en_progreso,10,2026-09-07
1685,343,17,no_iniciado,0,2026-05-28
1686,343,18,no_iniciado,0,2026-05-28
1687,343,19,en_progreso,10,2026-09-08
1688,343,20,no_iniciado,0,2026-05-28
1689,344,21,en_progreso,10,2026-09-07
1690,344,22,no_iniciado,0,2026-07-08
1691,344,23,no_iniciado,0,2026-07-08
1692,344,24,no_iniciado,0,2026-07-08
1693,344,25,en_progreso,10,2026-09-09
1694,344,26,no_iniciado,0,2026-07-08
1695,344,27,en_progreso,10,2026-09-08
1696,345,38,no_iniciado,0,2026-06-16
1697,345,39,en_progreso,10,2026-09-08
1698,345,40,completado,100,2026-09-09
1699,345,41,no_iniciado,0,2026-06-16
1700,345,42,en_progreso,95,2026-09-10
1701,345,43,no_iniciado,0,2026-06-16
1702,346,9,en_progreso,10,2026-09-08
1703,346,10,no_iniciado,0,2026-05-10
1704,346,11,en_progreso,32.49,2026-09-09
1705,346,12,en_progreso,10,2026-09-10
1706,347,13,no_iniciado,0,2026-06-02
1707,347,14,en_progreso,10,2026-09-09
1708,347,15,no_iniciado,0,2026-06-02
1709,347,16,no_iniciado,0,2026-06-02
1710,348,56,no_iniciado,0,2026-05-16
1711,348,57,en_progreso,42.16,2026-09-10
1712,348,58,no_iniciado,0,2026-05-16
1713,348,59,no_iniciado,0,2026-05-16
1714,348,60,no_iniciado,0,2026-05-16
1715,349,9,no_iniciado,0,2026-08-28
1716,349,10,no_iniciado,0,2026-08-28
1717,349,11,en_progreso,10,2026-09-09
1718,349,12,en_progreso,10,2026-09-10
1719,350,13,en_progreso,66.52,2026-09-10
1720,350,14,en_progreso,10,2026-09-10
1721,350,15,completado,100,2026-09-07
1722,350,16,no_iniciado,0,2026-09-05
1723,351,5,en_progreso,10,2026-09-10
1724,351,6,no_iniciado,0,2026-05-01
1725,351,7,en_progreso,31.18,2026-09-10
1726,351,8,no_iniciado,0,2026-05-01
1727,352,28,en_progreso,32.46,2026-09-09
1728,352,29,no_iniciado,0,2026-04-16
1729,352,30,en_progreso,43.88,2026-09-09
1730,352,31,en_progreso,10,2026-09-07
1731,353,21,no_iniciado,0,2026-08-16
1732,353,22,en_progreso,10,2026-09-07
1733,353,23,en_progreso,10,2026-09-07
1734,353,24,en_progreso,10,2026-09-07
1735,353,25,completado,95,2026-09-10
1736,353,26,no_iniciado,0,2026-08-16
1737,353,27,no_iniciado,0,2026-08-16
1738,354,38,no_iniciado,0,2026-06-30
1739,354,39,en_progreso,10,2026-09-10
1740,354,40,no_iniciado,0,2026-06-30
1741,354,41,no_iniciado,0,2026-06-30
1742,354,42,en_progreso,32.06,2026-09-09
1743,354,43,no_iniciado,0,2026-06-30
1744,355,28,no_iniciado,0,2026-08-07
1745,355,29,no_iniciado,0,2026-08-07
1746,355,30,no_iniciado,0,2026-08-07
1747,355,31,en_progreso,10,2026-09-08
1748,356,1,completado,95,2026-09-10
1749,356,2,en_progreso,37.64,2026-09-10
1750,356,3,no_iniciado,0,2026-09-05
1751,356,4,no_iniciado,0,2026-09-05
1752,357,28,en_progreso,10,2026-09-10
1753,357,29,no_iniciado,0,2026-04-13
1754,357,30,no_iniciado,0,2026-04-13
1755,357,31,completado,95,2026-09-10
1756,358,44,en_progreso,10,2026-09-07
1757,358,45,en_progreso,29.32,2026-09-10
1758,358,46,en_progreso,10,2026-09-10
1759,358,47,en_progreso,25.29,2026-09-10
1760,358,48,no_iniciado,0,2026-05-26
1761,358,49,completado,95,2026-09-10
1762,359,1,en_progreso,36.86,2026-09-10
1763,359,2,no_iniciado,0,2026-05-20
1764,359,3,no_iniciado,0,2026-05-20
1765,359,4,en_progreso,10,2026-09-08
1766,360,28,en_progreso,56.3,2026-09-10
1767,360,29,en_progreso,49.92,2026-09-10
1768,360,30,no_iniciado,0,2026-04-23
1769,360,31,no_iniciado,0,2026-04-23
1770,361,32,no_iniciado,0,2026-04-29
1771,361,33,no_iniciado,0,2026-04-29
1772,361,34,no_iniciado,0,2026-04-29
1773,361,35,no_iniciado,0,2026-04-29
1774,361,36,no_iniciado,0,2026-04-29
1775,361,37,no_iniciado,0,2026-04-29
1776,362,1,abandonado,10,2026-09-08
1777,362,2,no_iniciado,0,2026-08-03
1778,362,3,en_progreso,10,2026-09-09
1779,362,4,no_iniciado,0,2026-08-03
1780,363,17,en_progreso,53.6,2026-09-10
1781,363,18,no_iniciado,0,2026-04-16
1782,363,19,en_progreso,10,2026-09-10
1783,363,20,no_iniciado,0,2026-04-16
1784,364,28,en_progreso,10,2026-09-08
1785,364,29,completado,100,2026-09-09
1786,364,30,en_progreso,57.49,2026-09-10
1787,364,31,en_progreso,81.46,2026-09-10
1788,365,38,en_progreso,10,2026-09-10
1789,365,39,no_iniciado,0,2026-08-04
1790,365,40,en_progreso,10,2026-09-10
1791,365,41,no_iniciado,0,2026-08-04
1792,365,42,en_progreso,10,2026-09-09
1793,365,43,no_iniciado,0,2026-08-04
1794,366,56,abandonado,34.86,2026-09-10
1795,366,57,completado,95,2026-09-10
1796,366,58,no_iniciado,0,2026-08-18
1797,366,59,no_iniciado,0,2026-08-18
1798,366,60,no_iniciado,0,2026-08-18
1799,367,13,en_progreso,50.66,2026-09-10
1800,367,14,no_iniciado,0,2026-08-24
1801,367,15,no_iniciado,0,2026-08-24
1802,367,16,completado,95,2026-09-10
1803,368,32,no_iniciado,0,2026-04-19
1804,368,33,en_progreso,10,2026-09-08
1805,368,34,en_progreso,24.23,2026-09-09
1806,368,35,en_progreso,10,2026-09-08
1807,368,36,no_iniciado,0,2026-04-19
1808,368,37,no_iniciado,0,2026-04-19
1809,369,56,no_iniciado,0,2026-05-27
1810,369,57,completado,95,2026-09-10
1811,369,58,no_iniciado,0,2026-05-27
1812,369,59,en_progreso,10,2026-09-10
1813,369,60,en_progreso,10,2026-09-10
1814,370,28,no_iniciado,0,2026-08-31
1815,370,29,en_progreso,10,2026-09-08
1816,370,30,completado,95,2026-09-10
1817,370,31,en_progreso,48.29,2026-09-10
1818,371,32,en_progreso,10,2026-09-10
1819,371,33,no_iniciado,0,2026-04-18
1820,371,34,en_progreso,10,2026-09-09
1821,371,35,no_iniciado,0,2026-04-18
1822,371,36,en_progreso,10,2026-09-08
1823,371,37,no_iniciado,0,2026-04-18
1824,372,28,en_progreso,10,2026-09-10
1825,372,29,no_iniciado,0,2026-06-27
1826,372,30,no_iniciado,0,2026-06-27
1827,372,31,no_iniciado,0,2026-06-27
1828,373,50,no_iniciado,0,2026-07-04
1829,373,51,no_iniciado,0,2026-07-04
1830,373,52,en_progreso,10,2026-09-10
1831,373,53,no_iniciado,0,2026-07-04
1832,373,54,en_progreso,10,2026-09-10
1833,373,55,no_iniciado,0,2026-07-04
1834,374,56,no_iniciado,0,2026-05-25
1835,374,57,no_iniciado,0,2026-05-25
1836,374,58,completado,95,2026-09-09
1837,374,59,completado,95,2026-09-10
1838,374,60,en_progreso,22.75,2026-09-10
1839,375,56,en_progreso,10,2026-09-09
1840,375,57,en_progreso,10,2026-09-07
1841,375,58,en_progreso,10,2026-09-09
1842,375,59,no_iniciado,0,2026-07-23
1843,375,60,completado,100,2026-09-10
1844,376,9,no_iniciado,0,2026-05-22
1845,376,10,en_progreso,10,2026-09-10
1846,376,11,completado,95,2026-09-10
1847,376,12,en_progreso,10,2026-09-07
1848,377,9,no_iniciado,0,2026-09-03
1849,377,10,no_iniciado,0,2026-09-03
1850,377,11,completado,95,2026-09-10
1851,377,12,no_iniciado,0,2026-09-03
1852,378,44,en_progreso,70.41,2026-09-10
1853,378,45,no_iniciado,0,2026-04-20
1854,378,46,no_iniciado,0,2026-04-20
1855,378,47,no_iniciado,0,2026-04-20
1856,378,48,no_iniciado,0,2026-04-20
1857,378,49,no_iniciado,0,2026-04-20
1858,379,1,en_progreso,10,2026-09-08
1859,379,2,en_progreso,86.87,2026-09-10
1860,379,3,en_progreso,10,2026-09-08
1861,379,4,no_iniciado,0,2026-05-07
1862,380,28,no_iniciado,0,2026-07-16
1863,380,29,en_progreso,95,2026-09-10
1864,380,30,en_progreso,71.35,2026-09-10
1865,380,31,no_iniciado,0,2026-07-16
1866,381,44,en_progreso,10,2026-09-09
1867,381,45,no_iniciado,0,2026-06-05
1868,381,46,no_iniciado,0,2026-06-05
1869,381,47,no_iniciado,0,2026-06-05
1870,381,48,en_progreso,26.97,2026-09-08
1871,381,49,en_progreso,10,2026-09-10
1872,382,50,completado,100,2026-09-08
1873,382,51,en_progreso,95,2026-09-10
1874,382,52,no_iniciado,0,2026-05-25
1875,382,53,en_progreso,10,2026-09-09
1876,382,54,no_iniciado,0,2026-05-25
1877,382,55,no_iniciado,0,2026-05-25
1878,383,1,en_progreso,10,2026-09-07
1879,383,2,no_iniciado,0,2026-08-30
1880,383,3,en_progreso,46.27,2026-09-10
1881,383,4,no_iniciado,0,2026-08-30
1882,384,5,en_progreso,83.8,2026-09-10
1883,384,6,no_iniciado,0,2026-07-30
1884,384,7,en_progreso,10,2026-09-08
1885,384,8,completado,95,2026-09-10
1886,385,28,en_progreso,54.62,2026-09-10
1887,385,29,no_iniciado,0,2026-06-10
1888,385,30,no_iniciado,0,2026-06-10
1889,385,31,en_progreso,10,2026-09-08
1890,386,9,no_iniciado,0,2026-07-31
1891,386,10,en_progreso,10,2026-09-08
1892,386,11,en_progreso,20.85,2026-09-10
1893,386,12,en_progreso,22.81,2026-09-10
1894,387,32,en_progreso,10,2026-09-07
1895,387,33,en_progreso,10,2026-09-10
1896,387,34,en_progreso,10,2026-09-09
1897,387,35,no_iniciado,0,2026-08-04
1898,387,36,no_iniciado,0,2026-08-04
1899,387,37,no_iniciado,0,2026-08-04
1900,388,1,no_iniciado,0,2026-08-18
1901,388,2,en_progreso,10,2026-09-08
1902,388,3,en_progreso,10,2026-09-08
1903,388,4,en_progreso,42.84,2026-09-10
1904,389,28,abandonado,54.73,2026-09-10
1905,389,29,en_progreso,92.2,2026-09-10
1906,389,30,no_iniciado,0,2026-06-11
1907,389,31,no_iniciado,0,2026-06-11
1908,390,21,no_iniciado,0,2026-05-26
1909,390,22,en_progreso,10,2026-09-07
1910,390,23,no_iniciado,0,2026-05-26
1911,390,24,no_iniciado,0,2026-05-26
1912,390,25,no_iniciado,0,2026-05-26
1913,390,26,completado,100,2026-09-08
1914,390,27,no_iniciado,0,2026-05-26
1915,391,32,completado,95,2026-09-10
1916,391,33,no_iniciado,0,2026-06-07
1917,391,34,no_iniciado,0,2026-06-07
1918,391,35,en_progreso,10,2026-09-07
1919,391,36,abandonado,10,2026-09-10
1920,391,37,en_progreso,10,2026-09-08
1921,392,21,no_iniciado,0,2026-05-07
1922,392,22,en_progreso,10,2026-09-09
1923,392,23,en_progreso,10,2026-09-07
1924,392,24,en_progreso,10,2026-09-08
1925,392,25,en_progreso,10,2026-09-08
1926,392,26,en_progreso,10,2026-09-10
1927,392,27,en_progreso,10,2026-09-10
1928,393,28,en_progreso,53.39,2026-09-10
1929,393,29,no_iniciado,0,2026-08-16
1930,393,30,no_iniciado,0,2026-08-16
1931,393,31,no_iniciado,0,2026-08-16
1932,394,28,en_progreso,56.52,2026-09-10
1933,394,29,no_iniciado,0,2026-07-20
1934,394,30,no_iniciado,0,2026-07-20
1935,394,31,no_iniciado,0,2026-07-20
1936,395,17,en_progreso,10,2026-09-09
1937,395,18,en_progreso,44.18,2026-09-10
1938,395,19,en_progreso,10,2026-09-08
1939,395,20,completado,95,2026-09-10
1940,396,32,en_progreso,31.3,2026-09-10
1941,396,33,no_iniciado,0,2026-06-29
1942,396,34,no_iniciado,0,2026-06-29
1943,396,35,en_progreso,10,2026-09-08
1944,396,36,no_iniciado,0,2026-06-29
1945,396,37,no_iniciado,0,2026-06-29
1946,397,56,no_iniciado,0,2026-06-07
1947,397,57,en_progreso,10,2026-09-08
1948,397,58,no_iniciado,0,2026-06-07
1949,397,59,no_iniciado,0,2026-06-07
1950,397,60,no_iniciado,0,2026-06-07
1951,398,1,en_progreso,10,2026-09-10
1952,398,2,no_iniciado,0,2026-06-02
1953,398,3,en_progreso,10,2026-09-07
1954,398,4,en_progreso,40.56,2026-09-09
1955,399,21,no_iniciado,0,2026-04-21
1956,399,22,no_iniciado,0,2026-04-21
1957,399,23,en_progreso,31.96,2026-09-10
1958,399,24,no_iniciado,0,2026-04-21
1959,399,25,no_iniciado,0,2026-04-21
1960,399,26,no_iniciado,0,2026-04-21
1961,399,27,en_progreso,31.54,2026-09-10
1962,400,13,no_iniciado,0,2026-07-27
1963,400,14,no_iniciado,0,2026-07-27
1964,400,15,no_iniciado,0,2026-07-27
1965,400,16,no_iniciado,0,2026-07-27
1966,401,5,no_iniciado,0,2026-08-02
1967,401,6,no_iniciado,0,2026-08-02
1968,401,7,no_iniciado,0,2026-08-02
1969,401,8,no_iniciado,0,2026-08-02
1970,402,50,no_iniciado,0,2026-08-30
1971,402,51,no_iniciado,0,2026-08-30
1972,402,52,en_progreso,10,2026-09-07
1973,402,53,no_iniciado,0,2026-08-30
1974,402,54,abandonado,34.51,2026-09-10
1975,402,55,no_iniciado,0,2026-08-30
1976,403,1,no_iniciado,0,2026-05-14
1977,403,2,no_iniciado,0,2026-05-14
1978,403,3,no_iniciado,0,2026-05-14
1979,403,4,en_progreso,10,2026-09-10
1980,404,13,en_progreso,10,2026-09-08
1981,404,14,no_iniciado,0,2026-08-09
1982,404,15,no_iniciado,0,2026-08-09
1983,404,16,no_iniciado,0,2026-08-09
1984,405,1,en_progreso,28.28,2026-09-08
1985,405,2,en_progreso,10,2026-09-08
1986,405,3,en_progreso,59.2,2026-09-10
1987,405,4,no_iniciado,0,2026-08-19
1988,406,9,no_iniciado,0,2026-07-01
1989,406,10,en_progreso,21.98,2026-09-10
1990,406,11,en_progreso,25.04,2026-09-07
1991,406,12,en_progreso,10,2026-09-07
1992,407,13,no_iniciado,0,2026-07-26
1993,407,14,no_iniciado,0,2026-07-26
1994,407,15,en_progreso,82.61,2026-09-10
1995,407,16,no_iniciado,0,2026-07-26
1996,408,56,no_iniciado,0,2026-07-15
1997,408,57,no_iniciado,0,2026-07-15
1998,408,58,no_iniciado,0,2026-07-15
1999,408,59,completado,100,2026-09-10
2000,408,60,no_iniciado,0,2026-07-15
2001,409,50,no_iniciado,0,2026-04-19
2002,409,51,en_progreso,33.62,2026-09-10
2003,409,52,no_iniciado,0,2026-04-19
2004,409,53,no_iniciado,0,2026-04-19
2005,409,54,no_iniciado,0,2026-04-19
2006,409,55,no_iniciado,0,2026-04-19
2007,410,5,en_progreso,10,2026-09-10
2008,410,6,en_progreso,10,2026-09-09
2009,410,7,no_iniciado,0,2026-06-15
2010,410,8,no_iniciado,0,2026-06-15
2011,411,13,en_progreso,40.54,2026-09-10
2012,411,14,en_progreso,22.04,2026-09-10
2013,411,15,no_iniciado,0,2026-08-12
2014,411,16,no_iniciado,0,2026-08-12
2015,412,32,en_progreso,48.88,2026-09-10
2016,412,33,no_iniciado,0,2026-08-18
2017,412,34,no_iniciado,0,2026-08-18
2018,412,35,en_progreso,10,2026-09-08
2019,412,36,no_iniciado,0,2026-08-18
2020,412,37,no_iniciado,0,2026-08-18
2021,413,17,no_iniciado,0,2026-06-23
2022,413,18,no_iniciado,0,2026-06-23
2023,413,19,en_progreso,10,2026-09-08
2024,413,20,en_progreso,10,2026-09-08
2025,414,9,en_progreso,46.63,2026-09-10
2026,414,10,no_iniciado,0,2026-07-20
2027,414,11,no_iniciado,0,2026-07-20
2028,414,12,no_iniciado,0,2026-07-20
2029,415,44,no_iniciado,0,2026-06-10
2030,415,45,no_iniciado,0,2026-06-10
2031,415,46,no_iniciado,0,2026-06-10
2032,415,47,no_iniciado,0,2026-06-10
2033,415,48,no_iniciado,0,2026-06-10
2034,415,49,no_iniciado,0,2026-06-10
2035,416,56,completado,95,2026-09-10
2036,416,57,no_iniciado,0,2026-08-23
2037,416,58,no_iniciado,0,2026-08-23
2038,416,59,en_progreso,10,2026-09-09
2039,416,60,no_iniciado,0,2026-08-23
2040,417,5,en_progreso,10,2026-09-10
2041,417,6,en_progreso,10,2026-09-10
2042,417,7,completado,95,2026-09-10
2043,417,8,no_iniciado,0,2026-06-29
2044,418,9,no_iniciado,0,2026-06-28
2045,418,10,en_progreso,10,2026-09-07
2046,418,11,no_iniciado,0,2026-06-28
2047,418,12,no_iniciado,0,2026-06-28
2048,419,5,en_progreso,10,2026-09-10
2049,419,6,en_progreso,10,2026-09-10
2050,419,7,en_progreso,10,2026-09-10
2051,419,8,en_progreso,10,2026-09-07
2052,420,44,no_iniciado,0,2026-06-07
2053,420,45,no_iniciado,0,2026-06-07
2054,420,46,en_progreso,10,2026-09-09
2055,420,47,no_iniciado,0,2026-06-07
2056,420,48,en_progreso,10,2026-09-08
2057,420,49,no_iniciado,0,2026-06-07
2058,421,17,no_iniciado,0,2026-06-22
2059,421,18,no_iniciado,0,2026-06-22
2060,421,19,en_progreso,34.49,2026-09-09
2061,421,20,no_iniciado,0,2026-06-22
2062,422,50,no_iniciado,0,2026-05-15
2063,422,51,no_iniciado,0,2026-05-15
2064,422,52,en_progreso,29.23,2026-09-09
2065,422,53,no_iniciado,0,2026-05-15
2066,422,54,en_progreso,10,2026-09-10
2067,422,55,en_progreso,10,2026-09-10
2068,423,28,en_progreso,10,2026-09-08
2069,423,29,no_iniciado,0,2026-09-03
2070,423,30,en_progreso,10,2026-09-07
2071,423,31,en_progreso,23.61,2026-09-10
2072,424,56,no_iniciado,0,2026-07-23
2073,424,57,en_progreso,34,2026-09-08
2074,424,58,no_iniciado,0,2026-07-23
2075,424,59,no_iniciado,0,2026-07-23
2076,424,60,no_iniciado,0,2026-07-23
2077,425,13,en_progreso,10,2026-09-10
2078,425,14,completado,100,2026-09-10
2079,425,15,completado,100,2026-09-10
2080,425,16,completado,95,2026-09-10
2081,426,5,en_progreso,35.58,2026-09-10
2082,426,6,en_progreso,10,2026-09-08
2083,426,7,no_iniciado,0,2026-05-26
2084,426,8,en_progreso,10,2026-09-09
2085,427,44,en_progreso,10,2026-09-08
2086,427,45,no_iniciado,0,2026-05-23
2087,427,46,en_progreso,10,2026-09-07
2088,427,47,no_iniciado,0,2026-05-23
2089,427,48,en_progreso,31.64,2026-09-10
2090,427,49,no_iniciado,0,2026-05-23
2091,428,50,en_progreso,10,2026-09-08
2092,428,51,no_iniciado,0,2026-06-07
2093,428,52,no_iniciado,0,2026-06-07
2094,428,53,en_progreso,33.52,2026-09-09
2095,428,54,en_progreso,10,2026-09-10
2096,428,55,no_iniciado,0,2026-06-07
2097,429,13,no_iniciado,0,2026-08-25
2098,429,14,no_iniciado,0,2026-08-25
2099,429,15,en_progreso,10,2026-09-08
2100,429,16,no_iniciado,0,2026-08-25
2101,430,5,no_iniciado,0,2026-05-08
2102,430,6,no_iniciado,0,2026-05-08
2103,430,7,en_progreso,10,2026-09-10
2104,430,8,no_iniciado,0,2026-05-08
2105,431,17,no_iniciado,0,2026-07-08
2106,431,18,en_progreso,10,2026-09-07
2107,431,19,no_iniciado,0,2026-07-08
2108,431,20,en_progreso,10,2026-09-09
2109,432,50,no_iniciado,0,2026-04-21
2110,432,51,no_iniciado,0,2026-04-21
2111,432,52,en_progreso,10,2026-09-10
2112,432,53,en_progreso,32.23,2026-09-10
2113,432,54,no_iniciado,0,2026-04-21
2114,432,55,no_iniciado,0,2026-04-21
2115,433,44,no_iniciado,0,2026-07-28
2116,433,45,no_iniciado,0,2026-07-28
2117,433,46,en_progreso,10,2026-09-10
2118,433,47,no_iniciado,0,2026-07-28
2119,433,48,no_iniciado,0,2026-07-28
2120,433,49,no_iniciado,0,2026-07-28
2121,434,44,no_iniciado,0,2026-06-29
2122,434,45,en_progreso,10,2026-09-07
2123,434,46,no_iniciado,0,2026-06-29
2124,434,47,en_progreso,10,2026-09-08
2125,434,48,no_iniciado,0,2026-06-29
2126,434,49,en_progreso,10,2026-09-10
2127,435,21,en_progreso,21.24,2026-09-10
2128,435,22,no_iniciado,0,2026-06-29
2129,435,23,no_iniciado,0,2026-06-29
2130,435,24,completado,95,2026-09-10
2131,435,25,no_iniciado,0,2026-06-29
2132,435,26,no_iniciado,0,2026-06-29
2133,435,27,no_iniciado,0,2026-06-29
2134,436,28,no_iniciado,0,2026-07-27
2135,436,29,no_iniciado,0,2026-07-27
2136,436,30,en_progreso,56.83,2026-09-10
2137,436,31,no_iniciado,0,2026-07-27
2138,437,50,abandonado,10,2026-09-09
2139,437,51,no_iniciado,0,2026-07-21
2140,437,52,no_iniciado,0,2026-07-21
2141,437,53,en_progreso,10,2026-09-08
2142,437,54,en_progreso,10,2026-09-09
2143,437,55,no_iniciado,0,2026-07-21
2144,438,21,no_iniciado,0,2026-05-06
2145,438,22,no_iniciado,0,2026-05-06
2146,438,23,no_iniciado,0,2026-05-06
2147,438,24,en_progreso,45.44,2026-09-10
2148,438,25,no_iniciado,0,2026-05-06
2149,438,26,en_progreso,10,2026-09-07
2150,438,27,no_iniciado,0,2026-05-06
2151,439,38,no_iniciado,0,2026-06-24
2152,439,39,no_iniciado,0,2026-06-24
2153,439,40,no_iniciado,0,2026-06-24
2154,439,41,no_iniciado,0,2026-06-24
2155,439,42,en_progreso,31.9,2026-09-09
2156,439,43,no_iniciado,0,2026-06-24
2157,440,21,en_progreso,10,2026-09-09
2158,440,22,no_iniciado,0,2026-05-27
2159,440,23,en_progreso,10,2026-09-10
2160,440,24,no_iniciado,0,2026-05-27
2161,440,25,no_iniciado,0,2026-05-27
2162,440,26,en_progreso,53.28,2026-09-10
2163,440,27,no_iniciado,0,2026-05-27
2164,441,1,no_iniciado,0,2026-05-29
2165,441,2,no_iniciado,0,2026-05-29
2166,441,3,no_iniciado,0,2026-05-29
2167,441,4,en_progreso,10,2026-09-10
2168,442,28,en_progreso,10,2026-09-07
2169,442,29,no_iniciado,0,2026-05-19
2170,442,30,no_iniciado,0,2026-05-19
2171,442,31,no_iniciado,0,2026-05-19
2172,443,5,no_iniciado,0,2026-06-13
2173,443,6,completado,95,2026-09-09
2174,443,7,en_progreso,10,2026-09-09
2175,443,8,en_progreso,38.18,2026-09-10
2176,444,28,abandonado,51,2026-09-09
2177,444,29,no_iniciado,0,2026-08-13
2178,444,30,no_iniciado,0,2026-08-13
2179,444,31,no_iniciado,0,2026-08-13
2180,445,50,no_iniciado,0,2026-04-25
2181,445,51,en_progreso,10,2026-09-10
2182,445,52,completado,95,2026-09-10
2183,445,53,en_progreso,10,2026-09-07
2184,445,54,no_iniciado,0,2026-04-25
2185,445,55,no_iniciado,0,2026-04-25
2186,446,32,en_progreso,59.11,2026-09-10
2187,446,33,no_iniciado,0,2026-07-06
2188,446,34,en_progreso,92.89,2026-09-10
2189,446,35,no_iniciado,0,2026-07-06
2190,446,36,no_iniciado,0,2026-07-06
2191,446,37,no_iniciado,0,2026-07-06
2192,447,9,no_iniciado,0,2026-06-21
2193,447,10,no_iniciado,0,2026-06-21
2194,447,11,no_iniciado,0,2026-06-21
2195,447,12,no_iniciado,0,2026-06-21
2196,448,28,no_iniciado,0,2026-04-27
2197,448,29,en_progreso,67.97,2026-09-10
2198,448,30,no_iniciado,0,2026-04-27
2199,448,31,no_iniciado,0,2026-04-27
2200,449,56,completado,95,2026-09-10
2201,449,57,no_iniciado,0,2026-07-23
2202,449,58,no_iniciado,0,2026-07-23
2203,449,59,en_progreso,10,2026-09-08
2204,449,60,no_iniciado,0,2026-07-23
2205,450,38,completado,95,2026-09-10
2206,450,39,en_progreso,10,2026-09-10
2207,450,40,en_progreso,39.98,2026-09-10
2208,450,41,en_progreso,10,2026-09-08
2209,450,42,en_progreso,34.03,2026-09-07
2210,450,43,abandonado,10,2026-09-10
2211,451,50,no_iniciado,0,2026-05-16
2212,451,51,en_progreso,32.42,2026-09-10
2213,451,52,en_progreso,77.14,2026-09-10
2214,451,53,no_iniciado,0,2026-05-16
2215,451,54,completado,95,2026-09-10
2216,451,55,no_iniciado,0,2026-05-16
2217,452,17,no_iniciado,0,2026-04-20
2218,452,18,no_iniciado,0,2026-04-20
2219,452,19,no_iniciado,0,2026-04-20
2220,452,20,no_iniciado,0,2026-04-20
2221,453,38,en_progreso,24.5,2026-09-09
2222,453,39,no_iniciado,0,2026-06-01
2223,453,40,en_progreso,20.93,2026-09-10
2224,453,41,no_iniciado,0,2026-06-01
2225,453,42,en_progreso,10,2026-09-09
2226,453,43,en_progreso,33.99,2026-09-08
2227,454,32,no_iniciado,0,2026-06-22
2228,454,33,no_iniciado,0,2026-06-22
2229,454,34,no_iniciado,0,2026-06-22
2230,454,35,no_iniciado,0,2026-06-22
2231,454,36,completado,95,2026-09-10
2232,454,37,no_iniciado,0,2026-06-22
2233,455,50,en_progreso,10,2026-09-07
2234,455,51,en_progreso,58.99,2026-09-10
2235,455,52,en_progreso,61.43,2026-09-10
2236,455,53,no_iniciado,0,2026-08-18
2237,455,54,completado,95,2026-09-10
2238,455,55,no_iniciado,0,2026-08-18
2239,456,56,no_iniciado,0,2026-08-05
2240,456,57,no_iniciado,0,2026-08-05
2241,456,58,no_iniciado,0,2026-08-05
2242,456,59,no_iniciado,0,2026-08-05
2243,456,60,no_iniciado,0,2026-08-05
2244,457,44,no_iniciado,0,2026-08-05
2245,457,45,en_progreso,59.56,2026-09-10
2246,457,46,no_iniciado,0,2026-08-05
2247,457,47,en_progreso,10,2026-09-09
2248,457,48,no_iniciado,0,2026-08-05
2249,457,49,no_iniciado,0,2026-08-05
2250,458,21,no_iniciado,0,2026-04-17
2251,458,22,no_iniciado,0,2026-04-17
2252,458,23,en_progreso,10,2026-09-07
2253,458,24,en_progreso,10,2026-09-09
2254,458,25,en_progreso,21.32,2026-09-10
2255,458,26,en_progreso,29.78,2026-09-08
2256,458,27,no_iniciado,0,2026-04-17
2257,459,13,en_progreso,26.12,2026-09-09
2258,459,14,en_progreso,10,2026-09-08
2259,459,15,en_progreso,10,2026-09-10
2260,459,16,en_progreso,56.52,2026-09-10
2261,460,17,en_progreso,10,2026-09-08
2262,460,18,en_progreso,10,2026-09-07
2263,460,19,en_progreso,23.37,2026-09-10
2264,460,20,en_progreso,21.91,2026-09-09
2265,461,13,no_iniciado,0,2026-09-04
2266,461,14,no_iniciado,0,2026-09-04
2267,461,15,completado,95,2026-09-10
2268,461,16,no_iniciado,0,2026-09-04
2269,462,32,en_progreso,10,2026-09-07
2270,462,33,en_progreso,10,2026-09-09
2271,462,34,abandonado,77.81,2026-09-10
2272,462,35,completado,95,2026-09-10
2273,462,36,no_iniciado,0,2026-08-02
2274,462,37,no_iniciado,0,2026-08-02
2275,463,44,completado,95,2026-09-09
2276,463,45,no_iniciado,0,2026-08-28
2277,463,46,en_progreso,82.66,2026-09-10
2278,463,47,no_iniciado,0,2026-08-28
2279,463,48,en_progreso,55.79,2026-09-09
2280,463,49,no_iniciado,0,2026-08-28
2281,464,50,no_iniciado,0,2026-08-18
2282,464,51,en_progreso,54.58,2026-09-10
2283,464,52,en_progreso,53.72,2026-09-10
2284,464,53,no_iniciado,0,2026-08-18
2285,464,54,no_iniciado,0,2026-08-18
2286,464,55,en_progreso,10,2026-09-08
2287,465,28,no_iniciado,0,2026-07-27
2288,465,29,no_iniciado,0,2026-07-27
2289,465,30,no_iniciado,0,2026-07-27
2290,465,31,en_progreso,10,2026-09-10
2291,466,1,no_iniciado,0,2026-05-22
2292,466,2,no_iniciado,0,2026-05-22
2293,466,3,no_iniciado,0,2026-05-22
2294,466,4,en_progreso,10,2026-09-07
2295,467,32,no_iniciado,0,2026-07-12
2296,467,33,no_iniciado,0,2026-07-12
2297,467,34,no_iniciado,0,2026-07-12
2298,467,35,abandonado,70.37,2026-09-10
2299,467,36,en_progreso,10,2026-09-07
2300,467,37,en_progreso,67.45,2026-09-10
2301,468,9,en_progreso,59.12,2026-09-10
2302,468,10,en_progreso,10,2026-09-10
2303,468,11,no_iniciado,0,2026-05-20
2304,468,12,no_iniciado,0,2026-05-20
2305,469,32,no_iniciado,0,2026-06-13
2306,469,33,en_progreso,32.24,2026-09-10
2307,469,34,abandonado,59.88,2026-09-10
2308,469,35,no_iniciado,0,2026-06-13
2309,469,36,no_iniciado,0,2026-06-13
2310,469,37,en_progreso,10,2026-09-08
2311,470,21,completado,95,2026-09-10
2312,470,22,en_progreso,10,2026-09-10
2313,470,23,en_progreso,10,2026-09-10
2314,470,24,no_iniciado,0,2026-06-07
2315,470,25,no_iniciado,0,2026-06-07
2316,470,26,en_progreso,58.04,2026-09-10
2317,470,27,no_iniciado,0,2026-06-07
2318,471,21,no_iniciado,0,2026-04-12
2319,471,22,en_progreso,10,2026-09-07
2320,471,23,en_progreso,10,2026-09-10
2321,471,24,no_iniciado,0,2026-04-12
2322,471,25,no_iniciado,0,2026-04-12
2323,471,26,no_iniciado,0,2026-04-12
2324,471,27,completado,95,2026-09-10
2325,472,17,en_progreso,10,2026-09-08
2326,472,18,no_iniciado,0,2026-05-21
2327,472,19,no_iniciado,0,2026-05-21
2328,472,20,no_iniciado,0,2026-05-21
2329,473,56,no_iniciado,0,2026-05-16
2330,473,57,no_iniciado,0,2026-05-16
2331,473,58,no_iniciado,0,2026-05-16
2332,473,59,completado,95,2026-09-10
2333,473,60,no_iniciado,0,2026-05-16
2334,474,17,en_progreso,10,2026-09-07
2335,474,18,en_progreso,10,2026-09-10
2336,474,19,en_progreso,10,2026-09-10
2337,474,20,en_progreso,10,2026-09-10
2338,475,38,en_progreso,29.97,2026-09-10
2339,475,39,en_progreso,10,2026-09-08
2340,475,40,no_iniciado,0,2026-05-02
2341,475,41,no_iniciado,0,2026-05-02
2342,475,42,en_progreso,10,2026-09-10
2343,475,43,en_progreso,84.56,2026-09-10
2344,476,38,no_iniciado,0,2026-09-02
2345,476,39,no_iniciado,0,2026-09-02
2346,476,40,no_iniciado,0,2026-09-02
2347,476,41,no_iniciado,0,2026-09-02
2348,476,42,no_iniciado,0,2026-09-02
2349,476,43,en_progreso,10,2026-09-10
2350,477,5,no_iniciado,0,2026-09-03
2351,477,6,en_progreso,25.5,2026-09-10
2352,477,7,en_progreso,42.88,2026-09-09
2353,477,8,no_iniciado,0,2026-09-03
2354,478,56,no_iniciado,0,2026-07-11
2355,478,57,en_progreso,10,2026-09-09
2356,478,58,en_progreso,22.15,2026-09-10
2357,478,59,en_progreso,10,2026-09-10
2358,478,60,en_progreso,50.9,2026-09-10
2359,479,32,en_progreso,36.16,2026-09-10
2360,479,33,no_iniciado,0,2026-05-27
2361,479,34,en_progreso,31.34,2026-09-08
2362,479,35,en_progreso,10,2026-09-07
2363,479,36,en_progreso,10,2026-09-10
2364,479,37,en_progreso,10,2026-09-07
2365,480,38,en_progreso,10,2026-09-07
2366,480,39,no_iniciado,0,2026-08-23
2367,480,40,no_iniciado,0,2026-08-23
2368,480,41,no_iniciado,0,2026-08-23
2369,480,42,no_iniciado,0,2026-08-23
2370,480,43,no_iniciado,0,2026-08-23
2371,481,56,en_progreso,10,2026-09-07
2372,481,57,en_progreso,10,2026-09-07
2373,481,58,en_progreso,10,2026-09-07
2374,481,59,en_progreso,45.83,2026-09-10
2375,481,60,no_iniciado,0,2026-08-05
2376,482,50,en_progreso,10,2026-09-10
2377,482,51,no_iniciado,0,2026-08-24
2378,482,52,en_progreso,10,2026-09-09
2379,482,53,no_iniciado,0,2026-08-24
2380,482,54,no_iniciado,0,2026-08-24
2381,482,55,no_iniciado,0,2026-08-24
2382,483,32,no_iniciado,0,2026-05-19
2383,483,33,no_iniciado,0,2026-05-19
2384,483,34,no_iniciado,0,2026-05-19
2385,483,35,no_iniciado,0,2026-05-19
2386,483,36,en_progreso,10,2026-09-10
2387,483,37,no_iniciado,0,2026-05-19
2388,484,1,no_iniciado,0,2026-06-26
2389,484,2,no_iniciado,0,2026-06-26
2390,484,3,en_progreso,10,2026-09-10
2391,484,4,en_progreso,10,2026-09-07
2392,485,5,no_iniciado,0,2026-05-26
2393,485,6,completado,95,2026-09-09
2394,485,7,no_iniciado,0,2026-05-26
2395,485,8,en_progreso,29.58,2026-09-08
2396,486,13,no_iniciado,0,2026-07-26
2397,486,14,no_iniciado,0,2026-07-26
2398,486,15,en_progreso,24.88,2026-09-10
2399,486,16,no_iniciado,0,2026-07-26
2400,487,28,no_iniciado,0,2026-06-11
2401,487,29,no_iniciado,0,2026-06-11
2402,487,30,no_iniciado,0,2026-06-11
2403,487,31,abandonado,10,2026-09-10
2404,488,13,no_iniciado,0,2026-06-03
2405,488,14,abandonado,34.26,2026-09-10
2406,488,15,no_iniciado,0,2026-06-03
2407,488,16,en_progreso,58.86,2026-09-10
2408,489,17,en_progreso,10,2026-09-09
2409,489,18,no_iniciado,0,2026-06-22
2410,489,19,en_progreso,10,2026-09-07
2411,489,20,abandonado,21.06,2026-09-08
2412,490,44,en_progreso,10,2026-09-09
2413,490,45,no_iniciado,0,2026-07-09
2414,490,46,en_progreso,10,2026-09-07
2415,490,47,en_progreso,10,2026-09-07
2416,490,48,en_progreso,10,2026-09-10
2417,490,49,no_iniciado,0,2026-07-09
2418,491,32,no_iniciado,0,2026-07-22
2419,491,33,en_progreso,10,2026-09-07
2420,491,34,no_iniciado,0,2026-07-22
2421,491,35,no_iniciado,0,2026-07-22
2422,491,36,no_iniciado,0,2026-07-22
2423,491,37,en_progreso,10,2026-09-10
2424,492,38,no_iniciado,0,2026-08-13
2425,492,39,en_progreso,10,2026-09-10
2426,492,40,en_progreso,10,2026-09-07
2427,492,41,en_progreso,32.78,2026-09-09
2428,492,42,no_iniciado,0,2026-08-13
2429,492,43,no_iniciado,0,2026-08-13
2430,493,21,en_progreso,10,2026-09-08
2431,493,22,no_iniciado,0,2026-06-18
2432,493,23,en_progreso,10,2026-09-09
2433,493,24,en_progreso,30.98,2026-09-10
2434,493,25,no_iniciado,0,2026-06-18
2435,493,26,no_iniciado,0,2026-06-18
2436,493,27,en_progreso,10,2026-09-07
2437,494,28,no_iniciado,0,2026-06-08
2438,494,29,en_progreso,55.86,2026-09-10
2439,494,30,en_progreso,52.66,2026-09-10
2440,494,31,no_iniciado,0,2026-06-08
2441,495,38,en_progreso,10,2026-09-07
2442,495,39,completado,95,2026-09-10
2443,495,40,en_progreso,89.53,2026-09-10
2444,495,41,no_iniciado,0,2026-05-30
2445,495,42,en_progreso,52.5,2026-09-10
2446,495,43,no_iniciado,0,2026-05-30
2447,496,21,en_progreso,10,2026-09-09
2448,496,22,en_progreso,10,2026-09-10
2449,496,23,en_progreso,10,2026-09-09
2450,496,24,en_progreso,10,2026-09-08
2451,496,25,no_iniciado,0,2026-06-18
2452,496,26,no_iniciado,0,2026-06-18
2453,496,27,no_iniciado,0,2026-06-18
2454,497,32,en_progreso,30.58,2026-09-09
2455,497,33,en_progreso,10,2026-09-08
2456,497,34,en_progreso,10,2026-09-08
2457,497,35,no_iniciado,0,2026-07-18
2458,497,36,no_iniciado,0,2026-07-18
2459,497,37,no_iniciado,0,2026-07-18
2460,498,17,completado,95,2026-09-10
2461,498,18,no_iniciado,0,2026-07-15
2462,498,19,no_iniciado,0,2026-07-15
2463,498,20,no_iniciado,0,2026-07-15
2464,499,56,no_iniciado,0,2026-07-09
2465,499,57,no_iniciado,0,2026-07-09
2466,499,58,en_progreso,48.94,2026-09-10
2467,499,59,no_iniciado,0,2026-07-09
2468,499,60,en_progreso,10,2026-09-08
2469,500,5,en_progreso,10,2026-09-09
2470,500,6,no_iniciado,0,2026-04-29
2471,500,7,en_progreso,10,2026-09-07
2472,500,8,no_iniciado,0,2026-04-29
2473,501,13,en_progreso,41.95,2026-09-10
2474,501,14,no_iniciado,0,2026-08-28
2475,501,15,no_iniciado,0,2026-08-28
2476,501,16,no_iniciado,0,2026-08-28
2477,502,21,en_progreso,10,2026-09-10
2478,502,22,en_progreso,10,2026-09-08
2479,502,23,en_progreso,62.87,2026-09-10
2480,502,24,no_iniciado,0,2026-07-10
2481,502,25,no_iniciado,0,2026-07-10
2482,502,26,en_progreso,10,2026-09-07
2483,502,27,no_iniciado,0,2026-07-10
2484,503,5,abandonado,52.34,2026-09-10
2485,503,6,en_progreso,10,2026-09-08
2486,503,7,no_iniciado,0,2026-09-04
2487,503,8,completado,95,2026-09-10
2488,504,38,en_progreso,10,2026-09-07
2489,504,39,no_iniciado,0,2026-06-11
2490,504,40,no_iniciado,0,2026-06-11
2491,504,41,no_iniciado,0,2026-06-11
2492,504,42,en_progreso,10,2026-09-09
2493,504,43,no_iniciado,0,2026-06-11
2494,505,9,completado,100,2026-09-10
2495,505,10,completado,95,2026-09-10
2496,505,11,en_progreso,10,2026-09-10
2497,505,12,completado,100,2026-09-10
2498,506,13,abandonado,10,2026-09-10
2499,506,14,no_iniciado,0,2026-06-20
2500,506,15,en_progreso,10,2026-09-08
2501,506,16,en_progreso,10,2026-09-09
2502,507,56,no_iniciado,0,2026-06-09
2503,507,57,no_iniciado,0,2026-06-09
2504,507,58,completado,95,2026-09-10
2505,507,59,no_iniciado,0,2026-06-09
2506,507,60,en_progreso,10,2026-09-07
2507,508,17,en_progreso,10,2026-09-10
2508,508,18,no_iniciado,0,2026-06-29
2509,508,19,no_iniciado,0,2026-06-29
2510,508,20,completado,100,2026-09-08
2511,509,44,no_iniciado,0,2026-04-18
2512,509,45,no_iniciado,0,2026-04-18
2513,509,46,no_iniciado,0,2026-04-18
2514,509,47,en_progreso,10,2026-09-08
2515,509,48,no_iniciado,0,2026-04-18
2516,509,49,no_iniciado,0,2026-04-18
2517,510,44,no_iniciado,0,2026-07-28
2518,510,45,no_iniciado,0,2026-07-28
2519,510,46,abandonado,10,2026-09-09
2520,510,47,no_iniciado,0,2026-07-28
2521,510,48,no_iniciado,0,2026-07-28
2522,510,49,en_progreso,10,2026-09-07
2523,511,17,completado,95,2026-09-10
2524,511,18,no_iniciado,0,2026-05-22
2525,511,19,no_iniciado,0,2026-05-22
2526,511,20,en_progreso,10,2026-09-10
2527,512,5,no_iniciado,0,2026-08-31
2528,512,6,no_iniciado,0,2026-08-31
2529,512,7,no_iniciado,0,2026-08-31
2530,512,8,en_progreso,10,2026-09-09
2531,513,17,no_iniciado,0,2026-05-08
2532,513,18,en_progreso,10,2026-09-10
2533,513,19,no_iniciado,0,2026-05-08
2534,513,20,en_progreso,45.68,2026-09-10
2535,514,21,no_iniciado,0,2026-04-13
2536,514,22,no_iniciado,0,2026-04-13
2537,514,23,en_progreso,32.28,2026-09-07
2538,514,24,no_iniciado,0,2026-04-13
2539,514,25,en_progreso,10,2026-09-10
2540,514,26,no_iniciado,0,2026-04-13
2541,514,27,no_iniciado,0,2026-04-13
2542,515,17,no_iniciado,0,2026-05-30
2543,515,18,en_progreso,10,2026-09-08
2544,515,19,en_progreso,10,2026-09-10
2545,515,20,en_progreso,21.89,2026-09-08
2546,516,56,no_iniciado,0,2026-07-26
2547,516,57,en_progreso,10,2026-09-08
2548,516,58,no_iniciado,0,2026-07-26
2549,516,59,en_progreso,10,2026-09-10
2550,516,60,no_iniciado,0,2026-07-26
2551,517,9,no_iniciado,0,2026-08-01
2552,517,10,en_progreso,21.66,2026-09-10
2553,517,11,en_progreso,32.72,2026-09-10
2554,517,12,no_iniciado,0,2026-08-01
2555,518,17,no_iniciado,0,2026-07-31
2556,518,18,no_iniciado,0,2026-07-31
2557,518,19,no_iniciado,0,2026-07-31
2558,518,20,no_iniciado,0,2026-07-31
2559,519,1,en_progreso,10,2026-09-09
2560,519,2,no_iniciado,0,2026-08-27
2561,519,3,en_progreso,10,2026-09-09
2562,519,4,en_progreso,20.77,2026-09-08
2563,520,38,en_progreso,29.91,2026-09-09
2564,520,39,no_iniciado,0,2026-06-30
2565,520,40,no_iniciado,0,2026-06-30
2566,520,41,no_iniciado,0,2026-06-30
2567,520,42,no_iniciado,0,2026-06-30
2568,520,43,en_progreso,10,2026-09-08
2569,521,56,en_progreso,10,2026-09-10
2570,521,57,en_progreso,30.46,2026-09-10
2571,521,58,en_progreso,30.21,2026-09-10
2572,521,59,no_iniciado,0,2026-06-06
2573,521,60,en_progreso,52.64,2026-09-10
2574,522,9,en_progreso,48.14,2026-09-10
2575,522,10,en_progreso,10,2026-09-10
2576,522,11,no_iniciado,0,2026-05-09
2577,522,12,no_iniciado,0,2026-05-09
2578,523,32,no_iniciado,0,2026-05-18
2579,523,33,no_iniciado,0,2026-05-18
2580,523,34,en_progreso,10,2026-09-08
2581,523,35,no_iniciado,0,2026-05-18
2582,523,36,no_iniciado,0,2026-05-18
2583,523,37,no_iniciado,0,2026-05-18
2584,524,5,no_iniciado,0,2026-06-13
2585,524,6,en_progreso,10,2026-09-09
2586,524,7,en_progreso,10,2026-09-08
2587,524,8,en_progreso,10,2026-09-10
2588,525,1,no_iniciado,0,2026-05-24
2589,525,2,en_progreso,10,2026-09-10
2590,525,3,no_iniciado,0,2026-05-24
2591,525,4,no_iniciado,0,2026-05-24
2592,526,17,no_iniciado,0,2026-06-22
2593,526,18,en_progreso,10,2026-09-10
2594,526,19,abandonado,27.65,2026-09-09
2595,526,20,no_iniciado,0,2026-06-22
2596,527,32,en_progreso,10,2026-09-10
2597,527,33,no_iniciado,0,2026-07-29
2598,527,34,en_progreso,10,2026-09-07
2599,527,35,en_progreso,10,2026-09-07
2600,527,36,no_iniciado,0,2026-07-29
2601,527,37,completado,95,2026-09-10
2602,528,50,no_iniciado,0,2026-05-27
2603,528,51,en_progreso,10,2026-09-08
2604,528,52,completado,95,2026-09-10
2605,528,53,no_iniciado,0,2026-05-27
2606,528,54,no_iniciado,0,2026-05-27
2607,528,55,no_iniciado,0,2026-05-27
2608,529,21,en_progreso,10,2026-09-08
2609,529,22,no_iniciado,0,2026-07-15
2610,529,23,abandonado,10,2026-09-08
2611,529,24,no_iniciado,0,2026-07-15
2612,529,25,en_progreso,10,2026-09-07
2613,529,26,completado,95,2026-09-10
2614,529,27,no_iniciado,0,2026-07-15
2615,530,9,no_iniciado,0,2026-07-25
2616,530,10,completado,100,2026-09-10
2617,530,11,no_iniciado,0,2026-07-25
2618,530,12,abandonado,10,2026-09-08
2619,531,17,no_iniciado,0,2026-08-15
2620,531,18,en_progreso,73.36,2026-09-10
2621,531,19,no_iniciado,0,2026-08-15
2622,531,20,en_progreso,10,2026-09-07
2623,532,5,en_progreso,10,2026-09-08
2624,532,6,no_iniciado,0,2026-08-20
2625,532,7,no_iniciado,0,2026-08-20
2626,532,8,en_progreso,10,2026-09-07
2627,533,56,no_iniciado,0,2026-06-14
2628,533,57,en_progreso,10,2026-09-07
2629,533,58,no_iniciado,0,2026-06-14
2630,533,59,no_iniciado,0,2026-06-14
2631,533,60,no_iniciado,0,2026-06-14
2632,534,32,no_iniciado,0,2026-05-29
2633,534,33,en_progreso,31.69,2026-09-10
2634,534,34,en_progreso,10,2026-09-07
2635,534,35,no_iniciado,0,2026-05-29
2636,534,36,no_iniciado,0,2026-05-29
2637,534,37,no_iniciado,0,2026-05-29
2638,535,5,no_iniciado,0,2026-09-05
2639,535,6,no_iniciado,0,2026-09-05
2640,535,7,no_iniciado,0,2026-09-05
2641,535,8,en_progreso,10,2026-09-10
2642,536,50,en_progreso,25.97,2026-09-10
2643,536,51,no_iniciado,0,2026-07-13
2644,536,52,en_progreso,10,2026-09-08
2645,536,53,no_iniciado,0,2026-07-13
2646,536,54,en_progreso,10,2026-09-10
2647,536,55,en_progreso,71.84,2026-09-10
2648,537,56,en_progreso,10,2026-09-08
2649,537,57,no_iniciado,0,2026-08-28
2650,537,58,en_progreso,10,2026-09-09
2651,537,59,no_iniciado,0,2026-08-28
2652,537,60,no_iniciado,0,2026-08-28
2653,538,1,en_progreso,68.7,2026-09-10
2654,538,2,completado,100,2026-09-10
2655,538,3,en_progreso,29.52,2026-09-08
2656,538,4,no_iniciado,0,2026-08-12
2657,539,9,no_iniciado,0,2026-08-31
2658,539,10,no_iniciado,0,2026-08-31
2659,539,11,no_iniciado,0,2026-08-31
2660,539,12,en_progreso,34.2,2026-09-10
2661,540,17,en_progreso,34.41,2026-09-10
2662,540,18,en_progreso,95,2026-09-10
2663,540,19,en_progreso,22.19,2026-09-09
2664,540,20,no_iniciado,0,2026-07-14
2665,541,5,en_progreso,10,2026-09-07
2666,541,6,no_iniciado,0,2026-07-08
2667,541,7,completado,100,2026-09-10
2668,541,8,no_iniciado,0,2026-07-08
2669,542,13,no_iniciado,0,2026-05-12
2670,542,14,en_progreso,29.08,2026-09-09
2671,542,15,en_progreso,10,2026-09-08
2672,542,16,en_progreso,10,2026-09-07
2673,543,38,no_iniciado,0,2026-08-30
2674,543,39,no_iniciado,0,2026-08-30
2675,543,40,no_iniciado,0,2026-08-30
2676,543,41,no_iniciado,0,2026-08-30
2677,543,42,en_progreso,10,2026-09-08
2678,543,43,no_iniciado,0,2026-08-30
2679,544,44,en_progreso,10,2026-09-10
2680,544,45,no_iniciado,0,2026-06-17
2681,544,46,no_iniciado,0,2026-06-17
2682,544,47,en_progreso,10,2026-09-08
2683,544,48,en_progreso,44.68,2026-09-10
2684,544,49,no_iniciado,0,2026-06-17
2685,545,56,en_progreso,58.54,2026-09-09
2686,545,57,en_progreso,10,2026-09-09
2687,545,58,no_iniciado,0,2026-05-12
2688,545,59,en_progreso,10,2026-09-10
2689,545,60,no_iniciado,0,2026-05-12
2690,546,13,en_progreso,10,2026-09-10
2691,546,14,no_iniciado,0,2026-05-07
2692,546,15,en_progreso,10,2026-09-09
2693,546,16,en_progreso,22.13,2026-09-09
2694,547,38,completado,100,2026-09-10
2695,547,39,completado,100,2026-09-10
2696,547,40,no_iniciado,0,2026-08-27
2697,547,41,en_progreso,20.12,2026-09-10
2698,547,42,no_iniciado,0,2026-08-27
2699,547,43,en_progreso,95,2026-09-10
2700,548,28,en_progreso,26.35,2026-09-08
2701,548,29,no_iniciado,0,2026-07-25
2702,548,30,no_iniciado,0,2026-07-25
2703,548,31,en_progreso,46.5,2026-09-10
2704,549,32,en_progreso,34.46,2026-09-09
2705,549,33,no_iniciado,0,2026-07-13
2706,549,34,no_iniciado,0,2026-07-13
2707,549,35,no_iniciado,0,2026-07-13
2708,549,36,completado,100,2026-09-09
2709,549,37,completado,100,2026-09-08
2710,550,17,en_progreso,27.59,2026-09-10
2711,550,18,no_iniciado,0,2026-05-15
2712,550,19,en_progreso,50.6,2026-09-09
2713,550,20,en_progreso,10,2026-09-09
2714,551,28,no_iniciado,0,2026-07-24
2715,551,29,no_iniciado,0,2026-07-24
2716,551,30,en_progreso,10,2026-09-07
2717,551,31,no_iniciado,0,2026-07-24
2718,552,17,completado,95,2026-09-10
2719,552,18,en_progreso,25.25,2026-09-10
2720,552,19,en_progreso,10,2026-09-07
2721,552,20,completado,100,2026-09-08
2722,553,44,en_progreso,10,2026-09-09
2723,553,45,no_iniciado,0,2026-04-21
2724,553,46,en_progreso,10,2026-09-07
2725,553,47,no_iniciado,0,2026-04-21
2726,553,48,no_iniciado,0,2026-04-21
2727,553,49,no_iniciado,0,2026-04-21
2728,554,1,no_iniciado,0,2026-07-20
2729,554,2,no_iniciado,0,2026-07-20
2730,554,3,no_iniciado,0,2026-07-20
2731,554,4,no_iniciado,0,2026-07-20
2732,555,44,en_progreso,91.51,2026-09-09
2733,555,45,en_progreso,10,2026-09-10
2734,555,46,no_iniciado,0,2026-04-16
2735,555,47,en_progreso,28.38,2026-09-09
2736,555,48,en_progreso,10,2026-09-07
2737,555,49,completado,95,2026-09-10
2738,556,5,en_progreso,10,2026-09-09
2739,556,6,no_iniciado,0,2026-04-24
2740,556,7,en_progreso,10,2026-09-10
2741,556,8,en_progreso,10,2026-09-07
2742,557,50,no_iniciado,0,2026-08-17
2743,557,51,en_progreso,10,2026-09-08
2744,557,52,completado,100,2026-09-07
2745,557,53,en_progreso,10,2026-09-09
2746,557,54,en_progreso,34.05,2026-09-08
2747,557,55,completado,95,2026-09-10
2748,558,17,no_iniciado,0,2026-04-19
2749,558,18,no_iniciado,0,2026-04-19
2750,558,19,no_iniciado,0,2026-04-19
2751,558,20,no_iniciado,0,2026-04-19
2752,559,5,en_progreso,10,2026-09-10
2753,559,6,no_iniciado,0,2026-09-05
2754,559,7,en_progreso,41.44,2026-09-10
2755,559,8,en_progreso,10,2026-09-10
2756,560,9,en_progreso,10,2026-09-08
2757,560,10,no_iniciado,0,2026-04-11
2758,560,11,no_iniciado,0,2026-04-11
2759,560,12,en_progreso,10,2026-09-10
2760,561,13,en_progreso,10,2026-09-10
2761,561,14,en_progreso,10,2026-09-08
2762,561,15,no_iniciado,0,2026-06-29
2763,561,16,abandonado,34.7,2026-09-09
2764,562,38,no_iniciado,0,2026-05-06
2765,562,39,en_progreso,10,2026-09-10
2766,562,40,completado,100,2026-09-08
2767,562,41,no_iniciado,0,2026-05-06
2768,562,42,no_iniciado,0,2026-05-06
2769,562,43,no_iniciado,0,2026-05-06
2770,563,9,no_iniciado,0,2026-08-10
2771,563,10,no_iniciado,0,2026-08-10
2772,563,11,en_progreso,10,2026-09-10
2773,563,12,no_iniciado,0,2026-08-10
2774,564,28,no_iniciado,0,2026-05-24
2775,564,29,no_iniciado,0,2026-05-24
2776,564,30,no_iniciado,0,2026-05-24
2777,564,31,completado,100,2026-09-09
2778,565,56,en_progreso,10,2026-09-09
2779,565,57,en_progreso,10,2026-09-09
2780,565,58,en_progreso,10,2026-09-10
2781,565,59,en_progreso,10,2026-09-10
2782,565,60,completado,95,2026-09-09
2783,566,44,en_progreso,20.47,2026-09-10
2784,566,45,abandonado,59.44,2026-09-10
2785,566,46,no_iniciado,0,2026-08-25
2786,566,47,no_iniciado,0,2026-08-25
2787,566,48,en_progreso,10,2026-09-07
2788,566,49,en_progreso,10,2026-09-07
2789,567,17,completado,100,2026-09-10
2790,567,18,completado,100,2026-09-10
2791,567,19,no_iniciado,0,2026-05-09
2792,567,20,no_iniciado,0,2026-05-09
2793,568,1,completado,100,2026-09-09
2794,568,2,abandonado,23.74,2026-09-10
2795,568,3,no_iniciado,0,2026-04-11
2796,568,4,no_iniciado,0,2026-04-11
2797,569,17,no_iniciado,0,2026-05-22
2798,569,18,no_iniciado,0,2026-05-22
2799,569,19,en_progreso,10,2026-09-10
2800,569,20,en_progreso,10,2026-09-10
2801,570,17,no_iniciado,0,2026-07-17
2802,570,18,no_iniciado,0,2026-07-17
2803,570,19,en_progreso,10,2026-09-07
2804,570,20,en_progreso,10,2026-09-08
2805,571,32,en_progreso,10,2026-09-07
2806,571,33,en_progreso,10,2026-09-10
2807,571,34,no_iniciado,0,2026-07-07
2808,571,35,en_progreso,10,2026-09-09
2809,571,36,no_iniciado,0,2026-07-07
2810,571,37,completado,95,2026-09-10
2811,572,5,en_progreso,10,2026-09-08
2812,572,6,en_progreso,10,2026-09-08
2813,572,7,no_iniciado,0,2026-06-21
2814,572,8,en_progreso,10,2026-09-08
2815,573,13,no_iniciado,0,2026-04-21
2816,573,14,en_progreso,23.97,2026-09-08
2817,573,15,en_progreso,73.78,2026-09-10
2818,573,16,no_iniciado,0,2026-04-21
2819,574,17,en_progreso,10,2026-09-07
2820,574,18,no_iniciado,0,2026-08-07
2821,574,19,en_progreso,10,2026-09-08
2822,574,20,no_iniciado,0,2026-08-07
2823,575,44,no_iniciado,0,2026-08-11
2824,575,45,en_progreso,10,2026-09-08
2825,575,46,en_progreso,10,2026-09-08
2826,575,47,en_progreso,26.71,2026-09-09
2827,575,48,en_progreso,10,2026-09-07
2828,575,49,en_progreso,55.36,2026-09-10
2829,576,13,en_progreso,72.04,2026-09-09
2830,576,14,no_iniciado,0,2026-08-17
2831,576,15,completado,100,2026-09-09
2832,576,16,no_iniciado,0,2026-08-17
2833,577,28,no_iniciado,0,2026-08-07
2834,577,29,no_iniciado,0,2026-08-07
2835,577,30,en_progreso,33.86,2026-09-10
2836,577,31,no_iniciado,0,2026-08-07
2837,578,5,no_iniciado,0,2026-07-12
2838,578,6,en_progreso,10,2026-09-09
2839,578,7,no_iniciado,0,2026-07-12
2840,578,8,no_iniciado,0,2026-07-12
2841,579,13,no_iniciado,0,2026-08-16
2842,579,14,no_iniciado,0,2026-08-16
2843,579,15,completado,100,2026-09-09
2844,579,16,no_iniciado,0,2026-08-16
2845,580,50,no_iniciado,0,2026-07-13
2846,580,51,no_iniciado,0,2026-07-13
2847,580,52,no_iniciado,0,2026-07-13
2848,580,53,no_iniciado,0,2026-07-13
2849,580,54,no_iniciado,0,2026-07-13
2850,580,55,no_iniciado,0,2026-07-13
2851,581,9,en_progreso,31.5,2026-09-09
2852,581,10,completado,100,2026-09-10
2853,581,11,completado,100,2026-09-09
2854,581,12,en_progreso,10,2026-09-07
2855,582,9,no_iniciado,0,2026-04-11
2856,582,10,en_progreso,21.91,2026-09-08
2857,582,11,completado,100,2026-09-10
2858,582,12,no_iniciado,0,2026-04-11
2859,583,5,no_iniciado,0,2026-07-22
2860,583,6,en_progreso,52.51,2026-09-10
2861,583,7,no_iniciado,0,2026-07-22
2862,583,8,no_iniciado,0,2026-07-22
2863,584,9,no_iniciado,0,2026-07-26
2864,584,10,no_iniciado,0,2026-07-26
2865,584,11,en_progreso,59.34,2026-09-10
2866,584,12,no_iniciado,0,2026-07-26
2867,585,44,en_progreso,38.16,2026-09-10
2868,585,45,no_iniciado,0,2026-06-28
2869,585,46,en_progreso,10,2026-09-10
2870,585,47,no_iniciado,0,2026-06-28
2871,585,48,no_iniciado,0,2026-06-28
2872,585,49,en_progreso,10,2026-09-08
2873,586,56,completado,95,2026-09-10
2874,586,57,no_iniciado,0,2026-04-12
2875,586,58,en_progreso,29.82,2026-09-08
2876,586,59,no_iniciado,0,2026-04-12
2877,586,60,no_iniciado,0,2026-04-12
2878,587,32,no_iniciado,0,2026-04-13
2879,587,33,completado,100,2026-09-10
2880,587,34,completado,95,2026-09-10
2881,587,35,no_iniciado,0,2026-04-13
2882,587,36,en_progreso,59.52,2026-09-09
2883,587,37,no_iniciado,0,2026-04-13
2884,588,5,completado,95,2026-09-10
2885,588,6,no_iniciado,0,2026-07-21
2886,588,7,en_progreso,10,2026-09-07
2887,588,8,no_iniciado,0,2026-07-21
2888,589,56,no_iniciado,0,2026-08-28
2889,589,57,en_progreso,10,2026-09-10
2890,589,58,en_progreso,10,2026-09-08
2891,589,59,en_progreso,20.15,2026-09-09
2892,589,60,no_iniciado,0,2026-08-28
2893,590,17,no_iniciado,0,2026-06-02
2894,590,18,en_progreso,26.22,2026-09-08
2895,590,19,no_iniciado,0,2026-06-02
2896,590,20,en_progreso,10,2026-09-08
2897,591,28,no_iniciado,0,2026-07-23
2898,591,29,en_progreso,22.64,2026-09-09
2899,591,30,en_progreso,10,2026-09-10
2900,591,31,no_iniciado,0,2026-07-23
2901,592,17,en_progreso,10,2026-09-08
2902,592,18,no_iniciado,0,2026-06-04
2903,592,19,en_progreso,10,2026-09-10
2904,592,20,en_progreso,10,2026-09-07
2905,593,38,no_iniciado,0,2026-04-13
2906,593,39,no_iniciado,0,2026-04-13
2907,593,40,completado,100,2026-09-09
2908,593,41,en_progreso,10,2026-09-10
2909,593,42,no_iniciado,0,2026-04-13
2910,593,43,no_iniciado,0,2026-04-13
2911,594,32,no_iniciado,0,2026-07-16
2912,594,33,no_iniciado,0,2026-07-16
2913,594,34,no_iniciado,0,2026-07-16
2914,594,35,completado,100,2026-09-10
2915,594,36,no_iniciado,0,2026-07-16
2916,594,37,en_progreso,31.89,2026-09-10
2917,595,56,en_progreso,10,2026-09-08
2918,595,57,completado,100,2026-09-10
2919,595,58,no_iniciado,0,2026-08-23
2920,595,59,no_iniciado,0,2026-08-23
2921,595,60,en_progreso,84.79,2026-09-10
2922,596,5,no_iniciado,0,2026-08-18
2923,596,6,en_progreso,10,2026-09-07
2924,596,7,no_iniciado,0,2026-08-18
2925,596,8,no_iniciado,0,2026-08-18
2926,597,1,en_progreso,10,2026-09-09
2927,597,2,no_iniciado,0,2026-07-02
2928,597,3,no_iniciado,0,2026-07-02
2929,597,4,no_iniciado,0,2026-07-02
2930,598,28,no_iniciado,0,2026-05-14
2931,598,29,no_iniciado,0,2026-05-14
2932,598,30,no_iniciado,0,2026-05-14
2933,598,31,en_progreso,10,2026-09-07
2934,599,21,en_progreso,10,2026-09-07
2935,599,22,no_iniciado,0,2026-04-30
2936,599,23,no_iniciado,0,2026-04-30
2937,599,24,no_iniciado,0,2026-04-30
2938,599,25,no_iniciado,0,2026-04-30
2939,599,26,no_iniciado,0,2026-04-30
2940,599,27,en_progreso,50.62,2026-09-10
2941,600,17,en_progreso,10,2026-09-07
2942,600,18,no_iniciado,0,2026-04-28
2943,600,19,en_progreso,10,2026-09-08
2944,600,20,completado,100,2026-09-10
2945,601,1,en_progreso,26.16,2026-09-10
2946,601,2,no_iniciado,0,2026-07-20
2947,601,3,completado,95,2026-09-10
2948,601,4,en_progreso,10,2026-09-07
2949,602,5,completado,95,2026-09-10
2950,602,6,no_iniciado,0,2026-05-08
2951,602,7,no_iniciado,0,2026-05-08
2952,602,8,no_iniciado,0,2026-05-08
2953,603,50,completado,95,2026-09-10
2954,603,51,en_progreso,10,2026-09-08
2955,603,52,en_progreso,10,2026-09-07
2956,603,53,en_progreso,58.24,2026-09-10
2957,603,54,no_iniciado,0,2026-05-26
2958,603,55,en_progreso,10,2026-09-07
2959,604,44,no_iniciado,0,2026-05-17
2960,604,45,en_progreso,56.12,2026-09-10
2961,604,46,no_iniciado,0,2026-05-17
2962,604,47,no_iniciado,0,2026-05-17
2963,604,48,no_iniciado,0,2026-05-17
2964,604,49,no_iniciado,0,2026-05-17
2965,605,1,en_progreso,10,2026-09-09
2966,605,2,no_iniciado,0,2026-08-08
2967,605,3,en_progreso,27.01,2026-09-10
2968,605,4,en_progreso,10,2026-09-08
2969,606,17,no_iniciado,0,2026-07-21
2970,606,18,no_iniciado,0,2026-07-21
2971,606,19,no_iniciado,0,2026-07-21
2972,606,20,no_iniciado,0,2026-07-21
2973,607,1,no_iniciado,0,2026-05-29
2974,607,2,no_iniciado,0,2026-05-29
2975,607,3,no_iniciado,0,2026-05-29
2976,607,4,no_iniciado,0,2026-05-29
2977,608,9,en_progreso,10,2026-09-09
2978,608,10,completado,100,2026-09-10
2979,608,11,en_progreso,26.46,2026-09-09
2980,608,12,no_iniciado,0,2026-06-17
2981,609,32,no_iniciado,0,2026-05-31
2982,609,33,no_iniciado,0,2026-05-31
2983,609,34,en_progreso,10,2026-09-07
2984,609,35,no_iniciado,0,2026-05-31
2985,609,36,en_progreso,10,2026-09-07
2986,609,37,no_iniciado,0,2026-05-31
2987,610,50,en_progreso,29.8,2026-09-07
2988,610,51,no_iniciado,0,2026-06-26
2989,610,52,en_progreso,10,2026-09-07
2990,610,53,en_progreso,10,2026-09-10
2991,610,54,no_iniciado,0,2026-06-26
2992,610,55,no_iniciado,0,2026-06-26
2993,611,32,abandonado,59.86,2026-09-10
2994,611,33,no_iniciado,0,2026-04-25
2995,611,34,en_progreso,10,2026-09-07
2996,611,35,no_iniciado,0,2026-04-25
2997,611,36,no_iniciado,0,2026-04-25
2998,611,37,en_progreso,10,2026-09-07
2999,612,17,no_iniciado,0,2026-06-21
3000,612,18,en_progreso,10,2026-09-09
3001,612,19,no_iniciado,0,2026-06-21
3002,612,20,no_iniciado,0,2026-06-21
3003,613,44,en_progreso,10,2026-09-09
3004,613,45,no_iniciado,0,2026-06-27
3005,613,46,no_iniciado,0,2026-06-27
3006,613,47,en_progreso,10,2026-09-08
3007,613,48,no_iniciado,0,2026-06-27
3008,613,49,en_progreso,10,2026-09-10
3009,614,50,en_progreso,37.52,2026-09-10
3010,614,51,en_progreso,10,2026-09-07
3011,614,52,completado,95,2026-09-10
3012,614,53,en_progreso,10,2026-09-10
3013,614,54,no_iniciado,0,2026-07-08
3014,614,55,en_progreso,45.54,2026-09-10
3015,615,32,no_iniciado,0,2026-07-28
3016,615,33,no_iniciado,0,2026-07-28
3017,615,34,completado,100,2026-09-07
3018,615,35,no_iniciado,0,2026-07-28
3019,615,36,en_progreso,10,2026-09-07
3020,615,37,no_iniciado,0,2026-07-28
3021,616,32,no_iniciado,0,2026-05-27
3022,616,33,no_iniciado,0,2026-05-27
3023,616,34,no_iniciado,0,2026-05-27
3024,616,35,no_iniciado,0,2026-05-27
3025,616,36,no_iniciado,0,2026-05-27
3026,616,37,completado,95,2026-09-10
3027,617,28,completado,95,2026-09-10
3028,617,29,no_iniciado,0,2026-08-23
3029,617,30,en_progreso,10,2026-09-10
3030,617,31,no_iniciado,0,2026-08-23
3031,618,21,no_iniciado,0,2026-05-23
3032,618,22,en_progreso,31.44,2026-09-09
3033,618,23,no_iniciado,0,2026-05-23
3034,618,24,en_progreso,10,2026-09-07
3035,618,25,no_iniciado,0,2026-05-23
3036,618,26,en_progreso,10,2026-09-08
3037,618,27,en_progreso,10,2026-09-07
3038,619,50,en_progreso,10,2026-09-07
3039,619,51,en_progreso,10,2026-09-09
3040,619,52,en_progreso,10,2026-09-08
3041,619,53,en_progreso,10,2026-09-07
3042,619,54,no_iniciado,0,2026-06-07
3043,619,55,no_iniciado,0,2026-06-07
3044,620,5,en_progreso,10,2026-09-10
3045,620,6,en_progreso,10,2026-09-09
3046,620,7,no_iniciado,0,2026-08-20
3047,620,8,no_iniciado,0,2026-08-20
3048,621,21,no_iniciado,0,2026-04-25
3049,621,22,no_iniciado,0,2026-04-25
3050,621,23,no_iniciado,0,2026-04-25
3051,621,24,abandonado,10,2026-09-08
3052,621,25,en_progreso,10,2026-09-10
3053,621,26,no_iniciado,0,2026-04-25
3054,621,27,no_iniciado,0,2026-04-25
3055,622,56,en_progreso,10,2026-09-10
3056,622,57,no_iniciado,0,2026-08-14
3057,622,58,completado,95,2026-09-10
3058,622,59,no_iniciado,0,2026-08-14
3059,622,60,en_progreso,10,2026-09-09
3060,623,32,en_progreso,21.94,2026-09-08
3061,623,33,no_iniciado,0,2026-08-14
3062,623,34,en_progreso,31.83,2026-09-09
3063,623,35,no_iniciado,0,2026-08-14
3064,623,36,en_progreso,10,2026-09-07
3065,623,37,no_iniciado,0,2026-08-14
3066,624,50,no_iniciado,0,2026-09-04
3067,624,51,en_progreso,10,2026-09-10
3068,624,52,no_iniciado,0,2026-09-04
3069,624,53,no_iniciado,0,2026-09-04
3070,624,54,en_progreso,33.95,2026-09-08
3071,624,55,no_iniciado,0,2026-09-04
3072,625,28,no_iniciado,0,2026-04-16
3073,625,29,no_iniciado,0,2026-04-16
3074,625,30,en_progreso,10,2026-09-07
3075,625,31,no_iniciado,0,2026-04-16
3076,626,1,completado,100,2026-09-07
3077,626,2,en_progreso,53.98,2026-09-10
3078,626,3,no_iniciado,0,2026-04-28
3079,626,4,no_iniciado,0,2026-04-28
3080,627,32,no_iniciado,0,2026-06-27
3081,627,33,no_iniciado,0,2026-06-27
3082,627,34,no_iniciado,0,2026-06-27
3083,627,35,no_iniciado,0,2026-06-27
3084,627,36,en_progreso,10,2026-09-07
3085,627,37,no_iniciado,0,2026-06-27
3086,628,5,en_progreso,10,2026-09-09
3087,628,6,en_progreso,80.11,2026-09-09
3088,628,7,no_iniciado,0,2026-06-22
3089,628,8,no_iniciado,0,2026-06-22
3090,629,17,abandonado,47.89,2026-09-10
3091,629,18,en_progreso,10,2026-09-08
3092,629,19,no_iniciado,0,2026-06-22
3093,629,20,en_progreso,44.22,2026-09-10
3094,630,21,completado,100,2026-09-07
3095,630,22,en_progreso,10,2026-09-08
3096,630,23,en_progreso,21.64,2026-09-10
3097,630,24,no_iniciado,0,2026-07-26
3098,630,25,en_progreso,10,2026-09-09
3099,630,26,no_iniciado,0,2026-07-26
3100,630,27,en_progreso,20.67,2026-09-10
3101,631,28,no_iniciado,0,2026-07-11
3102,631,29,no_iniciado,0,2026-07-11
3103,631,30,no_iniciado,0,2026-07-11
3104,631,31,no_iniciado,0,2026-07-11
3105,632,1,no_iniciado,0,2026-04-20
3106,632,2,en_progreso,10,2026-09-07
3107,632,3,no_iniciado,0,2026-04-20
3108,632,4,no_iniciado,0,2026-04-20
3109,633,50,completado,95,2026-09-10
3110,633,51,en_progreso,10,2026-09-10
3111,633,52,en_progreso,28.12,2026-09-09
3112,633,53,no_iniciado,0,2026-08-11
3113,633,54,en_progreso,38.02,2026-09-10
3114,633,55,en_progreso,24.24,2026-09-08
3115,634,38,no_iniciado,0,2026-04-11
3116,634,39,en_progreso,10,2026-09-08
3117,634,40,no_iniciado,0,2026-04-11
3118,634,41,en_progreso,10,2026-09-07
3119,634,42,no_iniciado,0,2026-04-11
3120,634,43,no_iniciado,0,2026-04-11
3121,635,28,en_progreso,10,2026-09-07
3122,635,29,en_progreso,10,2026-09-08
3123,635,30,no_iniciado,0,2026-08-24
3124,635,31,en_progreso,10,2026-09-09
3125,636,1,en_progreso,43.66,2026-09-10
3126,636,2,completado,100,2026-09-10
3127,636,3,no_iniciado,0,2026-05-13
3128,636,4,en_progreso,10,2026-09-07
3129,637,38,no_iniciado,0,2026-04-26
3130,637,39,no_iniciado,0,2026-04-26
3131,637,40,en_progreso,47.3,2026-09-10
3132,637,41,en_progreso,10,2026-09-08
3133,637,42,en_progreso,10,2026-09-10
3134,637,43,no_iniciado,0,2026-04-26
3135,638,44,no_iniciado,0,2026-07-16
3136,638,45,en_progreso,10,2026-09-09
3137,638,46,completado,95,2026-09-10
3138,638,47,no_iniciado,0,2026-07-16
3139,638,48,no_iniciado,0,2026-07-16
3140,638,49,no_iniciado,0,2026-07-16
3141,639,32,no_iniciado,0,2026-07-03
3142,639,33,en_progreso,67.27,2026-09-10
3143,639,34,no_iniciado,0,2026-07-03
3144,639,35,en_progreso,23.83,2026-09-09
3145,639,36,en_progreso,10,2026-09-10
3146,639,37,no_iniciado,0,2026-07-03
3147,640,32,no_iniciado,0,2026-08-13
3148,640,33,completado,95,2026-09-10
3149,640,34,en_progreso,10,2026-09-10
3150,640,35,en_progreso,10,2026-09-08
3151,640,36,no_iniciado,0,2026-08-13
3152,640,37,no_iniciado,0,2026-08-13
3153,641,1,no_iniciado,0,2026-06-13
3154,641,2,en_progreso,10,2026-09-07
3155,641,3,completado,95,2026-09-10
3156,641,4,no_iniciado,0,2026-06-13
3157,642,13,no_iniciado,0,2026-07-28
3158,642,14,no_iniciado,0,2026-07-28
3159,642,15,en_progreso,10,2026-09-10
3160,642,16,no_iniciado,0,2026-07-28
3161,643,38,no_iniciado,0,2026-04-28
3162,643,39,no_iniciado,0,2026-04-28
3163,643,40,no_iniciado,0,2026-04-28
3164,643,41,no_iniciado,0,2026-04-28
3165,643,42,completado,95,2026-09-10
3166,643,43,no_iniciado,0,2026-04-28
3167,644,9,en_progreso,10,2026-09-07
3168,644,10,en_progreso,10,2026-09-09
3169,644,11,no_iniciado,0,2026-07-21
3170,644,12,no_iniciado,0,2026-07-21
3171,645,32,no_iniciado,0,2026-04-18
3172,645,33,no_iniciado,0,2026-04-18
3173,645,34,en_progreso,10,2026-09-10
3174,645,35,no_iniciado,0,2026-04-18
3175,645,36,no_iniciado,0,2026-04-18
3176,645,37,no_iniciado,0,2026-04-18
3177,646,56,no_iniciado,0,2026-05-24
3178,646,57,completado,100,2026-09-08
3179,646,58,en_progreso,10,2026-09-07
3180,646,59,en_progreso,10,2026-09-08
3181,646,60,no_iniciado,0,2026-05-24
3182,647,1,no_iniciado,0,2026-05-21
3183,647,2,no_iniciado,0,2026-05-21
3184,647,3,no_iniciado,0,2026-05-21
3185,647,4,no_iniciado,0,2026-05-21
3186,648,44,en_progreso,10,2026-09-07
3187,648,45,en_progreso,10,2026-09-08
3188,648,46,en_progreso,27.91,2026-09-10
3189,648,47,en_progreso,22.64,2026-09-10
3190,648,48,en_progreso,10,2026-09-07
3191,648,49,no_iniciado,0,2026-08-22
3192,649,13,no_iniciado,0,2026-07-29
3193,649,14,no_iniciado,0,2026-07-29
3194,649,15,no_iniciado,0,2026-07-29
3195,649,16,no_iniciado,0,2026-07-29
3196,650,9,en_progreso,10,2026-09-09
3197,650,10,no_iniciado,0,2026-07-11
3198,650,11,no_iniciado,0,2026-07-11
3199,650,12,no_iniciado,0,2026-07-11
3200,651,38,no_iniciado,0,2026-06-01
3201,651,39,en_progreso,21.89,2026-09-10
3202,651,40,en_progreso,10,2026-09-08
3203,651,41,no_iniciado,0,2026-06-01
3204,651,42,no_iniciado,0,2026-06-01
3205,651,43,completado,95,2026-09-10
3206,652,1,en_progreso,45.98,2026-09-10
3207,652,2,no_iniciado,0,2026-04-19
3208,652,3,no_iniciado,0,2026-04-19
3209,652,4,completado,100,2026-09-09
3210,653,28,no_iniciado,0,2026-04-24
3211,653,29,en_progreso,28.01,2026-09-10
3212,653,30,en_progreso,10,2026-09-07
3213,653,31,en_progreso,32.53,2026-09-10
3214,654,5,en_progreso,10,2026-09-07
3215,654,6,no_iniciado,0,2026-08-20
3216,654,7,en_progreso,10,2026-09-07
3217,654,8,no_iniciado,0,2026-08-20
3218,655,13,no_iniciado,0,2026-06-03
3219,655,14,en_progreso,10,2026-09-10
3220,655,15,no_iniciado,0,2026-06-03
3221,655,16,no_iniciado,0,2026-06-03
3222,656,32,abandonado,34.57,2026-09-09
3223,656,33,no_iniciado,0,2026-07-24
3224,656,34,no_iniciado,0,2026-07-24
3225,656,35,no_iniciado,0,2026-07-24
3226,656,36,no_iniciado,0,2026-07-24
3227,656,37,no_iniciado,0,2026-07-24
3228,657,50,no_iniciado,0,2026-07-28
3229,657,51,no_iniciado,0,2026-07-28
3230,657,52,en_progreso,24.86,2026-09-10
3231,657,53,completado,95,2026-09-10
3232,657,54,no_iniciado,0,2026-07-28
3233,657,55,en_progreso,10,2026-09-10
3234,658,32,no_iniciado,0,2026-08-15
3235,658,33,no_iniciado,0,2026-08-15
3236,658,34,no_iniciado,0,2026-08-15
3237,658,35,no_iniciado,0,2026-08-15
3238,658,36,no_iniciado,0,2026-08-15
3239,658,37,en_progreso,10,2026-09-10
3240,659,17,no_iniciado,0,2026-04-16
3241,659,18,en_progreso,20.63,2026-09-10
3242,659,19,completado,100,2026-09-10
3243,659,20,en_progreso,21.92,2026-09-10
3244,660,38,en_progreso,10,2026-09-10
3245,660,39,en_progreso,10,2026-09-09
3246,660,40,completado,95,2026-09-10
3247,660,41,en_progreso,43.86,2026-09-10
3248,660,42,en_progreso,10,2026-09-07
3249,660,43,en_progreso,10,2026-09-08
3250,661,56,no_iniciado,0,2026-06-10
3251,661,57,no_iniciado,0,2026-06-10
3252,661,58,completado,100,2026-09-10
3253,661,59,no_iniciado,0,2026-06-10
3254,661,60,no_iniciado,0,2026-06-10
3255,662,32,no_iniciado,0,2026-04-13
3256,662,33,no_iniciado,0,2026-04-13
3257,662,34,no_iniciado,0,2026-04-13
3258,662,35,completado,100,2026-09-09
3259,662,36,no_iniciado,0,2026-04-13
3260,662,37,no_iniciado,0,2026-04-13
3261,663,56,abandonado,52.08,2026-09-10
3262,663,57,abandonado,48.88,2026-09-10
3263,663,58,no_iniciado,0,2026-05-20
3264,663,59,no_iniciado,0,2026-05-20
3265,663,60,no_iniciado,0,2026-05-20
3266,664,32,no_iniciado,0,2026-08-01
3267,664,33,no_iniciado,0,2026-08-01
3268,664,34,en_progreso,38.38,2026-09-10
3269,664,35,no_iniciado,0,2026-08-01
3270,664,36,en_progreso,10,2026-09-07
3271,664,37,no_iniciado,0,2026-08-01
3272,665,9,no_iniciado,0,2026-05-07
3273,665,10,no_iniciado,0,2026-05-07
3274,665,11,en_progreso,22.38,2026-09-09
3275,665,12,no_iniciado,0,2026-05-07
3276,666,28,no_iniciado,0,2026-09-03
3277,666,29,completado,100,2026-09-09
3278,666,30,no_iniciado,0,2026-09-03
3279,666,31,no_iniciado,0,2026-09-03
3280,667,13,en_progreso,10,2026-09-07
3281,667,14,no_iniciado,0,2026-08-26
3282,667,15,no_iniciado,0,2026-08-26
3283,667,16,completado,100,2026-09-08
3284,668,38,no_iniciado,0,2026-06-26
3285,668,39,en_progreso,10,2026-09-08
3286,668,40,en_progreso,10,2026-09-10
3287,668,41,no_iniciado,0,2026-06-26
3288,668,42,no_iniciado,0,2026-06-26
3289,668,43,no_iniciado,0,2026-06-26
3290,669,9,no_iniciado,0,2026-04-24
3291,669,10,no_iniciado,0,2026-04-24
3292,669,11,no_iniciado,0,2026-04-24
3293,669,12,en_progreso,10,2026-09-09
3294,670,5,en_progreso,26.85,2026-09-10
3295,670,6,en_progreso,34.44,2026-09-09
3296,670,7,en_progreso,10,2026-09-08
3297,670,8,no_iniciado,0,2026-06-07
3298,671,28,en_progreso,52.06,2026-09-10
3299,671,29,no_iniciado,0,2026-05-11
3300,671,30,en_progreso,10,2026-09-07
3301,671,31,en_progreso,10,2026-09-07
3302,672,21,no_iniciado,0,2026-07-28
3303,672,22,en_progreso,10,2026-09-09
3304,672,23,en_progreso,53.8,2026-09-10
3305,672,24,en_progreso,20.87,2026-09-09
3306,672,25,en_progreso,10,2026-09-09
3307,672,26,en_progreso,10,2026-09-10
3308,672,27,en_progreso,21.41,2026-09-08
3309,673,17,no_iniciado,0,2026-05-26
3310,673,18,en_progreso,10,2026-09-07
3311,673,19,en_progreso,10,2026-09-07
3312,673,20,no_iniciado,0,2026-05-26
3313,674,1,en_progreso,10,2026-09-10
3314,674,2,no_iniciado,0,2026-07-29
3315,674,3,no_iniciado,0,2026-07-29
3316,674,4,completado,95,2026-09-10
3317,675,56,no_iniciado,0,2026-06-24
3318,675,57,en_progreso,10,2026-09-09
3319,675,58,no_iniciado,0,2026-06-24
3320,675,59,en_progreso,10,2026-09-09
3321,675,60,en_progreso,22.39,2026-09-08
3322,676,17,no_iniciado,0,2026-08-19
3323,676,18,en_progreso,10,2026-09-08
3324,676,19,en_progreso,51.48,2026-09-10
3325,676,20,no_iniciado,0,2026-08-19
3326,677,44,en_progreso,10,2026-09-08
3327,677,45,no_iniciado,0,2026-07-23
3328,677,46,no_iniciado,0,2026-07-23
3329,677,47,no_iniciado,0,2026-07-23
3330,677,48,no_iniciado,0,2026-07-23
3331,677,49,completado,100,2026-09-10
3332,678,50,no_iniciado,0,2026-06-13
3333,678,51,en_progreso,28.67,2026-09-10
3334,678,52,no_iniciado,0,2026-06-13
3335,678,53,no_iniciado,0,2026-06-13
3336,678,54,no_iniciado,0,2026-06-13
3337,678,55,no_iniciado,0,2026-06-13
3338,679,32,no_iniciado,0,2026-06-23
3339,679,33,en_progreso,21.54,2026-09-08
3340,679,34,en_progreso,10,2026-09-09
3341,679,35,no_iniciado,0,2026-06-23
3342,679,36,no_iniciado,0,2026-06-23
3343,679,37,en_progreso,52.82,2026-09-10
3344,680,9,no_iniciado,0,2026-09-03
3345,680,10,en_progreso,10,2026-09-07
3346,680,11,en_progreso,25.24,2026-09-09
3347,680,12,en_progreso,10,2026-09-07
3348,681,56,no_iniciado,0,2026-08-31
3349,681,57,no_iniciado,0,2026-08-31
3350,681,58,no_iniciado,0,2026-08-31
3351,681,59,no_iniciado,0,2026-08-31
3352,681,60,no_iniciado,0,2026-08-31
3353,682,32,en_progreso,10,2026-09-10
3354,682,33,no_iniciado,0,2026-05-07
3355,682,34,en_progreso,10,2026-09-10
3356,682,35,en_progreso,10,2026-09-07
3357,682,36,no_iniciado,0,2026-05-07
3358,682,37,no_iniciado,0,2026-05-07
3359,683,21,no_iniciado,0,2026-08-21
3360,683,22,no_iniciado,0,2026-08-21
3361,683,23,en_progreso,30.89,2026-09-08
3362,683,24,en_progreso,10,2026-09-08
3363,683,25,no_iniciado,0,2026-08-21
3364,683,26,no_iniciado,0,2026-08-21
3365,683,27,en_progreso,10,2026-09-08
3366,684,50,no_iniciado,0,2026-08-28
3367,684,51,en_progreso,10,2026-09-07
3368,684,52,en_progreso,10,2026-09-07
3369,684,53,en_progreso,40.91,2026-09-10
3370,684,54,no_iniciado,0,2026-08-28
3371,684,55,no_iniciado,0,2026-08-28
3372,685,38,no_iniciado,0,2026-04-25
3373,685,39,en_progreso,10,2026-09-10
3374,685,40,no_iniciado,0,2026-04-25
3375,685,41,en_progreso,10,2026-09-08
3376,685,42,en_progreso,10,2026-09-09
3377,685,43,en_progreso,10,2026-09-09
3378,686,28,en_progreso,10,2026-09-08
3379,686,29,abandonado,10,2026-09-10
3380,686,30,no_iniciado,0,2026-07-16
3381,686,31,no_iniciado,0,2026-07-16
3382,687,32,no_iniciado,0,2026-09-01
3383,687,33,en_progreso,10,2026-09-07
3384,687,34,no_iniciado,0,2026-09-01
3385,687,35,no_iniciado,0,2026-09-01
3386,687,36,en_progreso,10,2026-09-08
3387,687,37,no_iniciado,0,2026-09-01
3388,688,13,no_iniciado,0,2026-06-16
3389,688,14,no_iniciado,0,2026-06-16
3390,688,15,en_progreso,10,2026-09-08
3391,688,16,no_iniciado,0,2026-06-16
3392,689,56,no_iniciado,0,2026-04-20
3393,689,57,no_iniciado,0,2026-04-20
3394,689,58,no_iniciado,0,2026-04-20
3395,689,59,en_progreso,22.29,2026-09-10
3396,689,60,no_iniciado,0,2026-04-20
3397,690,28,no_iniciado,0,2026-04-28
3398,690,29,en_progreso,10,2026-09-09
3399,690,30,no_iniciado,0,2026-04-28
3400,690,31,no_iniciado,0,2026-04-28
3401,691,13,no_iniciado,0,2026-07-03
3402,691,14,completado,100,2026-09-09
3403,691,15,completado,95,2026-09-09
3404,691,16,en_progreso,34.2,2026-09-10
3405,692,56,en_progreso,10,2026-09-09
3406,692,57,en_progreso,22.3,2026-09-10
3407,692,58,completado,95,2026-09-10
3408,692,59,en_progreso,32.52,2026-09-10
3409,692,60,en_progreso,33.99,2026-09-09
3410,693,21,no_iniciado,0,2026-04-24
3411,693,22,en_progreso,10,2026-09-07
3412,693,23,completado,95,2026-09-10
3413,693,24,no_iniciado,0,2026-04-24
3414,693,25,no_iniciado,0,2026-04-24
3415,693,26,en_progreso,26.12,2026-09-08
3416,693,27,en_progreso,24.54,2026-09-10
3417,694,32,no_iniciado,0,2026-06-15
3418,694,33,no_iniciado,0,2026-06-15
3419,694,34,en_progreso,10,2026-09-07
3420,694,35,en_progreso,61.24,2026-09-10
3421,694,36,en_progreso,10,2026-09-09
3422,694,37,no_iniciado,0,2026-06-15
3423,695,28,no_iniciado,0,2026-08-05
3424,695,29,en_progreso,52.42,2026-09-09
3425,695,30,completado,95,2026-09-09
3426,695,31,no_iniciado,0,2026-08-05
3427,696,50,no_iniciado,0,2026-08-07
3428,696,51,no_iniciado,0,2026-08-07
3429,696,52,no_iniciado,0,2026-08-07
3430,696,53,no_iniciado,0,2026-08-07
3431,696,54,en_progreso,10,2026-09-10
3432,696,55,no_iniciado,0,2026-08-07
3433,697,50,no_iniciado,0,2026-08-03
3434,697,51,en_progreso,21.46,2026-09-09
3435,697,52,no_iniciado,0,2026-08-03
3436,697,53,no_iniciado,0,2026-08-03
3437,697,54,no_iniciado,0,2026-08-03
3438,697,55,en_progreso,22.29,2026-09-09
3439,698,9,no_iniciado,0,2026-06-26
3440,698,10,no_iniciado,0,2026-06-26
3441,698,11,en_progreso,10,2026-09-07
3442,698,12,no_iniciado,0,2026-06-26
3443,699,32,en_progreso,21.91,2026-09-10
3444,699,33,no_iniciado,0,2026-06-12
3445,699,34,no_iniciado,0,2026-06-12
3446,699,35,no_iniciado,0,2026-06-12
3447,699,36,en_progreso,10,2026-09-10
3448,699,37,en_progreso,10,2026-09-10
3449,700,9,no_iniciado,0,2026-04-15
3450,700,10,no_iniciado,0,2026-04-15
3451,700,11,no_iniciado,0,2026-04-15
3452,700,12,en_progreso,10,2026-09-10
3453,701,44,en_progreso,10,2026-09-07
3454,701,45,no_iniciado,0,2026-08-11
3455,701,46,no_iniciado,0,2026-08-11
3456,701,47,en_progreso,10,2026-09-07
3457,701,48,no_iniciado,0,2026-08-11
3458,701,49,no_iniciado,0,2026-08-11
3459,702,21,no_iniciado,0,2026-06-02
3460,702,22,no_iniciado,0,2026-06-02
3461,702,23,no_iniciado,0,2026-06-02
3462,702,24,en_progreso,10,2026-09-10
3463,702,25,en_progreso,10,2026-09-08
3464,702,26,en_progreso,10,2026-09-10
3465,702,27,en_progreso,21.87,2026-09-09
3466,703,5,no_iniciado,0,2026-07-06
3467,703,6,no_iniciado,0,2026-07-06
3468,703,7,no_iniciado,0,2026-07-06
3469,703,8,no_iniciado,0,2026-07-06
3470,704,5,no_iniciado,0,2026-07-14
3471,704,6,en_progreso,55.36,2026-09-10
3472,704,7,en_progreso,10,2026-09-07
3473,704,8,no_iniciado,0,2026-07-14
3474,705,38,no_iniciado,0,2026-05-24
3475,705,39,en_progreso,22,2026-09-10
3476,705,40,no_iniciado,0,2026-05-24
3477,705,41,en_progreso,10,2026-09-10
3478,705,42,no_iniciado,0,2026-05-24
3479,705,43,no_iniciado,0,2026-05-24
3480,706,1,en_progreso,27.35,2026-09-08
3481,706,2,en_progreso,10,2026-09-07
3482,706,3,no_iniciado,0,2026-06-18
3483,706,4,en_progreso,10,2026-09-07
3484,707,9,no_iniciado,0,2026-07-26
3485,707,10,no_iniciado,0,2026-07-26
3486,707,11,en_progreso,10,2026-09-08
3487,707,12,en_progreso,10,2026-09-10
3488,708,50,en_progreso,49.57,2026-09-10
3489,708,51,en_progreso,50.24,2026-09-10
3490,708,52,no_iniciado,0,2026-06-21
3491,708,53,no_iniciado,0,2026-06-21
3492,708,54,no_iniciado,0,2026-06-21
3493,708,55,en_progreso,10,2026-09-07
3494,709,9,en_progreso,61.99,2026-09-10
3495,709,10,no_iniciado,0,2026-07-02
3496,709,11,en_progreso,37.12,2026-09-10
3497,709,12,no_iniciado,0,2026-07-02
3498,710,32,no_iniciado,0,2026-05-16
3499,710,33,no_iniciado,0,2026-05-16
3500,710,34,no_iniciado,0,2026-05-16
3501,710,35,no_iniciado,0,2026-05-16
3502,710,36,no_iniciado,0,2026-05-16
3503,710,37,no_iniciado,0,2026-05-16
3504,711,21,en_progreso,53.62,2026-09-09
3505,711,22,no_iniciado,0,2026-08-19
3506,711,23,no_iniciado,0,2026-08-19
3507,711,24,completado,95,2026-09-10
3508,711,25,no_iniciado,0,2026-08-19
3509,711,26,no_iniciado,0,2026-08-19
3510,711,27,completado,100,2026-09-10
3511,712,44,no_iniciado,0,2026-08-01
3512,712,45,no_iniciado,0,2026-08-01
3513,712,46,no_iniciado,0,2026-08-01
3514,712,47,en_progreso,10,2026-09-08
3515,712,48,no_iniciado,0,2026-08-01
3516,712,49,no_iniciado,0,2026-08-01
3517,713,28,en_progreso,22.99,2026-09-09
3518,713,29,no_iniciado,0,2026-08-16
3519,713,30,no_iniciado,0,2026-08-16
3520,713,31,en_progreso,10,2026-09-08
3521,714,50,en_progreso,10,2026-09-08
3522,714,51,en_progreso,45.42,2026-09-09
3523,714,52,no_iniciado,0,2026-06-22
3524,714,53,en_progreso,10,2026-09-09
3525,714,54,en_progreso,10,2026-09-10
3526,714,55,en_progreso,25.37,2026-09-07
3527,715,5,no_iniciado,0,2026-04-26
3528,715,6,en_progreso,10,2026-09-07
3529,715,7,en_progreso,65.56,2026-09-10
3530,715,8,en_progreso,83.85,2026-09-10
3531,716,50,en_progreso,10,2026-09-07
3532,716,51,completado,95,2026-09-10
3533,716,52,no_iniciado,0,2026-08-08
3534,716,53,no_iniciado,0,2026-08-08
3535,716,54,no_iniciado,0,2026-08-08
3536,716,55,no_iniciado,0,2026-08-08
3537,717,38,no_iniciado,0,2026-06-06
3538,717,39,no_iniciado,0,2026-06-06
3539,717,40,en_progreso,10,2026-09-10
3540,717,41,abandonado,89.5,2026-09-10
3541,717,42,en_progreso,10,2026-09-07
3542,717,43,en_progreso,54,2026-09-08
3543,718,21,en_progreso,10,2026-09-09
3544,718,22,en_progreso,10,2026-09-10
3545,718,23,en_progreso,10,2026-09-10
3546,718,24,no_iniciado,0,2026-05-27
3547,718,25,en_progreso,10,2026-09-09
3548,718,26,no_iniciado,0,2026-05-27
3549,718,27,en_progreso,10,2026-09-08
3550,719,50,en_progreso,10,2026-09-07
3551,719,51,en_progreso,20.75,2026-09-09
3552,719,52,en_progreso,10,2026-09-08
3553,719,53,no_iniciado,0,2026-08-26
3554,719,54,no_iniciado,0,2026-08-26
3555,719,55,no_iniciado,0,2026-08-26
3556,720,32,completado,95,2026-09-10
3557,720,33,en_progreso,10,2026-09-10
3558,720,34,en_progreso,10,2026-09-07
3559,720,35,no_iniciado,0,2026-04-24
3560,720,36,no_iniciado,0,2026-04-24
3561,720,37,en_progreso,26.2,2026-09-08
3562,721,38,en_progreso,30.46,2026-09-09
3563,721,39,en_progreso,95,2026-09-10
3564,721,40,en_progreso,10,2026-09-09
3565,721,41,no_iniciado,0,2026-04-25
3566,721,42,en_progreso,10,2026-09-07
3567,721,43,en_progreso,10,2026-09-08
3568,722,1,en_progreso,10,2026-09-08
3569,722,2,en_progreso,30.7,2026-09-10
3570,722,3,no_iniciado,0,2026-06-01
3571,722,4,no_iniciado,0,2026-06-01
3572,723,5,no_iniciado,0,2026-05-09
3573,723,6,en_progreso,44.12,2026-09-10
3574,723,7,en_progreso,29.26,2026-09-09
3575,723,8,en_progreso,35,2026-09-09
3576,724,13,no_iniciado,0,2026-06-22
3577,724,14,en_progreso,21.22,2026-09-10
3578,724,15,en_progreso,10,2026-09-10
3579,724,16,no_iniciado,0,2026-06-22
3580,725,17,no_iniciado,0,2026-08-26
3581,725,18,en_progreso,34.01,2026-09-10
3582,725,19,completado,95,2026-09-10
3583,725,20,en_progreso,29.31,2026-09-10
3584,726,56,no_iniciado,0,2026-08-11
3585,726,57,no_iniciado,0,2026-08-11
3586,726,58,no_iniciado,0,2026-08-11
3587,726,59,no_iniciado,0,2026-08-11
3588,726,60,en_progreso,10,2026-09-10
3589,727,28,no_iniciado,0,2026-05-09
3590,727,29,abandonado,56.07,2026-09-10
3591,727,30,no_iniciado,0,2026-05-09
3592,727,31,no_iniciado,0,2026-05-09
3593,728,50,abandonado,59.12,2026-09-10
3594,728,51,no_iniciado,0,2026-08-31
3595,728,52,no_iniciado,0,2026-08-31
3596,728,53,completado,100,2026-09-09
3597,728,54,en_progreso,33.46,2026-09-10
3598,728,55,no_iniciado,0,2026-08-31
3599,729,5,no_iniciado,0,2026-06-24
3600,729,6,en_progreso,10,2026-09-07
3601,729,7,no_iniciado,0,2026-06-24
3602,729,8,en_progreso,21.05,2026-09-08
3603,730,32,no_iniciado,0,2026-06-10
3604,730,33,en_progreso,31.28,2026-09-10
3605,730,34,no_iniciado,0,2026-06-10
3606,730,35,en_progreso,10,2026-09-07
3607,730,36,no_iniciado,0,2026-06-10
3608,730,37,en_progreso,10,2026-09-07
3609,731,9,en_progreso,50.98,2026-09-10
3610,731,10,no_iniciado,0,2026-06-19
3611,731,11,en_progreso,22.69,2026-09-09
3612,731,12,en_progreso,10,2026-09-07
3613,732,17,en_progreso,10,2026-09-09
3614,732,18,no_iniciado,0,2026-04-30
3615,732,19,completado,100,2026-09-10
3616,732,20,no_iniciado,0,2026-04-30
3617,733,1,no_iniciado,0,2026-04-27
3618,733,2,en_progreso,10,2026-09-08
3619,733,3,no_iniciado,0,2026-04-27
3620,733,4,no_iniciado,0,2026-04-27
3621,734,50,no_iniciado,0,2026-04-11
3622,734,51,completado,95,2026-09-09
3623,734,52,no_iniciado,0,2026-04-11
3624,734,53,completado,95,2026-09-10
3625,734,54,en_progreso,10,2026-09-07
3626,734,55,no_iniciado,0,2026-04-11
3627,735,1,en_progreso,42.76,2026-09-08
3628,735,2,no_iniciado,0,2026-06-08
3629,735,3,en_progreso,10,2026-09-09
3630,735,4,en_progreso,10,2026-09-08
3631,736,17,no_iniciado,0,2026-07-05
3632,736,18,no_iniciado,0,2026-07-05
3633,736,19,no_iniciado,0,2026-07-05
3634,736,20,no_iniciado,0,2026-07-05
3635,737,21,en_progreso,10,2026-09-09
3636,737,22,no_iniciado,0,2026-06-18
3637,737,23,no_iniciado,0,2026-06-18
3638,737,24,no_iniciado,0,2026-06-18
3639,737,25,no_iniciado,0,2026-06-18
3640,737,26,no_iniciado,0,2026-06-18
3641,737,27,no_iniciado,0,2026-06-18
3642,738,28,en_progreso,10,2026-09-10
3643,738,29,no_iniciado,0,2026-09-04
3644,738,30,en_progreso,26.6,2026-09-10
3645,738,31,no_iniciado,0,2026-09-04
3646,739,13,no_iniciado,0,2026-06-01
3647,739,14,en_progreso,10,2026-09-07
3648,739,15,no_iniciado,0,2026-06-01
3649,739,16,no_iniciado,0,2026-06-01
3650,740,28,no_iniciado,0,2026-04-29
3651,740,29,no_iniciado,0,2026-04-29
3652,740,30,completado,100,2026-09-09
3653,740,31,en_progreso,10,2026-09-10
3654,741,44,en_progreso,32.46,2026-09-09
3655,741,45,en_progreso,10,2026-09-07
3656,741,46,no_iniciado,0,2026-05-05
3657,741,47,en_progreso,10,2026-09-07
3658,741,48,en_progreso,22.08,2026-09-10
3659,741,49,no_iniciado,0,2026-05-05
3660,742,9,no_iniciado,0,2026-04-26
3661,742,10,no_iniciado,0,2026-04-26
3662,742,11,no_iniciado,0,2026-04-26
3663,742,12,no_iniciado,0,2026-04-26
3664,743,9,no_iniciado,0,2026-05-16
3665,743,10,no_iniciado,0,2026-05-16
3666,743,11,en_progreso,10,2026-09-10
3667,743,12,no_iniciado,0,2026-05-16
3668,744,44,no_iniciado,0,2026-07-02
3669,744,45,no_iniciado,0,2026-07-02
3670,744,46,no_iniciado,0,2026-07-02
3671,744,47,no_iniciado,0,2026-07-02
3672,744,48,no_iniciado,0,2026-07-02
3673,744,49,no_iniciado,0,2026-07-02
3674,745,44,no_iniciado,0,2026-07-06
3675,745,45,no_iniciado,0,2026-07-06
3676,745,46,no_iniciado,0,2026-07-06
3677,745,47,no_iniciado,0,2026-07-06
3678,745,48,en_progreso,63.16,2026-09-10
3679,745,49,no_iniciado,0,2026-07-06
3680,746,50,no_iniciado,0,2026-07-27
3681,746,51,no_iniciado,0,2026-07-27
3682,746,52,completado,95,2026-09-10
3683,746,53,completado,95,2026-09-10
3684,746,54,en_progreso,10,2026-09-08
3685,746,55,en_progreso,10,2026-09-07
3686,747,32,no_iniciado,0,2026-07-26
3687,747,33,en_progreso,10,2026-09-07
3688,747,34,no_iniciado,0,2026-07-26
3689,747,35,no_iniciado,0,2026-07-26
3690,747,36,no_iniciado,0,2026-07-26
3691,747,37,no_iniciado,0,2026-07-26
3692,748,9,en_progreso,64.6,2026-09-10
3693,748,10,no_iniciado,0,2026-07-18
3694,748,11,no_iniciado,0,2026-07-18
3695,748,12,en_progreso,10,2026-09-10
3696,749,13,en_progreso,10,2026-09-10
3697,749,14,en_progreso,57.04,2026-09-10
3698,749,15,en_progreso,61.67,2026-09-10
3699,749,16,en_progreso,31.98,2026-09-10
3700,750,32,no_iniciado,0,2026-04-30
3701,750,33,en_progreso,10,2026-09-10
3702,750,34,no_iniciado,0,2026-04-30
3703,750,35,completado,95,2026-09-10
3704,750,36,no_iniciado,0,2026-04-30
3705,750,37,no_iniciado,0,2026-04-30
3706,751,17,no_iniciado,0,2026-04-15
3707,751,18,completado,100,2026-09-10
3708,751,19,en_progreso,10,2026-09-10
3709,751,20,completado,95,2026-09-10
3710,752,32,no_iniciado,0,2026-04-27
3711,752,33,completado,95,2026-09-10
3712,752,34,no_iniciado,0,2026-04-27
3713,752,35,en_progreso,10,2026-09-09
3714,752,36,no_iniciado,0,2026-04-27
3715,752,37,en_progreso,28.47,2026-09-09
3716,753,56,no_iniciado,0,2026-06-17
3717,753,57,no_iniciado,0,2026-06-17
3718,753,58,no_iniciado,0,2026-06-17
3719,753,59,no_iniciado,0,2026-06-17
3720,753,60,no_iniciado,0,2026-06-17
3721,754,1,en_progreso,22.13,2026-09-10
3722,754,2,no_iniciado,0,2026-07-26
3723,754,3,completado,100,2026-09-10
3724,754,4,en_progreso,10,2026-09-09
3725,755,32,en_progreso,10,2026-09-10
3726,755,33,en_progreso,31.21,2026-09-10
3727,755,34,en_progreso,10,2026-09-09
3728,755,35,no_iniciado,0,2026-04-28
3729,755,36,no_iniciado,0,2026-04-28
3730,755,37,en_progreso,10,2026-09-09
3731,756,17,no_iniciado,0,2026-08-03
3732,756,18,no_iniciado,0,2026-08-03
3733,756,19,no_iniciado,0,2026-08-03
3734,756,20,en_progreso,10,2026-09-09
3735,757,38,no_iniciado,0,2026-08-04
3736,757,39,no_iniciado,0,2026-08-04
3737,757,40,no_iniciado,0,2026-08-04
3738,757,41,en_progreso,29.69,2026-09-10
3739,757,42,en_progreso,68.14,2026-09-10
3740,757,43,en_progreso,34.21,2026-09-10
3741,758,9,en_progreso,10,2026-09-07
3742,758,10,completado,95,2026-09-10
3743,758,11,no_iniciado,0,2026-06-11
3744,758,12,en_progreso,10,2026-09-08
3745,759,5,no_iniciado,0,2026-06-23
3746,759,6,en_progreso,10,2026-09-07
3747,759,7,no_iniciado,0,2026-06-23
3748,759,8,no_iniciado,0,2026-06-23
3749,760,21,no_iniciado,0,2026-04-12
3750,760,22,no_iniciado,0,2026-04-12
3751,760,23,no_iniciado,0,2026-04-12
3752,760,24,en_progreso,10,2026-09-08
3753,760,25,en_progreso,10,2026-09-09
3754,760,26,no_iniciado,0,2026-04-12
3755,760,27,en_progreso,10,2026-09-09
3756,761,44,no_iniciado,0,2026-06-05
3757,761,45,no_iniciado,0,2026-06-05
3758,761,46,completado,95,2026-09-10
3759,761,47,no_iniciado,0,2026-06-05
3760,761,48,en_progreso,10,2026-09-09
3761,761,49,no_iniciado,0,2026-06-05
3762,762,50,en_progreso,24.58,2026-09-09
3763,762,51,en_progreso,10,2026-09-07
3764,762,52,no_iniciado,0,2026-06-29
3765,762,53,no_iniciado,0,2026-06-29
3766,762,54,completado,95,2026-09-10
3767,762,55,en_progreso,63.84,2026-09-09
3768,763,28,en_progreso,43.1,2026-09-10
3769,763,29,no_iniciado,0,2026-06-24
3770,763,30,no_iniciado,0,2026-06-24
3771,763,31,no_iniciado,0,2026-06-24
3772,764,17,en_progreso,10,2026-09-07
3773,764,18,en_progreso,23.41,2026-09-10
3774,764,19,no_iniciado,0,2026-04-26
3775,764,20,no_iniciado,0,2026-04-26
3776,765,32,en_progreso,10,2026-09-08
3777,765,33,no_iniciado,0,2026-08-28
3778,765,34,en_progreso,10,2026-09-07
3779,765,35,en_progreso,20.01,2026-09-10
3780,765,36,no_iniciado,0,2026-08-28
3781,765,37,en_progreso,32.74,2026-09-10
3782,766,56,en_progreso,10,2026-09-08
3783,766,57,no_iniciado,0,2026-07-27
3784,766,58,no_iniciado,0,2026-07-27
3785,766,59,en_progreso,31.87,2026-09-10
3786,766,60,en_progreso,10,2026-09-09
3787,767,28,en_progreso,10,2026-09-09
3788,767,29,no_iniciado,0,2026-05-27
3789,767,30,no_iniciado,0,2026-05-27
3790,767,31,no_iniciado,0,2026-05-27
3791,768,5,en_progreso,10,2026-09-10
3792,768,6,completado,100,2026-09-07
3793,768,7,no_iniciado,0,2026-07-30
3794,768,8,no_iniciado,0,2026-07-30
3795,769,13,en_progreso,10,2026-09-07
3796,769,14,completado,95,2026-09-10
3797,769,15,no_iniciado,0,2026-07-20
3798,769,16,no_iniciado,0,2026-07-20
3799,770,44,no_iniciado,0,2026-05-12
3800,770,45,no_iniciado,0,2026-05-12
3801,770,46,no_iniciado,0,2026-05-12
3802,770,47,no_iniciado,0,2026-05-12
3803,770,48,no_iniciado,0,2026-05-12
3804,770,49,no_iniciado,0,2026-05-12
3805,771,21,en_progreso,90.64,2026-09-10
3806,771,22,en_progreso,59.56,2026-09-09
3807,771,23,no_iniciado,0,2026-08-21
3808,771,24,no_iniciado,0,2026-08-21
3809,771,25,en_progreso,10,2026-09-07
3810,771,26,no_iniciado,0,2026-08-21
3811,771,27,no_iniciado,0,2026-08-21
3812,772,17,no_iniciado,0,2026-06-22
3813,772,18,en_progreso,30.72,2026-09-10
3814,772,19,no_iniciado,0,2026-06-22
3815,772,20,no_iniciado,0,2026-06-22
3816,773,56,no_iniciado,0,2026-05-12
3817,773,57,en_progreso,10,2026-09-07
3818,773,58,no_iniciado,0,2026-05-12
3819,773,59,no_iniciado,0,2026-05-12
3820,773,60,no_iniciado,0,2026-05-12
3821,774,1,no_iniciado,0,2026-05-06
3822,774,2,en_progreso,10,2026-09-07
3823,774,3,en_progreso,10,2026-09-07
3824,774,4,en_progreso,10,2026-09-10
3825,775,28,en_progreso,21.72,2026-09-10
3826,775,29,no_iniciado,0,2026-06-01
3827,775,30,no_iniciado,0,2026-06-01
3828,775,31,no_iniciado,0,2026-06-01
3829,776,17,en_progreso,56.44,2026-09-10
3830,776,18,no_iniciado,0,2026-06-07
3831,776,19,no_iniciado,0,2026-06-07
3832,776,20,en_progreso,10,2026-09-10
3833,777,1,en_progreso,10,2026-09-07
3834,777,2,no_iniciado,0,2026-06-01
3835,777,3,no_iniciado,0,2026-06-01
3836,777,4,no_iniciado,0,2026-06-01
3837,778,50,en_progreso,10,2026-09-07
3838,778,51,no_iniciado,0,2026-07-14
3839,778,52,no_iniciado,0,2026-07-14
3840,778,53,no_iniciado,0,2026-07-14
3841,778,54,no_iniciado,0,2026-07-14
3842,778,55,no_iniciado,0,2026-07-14
3843,779,1,no_iniciado,0,2026-05-08
3844,779,2,no_iniciado,0,2026-05-08
3845,779,3,no_iniciado,0,2026-05-08
3846,779,4,completado,95,2026-09-09
3847,780,44,no_iniciado,0,2026-04-22
3848,780,45,no_iniciado,0,2026-04-22
3849,780,46,no_iniciado,0,2026-04-22
3850,780,47,no_iniciado,0,2026-04-22
3851,780,48,no_iniciado,0,2026-04-22
3852,780,49,en_progreso,72.56,2026-09-10
3853,781,32,no_iniciado,0,2026-05-12
3854,781,33,en_progreso,10,2026-09-10
3855,781,34,completado,95,2026-09-10
3856,781,35,no_iniciado,0,2026-05-12
3857,781,36,en_progreso,10,2026-09-10
3858,781,37,no_iniciado,0,2026-05-12
3859,782,17,no_iniciado,0,2026-07-03
3860,782,18,no_iniciado,0,2026-07-03
3861,782,19,en_progreso,10,2026-09-07
3862,782,20,en_progreso,10,2026-09-07
3863,783,13,en_progreso,10,2026-09-07
3864,783,14,en_progreso,10,2026-09-08
3865,783,15,no_iniciado,0,2026-06-02
3866,783,16,en_progreso,24.4,2026-09-10
3867,784,21,en_progreso,33.03,2026-09-09
3868,784,22,en_progreso,10,2026-09-08
3869,784,23,no_iniciado,0,2026-06-30
3870,784,24,no_iniciado,0,2026-06-30
3871,784,25,no_iniciado,0,2026-06-30
3872,784,26,no_iniciado,0,2026-06-30
3873,784,27,en_progreso,10,2026-09-08
3874,785,13,no_iniciado,0,2026-06-07
3875,785,14,en_progreso,10,2026-09-08
3876,785,15,en_progreso,59.88,2026-09-10
3877,785,16,no_iniciado,0,2026-06-07
3878,786,50,no_iniciado,0,2026-07-13
3879,786,51,en_progreso,44.96,2026-09-10
3880,786,52,en_progreso,10,2026-09-09
3881,786,53,en_progreso,10,2026-09-10
3882,786,54,completado,100,2026-09-09
3883,786,55,en_progreso,50.56,2026-09-09
3884,787,17,en_progreso,10,2026-09-10
3885,787,18,no_iniciado,0,2026-04-24
3886,787,19,no_iniciado,0,2026-04-24
3887,787,20,en_progreso,10,2026-09-07
3888,788,50,completado,95,2026-09-10
3889,788,51,no_iniciado,0,2026-06-19
3890,788,52,en_progreso,10,2026-09-07
3891,788,53,no_iniciado,0,2026-06-19
3892,788,54,en_progreso,10,2026-09-07
3893,788,55,no_iniciado,0,2026-06-19
3894,789,9,en_progreso,10,2026-09-08
3895,789,10,completado,95,2026-09-10
3896,789,11,no_iniciado,0,2026-05-28
3897,789,12,no_iniciado,0,2026-05-28
3898,790,5,en_progreso,10,2026-09-08
3899,790,6,no_iniciado,0,2026-05-27
3900,790,7,en_progreso,10,2026-09-07
3901,790,8,no_iniciado,0,2026-05-27
3902,791,50,no_iniciado,0,2026-08-27
3903,791,51,no_iniciado,0,2026-08-27
3904,791,52,no_iniciado,0,2026-08-27
3905,791,53,no_iniciado,0,2026-08-27
3906,791,54,completado,95,2026-09-10
3907,791,55,en_progreso,10,2026-09-07
3908,792,1,no_iniciado,0,2026-08-09
3909,792,2,no_iniciado,0,2026-08-09
3910,792,3,no_iniciado,0,2026-08-09
3911,792,4,no_iniciado,0,2026-08-09
3912,793,32,no_iniciado,0,2026-07-15
3913,793,33,no_iniciado,0,2026-07-15
3914,793,34,no_iniciado,0,2026-07-15
3915,793,35,no_iniciado,0,2026-07-15
3916,793,36,no_iniciado,0,2026-07-15
3917,793,37,no_iniciado,0,2026-07-15
3918,794,1,en_progreso,10,2026-09-10
3919,794,2,en_progreso,10,2026-09-08
3920,794,3,no_iniciado,0,2026-08-03
3921,794,4,en_progreso,10,2026-09-07
3922,795,21,en_progreso,10,2026-09-10
3923,795,22,no_iniciado,0,2026-08-07
3924,795,23,en_progreso,10,2026-09-10
3925,795,24,en_progreso,82.36,2026-09-10
3926,795,25,no_iniciado,0,2026-08-07
3927,795,26,no_iniciado,0,2026-08-07
3928,795,27,no_iniciado,0,2026-08-07
3929,796,9,no_iniciado,0,2026-05-17
3930,796,10,no_iniciado,0,2026-05-17
3931,796,11,no_iniciado,0,2026-05-17
3932,796,12,completado,100,2026-09-08
3933,797,5,en_progreso,10,2026-09-08
3934,797,6,no_iniciado,0,2026-07-07
3935,797,7,no_iniciado,0,2026-07-07
3936,797,8,en_progreso,33.37,2026-09-07
3937,798,21,no_iniciado,0,2026-04-30
3938,798,22,no_iniciado,0,2026-04-30
3939,798,23,no_iniciado,0,2026-04-30
3940,798,24,no_iniciado,0,2026-04-30
3941,798,25,no_iniciado,0,2026-04-30
3942,798,26,no_iniciado,0,2026-04-30
3943,798,27,no_iniciado,0,2026-04-30
3944,799,28,no_iniciado,0,2026-05-06
3945,799,29,en_progreso,10,2026-09-08
3946,799,30,no_iniciado,0,2026-05-06
3947,799,31,no_iniciado,0,2026-05-06
3948,800,13,en_progreso,10,2026-09-10
3949,800,14,en_progreso,34.98,2026-09-09
3950,800,15,no_iniciado,0,2026-06-08
3951,800,16,completado,100,2026-09-10
3952,801,38,en_progreso,10,2026-09-07
3953,801,39,no_iniciado,0,2026-04-11
3954,801,40,no_iniciado,0,2026-04-11
3955,801,41,en_progreso,34.12,2026-09-10
3956,801,42,en_progreso,10,2026-09-10
3957,801,43,no_iniciado,0,2026-04-11
3958,802,38,en_progreso,62.56,2026-09-10
3959,802,39,no_iniciado,0,2026-06-25
3960,802,40,no_iniciado,0,2026-06-25
3961,802,41,no_iniciado,0,2026-06-25
3962,802,42,completado,95,2026-09-10
3963,802,43,en_progreso,10,2026-09-08
3964,803,56,en_progreso,10,2026-09-10
3965,803,57,no_iniciado,0,2026-06-13
3966,803,58,en_progreso,10,2026-09-09
3967,803,59,en_progreso,10,2026-09-08
3968,803,60,en_progreso,73.12,2026-09-10
3969,804,9,no_iniciado,0,2026-08-08
3970,804,10,en_progreso,95,2026-09-10
3971,804,11,no_iniciado,0,2026-08-08
3972,804,12,en_progreso,24.27,2026-09-10
3973,805,17,en_progreso,44.08,2026-09-10
3974,805,18,en_progreso,10,2026-09-08
3975,805,19,en_progreso,10,2026-09-07
3976,805,20,no_iniciado,0,2026-06-22
3977,806,17,no_iniciado,0,2026-06-12
3978,806,18,en_progreso,10,2026-09-07
3979,806,19,no_iniciado,0,2026-06-12
3980,806,20,no_iniciado,0,2026-06-12
3981,807,21,en_progreso,69.23,2026-09-10
3982,807,22,no_iniciado,0,2026-07-04
3983,807,23,completado,95,2026-09-10
3984,807,24,no_iniciado,0,2026-07-04
3985,807,25,no_iniciado,0,2026-07-04
3986,807,26,en_progreso,10,2026-09-07
3987,807,27,no_iniciado,0,2026-07-04
3988,808,32,en_progreso,29.1,2026-09-10
3989,808,33,en_progreso,10,2026-09-09
3990,808,34,no_iniciado,0,2026-06-13
3991,808,35,en_progreso,10,2026-09-07
3992,808,36,no_iniciado,0,2026-06-13
3993,808,37,no_iniciado,0,2026-06-13
3994,809,9,en_progreso,10,2026-09-10
3995,809,10,no_iniciado,0,2026-07-02
3996,809,11,en_progreso,10,2026-09-10
3997,809,12,no_iniciado,0,2026-07-02
3998,810,50,no_iniciado,0,2026-08-14
3999,810,51,completado,100,2026-09-10
4000,810,52,no_iniciado,0,2026-08-14
4001,810,53,completado,95,2026-09-10
4002,810,54,no_iniciado,0,2026-08-14
4003,810,55,no_iniciado,0,2026-08-14
4004,811,50,no_iniciado,0,2026-08-03
4005,811,51,no_iniciado,0,2026-08-03
4006,811,52,completado,100,2026-09-08
4007,811,53,no_iniciado,0,2026-08-03
4008,811,54,en_progreso,29.51,2026-09-09
4009,811,55,no_iniciado,0,2026-08-03
4010,812,28,no_iniciado,0,2026-05-06
4011,812,29,no_iniciado,0,2026-05-06
4012,812,30,no_iniciado,0,2026-05-06
4013,812,31,no_iniciado,0,2026-05-06
4014,813,38,en_progreso,24.62,2026-09-10
4015,813,39,no_iniciado,0,2026-06-07
4016,813,40,no_iniciado,0,2026-06-07
4017,813,41,en_progreso,10,2026-09-07
4018,813,42,en_progreso,83.41,2026-09-10
4019,813,43,en_progreso,31.21,2026-09-10
4020,814,5,no_iniciado,0,2026-06-11
4021,814,6,no_iniciado,0,2026-06-11
4022,814,7,no_iniciado,0,2026-06-11
4023,814,8,no_iniciado,0,2026-06-11
4024,815,28,en_progreso,10,2026-09-10
4025,815,29,no_iniciado,0,2026-08-05
4026,815,30,no_iniciado,0,2026-08-05
4027,815,31,no_iniciado,0,2026-08-05
4028,816,17,no_iniciado,0,2026-08-23
4029,816,18,en_progreso,44.89,2026-09-10
4030,816,19,abandonado,10,2026-09-10
4031,816,20,no_iniciado,0,2026-08-23
4032,817,5,en_progreso,10,2026-09-08
4033,817,6,en_progreso,31.54,2026-09-10
4034,817,7,no_iniciado,0,2026-05-19
4035,817,8,no_iniciado,0,2026-05-19
4036,818,32,completado,95,2026-09-10
4037,818,33,no_iniciado,0,2026-07-12
4038,818,34,no_iniciado,0,2026-07-12
4039,818,35,no_iniciado,0,2026-07-12
4040,818,36,no_iniciado,0,2026-07-12
4041,818,37,en_progreso,10,2026-09-10
4042,819,21,en_progreso,25.21,2026-09-10
4043,819,22,no_iniciado,0,2026-06-10
4044,819,23,en_progreso,10,2026-09-07
4045,819,24,en_progreso,23.76,2026-09-10
4046,819,25,en_progreso,10,2026-09-08
4047,819,26,completado,100,2026-09-10
4048,819,27,en_progreso,33.04,2026-09-09
4049,820,56,en_progreso,10,2026-09-08
4050,820,57,no_iniciado,0,2026-05-14
4051,820,58,en_progreso,46.94,2026-09-10
4052,820,59,en_progreso,10,2026-09-09
4053,820,60,no_iniciado,0,2026-05-14
4054,821,50,en_progreso,10,2026-09-07
4055,821,51,no_iniciado,0,2026-06-26
4056,821,52,en_progreso,10,2026-09-10
4057,821,53,no_iniciado,0,2026-06-26
4058,821,54,en_progreso,10,2026-09-10
4059,821,55,no_iniciado,0,2026-06-26
4060,822,17,no_iniciado,0,2026-06-10
4061,822,18,no_iniciado,0,2026-06-10
4062,822,19,no_iniciado,0,2026-06-10
4063,822,20,no_iniciado,0,2026-06-10
4064,823,28,no_iniciado,0,2026-06-05
4065,823,29,no_iniciado,0,2026-06-05
4066,823,30,no_iniciado,0,2026-06-05
4067,823,31,en_progreso,10,2026-09-08
4068,824,50,no_iniciado,0,2026-08-30
4069,824,51,no_iniciado,0,2026-08-30
4070,824,52,no_iniciado,0,2026-08-30
4071,824,53,no_iniciado,0,2026-08-30
4072,824,54,en_progreso,28.37,2026-09-10
4073,824,55,no_iniciado,0,2026-08-30
4074,825,21,en_progreso,23.37,2026-09-10
4075,825,22,no_iniciado,0,2026-08-22
4076,825,23,en_progreso,10,2026-09-09
4077,825,24,en_progreso,10,2026-09-07
4078,825,25,en_progreso,10,2026-09-07
4079,825,26,no_iniciado,0,2026-08-22
4080,825,27,en_progreso,27.48,2026-09-10
4081,826,50,en_progreso,69.37,2026-09-10
4082,826,51,en_progreso,10,2026-09-10
4083,826,52,no_iniciado,0,2026-08-10
4084,826,53,no_iniciado,0,2026-08-10
4085,826,54,en_progreso,30.23,2026-09-10
4086,826,55,en_progreso,38.76,2026-09-08
4087,827,32,no_iniciado,0,2026-07-14
4088,827,33,no_iniciado,0,2026-07-14
4089,827,34,no_iniciado,0,2026-07-14
4090,827,35,en_progreso,10,2026-09-07
4091,827,36,en_progreso,10,2026-09-10
4092,827,37,en_progreso,10,2026-09-10
