id_evento,id_progreso_modulo,tipo_evento,fecha_evento,detalle
1,3218,iniciado,2026-09-15,
2,557,iniciado,2026-09-15,
3,132,iniciado,2026-09-15,
4,3749,iniciado,2026-09-15,
5,1379,iniciado,2026-09-15,
6,1232,iniciado,2026-09-15,
7,1124,iniciado,2026-09-15,
8,701,iniciado,2026-09-15,
9,3725,iniciado,2026-09-15,
10,509,iniciado,2026-09-15,
11,3410,iniciado,2026-09-15,
12,3745,iniciado,2026-09-15,
13,2752,iniciado,2026-09-15,
14,443,iniciado,2026-09-15,
15,2965,iniciado,2026-09-15,
16,2115,iniciado,2026-09-15,
17,161,iniciado,2026-09-15,
18,152,iniciado,2026-09-15,
19,469,iniciado,2026-09-15,
20,1102,iniciado,2026-09-15,
21,1175,iniciado,2026-09-15,
22,2555,iniciado,2026-09-15,
23,3027,iniciado,2026-09-15,
24,140,iniciado,2026-09-15,
25,2823,iniciado,2026-09-15,
26,1005,iniciado,2026-09-15,
27,3621,iniciado,2026-09-15,
28,3276,iniciado,2026-09-15,
29,3550,iniciado,2026-09-15,
30,2752,en_progreso,2026-09-15,
31,1398,iniciado,2026-09-15,
32,32,iniciado,2026-09-15,
33,3837,iniciado,2026-09-15,
34,4081,iniciado,2026-09-15,
35,805,iniciado,2026-09-15,
36,3527,iniciado,2026-09-15,
37,2115,en_progreso,2026-09-15,
38,3859,iniciado,2026-09-15,
39,1696,iniciado,2026-09-15,
40,509,en_progreso,2026-09-15,
41,1731,iniciado,2026-09-15,
42,3038,iniciado,2026-09-15,
43,1327,iniciado,2026-09-15,
44,4087,iniciado,2026-09-15,
45,224,iniciado,2026-09-15,
46,3692,iniciado,2026-09-15,
47,2318,iniciado,2026-09-15,
48,2710,iniciado,2026-09-15,
49,623,iniciado,2026-09-15,
50,1900,iniciado,2026-09-15,
51,399,iniciado,2026-09-15,
52,2783,iniciado,2026-09-15,
53,1481,iniciado,2026-09-15,
54,3167,iniciado,2026-09-15,
55,3115,iniciado,2026-09-15,
56,1818,iniciado,2026-09-15,
57,2901,iniciado,2026-09-15,
58,967,iniciado,2026-09-15,
59,3568,iniciado,2026-09-15,
60,357,iniciado,2026-09-15,
61,234,iniciado,2026-09-15,
62,3332,iniciado,2026-09-15,
63,1151,iniciado,2026-09-15,
64,3908,iniciado,2026-09-15,
65,1462,iniciado,2026-09-15,
66,405,iniciado,2026-09-15,
67,1175,completado,2026-09-15,Modulo finalizado por el estudiante
68,1908,iniciado,2026-09-15,
69,1398,en_progreso,2026-09-15,
70,821,iniciado,2026-09-15,
71,1862,iniciado,2026-09-15,
72,1784,iniciado,2026-09-15,
73,1058,iniciado,2026-09-15,
74,3382,iniciado,2026-09-15,
75,1341,iniciado,2026-09-15,
76,3550,completado,2026-09-15,Modulo finalizado por el estudiante
77,3266,iniciado,2026-09-15,
78,365,iniciado,2026-09-15,
79,3066,iniciado,2026-09-15,
80,3200,iniciado,2026-09-15,
81,863,iniciado,2026-09-15,
82,2694,iniciado,2026-09-15,
83,3686,iniciado,2026-09-15,
84,1232,en_progreso,2026-09-15,
85,3222,iniciado,2026-09-15,
86,3474,iniciado,2026-09-15,
87,2805,iniciado,2026-09-15,
88,1106,iniciado,2026-09-15,
89,3459,iniciado,2026-09-15,
90,1638,iniciado,2026-09-15,
91,3884,iniciado,2026-09-15,
92,3922,iniciado,2026-09-15,
93,288,iniciado,2026-09-15,
94,1157,iniciado,2026-09-15,
95,161,completado,2026-09-15,Modulo finalizado por el estudiante
96,2011,iniciado,2026-09-15,
97,1347,iniciado,2026-09-15,
98,334,iniciado,2026-09-15,
99,1069,iniciado,2026-09-15,
100,2851,iniciado,2026-09-15,
101,3631,iniciado,2026-09-15,
102,1584,iniciado,2026-09-15,
103,1073,iniciado,2026-09-15,
104,3302,iniciado,2026-09-15,
105,2527,iniciado,2026-09-15,
106,1988,iniciado,2026-09-15,
107,3240,iniciado,2026-09-15,
108,2311,iniciado,2026-09-15,
109,722,iniciado,2026-09-15,
110,1331,iniciado,2026-09-15,
111,701,en_progreso,2026-09-15,
112,1323,iniciado,2026-09-15,
113,3776,iniciado,2026-09-15,
114,2934,iniciado,2026-09-15,
115,2151,iniciado,2026-09-15,
116,2930,iniciado,2026-09-15,
117,2001,iniciado,2026-09-15,
118,1818,en_progreso,2026-09-15,
119,2574,iniciado,2026-09-15,
120,2498,iniciado,2026-09-15,
121,459,iniciado,2026-09-15,
122,3821,iniciado,2026-09-15,
123,245,iniciado,2026-09-15,
124,547,iniciado,2026-09-15,
125,772,iniciado,2026-09-15,
126,3161,iniciado,2026-09-15,
127,805,completado,2026-09-15,Modulo finalizado por el estudiante
128,2115,pausado,2026-09-15,
129,1936,iniciado,2026-09-15,
130,1915,iniciado,2026-09-15,
131,2993,iniciado,2026-09-15,
132,2365,iniciado,2026-09-15,
133,2669,iniciado,2026-09-15,
134,1265,iniciado,2026-09-15,
135,2789,iniciado,2026-09-15,
136,58,iniciado,2026-09-15,
137,3433,iniciado,2026-09-15,
138,3646,iniciado,2026-09-15,
139,570,iniciado,2026-09-15,
140,3443,iniciado,2026-09-15,
141,2710,completado,2026-09-15,Modulo finalizado por el estudiante
142,3888,iniciado,2026-09-15,
143,3228,iniciado,2026-09-15,
144,1715,iniciado,2026-09-15,
145,557,en_progreso,2026-09-15,
146,16,iniciado,2026-09-15,
147,3650,iniciado,2026-09-15,
148,3635,iniciado,2026-09-15,
149,1323,abandonado,2026-09-15,Sin actividad posterior registrada
150,3859,en_progreso,2026-09-15,
151,3157,iniciado,2026-09-15,
152,1509,iniciado,2026-09-15,
153,3222,en_progreso,2026-09-15,
154,1882,iniciado,2026-09-15,
155,3859,en_progreso,2026-09-15,
156,2685,iniciado,2026-09-15,
157,1,iniciado,2026-09-15,
158,3015,iniciado,2026-09-15,
159,1638,en_progreso,2026-09-15,
160,1828,iniciado,2026-09-15,
161,1548,iniciado,2026-09-15,
162,1212,iniciado,2026-09-15,
163,298,iniciado,2026-09-15,
164,1216,iniciado,2026-09-15,
165,2855,iniciado,2026-09-15,
166,399,en_progreso,2026-09-15,
167,351,iniciado,2026-09-15,
168,3847,iniciado,2026-09-15,
169,2694,completado,2026-09-15,Modulo finalizado por el estudiante
170,642,iniciado,2026-09-15,
171,3326,iniciado,2026-09-15,
172,2404,iniciado,2026-09-15,
173,2774,iniciado,2026-09-15,
174,837,iniciado,2026-09-15,
175,1337,iniciado,2026-09-15,
176,2669,completado,2026-09-15,Modulo finalizado por el estudiante
177,2127,iniciado,2026-09-15,
178,1069,completado,2026-09-15,Modulo finalizado por el estudiante
179,3825,iniciado,2026-09-15,
180,3696,iniciado,2026-09-15,
181,3488,iniciado,2026-09-15,
182,1013,iniciado,2026-09-15,
183,3613,iniciado,2026-09-15,
184,1572,iniciado,2026-09-15,
185,2007,iniciado,2026-09-15,
186,3392,iniciado,2026-09-15,
187,3280,iniciado,2026-09-15,
188,1882,en_progreso,2026-09-15,
189,603,iniciado,2026-09-15,
190,1248,iniciado,2026-09-15,
191,1135,iniciado,2026-09-15,
192,324,iniciado,2026-09-15,
193,1710,iniciado,2026-09-15,
194,109,iniciado,2026-09-15,
195,2959,iniciado,2026-09-15,
196,2797,iniciado,2026-09-15,
197,1161,iniciado,2026-09-15,
198,2959,en_progreso,2026-09-15,
199,3186,iniciado,2026-09-15,
200,302,iniciado,2026-09-15,
201,1157,en_progreso,2026-09-15,
202,1670,iniciado,2026-09-15,
203,361,iniciado,2026-09-15,
204,2602,iniciado,2026-09-15,
205,1200,iniciado,2026-09-15,
206,1407,iniciado,2026-09-15,
207,3382,en_progreso,2026-09-15,
208,3660,iniciado,2026-09-15,
209,2873,iniciado,2026-09-15,
210,2901,en_progreso,2026-09-15,
211,2044,iniciado,2026-09-15,
212,958,iniciado,2026-09-15,
213,473,iniciado,2026-09-15,
214,487,iniciado,2026-09-15,
215,3322,iniciado,2026-09-15,
216,2172,iniciado,2026-09-15,
217,1784,en_progreso,2026-09-15,
218,3692,en_progreso,2026-09-15,
219,3261,iniciado,2026-09-15,
220,491,iniciado,2026-09-15,
221,310,iniciado,2026-09-15,
222,2025,iniciado,2026-09-15,
223,3686,en_progreso,2026-09-15,
224,1253,iniciado,2026-09-15,
225,967,en_progreso,2026-09-15,
226,2121,iniciado,2026-09-15,
227,920,iniciado,2026-09-15,
228,1407,en_progreso,2026-09-15,
229,384,iniciado,2026-09-15,
230,2233,iniciado,2026-09-15,
231,2778,iniciado,2026-09-15,
232,491,en_progreso,2026-09-15,
233,76,iniciado,2026-09-15,
234,469,completado,2026-09-15,Modulo finalizado por el estudiante
235,1194,iniciado,2026-09-15,
236,841,iniciado,2026-09-15,
237,2044,en_progreso,2026-09-15,
238,2015,iniciado,2026-09-15,
239,302,en_progreso,2026-09-15,
240,1966,iniciado,2026-09-15,
241,1337,completado,2026-09-15,Modulo finalizado por el estudiante
242,3973,iniciado,2026-09-15,
243,2295,iniciado,2026-09-15,
244,1445,iniciado,2026-09-15,
245,2127,pausado,2026-09-15,
246,3700,iniciado,2026-09-15,
247,3969,iniciado,2026-09-15,
248,2805,pausado,2026-09-15,
249,2469,iniciado,2026-09-15,
250,782,iniciado,2026-09-15,
251,958,en_progreso,2026-09-15,
252,2917,iniciado,2026-09-15,
253,3725,en_progreso,2026-09-15,
254,292,iniciado,2026-09-15,
255,259,iniciado,2026-09-15,
256,2941,iniciado,2026-09-15,
257,2412,iniciado,2026-09-15,
258,2546,iniciado,2026-09-15,
259,2685,en_progreso,2026-09-15,
260,410,iniciado,2026-09-15,
261,937,iniciado,2026-09-15,
262,351,pausado,2026-09-15,
263,3410,completado,2026-09-15,Modulo finalizado por el estudiante
264,2029,iniciado,2026-09-15,
265,597,iniciado,2026-09-15,
266,2867,iniciado,2026-09-15,
267,1242,iniciado,2026-09-15,
268,2911,iniciado,2026-09-15,
269,2987,iniciado,2026-09-15,
270,205,iniciado,2026-09-15,
271,3125,iniciado,2026-09-15,
272,414,iniciado,2026-09-15,
273,2105,iniciado,2026-09-15,
274,3317,iniciado,2026-09-15,
275,2934,pausado,2026-09-15,
276,1595,iniciado,2026-09-15,
277,1315,iniciado,2026-09-15,
278,1036,iniciado,2026-09-15,
279,3382,pausado,2026-09-15,
280,1206,iniciado,2026-09-15,
281,1338,iniciado,2026-09-15,
282,1992,iniciado,2026-09-15,
283,656,iniciado,2026-09-15,
284,3392,pausado,2026-09-15,
285,2311,en_progreso,2026-09-15,
286,369,iniciado,2026-09-15,
287,47,iniciado,2026-09-15,
288,2318,pausado,2026-09-15,
289,2837,iniciado,2026-09-15,
290,501,iniciado,2026-09-15,
291,373,iniciado,2026-09-15,
292,2718,iniciado,2026-09-15,
293,1077,iniciado,2026-09-15,
294,2563,iniciado,2026-09-15,
295,1338,en_progreso,2026-09-15,
296,351,completado,2026-09-15,Modulo finalizado por el estudiante
297,1862,en_progreso,2026-09-15,
298,2748,iniciado,2026-09-15,
299,3568,en_progreso,2026-09-15,
300,3298,iniciado,2026-09-15,
301,2673,iniciado,2026-09-15,
302,43,iniciado,2026-09-15,
303,3372,iniciado,2026-09-15,
304,2797,en_progreso,2026-09-15,
305,672,iniciado,2026-09-15,
306,1331,en_progreso,2026-09-15,
307,2793,iniciado,2026-09-15,
308,786,iniciado,2026-09-15,
309,1369,iniciado,2026-09-15,
310,1423,iniciado,2026-09-15,
311,3048,iniciado,2026-09-15,
312,1065,iniciado,2026-09-15,
313,3631,en_progreso,2026-09-15,
314,1331,en_progreso,2026-09-15,
315,263,iniciado,2026-09-15,
316,463,iniciado,2026-09-15,
317,3200,en_progreso,2026-09-15,
318,16,en_progreso,2026-09-15,
319,1319,iniciado,2026-09-15,
320,815,iniciado,2026-09-15,
321,3756,iniciado,2026-09-15,
322,2227,iniciado,2026-09-15,
323,2783,pausado,2026-09-15,
324,2829,iniciado,2026-09-15,
325,47,en_progreso,2026-09-15,
326,3494,iniciado,2026-09-15,
327,753,iniciado,2026-09-15,
328,2756,iniciado,2026-09-15,
329,183,iniciado,2026-09-15,
330,1862,pausado,2026-09-15,
331,746,iniciado,2026-09-15,
332,2168,iniciado,2026-09-15,
333,636,iniciado,2026-09-15,
334,215,iniciado,2026-09-15,
335,1554,iniciado,2026-09-15,
336,1839,iniciado,2026-09-15,
337,4032,iniciado,2026-09-15,
338,205,completado,2026-09-15,Modulo finalizado por el estudiante
339,1065,pausado,2026-09-15,
340,3366,iniciado,2026-09-15,
341,513,iniciado,2026-09-15,
342,1784,completado,2026-09-15,Modulo finalizado por el estudiante
343,2044,abandonado,2026-09-15,Sin actividad posterior registrada
344,3799,iniciado,2026-09-15,
345,782,completado,2026-09-15,Modulo finalizado por el estudiante
346,1194,completado,2026-09-15,Modulo finalizado por el estudiante
347,4060,iniciado,2026-09-15,
348,892,iniciado,2026-09-15,
349,2077,iniciado,2026-09-15,
350,132,en_progreso,2026-09-15,
351,3969,completado,2026-09-15,Modulo finalizado por el estudiante
352,4068,iniciado,2026-09-15,
353,3388,iniciado,2026-09-15,
354,3725,completado,2026-09-15,Modulo finalizado por el estudiante
355,1347,en_progreso,2026-09-15,
356,1928,iniciado,2026-09-15,
357,199,iniciado,2026-09-15,
358,2388,iniciado,2026-09-15,
359,1120,iniciado,2026-09-15,
360,1009,iniciado,2026-09-15,
361,2334,iniciado,2026-09-15,
362,1766,iniciado,2026-09-15,
363,1540,iniciado,2026-09-15,
364,4032,completado,2026-09-15,Modulo finalizado por el estudiante
365,1124,en_progreso,2026-09-15,
366,1662,iniciado,2026-09-15,
367,1407,completado,2026-09-15,Modulo finalizado por el estudiante
368,3918,iniciado,2026-09-15,
369,1408,iniciado,2026-09-15,
370,1770,iniciado,2026-09-15,
371,3240,en_progreso,2026-09-15,
372,2718,en_progreso,2026-09-15,
373,1315,en_progreso,2026-09-15,
374,1338,en_progreso,2026-09-15,
375,1744,iniciado,2026-09-15,
376,3696,completado,2026-09-15,Modulo finalizado por el estudiante
377,2200,iniciado,2026-09-15,
378,3060,iniciado,2026-09-15,
379,2592,iniciado,2026-09-15,
380,576,iniciado,2026-09-15,
381,1940,iniciado,2026-09-15,
382,2905,iniciado,2026-09-15,
383,958,en_progreso,2026-09-15,
384,7,iniciado,2026-09-15,
385,2638,iniciado,2026-09-15,
386,2728,iniciado,2026-09-15,
387,3480,iniciado,2026-09-15,
388,3646,completado,2026-09-15,Modulo finalizado por el estudiante
389,3735,iniciado,2026-09-15,
390,3392,en_progreso,2026-09-15,
391,3359,iniciado,2026-09-15,
392,1670,pausado,2026-09-15,
393,3353,iniciado,2026-09-15,
394,623,pausado,2026-09-15,
395,1519,iniciado,2026-09-15,
396,2574,en_progreso,2026-09-15,
397,2025,pausado,2026-09-15,
398,2801,iniciado,2026-09-15,
399,636,en_progreso,2026-09-15,
400,1908,pausado,2026-09-15,
401,877,iniciado,2026-09-15,
402,3109,iniciado,2026-09-15,
403,2867,en_progreso,2026-09-15,
404,1,en_progreso,2026-09-15,
405,3981,iniciado,2026-09-15,
406,2922,iniciado,2026-09-15,
407,3066,pausado,2026-09-15,
408,2359,iniciado,2026-09-15,
409,2233,en_progreso,2026-09-15,
410,2400,iniciado,2026-09-15,
411,4024,iniciado,2026-09-15,
412,4036,iniciado,2026-09-15,
413,3731,iniciado,2026-09-15,
414,853,iniciado,2026-09-15,
415,3326,en_progreso,2026-09-15,
416,3200,pausado,2026-09-15,
417,470,iniciado,2026-09-15,
418,3812,iniciado,2026-09-15,
419,1183,iniciado,2026-09-15,
420,3401,iniciado,2026-09-15,
421,1564,iniciado,2026-09-15,
422,1135,completado,2026-09-15,Modulo finalizado por el estudiante
423,740,iniciado,2026-09-15,
424,132,en_progreso,2026-09-15,
425,3086,iniciado,2026-09-15,
426,3894,iniciado,2026-09-15,
427,369,en_progreso,2026-09-15,
428,2901,en_progreso,2026-09-15,
429,2511,iniciado,2026-09-15,
430,2011,en_progreso,2026-09-15,
431,26,iniciado,2026-09-15,
432,3805,iniciado,2026-09-15,
433,3902,iniciado,2026-09-15,
434,531,iniciado,2026-09-15,
435,3948,iniciado,2026-09-15,
436,2144,iniciado,2026-09-15,
437,1106,en_progreso,2026-09-15,
438,2627,iniciado,2026-09-15,
439,2354,iniciado,2026-09-15,
440,259,pausado,2026-09-15,
441,609,iniciado,2026-09-15,
442,2311,en_progreso,2026-09-15,
443,2690,iniciado,2026-09-15,
444,2823,pausado,2026-09-15,
445,3829,iniciado,2026-09-15,
446,2239,iniciado,2026-09-15,
447,3094,iniciado,2026-09-15,
448,3647,iniciado,2026-09-15,
449,2559,iniciado,2026-09-15,
450,2151,completado,2026-09-15,Modulo finalizado por el estudiante
451,2774,en_progreso,2026-09-15,
452,2408,iniciado,2026-09-15,
453,2275,iniciado,2026-09-15,
454,1307,iniciado,2026-09-15,
455,3812,en_progreso,2026-09-15,
456,3884,completado,2026-09-15,Modulo finalizado por el estudiante
457,2464,iniciado,2026-09-15,
458,3167,en_progreso,2026-09-15,
459,3617,iniciado,2026-09-15,
460,1445,en_progreso,2026-09-15,
461,2738,iniciado,2026-09-15,
462,410,en_progreso,2026-09-15,
463,3517,iniciado,2026-09-15,
464,772,pausado,2026-09-15,
465,324,en_progreso,2026-09-15,
466,2365,en_progreso,2026-09-15,
467,2115,en_progreso,2026-09-15,
468,3527,en_progreso,2026-09-15,
469,2901,en_progreso,2026-09-15,
470,1776,iniciado,2026-09-15,
471,1509,completado,2026-09-15,Modulo finalizado por el estudiante
472,2109,iniciado,2026-09-15,
473,2728,pausado,2026-09-15,
474,2764,iniciado,2026-09-15,
475,4060,pausado,2026-09-15,
476,1110,iniciado,2026-09-15,
477,2477,iniciado,2026-09-15,
478,1106,en_progreso,2026-09-15,
479,1962,iniciado,2026-09-15,
480,1702,iniciado,2026-09-15,
481,3382,pausado,2026-09-15,
482,2035,iniciado,2026-09-15,
483,3668,iniciado,2026-09-15,
484,837,completado,2026-09-15,Modulo finalizado por el estudiante
485,636,abandonado,2026-09-15,Sin actividad posterior registrada
486,2711,iniciado,2026-09-15,
487,140,completado,2026-09-15,Modulo finalizado por el estudiante
488,2987,pausado,2026-09-15,
489,141,iniciado,2026-09-15,
490,425,iniciado,2026-09-15,
491,3255,iniciado,2026-09-15,
492,2168,en_progreso,2026-09-15,
493,259,en_progreso,2026-09-15,
494,2305,iniciado,2026-09-15,
495,1656,iniciado,2026-09-15,
496,1710,completado,2026-09-15,Modulo finalizado por el estudiante
497,1915,en_progreso,2026-09-15,
498,2127,en_progreso,2026-09-15,
499,98,iniciado,2026-09-15,
500,3805,en_progreso,2026-09-15,
501,1770,en_progreso,2026-09-15,
502,3298,en_progreso,2026-09-15,
503,1253,en_progreso,2026-09-15,
504,776,iniciado,2026-09-15,
505,1212,en_progreso,2026-09-15,
506,2851,completado,2026-09-15,Modulo finalizado por el estudiante
507,2365,pausado,2026-09-15,
508,3894,en_progreso,2026-09-15,
509,3795,iniciado,2026-09-15,
510,3647,en_progreso,2026-09-15,
511,1572,en_progreso,2026-09-15,
512,1578,iniciado,2026-09-15,
513,2905,pausado,2026-09-15,
514,1894,iniciado,2026-09-15,
515,2001,completado,2026-09-15,Modulo finalizado por el estudiante
516,1009,en_progreso,2026-09-15,
517,3177,iniciado,2026-09-15,
518,1228,iniciado,2026-09-15,
519,509,pausado,2026-09-15,
520,1527,iniciado,2026-09-15,
521,3470,iniciado,2026-09-15,
522,3031,iniciado,2026-09-15,
523,603,completado,2026-09-15,Modulo finalizado por el estudiante
524,2859,iniciado,2026-09-15,
525,3973,en_progreso,2026-09-15,
526,3348,iniciado,2026-09-15,
527,1872,iniciado,2026-09-15,
528,352,iniciado,2026-09-15,
529,2574,pausado,2026-09-15,
530,62,iniciado,2026-09-15,
531,2121,completado,2026-09-15,Modulo finalizado por el estudiante
532,527,iniciado,2026-09-15,
533,2192,iniciado,2026-09-15,
534,1828,pausado,2026-09-15,
535,2334,pausado,2026-09-15,
536,2200,en_progreso,2026-09-15,
537,3294,iniciado,2026-09-15,
538,1363,iniciado,2026-09-15,
539,3115,completado,2026-09-15,Modulo finalizado por el estudiante
540,2732,iniciado,2026-09-15,
541,3933,iniciado,2026-09-15,
542,2464,en_progreso,2026-09-15,
543,2987,en_progreso,2026-09-15,
544,437,iniciado,2026-09-15,
545,1413,iniciado,2026-09-15,
546,2287,iniciado,2026-09-15,
547,1232,completado,2026-09-15,Modulo finalizado por el estudiante
548,2878,iniciado,2026-09-15,
549,3086,pausado,2026-09-15,
550,1706,iniciado,2026-09-15,
551,148,iniciado,2026-09-15,
552,2517,iniciado,2026-09-15,
553,1646,iniciado,2026-09-15,
554,920,en_progreso,2026-09-15,
555,1307,en_progreso,2026-09-15,
556,3568,completado,2026-09-15,Modulo finalizado por el estudiante
557,2815,iniciado,2026-09-15,
558,53,iniciado,2026-09-15,
559,2627,completado,2026-09-15,Modulo finalizado por el estudiante
560,433,iniciado,2026-09-15,
561,1224,iniciado,2026-09-15,
562,3654,iniciado,2026-09-15,
563,2052,iniciado,2026-09-15,
564,2488,iniciado,2026-09-15,
565,2811,iniciado,2026-09-15,
566,3847,en_progreso,2026-09-15,
567,3613,en_progreso,2026-09-15,
568,470,en_progreso,2026-09-15,
569,1233,iniciado,2026-09-15,
570,1548,pausado,2026-09-15,
571,1862,en_progreso,2026-09-15,
572,2152,iniciado,2026-09-15,
573,3787,iniciado,2026-09-15,
574,2789,en_progreso,2026-09-15,
575,1369,en_progreso,2026-09-15,
576,3660,en_progreso,2026-09-15,
577,2718,abandonado,2026-09-15,Sin actividad posterior registrada
578,3504,iniciado,2026-09-15,
579,937,en_progreso,2026-09-15,
580,1403,iniciado,2026-09-15,
581,3680,iniciado,2026-09-15,
582,2977,iniciado,2026-09-15,
583,3863,iniciado,2026-09-15,
584,2665,iniciado,2026-09-15,
585,3021,iniciado,2026-09-15,
586,1433,iniciado,2026-09-15,
587,501,completado,2026-09-15,Modulo finalizado por el estudiante
588,1505,iniciado,2026-09-15,
589,1151,en_progreso,2026-09-15,
590,3603,iniciado,2026-09-15,
591,2711,en_progreso,2026-09-15,
592,277,iniciado,2026-09-15,
593,2805,en_progreso,2026-09-15,
594,3234,iniciado,2026-09-15,
595,3825,en_progreso,2026-09-15,
596,2901,en_progreso,2026-09-15,
597,1723,iniciado,2026-09-15,
598,933,iniciado,2026-09-15,
599,263,en_progreso,2026-09-15,
600,565,iniciado,2026-09-15,
601,330,iniciado,2026-09-15,
602,2021,iniciado,2026-09-15,
603,2502,iniciado,2026-09-15,
604,373,pausado,2026-09-15,
605,3484,iniciado,2026-09-15,
606,273,iniciado,2026-09-15,
607,772,en_progreso,2026-09-15,
608,1540,en_progreso,2026-09-15,
609,2829,completado,2026-09-15,Modulo finalizado por el estudiante
610,3072,iniciado,2026-09-15,
611,3015,completado,2026-09-15,Modulo finalizado por el estudiante
612,1145,iniciado,2026-09-15,
613,3944,iniciado,2026-09-15,
614,2657,iniciado,2026-09-15,
615,1921,iniciado,2026-09-15,
616,2287,completado,2026-09-15,Modulo finalizado por el estudiante
617,1510,iniciado,2026-09-15,
618,2973,iniciado,2026-09-15,
619,2172,en_progreso,2026-09-15,
620,3090,iniciado,2026-09-15,
621,3762,iniciado,2026-09-15,
622,495,iniciado,2026-09-15,
623,3878,iniciado,2026-09-15,
624,1054,iniciado,2026-09-15,
625,3171,iniciado,2026-09-15,
626,1073,en_progreso,2026-09-15,
627,1216,en_progreso,2026-09-15,
628,11,iniciado,2026-09-15,
629,2062,iniciado,2026-09-15,
630,2288,iniciado,2026-09-15,
631,3498,iniciado,2026-09-15,
632,3003,iniciado,2026-09-15,
633,2392,iniciado,2026-09-15,
634,1481,en_progreso,2026-09-15,
635,1433,pausado,2026-09-15,
636,2301,iniciado,2026-09-15,
637,361,pausado,2026-09-15,
638,1338,completado,2026-09-15,Modulo finalizado por el estudiante
639,3171,pausado,2026-09-15,
640,1005,en_progreso,2026-09-15,
641,3284,iniciado,2026-09-15,
642,757,iniciado,2026-09-15,
643,1347,completado,2026-09-15,Modulo finalizado por el estudiante
644,365,en_progreso,2026-09-15,
645,3009,iniciado,2026-09-15,
646,3805,completado,2026-09-15,Modulo finalizado por el estudiante
647,1468,iniciado,2026-09-15,
648,2221,iniciado,2026-09-15,
649,623,en_progreso,2026-09-15,
650,2029,completado,2026-09-15,Modulo finalizado por el estudiante
651,2546,en_progreso,2026-09-15,
652,3027,en_progreso,2026-09-15,
653,1638,pausado,2026-09-15,
654,136,iniciado,2026-09-15,
655,459,en_progreso,2026-09-15,
656,2911,pausado,2026-09-15,
657,109,abandonado,2026-09-15,Sin actividad posterior registrada
658,3417,iniciado,2026-09-15,
659,1363,pausado,2026-09-15,
660,3885,iniciado,2026-09-15,
661,3847,en_progreso,2026-09-15,
662,2244,iniciado,2026-09-15,
663,1413,en_progreso,2026-09-15,
664,3222,completado,2026-09-15,Modulo finalizado por el estudiante
665,463,en_progreso,2026-09-15,
666,1632,iniciado,2026-09-15,
667,3405,iniciado,2026-09-15,
668,527,completado,2026-09-15,Modulo finalizado por el estudiante
669,1676,iniciado,2026-09-15,
670,2081,iniciado,2026-09-15,
671,3531,iniciado,2026-09-15,
672,2527,en_progreso,2026-09-15,
673,3867,iniciado,2026-09-15,
674,2797,en_progreso,2026-09-15,
675,1283,iniciado,2026-09-15,
676,1646,en_progreso,2026-09-15,
677,2619,iniciado,2026-09-15,
678,7,pausado,2026-09-15,
679,2760,iniciado,2026-09-15,
680,2354,en_progreso,2026-09-15,
681,1834,iniciado,2026-09-15,
682,3161,completado,2026-09-15,Modulo finalizado por el estudiante
683,3177,en_progreso,2026-09-15,
684,1355,iniciado,2026-09-15,
685,2793,en_progreso,2026-09-15,
686,3562,iniciado,2026-09-15,
687,2473,iniciado,2026-09-15,
688,615,iniciado,2026-09-15,
689,152,abandonado,2026-09-15,Sin actividad posterior registrada
690,3094,completado,2026-09-15,Modulo finalizado por el estudiante
691,3617,en_progreso,2026-09-15,
692,2811,en_progreso,2026-09-15,
693,576,en_progreso,2026-09-15,
694,793,iniciado,2026-09-15,
695,2546,completado,2026-09-15,Modulo finalizado por el estudiante
696,1491,iniciado,2026-09-15,
697,2596,iniciado,2026-09-15,
698,3599,iniciado,2026-09-15,
699,1392,iniciado,2026-09-15,
700,2105,completado,2026-09-15,Modulo finalizado por el estudiante
701,2408,en_progreso,2026-09-15,
702,1946,iniciado,2026-09-15,
703,980,iniciado,2026-09-15,
704,3044,iniciado,2026-09-15,
705,2592,pausado,2026-09-15,
706,701,completado,2026-09-15,Modulo finalizado por el estudiante
707,1408,completado,2026-09-15,Modulo finalizado por el estudiante
708,2101,iniciado,2026-09-15,
709,1731,completado,2026-09-15,Modulo finalizado por el estudiante
710,2588,iniciado,2026-09-15,
711,1359,iniciado,2026-09-15,
712,11,en_progreso,2026-09-15,
713,2977,pausado,2026-09-15,
714,3353,en_progreso,2026-09-15,
715,2748,en_progreso,2026-09-15,
716,3888,en_progreso,2026-09-15,
717,1642,iniciado,2026-09-15,
718,967,abandonado,2026-09-15,Sin actividad posterior registrada
719,1224,pausado,2026-09-15,
720,1200,completado,2026-09-15,Modulo finalizado por el estudiante
721,2085,iniciado,2026-09-15,
722,234,en_progreso,2026-09-15,
723,1940,en_progreso,2026-09-15,
724,3317,abandonado,2026-09-15,Sin actividad posterior registrada
725,2535,iniciado,2026-09-15,
726,199,en_progreso,2026-09-15,
727,1696,completado,2026-09-15,Modulo finalizado por el estudiante
728,2244,en_progreso,2026-09-15,
729,76,pausado,2026-09-15,
730,2081,completado,2026-09-15,Modulo finalizado por el estudiante
731,797,iniciado,2026-09-15,
732,389,iniciado,2026-09-15,
733,2400,completado,2026-09-15,Modulo finalizado por el estudiante
734,1355,en_progreso,2026-09-15,
735,3309,iniciado,2026-09-15,
736,418,iniciado,2026-09-15,
737,1681,iniciado,2026-09-15,
738,3443,completado,2026-09-15,Modulo finalizado por el estudiante
739,1936,abandonado,2026-09-15,Sin actividad posterior registrada
740,3196,iniciado,2026-09-15,
741,3674,iniciado,2026-09-15,
742,3885,en_progreso,2026-09-15,
743,3153,iniciado,2026-09-15,
744,361,en_progreso,2026-09-15,
745,1477,iniciado,2026-09-15,
746,1165,iniciado,2026-09-15,
747,3821,en_progreso,2026-09-15,
748,3888,pausado,2026-09-15,
749,509,en_progreso,2026-09-15,
750,156,iniciado,2026-09-15,
751,251,iniciado,2026-09-15,
752,1662,completado,2026-09-15,Modulo finalizado por el estudiante
753,1505,en_progreso,2026-09-15,
754,1253,en_progreso,2026-09-15,
755,4054,iniciado,2026-09-15,
756,920,en_progreso,2026-09-15,
757,1951,iniciado,2026-09-15,
758,3162,iniciado,2026-09-15,
759,3494,en_progreso,2026-09-15,
760,736,iniciado,2026-09-15,
761,1187,iniciado,2026-09-15,
762,2365,pausado,2026-09-15,
763,2354,en_progreso,2026-09-15,
764,2388,completado,2026-09-15,Modulo finalizado por el estudiante
765,3466,iniciado,2026-09-15,
766,2793,en_progreso,2026-09-15,
767,1762,iniciado,2026-09-15,
768,2987,en_progreso,2026-09-15,
769,3531,en_progreso,2026-09-15,
770,1025,iniciado,2026-09-15,
771,1962,completado,2026-09-15,Modulo finalizado por el estudiante
772,542,iniciado,2026-09-15,
773,1216,en_progreso,2026-09-15,
774,1513,iniciado,2026-09-15,
775,3584,iniciado,2026-09-15,
776,1513,en_progreso,2026-09-15,
777,2015,en_progreso,2026-09-15,
778,3511,iniciado,2026-09-15,
779,3977,iniciado,2026-09-15,
780,3812,abandonado,2026-09-15,Sin actividad posterior registrada
781,3090,pausado,2026-09-15,
782,1472,iniciado,2026-09-15,
783,3973,completado,2026-09-15,Modulo finalizado por el estudiante
784,3095,iniciado,2026-09-15,
785,1794,iniciado,2026-09-15,
786,1124,pausado,2026-09-15,
787,3167,en_progreso,2026-09-15,
788,3929,iniciado,2026-09-15,
789,3372,pausado,2026-09-15,
790,705,iniciado,2026-09-15,
791,3206,iniciado,2026-09-15,
792,495,completado,2026-09-15,Modulo finalizado por el estudiante
793,3294,en_progreso,2026-09-15,
794,183,pausado,2026-09-15,
795,3745,en_progreso,2026-09-15,
796,1670,pausado,2026-09-15,
797,898,iniciado,2026-09-15,
798,1036,en_progreso,2026-09-15,
799,1862,en_progreso,2026-09-15,
800,845,iniciado,2026-09-15,
801,1315,completado,2026-09-15,Modulo finalizado por el estudiante
802,2473,abandonado,2026-09-15,Sin actividad posterior registrada
803,1513,pausado,2026-09-15,
804,1727,iniciado,2026-09-15,
805,580,iniciado,2026-09-15,
806,2401,iniciado,2026-09-15,
807,395,iniciado,2026-09-15,
808,726,iniciado,2026-09-15,
809,3867,abandonado,2026-09-15,Sin actividad posterior registrada
810,3466,pausado,2026-09-15,
811,2021,abandonado,2026-09-15,Sin actividad posterior registrada
812,2852,iniciado,2026-09-15,
813,1862,en_progreso,2026-09-15,
814,1351,iniciado,2026-09-15,
815,2756,en_progreso,2026-09-15,
816,3843,iniciado,2026-09-15,
817,3449,iniciado,2026-09-15,
818,1341,pausado,2026-09-15,
819,3266,completado,2026-09-15,Modulo finalizado por el estudiante
820,547,pausado,2026-09-15,
821,2418,iniciado,2026-09-15,
822,136,pausado,2026-09-15,
823,2867,en_progreso,2026-09-15,
824,3313,iniciado,2026-09-15,
825,330,pausado,2026-09-15,
826,2389,iniciado,2026-09-15,
827,3599,en_progreso,2026-09-15,
828,722,en_progreso,2026-09-15,
829,2535,en_progreso,2026-09-15,
830,2760,en_progreso,2026-09-15,
831,3439,iniciado,2026-09-15,
832,3816,iniciado,2026-09-15,
833,3580,iniciado,2026-09-15,
834,2774,en_progreso,2026-09-15,
835,797,completado,2026-09-15,Modulo finalizado por el estudiante
836,3353,en_progreso,2026-09-15,
837,2082,iniciado,2026-09-15,
838,1433,en_progreso,2026-09-15,
839,2275,en_progreso,2026-09-15,
840,1848,iniciado,2026-09-15,
841,505,iniciado,2026-09-15,
842,3521,iniciado,2026-09-15,
843,1872,en_progreso,2026-09-15,
844,1828,en_progreso,2026-09-15,
845,623,completado,2026-09-15,Modulo finalizado por el estudiante
846,2334,en_progreso,2026-09-15,
847,3272,iniciado,2026-09-15,
848,3055,iniciado,2026-09-15,
849,115,iniciado,2026-09-15,
850,267,iniciado,2026-09-15,
851,4042,iniciado,2026-09-15,
852,1706,en_progreso,2026-09-15,
853,2888,iniciado,2026-09-15,
854,1058,en_progreso,2026-09-15,
855,1070,iniciado,2026-09-15,
856,2993,en_progreso,2026-09-15,
857,1681,completado,2026-09-15,Modulo finalizado por el estudiante
858,4054,completado,2026-09-15,Modulo finalizado por el estudiante
859,11,en_progreso,2026-09-15,
860,666,iniciado,2026-09-15,
861,2774,en_progreso,2026-09-15,
862,3388,completado,2026-09-15,Modulo finalizado por el estudiante
863,672,en_progreso,2026-09-15,
864,1220,iniciado,2026-09-15,
865,3003,en_progreso,2026-09-15,
866,277,en_progreso,2026-09-15,
867,576,pausado,2026-09-15,
868,2447,iniciado,2026-09-15,
869,2301,completado,2026-09-15,Modulo finalizado por el estudiante
870,2638,pausado,2026-09-15,
871,2318,en_progreso,2026-09-15,
872,234,pausado,2026-09-15,
873,3378,iniciado,2026-09-15,
874,2673,en_progreso,2026-09-15,
875,167,iniciado,2026-09-15,
876,320,iniciado,2026-09-15,
877,2464,completado,2026-09-15,Modulo finalizado por el estudiante
878,2180,iniciado,2026-09-15,
879,3521,en_progreso,2026-09-15,
880,2275,en_progreso,2026-09-15,
881,3109,en_progreso,2026-09-15,
882,3196,pausado,2026-09-15,
883,2811,pausado,2026-09-15,
884,1946,abandonado,2026-09-15,Sin actividad posterior registrada
885,2732,en_progreso,2026-09-15,
886,2205,iniciado,2026-09-15,
887,505,completado,2026-09-15,Modulo finalizado por el estudiante
888,580,completado,2026-09-15,Modulo finalizado por el estudiante
889,3338,iniciado,2026-09-15,
890,3958,iniciado,2026-09-15,
891,2830,iniciado,2026-09-15,
892,3706,iniciado,2026-09-15,
893,1106,en_progreso,2026-09-15,
894,2115,en_progreso,2026-09-15,
895,2127,pausado,2026-09-15,
896,1601,iniciado,2026-09-15,
897,2192,en_progreso,2026-09-15,
898,786,pausado,2026-09-15,
899,2441,iniciado,2026-09-15,
900,352,en_progreso,2026-09-15,
901,2217,iniciado,2026-09-15,
902,491,pausado,2026-09-15,
903,1894,completado,2026-09-15,Modulo finalizado por el estudiante
904,2852,en_progreso,2026-09-15,
905,2878,en_progreso,2026-09-15,
906,1803,iniciado,2026-09-15,
907,3417,completado,2026-09-15,Modulo finalizado por el estudiante
908,2172,completado,2026-09-15,Modulo finalizado por el estudiante
909,3706,en_progreso,2026-09-15,
910,1595,en_progreso,2026-09-15,
911,1091,iniciado,2026-09-15,
912,798,iniciado,2026-09-15,
913,3372,en_progreso,2026-09-15,
914,1785,iniciado,2026-09-15,
915,2852,en_progreso,2026-09-15,
916,2934,en_progreso,2026-09-15,
917,2873,abandonado,2026-09-15,Sin actividad posterior registrada
918,3192,iniciado,2026-09-15,
919,3153,pausado,2026-09-15,
920,2855,en_progreso,2026-09-15,
921,3576,iniciado,2026-09-15,
922,1363,en_progreso,2026-09-15,
923,3929,en_progreso,2026-09-15,
924,32,en_progreso,2026-09-15,
925,3382,en_progreso,2026-09-15,
926,3250,iniciado,2026-09-15,
927,167,en_progreso,2026-09-15,
928,1915,en_progreso,2026-09-15,
929,1882,en_progreso,2026-09-15,
930,2911,pausado,2026-09-15,
931,277,en_progreso,2026-09-15,
932,263,pausado,2026-09-15,
933,1392,en_progreso,2026-09-15,
934,3116,iniciado,2026-09-15,
935,2269,iniciado,2026-09-15,
936,2122,iniciado,2026-09-15,
937,1398,en_progreso,2026-09-15,
938,1762,en_progreso,2026-09-15,
939,3488,pausado,2026-09-15,
940,2711,pausado,2026-09-15,
941,245,en_progreso,2026-09-15,
942,292,en_progreso,2026-09-15,
943,1085,iniciado,2026-09-15,
944,3952,iniciado,2026-09-15,
945,705,completado,2026-09-15,Modulo finalizado por el estudiante
946,1485,iniciado,2026-09-15,
947,1676,en_progreso,2026-09-15,
948,2205,en_progreso,2026-09-15,
949,3621,en_progreso,2026-09-15,
950,3439,completado,2026-09-15,Modulo finalizado por el estudiante
951,373,en_progreso,2026-09-15,
952,2239,en_progreso,2026-09-15,
953,1601,pausado,2026-09-15,
954,2941,en_progreso,2026-09-15,
955,1485,en_progreso,2026-09-15,
956,1663,iniciado,2026-09-15,
957,877,completado,2026-09-15,Modulo finalizado por el estudiante
958,3171,en_progreso,2026-09-15,
959,1844,iniciado,2026-09-15,
960,455,iniciado,2026-09-15,
961,2244,completado,2026-09-15,Modulo finalizado por el estudiante
962,1248,en_progreso,2026-09-15,
963,410,en_progreso,2026-09-15,
964,1732,iniciado,2026-09-15,
965,1136,iniciado,2026-09-15,
966,1706,completado,2026-09-15,Modulo finalizado por el estudiante
967,399,en_progreso,2026-09-15,
968,2628,iniciado,2026-09-15,
969,998,iniciado,2026-09-15,
970,3998,iniciado,2026-09-15,
971,1780,iniciado,2026-09-15,
972,1788,iniciado,2026-09-15,
973,3741,iniciado,2026-09-15,
974,3309,completado,2026-09-15,Modulo finalizado por el estudiante
975,1212,en_progreso,2026-09-15,
976,888,iniciado,2026-09-15,
977,3090,en_progreso,2026-09-15,
978,395,en_progreso,2026-09-15,
979,2547,iniciado,2026-09-15,
980,2392,completado,2026-09-15,Modulo finalizado por el estudiante
981,3918,pausado,2026-09-15,
982,3504,completado,2026-09-15,Modulo finalizado por el estudiante
983,2897,iniciado,2026-09-15,
984,3298,pausado,2026-09-15,
985,3206,en_progreso,2026-09-15,
986,1619,iniciado,2026-09-15,
987,776,en_progreso,2026-09-15,
988,3240,en_progreso,2026-09-15,
989,298,en_progreso,2026-09-15,
990,2376,iniciado,2026-09-15,
991,2325,iniciado,2026-09-15,
992,206,iniciado,2026-09-15,
993,302,en_progreso,2026-09-15,
994,3310,iniciado,2026-09-15,
995,463,pausado,2026-09-15,
996,2615,iniciado,2026-09-15,
997,1966,en_progreso,2026-09-15,
998,4081,pausado,2026-09-15,
999,224,en_progreso,2026-09-15,
1000,3348,en_progreso,2026-09-15,
1001,3280,en_progreso,2026-09-16,
1002,1253,en_progreso,2026-09-16,
1003,3480,pausado,2026-09-16,
1004,2801,en_progreso,2026-09-16,
1005,162,iniciado,2026-09-16,
1006,479,iniciado,2026-09-16,
1007,1120,en_progreso,2026-09-16,
1008,2878,en_progreso,2026-09-16,
1009,2801,en_progreso,2026-09-16,
1010,1423,completado,2026-09-16,Modulo finalizado por el estudiante
1011,32,completado,2026-09-16,Modulo finalizado por el estudiante
1012,821,pausado,2026-09-16,
1013,1738,iniciado,2026-09-16,
1014,1424,iniciado,2026-09-16,
1015,801,iniciado,2026-09-16,
1016,1106,abandonado,2026-09-16,Sin actividad posterior registrada
1017,1723,en_progreso,2026-09-16,
1018,1834,completado,2026-09-16,Modulo finalizado por el estudiante
1019,3105,iniciado,2026-09-16,
1020,1355,completado,2026-09-16,Modulo finalizado por el estudiante
1021,3762,en_progreso,2026-09-16,
1022,1932,iniciado,2026-09-16,
1023,410,pausado,2026-09-16,
1024,3228,pausado,2026-09-16,
1025,1848,pausado,2026-09-16,
1026,3631,en_progreso,2026-09-16,
1027,3988,iniciado,2026-09-16,
1028,1491,abandonado,2026-09-16,Sin actividad posterior registrada
1029,1201,iniciado,2026-09-16,
1030,513,en_progreso,2026-09-16,
1031,1866,iniciado,2026-09-16,
1032,838,iniciado,2026-09-16,
1033,1895,iniciado,2026-09-16,
1034,1818,en_progreso,2026-09-16,
1035,3527,pausado,2026-09-16,
1036,3135,iniciado,2026-09-16,
1037,3272,en_progreso,2026-09-16,
1038,841,en_progreso,2026-09-16,
1039,3294,pausado,2026-09-16,
1040,1128,iniciado,2026-09-16,
1041,3537,iniciado,2026-09-16,
1042,1670,completado,2026-09-16,Modulo finalizado por el estudiante
1043,4010,iniciado,2026-09-16,
1044,298,en_progreso,2026-09-16,
1045,1628,iniciado,2026-09-16,
1046,2062,en_progreso,2026-09-16,
1047,2917,completado,2026-09-16,Modulo finalizado por el estudiante
1048,1623,iniciado,2026-09-16,
1049,1091,pausado,2026-09-16,
1050,2035,completado,2026-09-16,Modulo finalizado por el estudiante
1051,3310,en_progreso,2026-09-16,
1052,1265,pausado,2026-09-16,
1053,2778,en_progreso,2026-09-16,
1054,2999,iniciado,2026-09-16,
1055,2052,en_progreso,2026-09-16,
1056,711,iniciado,2026-09-16,
1057,2632,iniciado,2026-09-16,
1058,2555,en_progreso,2026-09-16,
1059,557,en_progreso,2026-09-16,
1060,3511,en_progreso,2026-09-16,
1061,1963,iniciado,2026-09-16,
1062,3072,abandonado,2026-09-16,Sin actividad posterior registrada
1063,2732,en_progreso,2026-09-16,
1064,58,pausado,2026-09-16,
1065,581,iniciado,2026-09-16,
1066,3527,completado,2026-09-16,Modulo finalizado por el estudiante
1067,3885,en_progreso,2026-09-16,
1068,565,en_progreso,2026-09-16,
1069,16,abandonado,2026-09-16,Sin actividad posterior registrada
1070,3721,iniciado,2026-09-16,
1071,1356,iniciado,2026-09-16,
1072,2592,completado,2026-09-16,Modulo finalizado por el estudiante
1073,2628,completado,2026-09-16,Modulo finalizado por el estudiante
1074,3228,en_progreso,2026-09-16,
1075,3147,iniciado,2026-09-16,
1076,1032,iniciado,2026-09-16,
1077,793,en_progreso,2026-09-16,
1078,4033,iniciado,2026-09-16,
1079,2748,completado,2026-09-16,Modulo finalizado por el estudiante
1080,3095,en_progreso,2026-09-16,
1081,1862,completado,2026-09-16,Modulo finalizado por el estudiante
1082,1584,en_progreso,2026-09-16,
1083,2922,completado,2026-09-16,Modulo finalizado por el estudiante
1084,447,iniciado,2026-09-16,
1085,3787,en_progreso,2026-09-16,
1086,3937,iniciado,2026-09-16,
1087,2756,completado,2026-09-16,Modulo finalizado por el estudiante
1088,662,iniciado,2026-09-16,
1089,3411,iniciado,2026-09-16,
1090,2465,iniciado,2026-09-16,
1091,2833,iniciado,2026-09-16,
1092,853,en_progreso,2026-09-16,
1093,2186,iniciado,2026-09-16,
1094,1091,completado,2026-09-16,Modulo finalizado por el estudiante
1095,3912,iniciado,2026-09-16,
1096,3776,pausado,2026-09-16,
1097,3692,en_progreso,2026-09-16,
1098,3359,en_progreso,2026-09-16,
1099,2338,iniciado,2026-09-16,
1100,619,iniciado,2026-09-16,
1101,1278,iniciado,2026-09-16,
1102,1165,en_progreso,2026-09-16,
1103,2855,en_progreso,2026-09-16,
1104,373,pausado,2026-09-16,
1105,314,iniciado,2026-09-16,
1106,1183,en_progreso,2026-09-16,
1107,1707,iniciado,2026-09-16,
1108,373,en_progreso,2026-09-16,
1109,2523,iniciado,2026-09-16,
1110,1110,en_progreso,2026-09-16,
1111,2941,pausado,2026-09-16,
1112,1253,completado,2026-09-16,Modulo finalizado por el estudiante
1113,2097,iniciado,2026-09-16,
1114,986,iniciado,2026-09-16,
1115,487,en_progreso,2026-09-16,
1116,2186,en_progreso,2026-09-16,
1117,292,pausado,2026-09-16,
1118,3338,en_progreso,2026-09-16,
1119,1748,iniciado,2026-09-16,
1120,557,en_progreso,2026-09-16,
1121,2325,en_progreso,2026-09-16,
1122,2396,iniciado,2026-09-16,
1123,1287,iniciado,2026-09-16,
1124,399,en_progreso,2026-09-16,
1125,2837,en_progreso,2026-09-16,
1126,2793,completado,2026-09-16,Modulo finalizado por el estudiante
1127,483,iniciado,2026-09-16,
1128,3902,completado,2026-09-16,Modulo finalizado por el estudiante
1129,859,iniciado,2026-09-16,
1130,2097,en_progreso,2026-09-16,
1131,2068,iniciado,2026-09-16,
1132,314,en_progreso,2026-09-16,
1133,2007,en_progreso,2026-09-16,
1134,2354,en_progreso,2026-09-16,
1135,3782,iniciado,2026-09-16,
1136,4060,pausado,2026-09-16,
1137,3716,iniciado,2026-09-16,
1138,2527,en_progreso,2026-09-16,
1139,310,pausado,2026-09-16,
1140,2801,en_progreso,2026-09-16,
1141,273,pausado,2026-09-16,
1142,2602,completado,2026-09-16,Modulo finalizado por el estudiante
1143,2749,iniciado,2026-09-16,
1144,815,en_progreso,2026-09-16,
1145,958,en_progreso,2026-09-16,
1146,1216,en_progreso,2026-09-16,
1147,2934,en_progreso,2026-09-16,
1148,3200,en_progreso,2026-09-16,
1149,2911,en_progreso,2026-09-16,
1150,1058,pausado,2026-09-16,
1151,1623,en_progreso,2026-09-16,
1152,3474,pausado,2026-09-16,
1153,2371,iniciado,2026-09-16,
1154,1632,completado,2026-09-16,Modulo finalizado por el estudiante
1155,384,en_progreso,2026-09-16,
1156,2901,abandonado,2026-09-16,Sin actividad posterior registrada
1157,389,en_progreso,2026-09-16,
1158,682,iniciado,2026-09-16,
1159,1794,completado,2026-09-16,Modulo finalizado por el estudiante
1160,1261,iniciado,2026-09-16,
1161,1895,en_progreso,2026-09-16,
1162,2805,pausado,2026-09-16,
1163,3167,abandonado,2026-09-16,Sin actividad posterior registrada
1164,3392,en_progreso,2026-09-16,
1165,2855,en_progreso,2026-09-16,
1166,694,iniciado,2026-09-16,
1167,1359,en_progreso,2026-09-16,
1168,2852,en_progreso,2026-09-16,
1169,1085,pausado,2026-09-16,
1170,1054,pausado,2026-09-16,
1171,1359,en_progreso,2026-09-16,
1172,277,en_progreso,2026-09-16,
1173,1429,iniciado,2026-09-16,
1174,245,en_progreso,2026-09-16,
1175,3298,abandonado,2026-09-16,Sin actividad posterior registrada
1176,838,pausado,2026-09-16,
1177,2841,iniciado,2026-09-16,
1178,3664,iniciado,2026-09-16,
1179,2205,pausado,2026-09-16,
1180,570,en_progreso,2026-09-16,
1181,772,en_progreso,2026-09-16,
1182,3003,pausado,2026-09-16,
1183,2221,en_progreso,2026-09-16,
1184,220,iniciado,2026-09-16,
1185,1839,en_progreso,2026-09-16,
1186,528,iniciado,2026-09-16,
1187,1818,completado,2026-09-16,Modulo finalizado por el estudiante
1188,2097,abandonado,2026-09-16,Sin actividad posterior registrada
1189,3903,iniciado,2026-09-16,
1190,801,completado,2026-09-16,Modulo finalizado por el estudiante
1191,1224,completado,2026-09-16,Modulo finalizado por el estudiante
1192,912,iniciado,2026-09-16,
1193,2134,iniciado,2026-09-16,
1194,141,en_progreso,2026-09-16,
1195,4074,iniciado,2026-09-16,
1196,2127,completado,2026-09-16,Modulo finalizado por el estudiante
1197,3825,completado,2026-09-16,Modulo finalizado por el estudiante
1198,1373,iniciado,2026-09-16,
1199,827,iniciado,2026-09-16,
1200,3650,en_progreso,2026-09-16,
1201,2441,en_progreso,2026-09-16,
1202,2393,iniciado,2026-09-16,
1203,1799,iniciado,2026-09-16,
1204,1572,completado,2026-09-16,Modulo finalizado por el estudiante
1205,1179,iniciado,2026-09-16,
1206,1157,en_progreso,2026-09-16,
1207,1697,iniciado,2026-09-16,
1208,1439,iniciado,2026-09-16,
1209,369,abandonado,2026-09-16,Sin actividad posterior registrada
1210,1445,en_progreso,2026-09-16,
1211,3543,iniciado,2026-09-16,
1212,2783,en_progreso,2026-09-16,
1213,1351,en_progreso,2026-09-16,
1214,1369,en_progreso,2026-09-16,
1215,1780,pausado,2026-09-16,
1216,1628,en_progreso,2026-09-16,
1217,597,en_progreso,2026-09-16,
1218,1316,iniciado,2026-09-16,
1219,245,pausado,2026-09-16,
1220,7,en_progreso,2026-09-16,
1221,3584,pausado,2026-09-16,
1222,3863,pausado,2026-09-16,
1223,1025,en_progreso,2026-09-16,
1224,3466,completado,2026-09-16,Modulo finalizado por el estudiante
1225,3240,en_progreso,2026-09-16,
1226,3749,completado,2026-09-16,Modulo finalizado por el estudiante
1227,2638,en_progreso,2026-09-16,
1228,2082,pausado,2026-09-16,
1229,2863,iniciado,2026-09-16,
1230,662,en_progreso,2026-09-16,
1231,1963,pausado,2026-09-16,
1232,902,iniciado,2026-09-16,
1233,3200,pausado,2026-09-16,
1234,2101,en_progreso,2026-09-16,
1235,1485,en_progreso,2026-09-16,
1236,3153,pausado,2026-09-16,
1237,2418,en_progreso,2026-09-16,
1238,2657,en_progreso,2026-09-16,
1239,3833,iniciado,2026-09-16,
1240,878,iniciado,2026-09-16,
1241,3433,en_progreso,2026-09-16,
1242,3290,iniciado,2026-09-16,
1243,3218,en_progreso,2026-09-16,
1244,3918,en_progreso,2026-09-16,
1245,1036,en_progreso,2026-09-16,
1246,2477,pausado,2026-09-16,
1247,4004,iniciado,2026-09-16,
1248,389,en_progreso,2026-09-16,
1249,2977,en_progreso,2026-09-16,
1250,2574,en_progreso,2026-09-16,
1251,3589,iniciado,2026-09-16,
1252,33,iniciado,2026-09-16,
1253,3912,completado,2026-09-16,Modulo finalizado por el estudiante
1254,553,iniciado,2026-09-16,
1255,4060,en_progreso,2026-09-16,
1256,3627,iniciado,2026-09-16,
1257,2690,en_progreso,2026-09-16,
1258,627,iniciado,2026-09-16,
1259,2376,en_progreso,2026-09-16,
1260,2757,iniciado,2026-09-16,
1261,2893,iniciado,2026-09-16,
1262,3090,en_progreso,2026-09-16,
1263,2302,iniciado,2026-09-16,
1264,3186,completado,2026-09-16,Modulo finalizado por el estudiante
1265,2623,iniciado,2026-09-16,
1266,2211,iniciado,2026-09-16,
1267,2837,en_progreso,2026-09-16,
1268,2477,en_progreso,2026-09-16,
1269,3313,en_progreso,2026-09-16,
1270,2527,pausado,2026-09-16,
1271,1424,en_progreso,2026-09-16,
1272,1220,en_progreso,2026-09-16,
1273,2801,en_progreso,2026-09-16,
1274,1980,iniciado,2026-09-16,
1275,3617,en_progreso,2026-09-16,
1276,2152,en_progreso,2026-09-16,
1277,2157,iniciado,2026-09-16,
1278,330,en_progreso,2026-09-16,
1279,4014,iniciado,2026-09-16,
1280,3027,completado,2026-09-16,Modulo finalizado por el estudiante
1281,115,completado,2026-09-16,Modulo finalizado por el estudiante
1282,3988,pausado,2026-09-16,
1283,2488,en_progreso,2026-09-16,
1284,3929,en_progreso,2026-09-16,
1285,2176,iniciado,2026-09-16,
1286,2794,iniciado,2026-09-16,
1287,3898,iniciado,2026-09-16,
1288,3829,en_progreso,2026-09-16,
1289,1145,en_progreso,2026-09-16,
1290,2531,iniciado,2026-09-16,
1291,162,en_progreso,2026-09-16,
1292,2091,iniciado,2026-09-16,
1293,3772,iniciado,2026-09-16,
1294,859,completado,2026-09-16,Modulo finalizado por el estudiante
1295,662,abandonado,2026-09-16,Sin actividad posterior registrada
1296,2774,en_progreso,2026-09-16,
1297,2926,iniciado,2026-09-16,
1298,3459,en_progreso,2026-09-16,
1299,711,completado,2026-09-16,Modulo finalizado por el estudiante
1300,948,iniciado,2026-09-16,
1301,273,en_progreso,2026-09-16,
1302,2371,en_progreso,2026-09-16,
1303,1966,en_progreso,2026-09-16,
1304,2192,en_progreso,2026-09-16,
1305,102,iniciado,2026-09-16,
1306,3913,iniciado,2026-09-16,
1307,2801,en_progreso,2026-09-16,
1308,1169,iniciado,2026-09-16,
1309,3392,en_progreso,2026-09-16,
1310,224,completado,2026-09-16,Modulo finalizado por el estudiante
1311,1287,en_progreso,2026-09-16,
1312,802,iniciado,2026-09-16,
1313,1242,en_progreso,2026-09-16,
1314,2926,completado,2026-09-16,Modulo finalizado por el estudiante
1315,2424,iniciado,2026-09-16,
1316,3650,en_progreso,2026-09-16,
1317,3153,pausado,2026-09-16,
1318,3903,pausado,2026-09-16,
1319,4060,completado,2026-09-16,Modulo finalizado por el estudiante
1320,1619,en_progreso,2026-09-16,
1321,1623,pausado,2026-09-16,
1322,1940,en_progreso,2026-09-16,
1323,405,pausado,2026-09-16,
1324,3267,iniciado,2026-09-16,
1325,1261,en_progreso,2026-09-16,
1326,3576,pausado,2026-09-16,
1327,624,iniciado,2026-09-16,
1328,2934,completado,2026-09-16,Modulo finalizado por el estudiante
1329,1795,iniciado,2026-09-16,
1330,2770,iniciado,2026-09-16,
1331,2227,pausado,2026-09-16,
1332,365,en_progreso,2026-09-16,
1333,2186,completado,2026-09-16,Modulo finalizado por el estudiante
1334,547,en_progreso,2026-09-16,
1335,2396,pausado,2026-09-16,
1336,2265,iniciado,2026-09-16,
1337,916,iniciado,2026-09-16,
1338,3829,en_progreso,2026-09-16,
1339,3206,completado,2026-09-16,Modulo finalizado por el estudiante
1340,2797,completado,2026-09-16,Modulo finalizado por el estudiante
1341,2424,en_progreso,2026-09-16,
1342,1392,en_progreso,2026-09-16,
1343,455,en_progreso,2026-09-16,
1344,3918,en_progreso,2026-09-16,
1345,1966,en_progreso,2026-09-16,
1346,1685,iniciado,2026-09-16,
1347,948,en_progreso,2026-09-16,
1348,1341,en_progreso,2026-09-16,
1349,3660,completado,2026-09-16,Modulo finalizado por el estudiante
1350,2884,iniciado,2026-09-16,
1351,58,en_progreso,2026-09-16,
1352,1257,iniciado,2026-09-16,
1353,3756,en_progreso,2026-09-16,
1354,1254,iniciado,2026-09-16,
1355,3609,iniciado,2026-09-16,
1356,2488,pausado,2026-09-16,
1357,2559,en_progreso,2026-09-16,
1358,1532,iniciado,2026-09-16,
1359,1157,en_progreso,2026-09-16,
1360,3467,iniciado,2026-09-16,
1361,3016,iniciado,2026-09-16,
1362,1900,en_progreso,2026-09-16,
1363,2211,abandonado,2026-09-16,Sin actividad posterior registrada
1364,2855,en_progreso,2026-09-16,
1365,1409,iniciado,2026-09-16,
1366,1590,iniciado,2026-09-16,
1367,1307,en_progreso,2026-09-16,
1368,1642,en_progreso,2026-09-16,
1369,3981,pausado,2026-09-16,
1370,1005,en_progreso,2026-09-16,
1371,3782,pausado,2026-09-16,
1372,3974,iniciado,2026-09-16,
1373,2738,pausado,2026-09-16,
1374,517,iniciado,2026-09-16,
1375,1013,en_progreso,2026-09-16,
1376,1568,iniciado,2026-09-16,
1377,76,pausado,2026-09-16,
1378,656,en_progreso,2026-09-16,
1379,2867,en_progreso,2026-09-16,
1380,3332,completado,2026-09-16,Modulo finalizado por el estudiante
1381,2563,en_progreso,2026-09-16,
1382,1481,en_progreso,2026-09-16,
1383,958,abandonado,2026-09-16,Sin actividad posterior registrada
1384,1316,completado,2026-09-16,Modulo finalizado por el estudiante
1385,2507,iniciado,2026-09-16,
1386,587,iniciado,2026-09-16,
1387,345,iniciado,2026-09-16,
1388,2082,en_progreso,2026-09-16,
1389,3593,iniciado,2026-09-16,
1390,288,en_progreso,2026-09-16,
1391,1584,en_progreso,2026-09-16,
1392,2905,completado,2026-09-16,Modulo finalizado por el estudiante
1393,3162,pausado,2026-09-16,
1394,3228,en_progreso,2026-09-16,
1395,2359,completado,2026-09-16,Modulo finalizado por el estudiante
1396,1548,completado,2026-09-16,Modulo finalizado por el estudiante
1397,2245,iniciado,2026-09-16,
1398,1590,pausado,2026-09-16,
1399,320,pausado,2026-09-16,
1400,3874,iniciado,2026-09-16,
1401,513,completado,2026-09-16,Modulo finalizado por el estudiante
1402,1085,pausado,2026-09-16,
1403,1373,pausado,2026-09-16,
1404,821,en_progreso,2026-09-16,
1405,821,en_progreso,2026-09-16,
1406,3101,iniciado,2026-09-16,
1407,2465,en_progreso,2026-09-16,
1408,3697,iniciado,2026-09-16,
1409,1477,pausado,2026-09-16,
1410,2376,en_progreso,2026-09-16,
1411,1373,completado,2026-09-16,Modulo finalizado por el estudiante
1412,3267,pausado,2026-09-16,
1413,1042,iniciado,2026-09-16,
1414,2221,en_progreso,2026-09-16,
1415,783,iniciado,2026-09-16,
1416,1385,iniciado,2026-09-16,
1417,746,en_progreso,2026-09-16,
1418,1601,pausado,2026-09-16,
1419,2959,completado,2026-09-16,Modulo finalizado por el estudiante
1420,2295,en_progreso,2026-09-16,
1421,3661,iniciado,2026-09-16,
1422,2091,completado,2026-09-16,Modulo finalizado por el estudiante
1423,2619,en_progreso,2026-09-16,
1424,3121,iniciado,2026-09-16,
1425,220,completado,2026-09-16,Modulo finalizado por el estudiante
1426,3843,en_progreso,2026-09-16,
1427,479,en_progreso,2026-09-16,
1428,2993,pausado,2026-09-16,
1429,119,iniciado,2026-09-16,
1430,4004,pausado,2026-09-16,
1431,1403,pausado,2026-09-16,
1432,3994,iniciado,2026-09-16,
1433,3958,en_progreso,2026-09-16,
1434,2311,completado,2026-09-16,Modulo finalizado por el estudiante
1435,943,iniciado,2026-09-16,
1436,3048,en_progreso,2026-09-16,
1437,479,en_progreso,2026-09-16,
1438,1671,iniciado,2026-09-16,
1439,3511,en_progreso,2026-09-16,
1440,2144,pausado,2026-09-16,
1441,1510,pausado,2026-09-16,
1442,2082,completado,2026-09-16,Modulo finalizado por el estudiante
1443,2859,en_progreso,2026-09-16,
1444,1317,iniciado,2026-09-16,
1445,1685,en_progreso,2026-09-16,
1446,2685,completado,2026-09-16,Modulo finalizado por el estudiante
1447,7,pausado,2026-09-16,
1448,2823,en_progreso,2026-09-16,
1449,2704,iniciado,2026-09-16,
1450,1872,pausado,2026-09-16,
1451,2608,iniciado,2026-09-16,
1452,3267,en_progreso,2026-09-16,
1453,1392,en_progreso,2026-09-16,
1454,2291,iniciado,2026-09-16,
1455,3654,en_progreso,2026-09-16,
1456,3290,pausado,2026-09-16,
1457,1254,pausado,2026-09-16,
1458,1623,pausado,2026-09-16,
1459,2867,en_progreso,2026-09-16,
1460,587,en_progreso,2026-09-16,
1461,806,iniciado,2026-09-16,
1462,2608,completado,2026-09-16,Modulo finalizado por el estudiante
1463,1523,iniciado,2026-09-16,
1464,2661,iniciado,2026-09-16,
1465,3692,en_progreso,2026-09-16,
1466,2477,en_progreso,2026-09-16,
1467,1988,en_progreso,2026-09-16,
1468,3908,completado,2026-09-16,Modulo finalizado por el estudiante
1469,373,en_progreso,2026-09-16,
1470,2164,iniciado,2026-09-16,
1471,1766,completado,2026-09-16,Modulo finalizado por el estudiante
1472,2653,iniciado,2026-09-16,
1473,1392,completado,2026-09-16,Modulo finalizado por el estudiante
1474,1477,pausado,2026-09-16,
1475,3060,pausado,2026-09-16,
1476,3453,iniciado,2026-09-16,
1477,2563,completado,2026-09-16,Modulo finalizado por el estudiante
1478,2338,en_progreso,2026-09-16,
1479,2867,completado,2026-09-16,Modulo finalizado por el estudiante
1480,1963,en_progreso,2026-09-16,
1481,994,iniciado,2026-09-16,
1482,3650,en_progreso,2026-09-16,
1483,4061,iniciado,2026-09-16,
1484,2138,iniciado,2026-09-16,
1485,239,iniciado,2026-09-16,
1486,1656,pausado,2026-09-16,
1487,3692,completado,2026-09-16,Modulo finalizado por el estudiante
1488,1980,en_progreso,2026-09-16,
1489,3411,abandonado,2026-09-16,Sin actividad posterior registrada
1490,2593,iniciado,2026-09-16,
1491,206,en_progreso,2026-09-16,
1492,1723,completado,2026-09-16,Modulo finalizado por el estudiante
1493,2302,en_progreso,2026-09-16,
1494,82,iniciado,2026-09-16,
1495,3782,en_progreso,2026-09-16,
1496,811,iniciado,2026-09-16,
1497,399,en_progreso,2026-09-16,
1498,1756,iniciado,2026-09-16,
1499,3255,pausado,2026-09-16,
1500,3401,en_progreso,2026-09-16,
1501,3537,completado,2026-09-16,Modulo finalizado por el estudiante
1502,1976,iniciado,2026-09-16,
1503,1650,iniciado,2026-09-16,
1504,3272,pausado,2026-09-16,
1505,3977,en_progreso,2026-09-16,
1506,3223,iniciado,2026-09-16,
1507,365,en_progreso,2026-09-16,
1508,1505,abandonado,2026-09-16,Sin actividad posterior registrada
1509,3918,en_progreso,2026-09-16,
1510,3988,pausado,2026-09-16,
1511,517,en_progreso,2026-09-16,
1512,162,en_progreso,2026-09-16,
1513,1536,iniciado,2026-09-16,
1514,1863,iniciado,2026-09-16,
1515,1951,en_progreso,2026-09-16,
1516,2152,pausado,2026-09-16,
1517,937,en_progreso,2026-09-16,
1518,1988,pausado,2026-09-16,
1519,1257,en_progreso,2026-09-16,
1520,1216,en_progreso,2026-09-16,
1521,1331,pausado,2026-09-16,
1522,2441,completado,2026-09-16,Modulo finalizado por el estudiante
1523,3562,en_progreso,2026-09-16,
1524,1795,abandonado,2026-09-16,Sin actividad posterior registrada
1525,1564,pausado,2026-09-16,
1526,2227,pausado,2026-09-16,
1527,2401,completado,2026-09-16,Modulo finalizado por el estudiante
1528,1046,iniciado,2026-09-16,
1529,2002,iniciado,2026-09-16,
1530,2542,iniciado,2026-09-16,
1531,553,en_progreso,2026-09-16,
1532,2999,en_progreso,2026-09-16,
1533,125,iniciado,2026-09-16,
1534,3467,en_progreso,2026-09-16,
1535,3609,completado,2026-09-16,Modulo finalizado por el estudiante
1536,267,completado,2026-09-16,Modulo finalizado por el estudiante
1537,3918,en_progreso,2026-09-16,
1538,1499,iniciado,2026-09-16,
1539,4074,completado,2026-09-16,Modulo finalizado por el estudiante
1540,3182,iniciado,2026-09-16,
1541,1835,iniciado,2026-09-16,
1542,1151,pausado,2026-09-16,
1543,3250,en_progreso,2026-09-16,
1544,4028,iniciado,2026-09-16,
1545,3470,pausado,2026-09-16,
1546,722,pausado,2026-09-16,
1547,3284,pausado,2026-09-16,
1548,1619,completado,2026-09-16,Modulo finalizado por el estudiante
1549,189,iniciado,2026-09-16,
1550,3028,iniciado,2026-09-16,
1551,1895,pausado,2026-09-16,
1552,473,completado,2026-09-16,Modulo finalizado por el estudiante
1553,1707,pausado,2026-09-16,
1554,912,en_progreso,2026-09-16,
1555,1900,en_progreso,2026-09-16,
1556,860,iniciado,2026-09-16,
1557,1341,completado,2026-09-16,Modulo finalizado por el estudiante
1558,2535,abandonado,2026-09-16,Sin actividad posterior registrada
1559,1544,iniciado,2026-09-16,
1560,3929,completado,2026-09-16,Modulo finalizado por el estudiante
1561,591,iniciado,2026-09-16,
1562,2465,abandonado,2026-09-16,Sin actividad posterior registrada
1563,740,completado,2026-09-16,Modulo finalizado por el estudiante
1564,1183,completado,2026-09-16,Modulo finalizado por el estudiante
1565,3816,pausado,2026-09-16,
1566,2072,iniciado,2026-09-16,
1567,2923,iniciado,2026-09-16,
1568,1900,en_progreso,2026-09-16,
1569,1374,iniciado,2026-09-16,
1570,2815,en_progreso,2026-09-16,
1571,3944,pausado,2026-09-16,
1572,3066,en_progreso,2026-09-16,
1573,1932,en_progreso,2026-09-16,
1574,141,pausado,2026-09-16,
1575,2941,en_progreso,2026-09-16,
1576,3418,iniciado,2026-09-16,
1577,334,pausado,2026-09-16,
1578,2442,iniciado,2026-09-16,
1579,3693,iniciado,2026-09-16,
1580,1578,pausado,2026-09-16,
1581,604,iniciado,2026-09-16,
1582,736,en_progreso,2026-09-16,
1583,2596,en_progreso,2026-09-16,
1584,2819,iniciado,2026-09-16,
1585,712,iniciado,2026-09-16,
1586,2025,en_progreso,2026-09-16,
1587,3913,pausado,2026-09-16,
1588,2833,en_progreso,2026-09-16,
1589,811,completado,2026-09-16,Modulo finalizado por el estudiante
1590,3453,en_progreso,2026-09-16,
1591,2134,completado,2026-09-16,Modulo finalizado por el estudiante
1592,1462,en_progreso,2026-09-16,
1593,2334,en_progreso,2026-09-16,
1594,1886,iniciado,2026-09-16,
1595,514,iniciado,2026-09-16,
1596,3617,en_progreso,2026-09-16,
1597,3397,iniciado,2026-09-16,
1598,1866,en_progreso,2026-09-16,
1599,632,iniciado,2026-09-16,
1600,2393,en_progreso,2026-09-16,
1601,3366,pausado,2026-09-16,
1602,119,en_progreso,2026-09-16,
1603,650,iniciado,2026-09-16,
1604,2960,iniciado,2026-09-16,
1605,1077,en_progreso,2026-09-16,
1606,1085,pausado,2026-09-16,
1607,1220,en_progreso,2026-09-16,
1608,3129,iniciado,2026-09-16,
1609,11,en_progreso,2026-09-16,
1610,682,en_progreso,2026-09-16,
1611,565,pausado,2026-09-16,
1612,144,iniciado,2026-09-16,
1613,688,iniciado,2026-09-16,
1614,82,en_progreso,2026-09-16,
1615,3090,en_progreso,2026-09-16,
1616,283,iniciado,2026-09-16,
1617,656,pausado,2026-09-16,
1618,2764,en_progreso,2026-09-16,
1619,2360,iniciado,2026-09-16,
1620,1882,en_progreso,2026-09-16,
1621,2653,en_progreso,2026-09-16,
1622,3829,completado,2026-09-16,Modulo finalizado por el estudiante
1623,3474,en_progreso,2026-09-16,
1624,173,iniciado,2026-09-16,
1625,324,abandonado,2026-09-16,Sin actividad posterior registrada
1626,2106,iniciado,2026-09-16,
1627,2245,pausado,2026-09-16,
1628,2593,pausado,2026-09-16,
1629,2338,en_progreso,2026-09-16,
1630,3200,en_progreso,2026-09-16,
1631,3284,pausado,2026-09-16,
1632,2878,pausado,2026-09-16,
1633,1992,abandonado,2026-09-16,Sin actividad posterior registrada
1634,2798,iniciado,2026-09-16,
1635,1544,en_progreso,2026-09-16,
1636,517,completado,2026-09-16,Modulo finalizado por el estudiante
1637,597,completado,2026-09-16,Modulo finalizado por el estudiante
1638,3444,iniciado,2026-09-16,
1639,4061,pausado,2026-09-16,
1640,1136,en_progreso,2026-09-16,
1641,2176,en_progreso,2026-09-16,
1642,2187,iniciado,2026-09-16,
1643,3853,iniciado,2026-09-16,
1644,502,iniciado,2026-09-16,
1645,1642,en_progreso,2026-09-16,
1646,1963,abandonado,2026-09-16,Sin actividad posterior registrada
1647,3635,completado,2026-09-16,Modulo finalizado por el estudiante
1648,361,en_progreso,2026-09-16,
1649,2288,en_progreso,2026-09-16,
1650,688,pausado,2026-09-16,
1651,3095,abandonado,2026-09-16,Sin actividad posterior registrada
1652,2960,en_progreso,2026-09-16,
1653,1848,completado,2026-09-16,Modulo finalizado por el estudiante
1654,3974,en_progreso,2026-09-16,
1655,277,abandonado,2026-09-16,Sin actividad posterior registrada
1656,3182,en_progreso,2026-09-16,
1657,2690,en_progreso,2026-09-16,
1658,1184,iniciado,2026-09-16,
1659,565,en_progreso,2026-09-16,
1660,604,completado,2026-09-16,Modulo finalizado por el estudiante
1661,3028,en_progreso,2026-09-16,
1662,2960,abandonado,2026-09-16,Sin actividad posterior registrada
1663,3294,pausado,2026-09-16,
1664,3423,iniciado,2026-09-16,
1665,2941,en_progreso,2026-09-16,
1666,3686,en_progreso,2026-09-16,
1667,3731,completado,2026-09-16,Modulo finalizado por el estudiante
1668,1776,en_progreso,2026-09-16,
1669,763,iniciado,2026-09-16,
1670,2987,pausado,2026-09-16,
1671,384,en_progreso,2026-09-16,
1672,173,en_progreso,2026-09-16,
1673,1980,en_progreso,2026-09-16,
1674,1932,en_progreso,2026-09-16,
1675,2999,pausado,2026-09-16,
1676,288,en_progreso,2026-09-16,
1677,268,iniciado,2026-09-16,
1678,3589,en_progreso,2026-09-16,
1679,2250,iniciado,2026-09-16,
1680,2584,iniciado,2026-09-16,
1681,3218,en_progreso,2026-09-16,
1682,4010,en_progreso,2026-09-16,
1683,581,en_progreso,2026-09-16,
1684,2588,en_progreso,2026-09-16,
1685,1165,en_progreso,2026-09-16,
1686,43,en_progreso,2026-09-16,
1687,4068,en_progreso,2026-09-16,
1688,1719,iniciado,2026-09-16,
1689,627,en_progreso,2026-09-16,
1690,920,en_progreso,2026-09-16,
1691,1216,en_progreso,2026-09-16,
1692,1852,iniciado,2026-09-16,
1693,395,en_progreso,2026-09-16,
1694,2312,iniciado,2026-09-16,
1695,102,en_progreso,2026-09-16,
1696,1646,pausado,2026-09-16,
1697,3031,en_progreso,2026-09-16,
1698,1527,en_progreso,2026-09-16,
1699,1707,en_progreso,2026-09-16,
1700,2442,completado,2026-09-16,Modulo finalizado por el estudiante
1701,1890,iniciado,2026-09-16,
1702,474,iniciado,2026-09-16,
1703,2318,completado,2026-09-16,Modulo finalizado por el estudiante
1704,1283,en_progreso,2026-09-16,
1705,429,iniciado,2026-09-16,
1706,2085,completado,2026-09-16,Modulo finalizado por el estudiante
1707,3958,en_progreso,2026-09-16,
1708,888,en_progreso,2026-09-16,
1709,2805,en_progreso,2026-09-16,
1710,1828,en_progreso,2026-09-16,
1711,3433,completado,2026-09-16,Modulo finalizado por el estudiante
1712,1242,en_progreso,2026-09-16,
1713,912,pausado,2026-09-16,
1714,4033,completado,2026-09-16,Modulo finalizado por el estudiante
1715,414,en_progreso,2026-09-16,
1716,2623,en_progreso,2026-09-16,
1717,3066,en_progreso,2026-09-16,
1718,2981,iniciado,2026-09-16,
1719,3423,pausado,2026-09-16,
1720,3313,en_progreso,2026-09-16,
1721,1663,en_progreso,2026-09-16,
1722,2344,iniciado,2026-09-16,
1723,3353,en_progreso,2026-09-16,
1724,306,iniciado,2026-09-16,
1725,1844,en_progreso,2026-09-16,
1726,2396,en_progreso,2026-09-16,
1727,1513,en_progreso,2026-09-16,
1728,483,pausado,2026-09-16,
1729,2690,en_progreso,2026-09-16,
1730,3922,completado,2026-09-16,Modulo finalizado por el estudiante
1731,2389,completado,2026-09-16,Modulo finalizado por el estudiante
1732,3021,pausado,2026-09-16,
1733,1689,iniciado,2026-09-16,
1734,3210,iniciado,2026-09-16,
1735,2531,en_progreso,2026-09-16,
1736,2393,en_progreso,2026-09-16,
1737,1799,abandonado,2026-09-16,Sin actividad posterior registrada
1738,455,en_progreso,2026-09-16,
1739,1303,iniciado,2026-09-16,
1740,3762,en_progreso,2026-09-16,
1741,2774,pausado,2026-09-16,
1742,1904,iniciado,2026-09-16,
1743,1966,completado,2026-09-16,Modulo finalizado por el estudiante
1744,2048,iniciado,2026-09-16,
1745,2168,completado,2026-09-16,Modulo finalizado por el estudiante
1746,3617,pausado,2026-09-16,
1747,3359,pausado,2026-09-16,
1748,361,en_progreso,2026-09-16,
1749,2040,iniciado,2026-09-16,
1750,1495,iniciado,2026-09-16,
1751,1327,pausado,2026-09-16,
1752,3498,abandonado,2026-09-16,Sin actividad posterior registrada
1753,3207,iniciado,2026-09-16,
1754,798,en_progreso,2026-09-16,
1755,753,completado,2026-09-16,Modulo finalizado por el estudiante
1756,1633,iniciado,2026-09-16,
1757,3494,pausado,2026-09-16,
1758,2072,en_progreso,2026-09-16,
1759,455,en_progreso,2026-09-16,
1760,1724,iniciado,2026-09-16,
1761,676,iniciado,2026-09-16,
1762,3580,pausado,2026-09-16,
1763,3933,abandonado,2026-09-16,Sin actividad posterior registrada
1764,2794,en_progreso,2026-09-16,
1765,2700,iniciado,2026-09-16,
1766,1895,en_progreso,2026-09-16,
1767,1136,en_progreso,2026-09-16,
1768,1019,iniciado,2026-09-16,
1769,1195,iniciado,2026-09-16,
1770,730,iniciado,2026-09-16,
1771,821,en_progreso,2026-09-16,
1772,531,en_progreso,2026-09-16,
1773,3937,completado,2026-09-16,Modulo finalizado por el estudiante
1774,209,iniciado,2026-09-16,
1775,3531,en_progreso,2026-09-16,
1776,702,iniciado,2026-09-16,
1777,3177,en_progreso,2026-09-16,
1778,3693,completado,2026-09-16,Modulo finalizado por el estudiante
1779,873,iniciado,2026-09-16,
1780,3837,en_progreso,2026-09-16,
1781,3610,iniciado,2026-09-16,
1782,3830,iniciado,2026-09-16,
1783,1254,abandonado,2026-09-16,Sin actividad posterior registrada
1784,3250,en_progreso,2026-09-16,
1785,2393,en_progreso,2026-09-16,
1786,2507,completado,2026-09-16,Modulo finalizado por el estudiante
1787,1032,en_progreso,2026-09-16,
1788,2350,iniciado,2026-09-16,
1789,2460,iniciado,2026-09-16,
1790,1485,completado,2026-09-16,Modulo finalizado por el estudiante
1791,2673,en_progreso,2026-09-16,
1792,1058,completado,2026-09-16,Modulo finalizado por el estudiante
1793,736,completado,2026-09-16,Modulo finalizado por el estudiante
1794,288,pausado,2026-09-16,
1795,1967,iniciado,2026-09-16,
1796,2935,iniciado,2026-09-16,
1797,542,pausado,2026-09-16,
1798,2749,completado,2026-09-16,Modulo finalizado por el estudiante
1799,1510,en_progreso,2026-09-16,
1800,2396,completado,2026-09-16,Modulo finalizado por el estudiante
1801,783,completado,2026-09-16,Modulo finalizado por el estudiante
1802,487,completado,2026-09-16,Modulo finalizado por el estudiante
1803,1176,iniciado,2026-09-16,
1804,2402,iniciado,2026-09-16,
1805,1839,completado,2026-09-16,Modulo finalizado por el estudiante
1806,2200,en_progreso,2026-09-16,
1807,1242,en_progreso,2026-09-16,
1808,1184,en_progreso,2026-09-16,
1809,3806,iniciado,2026-09-16,
1810,3470,en_progreso,2026-09-16,
1811,215,en_progreso,2026-09-16,
1812,3710,iniciado,2026-09-16,
1813,741,iniciado,2026-09-16,
1814,4049,iniciado,2026-09-16,
1815,3762,en_progreso,2026-09-16,
1816,433,en_progreso,2026-09-16,
1817,798,en_progreso,2026-09-16,
1818,2801,en_progreso,2026-09-16,
1819,1257,en_progreso,2026-09-16,
1820,2233,pausado,2026-09-16,
1821,3313,en_progreso,2026-09-16,
1822,2661,pausado,2026-09-16,
1823,86,iniciado,2026-09-16,
1824,3372,en_progreso,2026-09-16,
1825,768,iniciado,2026-09-16,
1826,1540,en_progreso,2026-09-16,
1827,1272,iniciado,2026-09-16,
1828,3028,en_progreso,2026-09-16,
1829,459,en_progreso,2026-09-16,
1830,2794,en_progreso,2026-09-16,
1831,2700,pausado,2026-09-16,
1832,2068,completado,2026-09-16,Modulo finalizado por el estudiante
1833,239,pausado,2026-09-16,
1834,1976,en_progreso,2026-09-16,
1835,373,en_progreso,2026-09-16,
1836,3348,en_progreso,2026-09-16,
1837,4034,iniciado,2026-09-16,
1838,1748,en_progreso,2026-09-16,
1839,1776,completado,2026-09-16,Modulo finalizado por el estudiante
1840,920,completado,2026-09-16,Modulo finalizado por el estudiante
1841,3654,en_progreso,2026-09-16,
1842,3366,en_progreso,2026-09-16,
1843,3821,completado,2026-09-16,Modulo finalizado por el estudiante
1844,2437,iniciado,2026-09-16,
1845,206,en_progreso,2026-09-16,
1846,1059,iniciado,2026-09-16,
1847,228,iniciado,2026-09-16,
1848,1666,iniciado,2026-09-16,
1849,1638,en_progreso,2026-09-16,
1850,2878,en_progreso,2026-09-16,
1851,3453,en_progreso,2026-09-16,
1852,259,completado,2026-09-16,Modulo finalizado por el estudiante
1853,1744,en_progreso,2026-09-16,
1854,2329,iniciado,2026-09-16,
1855,2122,pausado,2026-09-16,
1856,2048,en_progreso,2026-09-16,
1857,3694,iniciado,2026-09-16,
1858,2653,en_progreso,2026-09-16,
1859,1409,completado,2026-09-16,Modulo finalizado por el estudiante
1860,3878,en_progreso,2026-09-16,
1861,948,en_progreso,2026-09-16,
1862,433,en_progreso,2026-09-16,
1863,2376,pausado,2026-09-16,
1864,2269,en_progreso,2026-09-16,
1865,2382,iniciado,2026-09-16,
1866,234,pausado,2026-09-16,
1867,1858,iniciado,2026-09-16,
1868,3272,abandonado,2026-09-16,Sin actividad posterior registrada
1869,1451,iniciado,2026-09-16,
1870,3418,abandonado,2026-09-16,Sin actividad posterior registrada
1871,310,en_progreso,2026-09-16,
1872,1908,en_progreso,2026-09-16,
1873,845,abandonado,2026-09-16,Sin actividad posterior registrada
1874,763,completado,2026-09-16,Modulo finalizado por el estudiante
1875,3636,iniciado,2026-09-16,
1876,2338,en_progreso,2026-09-16,
1877,3459,en_progreso,2026-09-16,
1878,3009,en_progreso,2026-09-16,
1879,2402,completado,2026-09-16,Modulo finalizado por el estudiante
1880,1970,iniciado,2026-09-16,
1881,2371,completado,2026-09-16,Modulo finalizado por el estudiante
1882,3048,en_progreso,2026-09-16,
1883,1663,pausado,2026-09-16,
1884,1319,abandonado,2026-09-16,Sin actividad posterior registrada
1885,144,pausado,2026-09-16,
1886,2670,iniciado,2026-09-16,
1887,2764,en_progreso,2026-09-16,
1888,1393,iniciado,2026-09-16,
1889,1379,pausado,2026-09-16,
1890,1141,iniciado,2026-09-16,
1891,3267,en_progreso,2026-09-16,
1892,2629,iniciado,2026-09-16,
1893,1065,en_progreso,2026-09-16,
1894,2412,en_progreso,2026-09-16,
1895,470,completado,2026-09-16,Modulo finalizado por el estudiante
1896,1697,pausado,2026-09-16,
1897,3799,en_progreso,2026-09-16,
1898,1595,completado,2026-09-16,Modulo finalizado por el estudiante
1899,3816,pausado,2026-09-16,
1900,3756,pausado,2026-09-16,
1901,1908,en_progreso,2026-09-16,
1902,1070,completado,2026-09-16,Modulo finalizado por el estudiante
1903,1257,completado,2026-09-16,Modulo finalizado por el estudiante
1904,144,en_progreso,2026-09-16,
1905,2508,iniciado,2026-09-16,
1906,2930,en_progreso,2026-09-16,
1907,361,en_progreso,2026-09-16,
1908,3853,en_progreso,2026-09-16,
1909,2187,completado,2026-09-16,Modulo finalizado por el estudiante
1910,405,en_progreso,2026-09-16,
1911,405,en_progreso,2026-09-16,
1912,1824,iniciado,2026-09-16,
1913,682,completado,2026-09-16,Modulo finalizado por el estudiante
1914,2930,pausado,2026-09-16,
1915,973,iniciado,2026-09-16,
1916,688,en_progreso,2026-09-16,
1917,302,completado,2026-09-16,Modulo finalizado por el estudiante
1918,2764,en_progreso,2026-09-16,
1919,1711,iniciado,2026-09-16,
1920,3799,en_progreso,2026-09-16,
1921,2770,completado,2026-09-16,Modulo finalizado por el estudiante
1922,429,en_progreso,2026-09-16,
1923,2930,en_progreso,2026-09-16,
1924,3284,en_progreso,2026-09-16,
1925,892,pausado,2026-09-16,
1926,3101,en_progreso,2026-09-16,
1927,3859,completado,2026-09-16,Modulo finalizado por el estudiante
1928,1780,completado,2026-09-16,Modulo finalizado por el estudiante
1929,2999,en_progreso,2026-09-16,
1930,443,en_progreso,2026-09-16,
1931,3076,iniciado,2026-09-16,
1932,1410,iniciado,2026-09-16,
1933,3494,en_progreso,2026-09-16,
1934,3302,pausado,2026-09-16,
1935,2661,completado,2026-09-16,Modulo finalizado por el estudiante
1936,2897,en_progreso,2026-09-16,
1937,2588,en_progreso,2026-09-16,
1938,2169,iniciado,2026-09-16,
1939,1578,en_progreso,2026-09-16,
1940,838,en_progreso,2026-09-16,
1941,1081,iniciado,2026-09-16,
1942,1803,pausado,2026-09-16,
1943,1663,completado,2026-09-16,Modulo finalizado por el estudiante
1944,1689,pausado,2026-09-16,
1945,1828,abandonado,2026-09-16,Sin actividad posterior registrada
1946,694,completado,2026-09-16,Modulo finalizado por el estudiante
1947,2757,pausado,2026-09-16,
1948,1689,en_progreso,2026-09-16,
1949,2408,en_progreso,2026-09-16,
1950,1544,completado,2026-09-16,Modulo finalizado por el estudiante
1951,3294,en_progreso,2026-09-16,
1952,849,iniciado,2026-09-16,
1953,1732,completado,2026-09-16,Modulo finalizado por el estudiante
1954,3874,en_progreso,2026-09-16,
1955,2670,abandonado,2026-09-16,Sin actividad posterior registrada
1956,2511,en_progreso,2026-09-16,
1957,132,en_progreso,2026-09-16,
1958,2454,iniciado,2026-09-16,
1959,1278,en_progreso,2026-09-16,
1960,273,en_progreso,2026-09-16,
1961,3528,iniciado,2026-09-16,
1962,3621,en_progreso,2026-09-16,
1963,565,en_progreso,2026-09-16,
1964,3909,iniciado,2026-09-16,
1965,1940,completado,2026-09-16,Modulo finalizado por el estudiante
1966,1941,iniciado,2026-09-16,
1967,251,en_progreso,2026-09-16,
1968,1042,en_progreso,2026-09-16,
1969,2062,en_progreso,2026-09-16,
1970,1486,iniciado,2026-09-16,
1971,3348,pausado,2026-09-16,
1972,624,en_progreso,2026-09-16,
1973,1988,completado,2026-09-16,Modulo finalizado por el estudiante
1974,1788,pausado,2026-09-16,
1975,1941,completado,2026-09-16,Modulo finalizado por el estudiante
1976,1059,pausado,2026-09-16,
1977,2152,en_progreso,2026-09-16,
1978,730,pausado,2026-09-16,
1979,2551,iniciado,2026-09-16,
1980,2778,en_progreso,2026-09-16,
1981,2760,en_progreso,2026-09-16,
1982,1689,en_progreso,2026-09-16,
1983,3977,completado,2026-09-16,Modulo finalizado por el estudiante
1984,3182,en_progreso,2026-09-16,
1985,2841,en_progreso,2026-09-16,
1986,2555,completado,2026-09-16,Modulo finalizado por el estudiante
1987,1967,en_progreso,2026-09-16,
1988,2233,pausado,2026-09-16,
1989,3898,completado,2026-09-16,Modulo finalizado por el estudiante
1990,3382,en_progreso,2026-09-16,
1991,3538,iniciado,2026-09-16,
1992,3101,pausado,2026-09-16,
1993,3878,en_progreso,2026-09-16,
1994,2801,pausado,2026-09-16,
1995,3326,completado,2026-09-16,Modulo finalizado por el estudiante
1996,2030,iniciado,2026-09-16,
1997,786,completado,2026-09-16,Modulo finalizado por el estudiante
1998,1287,en_progreso,2026-09-16,
1999,576,en_progreso,2026-09-16,
2000,2245,en_progreso,2026-09-16,
2001,3444,en_progreso,2026-09-17,
2002,1297,iniciado,2026-09-17,
2003,1184,en_progreso,2026-09-17,
2004,3981,completado,2026-09-17,Modulo finalizado por el estudiante
2005,471,iniciado,2026-09-17,
2006,3162,en_progreso,2026-09-17,
2007,1161,en_progreso,2026-09-17,
2008,2993,en_progreso,2026-09-17,
2009,2911,en_progreso,2026-09-17,
2010,1477,completado,2026-09-17,Modulo finalizado por el estudiante
2011,39,iniciado,2026-09-17,
2012,4081,completado,2026-09-17,Modulo finalizado por el estudiante
2013,3750,iniciado,2026-09-17,
2014,2265,en_progreso,2026-09-17,
2015,1777,iniciado,2026-09-17,
2016,536,iniciado,2026-09-17,
2017,491,en_progreso,2026-09-17,
2018,1824,pausado,2026-09-17,
2019,239,pausado,2026-09-17,
2020,2859,en_progreso,2026-09-17,
2021,429,pausado,2026-09-17,
2022,3378,pausado,2026-09-17,
2023,1915,pausado,2026-09-17,
2024,3787,en_progreso,2026-09-17,
2025,1540,abandonado,2026-09-17,Sin actividad posterior registrada
2026,1233,completado,2026-09-17,Modulo finalizado por el estudiante
2027,2036,iniciado,2026-09-17,
2028,1478,iniciado,2026-09-17,
2029,2437,pausado,2026-09-17,
2030,1942,iniciado,2026-09-17,
2031,863,en_progreso,2026-09-17,
2032,1419,iniciado,2026-09-17,
2033,3776,completado,2026-09-17,Modulo finalizado por el estudiante
2034,3494,en_progreso,2026-09-17,
2035,2852,pausado,2026-09-17,
2036,867,iniciado,2026-09-17,
2037,2494,iniciado,2026-09-17,
2038,2030,en_progreso,2026-09-17,
2039,3706,pausado,2026-09-17,
2040,3694,en_progreso,2026-09-17,
2041,306,en_progreso,2026-09-17,
2042,1682,iniciado,2026-09-17,
2043,2152,en_progreso,2026-09-17,
2044,3031,completado,2026-09-17,Modulo finalizado por el estudiante
2045,1676,en_progreso,2026-09-17,
2046,3470,en_progreso,2026-09-17,
2047,1307,pausado,2026-09-17,
2048,2878,en_progreso,2026-09-17,
2049,3129,en_progreso,2026-09-17,
2050,737,iniciado,2026-09-17,
2051,2738,en_progreso,2026-09-17,
2052,576,en_progreso,2026-09-17,
2053,3664,en_progreso,2026-09-17,
2054,2040,pausado,2026-09-17,
2055,2523,en_progreso,2026-09-17,
2056,62,pausado,2026-09-17,
2057,605,iniciado,2026-09-17,
2058,3674,completado,2026-09-17,Modulo finalizado por el estudiante
2059,4036,en_progreso,2026-09-17,
2060,587,en_progreso,2026-09-17,
2061,20,iniciado,2026-09-17,
2062,3888,completado,2026-09-17,Modulo finalizado por el estudiante
2063,1398,abandonado,2026-09-17,Sin actividad posterior registrada
2064,943,en_progreso,2026-09-17,
2065,3372,en_progreso,2026-09-17,
2066,3276,en_progreso,2026-09-17,
2067,860,en_progreso,2026-09-17,
2068,2841,completado,2026-09-17,Modulo finalizado por el estudiante
2069,3218,en_progreso,2026-09-17,
2070,1932,completado,2026-09-17,Modulo finalizado por el estudiante
2071,1642,en_progreso,2026-09-17,
2072,3038,completado,2026-09-17,Modulo finalizado por el estudiante
2073,459,pausado,2026-09-17,
2074,377,iniciado,2026-09-17,
2075,2852,completado,2026-09-17,Modulo finalizado por el estudiante
2076,683,iniciado,2026-09-17,
2077,3572,iniciado,2026-09-17,
2078,2564,iniciado,2026-09-17,
2079,2941,en_progreso,2026-09-17,
2080,3261,en_progreso,2026-09-17,
2081,2888,completado,2026-09-17,Modulo finalizado por el estudiante
2082,3721,en_progreso,2026-09-17,
2083,3627,pausado,2026-09-17,
2084,2360,completado,2026-09-17,Modulo finalizado por el estudiante
2085,2430,iniciado,2026-09-17,
2086,632,en_progreso,2026-09-17,
2087,119,pausado,2026-09-17,
2088,1220,pausado,2026-09-17,
2089,43,en_progreso,2026-09-17,
2090,1216,en_progreso,2026-09-17,
2091,1756,en_progreso,2026-09-17,
2092,3617,en_progreso,2026-09-17,
2093,3899,iniciado,2026-09-17,
2094,3060,pausado,2026-09-17,
2095,1287,completado,2026-09-17,Modulo finalizado por el estudiante
2096,2188,iniciado,2026-09-17,
2097,1013,en_progreso,2026-09-17,
2098,1886,en_progreso,2026-09-17,
2099,3930,iniciado,2026-09-17,
2100,298,pausado,2026-09-17,
2101,3488,en_progreso,2026-09-17,
2102,1809,iniciado,2026-09-17,
2103,570,en_progreso,2026-09-17,
2104,2412,en_progreso,2026-09-17,
2105,2498,en_progreso,2026-09-17,
2106,2390,iniciado,2026-09-17,
2107,2945,iniciado,2026-09-17,
2108,518,iniciado,2026-09-17,
2109,273,pausado,2026-09-17,
2110,2893,completado,2026-09-17,Modulo finalizado por el estudiante
2111,496,iniciado,2026-09-17,
2112,4061,completado,2026-09-17,Modulo finalizado por el estudiante
2113,884,iniciado,2026-09-17,
2114,2188,en_progreso,2026-09-17,
2115,2157,completado,2026-09-17,Modulo finalizado por el estudiante
2116,873,en_progreso,2026-09-17,
2117,1413,completado,2026-09-17,Modulo finalizado por el estudiante
2118,2447,en_progreso,2026-09-17,
2119,3944,abandonado,2026-09-17,Sin actividad posterior registrada
2120,2977,pausado,2026-09-17,
2121,2623,en_progreso,2026-09-17,
2122,314,pausado,2026-09-17,
2123,2906,iniciado,2026-09-17,
2124,334,pausado,2026-09-17,
2125,310,en_progreso,2026-09-17,
2126,2842,iniciado,2026-09-17,
2127,838,en_progreso,2026-09-17,
2128,994,en_progreso,2026-09-17,
2129,1242,en_progreso,2026-09-17,
2130,3055,en_progreso,2026-09-17,
2131,3338,en_progreso,2026-09-17,
2132,3028,en_progreso,2026-09-17,
2133,1085,pausado,2026-09-17,
2134,1676,en_progreso,2026-09-17,
2135,3627,pausado,2026-09-17,
2136,2469,en_progreso,2026-09-17,
2137,399,en_progreso,2026-09-17,
2138,3016,abandonado,2026-09-17,Sin actividad posterior registrada
2139,405,en_progreso,2026-09-17,
2140,706,iniciado,2026-09-17,
2141,1863,completado,2026-09-17,Modulo finalizado por el estudiante
2142,1297,en_progreso,2026-09-17,
2143,2911,pausado,2026-09-17,
2144,3294,abandonado,2026-09-17,Sin actividad posterior registrada
2145,3551,iniciado,2026-09-17,
2146,2833,en_progreso,2026-09-17,
2147,1601,completado,2026-09-17,Modulo finalizado por el estudiante
2148,547,completado,2026-09-17,Modulo finalizado por el estudiante
2149,718,iniciado,2026-09-17,
2150,1410,en_progreso,2026-09-17,
2151,2965,en_progreso,2026-09-17,
2152,1120,pausado,2026-09-17,
2153,1081,pausado,2026-09-17,
2154,1410,en_progreso,2026-09-17,
2155,283,en_progreso,2026-09-17,
2156,1478,en_progreso,2026-09-17,
2157,695,iniciado,2026-09-17,
2158,3453,abandonado,2026-09-17,Sin actividad posterior registrada
2159,860,pausado,2026-09-17,
2160,2949,iniciado,2026-09-17,
2161,3822,iniciado,2026-09-17,
2162,2302,pausado,2026-09-17,
2163,587,en_progreso,2026-09-17,
2164,793,en_progreso,2026-09-17,
2165,3135,pausado,2026-09-17,
2166,2319,iniciado,2026-09-17,
2167,676,en_progreso,2026-09-17,
2168,221,iniciado,2026-09-17,
2169,1904,en_progreso,2026-09-17,
2170,542,en_progreso,2026-09-17,
2171,2188,abandonado,2026-09-17,Sin actividad posterior registrada
2172,4064,iniciado,2026-09-17,
2173,821,completado,2026-09-17,Modulo finalizado por el estudiante
2174,1258,iniciado,2026-09-17,
2175,863,abandonado,2026-09-17,Sin actividad posterior registrada
2176,943,completado,2026-09-17,Modulo finalizado por el estudiante
2177,141,en_progreso,2026-09-17,
2178,2227,completado,2026-09-17,Modulo finalizado por el estudiante
2179,3994,completado,2026-09-17,Modulo finalizado por el estudiante
2180,1429,en_progreso,2026-09-17,
2181,2058,iniciado,2026-09-17,
2182,215,completado,2026-09-17,Modulo finalizado por el estudiante
2183,1184,en_progreso,2026-09-17,
2184,1872,en_progreso,2026-09-17,
2185,1216,en_progreso,2026-09-17,
2186,2152,en_progreso,2026-09-17,
2187,1495,en_progreso,2026-09-17,
2188,3694,abandonado,2026-09-17,Sin actividad posterior registrada
2189,2884,en_progreso,2026-09-17,
2190,1393,en_progreso,2026-09-17,
2191,1419,en_progreso,2026-09-17,
2192,1849,iniciado,2026-09-17,
2193,3970,iniciado,2026-09-17,
2194,1682,en_progreso,2026-09-17,
2195,609,en_progreso,2026-09-17,
2196,1356,en_progreso,2026-09-17,
2197,2801,completado,2026-09-17,Modulo finalizado por el estudiante
2198,2894,iniciado,2026-09-17,
2199,3735,pausado,2026-09-17,
2200,4034,pausado,2026-09-17,
2201,1054,en_progreso,2026-09-17,
2202,3617,completado,2026-09-17,Modulo finalizado por el estudiante
2203,3382,en_progreso,2026-09-17,
2204,3913,completado,2026-09-17,Modulo finalizado por el estudiante
2205,2742,iniciado,2026-09-17,
2206,1656,pausado,2026-09-17,
2207,1744,en_progreso,2026-09-17,
2208,676,en_progreso,2026-09-17,
2209,2040,pausado,2026-09-17,
2210,927,iniciado,2026-09-17,
2211,3338,pausado,2026-09-17,
2212,2192,en_progreso,2026-09-17,
2213,1536,en_progreso,2026-09-17,
2214,3280,pausado,2026-09-17,
2215,2523,en_progreso,2026-09-17,
2216,2760,en_progreso,2026-09-17,
2217,4004,en_progreso,2026-09-17,
2218,2778,pausado,2026-09-17,
2219,3359,en_progreso,2026-09-17,
2220,4087,en_progreso,2026-09-17,
2221,1065,en_progreso,2026-09-17,
2222,2574,pausado,2026-09-17,
2223,399,en_progreso,2026-09-17,
2224,3109,en_progreso,2026-09-17,
2225,2673,en_progreso,2026-09-17,
2226,3741,en_progreso,2026-09-17,
2227,561,iniciado,2026-09-17,
2228,2302,en_progreso,2026-09-17,
2229,3782,en_progreso,2026-09-17,
2230,1331,completado,2026-09-17,Modulo finalizado por el estudiante
2231,642,en_progreso,2026-09-17,
2232,3631,en_progreso,2026-09-17,
2233,1697,abandonado,2026-09-17,Sin actividad posterior registrada
2234,2403,iniciado,2026-09-17,
2235,3327,iniciado,2026-09-17,
2236,3914,iniciado,2026-09-17,
2237,2732,en_progreso,2026-09-17,
2238,2412,completado,2026-09-17,Modulo finalizado por el estudiante
2239,4049,completado,2026-09-17,Modulo finalizado por el estudiante
2240,2437,en_progreso,2026-09-17,
2241,3474,en_progreso,2026-09-17,
2242,2629,pausado,2026-09-17,
2243,1472,en_progreso,2026-09-17,
2244,1248,en_progreso,2026-09-17,
2245,2911,en_progreso,2026-09-17,
2246,2069,iniciado,2026-09-17,
2247,3777,iniciado,2026-09-17,
2248,812,iniciado,2026-09-17,
2249,3843,en_progreso,2026-09-17,
2250,1767,iniciado,2026-09-17,
2251,2923,en_progreso,2026-09-17,
2252,2281,iniciado,2026-09-17,
2253,2101,completado,2026-09-17,Modulo finalizado por el estudiante
2254,3162,completado,2026-09-17,Modulo finalizado por el estudiante
2255,116,iniciado,2026-09-17,
2256,3116,en_progreso,2026-09-17,
2257,1886,en_progreso,2026-09-17,
2258,2275,en_progreso,2026-09-17,
2259,3261,completado,2026-09-17,Modulo finalizado por el estudiante
2260,2642,iniciado,2026-09-17,
2261,1169,en_progreso,2026-09-17,
2262,2102,iniciado,2026-09-17,
2263,1803,pausado,2026-09-17,
2264,2192,pausado,2026-09-17,
2265,2542,completado,2026-09-17,Modulo finalizado por el estudiante
2266,3382,en_progreso,2026-09-17,
2267,3207,pausado,2026-09-17,
2268,148,en_progreso,2026-09-17,
2269,2508,en_progreso,2026-09-17,
2270,1752,iniciado,2026-09-17,
2271,1128,en_progreso,2026-09-17,
2272,2048,en_progreso,2026-09-17,
2273,2288,en_progreso,2026-09-17,
2274,102,pausado,2026-09-17,
2275,288,abandonado,2026-09-17,Sin actividad posterior registrada
2276,1882,en_progreso,2026-09-17,
2277,3569,iniciado,2026-09-17,
2278,225,iniciado,2026-09-17,
2279,173,completado,2026-09-17,Modulo finalizado por el estudiante
2280,1073,completado,2026-09-17,Modulo finalizado por el estudiante
2281,3382,en_progreso,2026-09-17,
2282,3650,en_progreso,2026-09-17,
2283,2531,pausado,2026-09-17,
2284,1989,iniciado,2026-09-17,
2285,898,pausado,2026-09-17,
2286,4075,iniciado,2026-09-17,
2287,3914,en_progreso,2026-09-17,
2288,1671,en_progreso,2026-09-17,
2289,1676,pausado,2026-09-17,
2290,2030,en_progreso,2026-09-17,
2291,418,pausado,2026-09-17,
2292,3423,en_progreso,2026-09-17,
2293,1623,completado,2026-09-17,Modulo finalizado por el estudiante
2294,3250,completado,2026-09-17,Modulo finalizado por el estudiante
2295,3060,completado,2026-09-17,Modulo finalizado por el estudiante
2296,1866,en_progreso,2026-09-17,
2297,384,en_progreso,2026-09-17,
2298,2288,completado,2026-09-17,Modulo finalizado por el estudiante
2299,561,en_progreso,2026-09-17,
2300,2502,pausado,2026-09-17,
2301,2365,en_progreso,2026-09-17,
2302,3562,en_progreso,2026-09-17,
2303,2906,completado,2026-09-17,Modulo finalizado por el estudiante
2304,2531,en_progreso,2026-09-17,
2305,1439,en_progreso,2026-09-17,
2306,471,en_progreso,2026-09-17,
2307,2527,pausado,2026-09-17,
2308,3647,en_progreso,2026-09-17,
2309,1744,en_progreso,2026-09-17,
2310,1379,en_progreso,2026-09-17,
2311,3826,iniciado,2026-09-17,
2312,1481,pausado,2026-09-17,
2313,2798,completado,2026-09-17,Modulo finalizado por el estudiante
2314,463,en_progreso,2026-09-17,
2315,2993,completado,2026-09-17,Modulo finalizado por el estudiante
2316,3768,iniciado,2026-09-17,
2317,2588,pausado,2026-09-17,
2318,2662,iniciado,2026-09-17,
2319,2430,completado,2026-09-17,Modulo finalizado por el estudiante
2320,502,en_progreso,2026-09-17,
2321,1303,en_progreso,2026-09-17,
2322,2574,pausado,2026-09-17,
2323,1852,en_progreso,2026-09-17,
2324,1770,en_progreso,2026-09-17,
2325,1646,en_progreso,2026-09-17,
2326,1042,en_progreso,2026-09-17,
2327,3762,en_progreso,2026-09-17,
2328,2629,en_progreso,2026-09-17,
2329,2833,pausado,2026-09-17,
2330,531,completado,2026-09-17,Modulo finalizado por el estudiante
2331,1596,iniciado,2026-09-17,
2332,1216,en_progreso,2026-09-17,
2333,3860,iniciado,2026-09-17,
2334,2878,en_progreso,2026-09-17,
2335,303,iniciado,2026-09-17,
2336,2981,en_progreso,2026-09-17,
2337,3484,completado,2026-09-17,Modulo finalizado por el estudiante
2338,2662,en_progreso,2026-09-17,
2339,1532,en_progreso,2026-09-17,
2340,994,abandonado,2026-09-17,Sin actividad posterior registrada
2341,1356,completado,2026-09-17,Modulo finalizado por el estudiante
2342,2603,iniciado,2026-09-17,
2343,605,completado,2026-09-17,Modulo finalizado por el estudiante
2344,2176,en_progreso,2026-09-17,
2345,3745,en_progreso,2026-09-17,
2346,3048,completado,2026-09-17,Modulo finalizado por el estudiante
2347,463,abandonado,2026-09-17,Sin actividad posterior registrada
2348,632,pausado,2026-09-17,
2349,2275,pausado,2026-09-17,
2350,3378,en_progreso,2026-09-17,
2351,2460,completado,2026-09-17,Modulo finalizado por el estudiante
2352,1613,iniciado,2026-09-17,
2353,3200,abandonado,2026-09-17,Sin actividad posterior registrada
2354,1650,pausado,2026-09-17,
2355,334,pausado,2026-09-17,
2356,4050,iniciado,2026-09-17,
2357,532,iniciado,2026-09-17,
2358,1124,pausado,2026-09-17,
2359,1429,pausado,2026-09-17,
2360,841,en_progreso,2026-09-17,
2361,841,en_progreso,2026-09-17,
2362,3234,en_progreso,2026-09-17,
2363,1564,pausado,2026-09-17,
2364,3843,completado,2026-09-17,Modulo finalizado por el estudiante
2365,395,pausado,2026-09-17,
2366,1429,completado,2026-09-17,Modulo finalizado por el estudiante
2367,3427,iniciado,2026-09-17,
2368,3210,pausado,2026-09-17,
2369,1074,iniciado,2026-09-17,
2370,2325,en_progreso,2026-09-17,
2371,802,completado,2026-09-17,Modulo finalizado por el estudiante
2372,768,en_progreso,2026-09-17,
2373,1664,iniciado,2026-09-17,
2374,3240,pausado,2026-09-17,
2375,3090,completado,2026-09-17,Modulo finalizado por el estudiante
2376,2397,iniciado,2026-09-17,
2377,672,en_progreso,2026-09-17,
2378,2196,iniciado,2026-09-17,
2379,1472,en_progreso,2026-09-17,
2380,443,pausado,2026-09-17,
2381,2361,iniciado,2026-09-17,
2382,4024,en_progreso,2026-09-17,
2383,496,en_progreso,2026-09-17,
2384,3129,pausado,2026-09-17,
2385,119,abandonado,2026-09-17,Sin actividad posterior registrada
2386,3686,completado,2026-09-17,Modulo finalizado por el estudiante
2387,3141,iniciado,2026-09-17,
2388,228,completado,2026-09-17,Modulo finalizado por el estudiante
2389,948,en_progreso,2026-09-17,
2390,1513,en_progreso,2026-09-17,
2391,3488,completado,2026-09-17,Modulo finalizado por el estudiante
2392,502,en_progreso,2026-09-17,
2393,1738,pausado,2026-09-17,
2394,873,en_progreso,2026-09-17,
2395,1568,pausado,2026-09-17,
2396,2192,completado,2026-09-17,Modulo finalizado por el estudiante
2397,2981,en_progreso,2026-09-17,
2398,1363,en_progreso,2026-09-17,
2399,2205,completado,2026-09-17,Modulo finalizado por el estudiante
2400,7,pausado,2026-09-17,
2401,2941,en_progreso,2026-09-17,
2402,2815,en_progreso,2026-09-17,
2403,3434,iniciado,2026-09-17,
2404,2413,iniciado,2026-09-17,
2405,292,en_progreso,2026-09-17,
2406,1564,en_progreso,2026-09-17,
2407,656,en_progreso,2026-09-17,
2408,1297,pausado,2026-09-17,
2409,1685,pausado,2026-09-17,
2410,2994,iniciado,2026-09-17,
2411,2233,en_progreso,2026-09-17,
2412,615,en_progreso,2026-09-17,
2413,831,iniciado,2026-09-17,
2414,2722,iniciado,2026-09-17,
2415,3923,iniciado,2026-09-17,
2416,1584,en_progreso,2026-09-17,
2417,2638,abandonado,2026-09-17,Sin actividad posterior registrada
2418,1317,en_progreso,2026-09-17,
2419,1046,completado,2026-09-17,Modulo finalizado por el estudiante
2420,2774,pausado,2026-09-17,
2421,741,completado,2026-09-17,Modulo finalizado por el estudiante
2422,1499,completado,2026-09-17,Modulo finalizado por el estudiante
2423,2269,en_progreso,2026-09-17,
2424,1451,completado,2026-09-17,Modulo finalizado por el estudiante
2425,1536,pausado,2026-09-17,
2426,3210,pausado,2026-09-17,
2427,3627,en_progreso,2026-09-17,
2428,2927,iniciado,2026-09-17,
2429,2648,iniciado,2026-09-17,
2430,1872,en_progreso,2026-09-17,
2431,2058,en_progreso,2026-09-17,
2432,1036,abandonado,2026-09-17,Sin actividad posterior registrada
2433,1297,pausado,2026-09-17,
2434,1272,completado,2026-09-17,Modulo finalizado por el estudiante
2435,2257,iniciado,2026-09-17,
2436,245,en_progreso,2026-09-17,
2437,2083,iniciado,2026-09-17,
2438,2109,abandonado,2026-09-17,Sin actividad posterior registrada
2439,3599,abandonado,2026-09-17,Sin actividad posterior registrada
2440,2722,abandonado,2026-09-17,Sin actividad posterior registrada
2441,688,en_progreso,2026-09-17,
2442,542,completado,2026-09-17,Modulo finalizado por el estudiante
2443,2413,en_progreso,2026-09-17,
2444,82,pausado,2026-09-17,
2445,2257,completado,2026-09-17,Modulo finalizado por el estudiante
2446,838,en_progreso,2026-09-17,
2447,1445,en_progreso,2026-09-17,
2448,3593,en_progreso,2026-09-17,
2449,3726,iniciado,2026-09-17,
2450,2918,iniciado,2026-09-17,
2451,2077,abandonado,2026-09-17,Sin actividad posterior registrada
2452,3470,pausado,2026-09-17,
2453,2686,iniciado,2026-09-17,
2454,2965,en_progreso,2026-09-17,
2455,3494,pausado,2026-09-17,
2456,1568,abandonado,2026-09-17,Sin actividad posterior registrada
2457,496,en_progreso,2026-09-17,
2458,3517,pausado,2026-09-17,
2459,543,iniciado,2026-09-17,
2460,2447,en_progreso,2026-09-17,
2461,167,en_progreso,2026-09-17,
2462,1607,iniciado,2026-09-17,
2463,1967,en_progreso,2026-09-17,
2464,2911,en_progreso,2026-09-17,
2465,986,en_progreso,2026-09-17,
2466,2102,pausado,2026-09-17,
2467,1307,en_progreso,2026-09-17,
2468,1261,en_progreso,2026-09-17,
2469,1385,pausado,2026-09-17,
2470,2569,iniciado,2026-09-17,
2471,1573,iniciado,2026-09-17,
2472,3750,en_progreso,2026-09-17,
2473,1882,abandonado,2026-09-17,Sin actividad posterior registrada
2474,1638,pausado,2026-09-17,
2475,2350,pausado,2026-09-17,
2476,2527,completado,2026-09-17,Modulo finalizado por el estudiante
2477,1085,abandonado,2026-09-17,Sin actividad posterior registrada
2478,2673,en_progreso,2026-09-17,
2479,1976,pausado,2026-09-17,
2480,3885,en_progreso,2026-09-17,
2481,3661,en_progreso,2026-09-17,
2482,3806,completado,2026-09-17,Modulo finalizado por el estudiante
2483,273,completado,2026-09-17,Modulo finalizado por el estudiante
2484,2752,completado,2026-09-17,Modulo finalizado por el estudiante
2485,1573,completado,2026-09-17,Modulo finalizado por el estudiante
2486,1258,pausado,2026-09-17,
2487,1928,en_progreso,2026-09-17,
2488,1363,pausado,2026-09-17,
2489,4004,completado,2026-09-17,Modulo finalizado por el estudiante
2490,3782,completado,2026-09-17,Modulo finalizado por el estudiante
2491,3494,en_progreso,2026-09-17,
2492,225,en_progreso,2026-09-17,
2493,3207,en_progreso,2026-09-17,
2494,1624,iniciado,2026-09-17,
2495,1781,iniciado,2026-09-17,
2496,2305,en_progreso,2026-09-17,
2497,2969,iniciado,2026-09-17,
2498,2011,en_progreso,2026-09-17,
2499,892,en_progreso,2026-09-17,
2500,2665,abandonado,2026-09-17,Sin actividad posterior registrada
2501,1624,pausado,2026-09-17,
2502,1852,completado,2026-09-17,Modulo finalizado por el estudiante
2503,2593,abandonado,2026-09-17,Sin actividad posterior registrada
2504,768,completado,2026-09-17,Modulo finalizado por el estudiante
2505,1234,iniciado,2026-09-17,
2506,3768,pausado,2026-09-17,
2507,2200,abandonado,2026-09-17,Sin actividad posterior registrada
2508,3091,iniciado,2026-09-17,
2509,2011,en_progreso,2026-09-17,
2510,1445,en_progreso,2026-09-17,
2511,3750,pausado,2026-09-17,
2512,1433,pausado,2026-09-17,
2513,3572,completado,2026-09-17,Modulo finalizado por el estudiante
2514,581,pausado,2026-09-17,
2515,2619,en_progreso,2026-09-17,
2516,3116,en_progreso,2026-09-17,
2517,3621,en_progreso,2026-09-17,
2518,3903,en_progreso,2026-09-17,
2519,764,iniciado,2026-09-17,
2520,255,iniciado,2026-09-17,
2521,216,iniciado,2026-09-17,
2522,1666,abandonado,2026-09-17,Sin actividad posterior registrada
2523,624,en_progreso,2026-09-17,
2524,737,en_progreso,2026-09-17,
2525,3889,iniciado,2026-09-17,
2526,2994,en_progreso,2026-09-17,
2527,838,completado,2026-09-17,Modulo finalizado por el estudiante
2528,3661,en_progreso,2026-09-17,
2529,2275,completado,2026-09-17,Modulo finalizado por el estudiante
2530,1532,en_progreso,2026-09-17,
2531,2477,en_progreso,2026-09-17,
2532,2002,en_progreso,2026-09-17,
2533,3021,completado,2026-09-17,Modulo finalizado por el estudiante
2534,3613,en_progreso,2026-09-17,
2535,1047,iniciado,2026-09-17,
2536,666,completado,2026-09-17,Modulo finalizado por el estudiante
2537,2531,en_progreso,2026-09-17,
2538,3580,pausado,2026-09-17,
2539,125,en_progreso,2026-09-17,
2540,683,completado,2026-09-17,Modulo finalizado por el estudiante
2541,1128,en_progreso,2026-09-17,
2542,1141,pausado,2026-09-17,
2543,1273,iniciado,2026-09-17,
2544,1803,completado,2026-09-17,Modulo finalizado por el estudiante
2545,3327,en_progreso,2026-09-17,
2546,787,iniciado,2026-09-17,
2547,712,en_progreso,2026-09-17,
2548,591,pausado,2026-09-17,
2549,148,en_progreso,2026-09-17,
2550,1297,pausado,2026-09-17,
2551,86,en_progreso,2026-09-17,
2552,2350,en_progreso,2026-09-17,
2553,2653,en_progreso,2026-09-17,
2554,3310,en_progreso,2026-09-17,
2555,3440,iniciado,2026-09-17,
2556,245,pausado,2026-09-17,
2557,3680,en_progreso,2026-09-17,
2558,177,iniciado,2026-09-17,
2559,345,abandonado,2026-09-17,Sin actividad posterior registrada
2560,2250,en_progreso,2026-09-17,
2561,3982,iniciado,2026-09-17,
2562,2484,iniciado,2026-09-17,
2563,418,completado,2026-09-17,Modulo finalizado por el estudiante
2564,1767,pausado,2026-09-17,
2565,377,en_progreso,2026-09-17,
2566,3262,iniciado,2026-09-17,
2567,3049,iniciado,2026-09-17,
2568,3982,en_progreso,2026-09-17,
2569,2945,en_progreso,2026-09-17,
2570,2403,en_progreso,2026-09-17,
2571,3664,pausado,2026-09-17,
2572,3066,pausado,2026-09-17,
2573,1184,en_progreso,2026-09-17,
2574,2312,en_progreso,2026-09-17,
2575,2325,pausado,2026-09-17,
2576,1724,en_progreso,2026-09-17,
2577,2072,abandonado,2026-09-17,Sin actividad posterior registrada
2578,3844,iniciado,2026-09-17,
2579,2653,en_progreso,2026-09-17,
2580,514,en_progreso,2026-09-17,
2581,2062,completado,2026-09-17,Modulo finalizado por el estudiante
2582,3105,en_progreso,2026-09-17,
2583,3135,en_progreso,2026-09-17,
2584,1955,iniciado,2026-09-17,
2585,3732,iniciado,2026-09-17,
2586,2372,iniciado,2026-09-17,
2587,4034,en_progreso,2026-09-17,
2588,1719,en_progreso,2026-09-17,
2589,1169,en_progreso,2026-09-17,
2590,587,en_progreso,2026-09-17,
2591,624,completado,2026-09-17,Modulo finalizado por el estudiante
2592,3207,en_progreso,2026-09-17,
2593,3129,abandonado,2026-09-17,Sin actividad posterior registrada
2594,3494,pausado,2026-09-17,
2595,3618,iniciado,2026-09-17,
2596,3109,en_progreso,2026-09-17,
2597,3889,en_progreso,2026-09-17,
2598,3938,iniciado,2026-09-17,
2599,1707,completado,2026-09-17,Modulo finalizado por el estudiante
2600,1933,iniciado,2026-09-17,
2601,39,en_progreso,2026-09-17,
2602,3697,en_progreso,2026-09-17,
2603,3569,abandonado,2026-09-17,Sin actividad posterior registrada
2604,506,iniciado,2026-09-17,
2605,2949,en_progreso,2026-09-17,
2606,1878,iniciado,2026-09-17,
2607,860,en_progreso,2026-09-17,
2608,3177,pausado,2026-09-17,
2609,298,en_progreso,2026-09-17,
2610,274,iniciado,2026-09-17,
2611,3787,en_progreso,2026-09-17,
2612,2376,en_progreso,2026-09-17,
2613,1500,iniciado,2026-09-17,
2614,1184,completado,2026-09-17,Modulo finalizado por el estudiante
2615,619,en_progreso,2026-09-17,
2616,3807,iniciado,2026-09-17,
2617,3807,pausado,2026-09-17,
2618,2930,pausado,2026-09-17,
2619,255,en_progreso,2026-09-17,
2620,310,en_progreso,2026-09-17,
2621,1165,completado,2026-09-17,Modulo finalizado por el estudiante
2622,1403,en_progreso,2026-09-17,
2623,2783,pausado,2026-09-17,
2624,952,iniciado,2026-09-17,
2625,712,en_progreso,2026-09-17,
2626,2799,iniciado,2026-09-17,
2627,3121,completado,2026-09-17,Modulo finalizado por el estudiante
2628,1955,en_progreso,2026-09-17,
2629,239,en_progreso,2026-09-17,
2630,437,completado,2026-09-17,Modulo finalizado por el estudiante
2631,3218,en_progreso,2026-09-17,
2632,3610,en_progreso,2026-09-17,
2633,125,abandonado,2026-09-17,Sin actividad posterior registrada
2634,937,completado,2026-09-17,Modulo finalizado por el estudiante
2635,3480,en_progreso,2026-09-17,
2636,2007,en_progreso,2026-09-17,
2637,1342,iniciado,2026-09-17,
2638,2443,iniciado,2026-09-17,
2639,3310,en_progreso,2026-09-17,
2640,1715,pausado,2026-09-17,
2641,1220,en_progreso,2026-09-17,
2642,2845,iniciado,2026-09-17,
2643,3576,en_progreso,2026-09-17,
2644,1928,en_progreso,2026-09-17,
2645,3636,completado,2026-09-17,Modulo finalizado por el estudiante
2646,1297,en_progreso,2026-09-17,
2647,948,pausado,2026-09-17,
2648,3697,en_progreso,2026-09-17,
2649,3543,en_progreso,2026-09-17,
2650,3244,iniciado,2026-09-17,
2651,2517,pausado,2026-09-17,
2652,3163,iniciado,2026-09-17,
2653,3627,pausado,2026-09-17,
2654,3521,en_progreso,2026-09-17,
2655,1744,en_progreso,2026-09-17,
2656,2484,pausado,2026-09-17,
2657,1519,pausado,2026-09-17,
2658,1951,en_progreso,2026-09-17,
2659,2531,en_progreso,2026-09-17,
2660,1584,en_progreso,2026-09-17,
2661,506,pausado,2026-09-17,
2662,2833,en_progreso,2026-09-17,
2663,239,en_progreso,2026-09-17,
2664,3668,en_progreso,2026-09-17,
2665,2805,en_progreso,2026-09-17,
2666,565,completado,2026-09-17,Modulo finalizado por el estudiante
2667,1895,abandonado,2026-09-17,Sin actividad posterior registrada
2668,479,en_progreso,2026-09-17,
2669,1359,pausado,2026-09-17,
2670,2469,en_progreso,2026-09-17,
2671,2025,en_progreso,2026-09-17,
2672,2302,completado,2026-09-17,Modulo finalizado por el estudiante
2673,3826,pausado,2026-09-17,
2674,3573,iniciado,2026-09-17,
2675,3650,en_progreso,2026-09-17,
2676,3125,pausado,2026-09-17,
2677,1564,en_progreso,2026-09-17,
2678,3392,completado,2026-09-17,Modulo finalizado por el estudiante
2679,1844,en_progreso,2026-09-17,
2680,1942,en_progreso,2026-09-17,
2681,3735,en_progreso,2026-09-17,
2682,479,en_progreso,2026-09-17,
2683,1814,iniciado,2026-09-17,
2684,706,pausado,2026-09-17,
2685,3853,completado,2026-09-17,Modulo finalizado por el estudiante
2686,518,pausado,2026-09-17,
2687,2382,en_progreso,2026-09-17,
2688,1711,en_progreso,2026-09-17,
2689,2738,en_progreso,2026-09-17,
2690,849,en_progreso,2026-09-17,
2691,557,en_progreso,2026-09-17,
2692,2941,en_progreso,2026-09-17,
2693,3485,iniciado,2026-09-17,
2694,726,pausado,2026-09-17,
2695,841,en_progreso,2026-09-17,
2696,3528,completado,2026-09-17,Modulo finalizado por el estudiante
2697,906,iniciado,2026-09-17,
2698,4055,iniciado,2026-09-17,
2699,2461,iniciado,2026-09-17,
2700,251,en_progreso,2026-09-17,
2701,1307,abandonado,2026-09-17,Sin actividad posterior registrada
2702,3449,en_progreso,2026-09-17,
2703,2528,iniciado,2026-09-17,
2704,1288,iniciado,2026-09-17,
2705,2981,en_progreso,2026-09-17,
2706,2642,completado,2026-09-17,Modulo finalizado por el estudiante
2707,1074,en_progreso,2026-09-17,
2708,2488,en_progreso,2026-09-17,
2709,2152,en_progreso,2026-09-17,
2710,888,completado,2026-09-17,Modulo finalizado por el estudiante
2711,3405,en_progreso,2026-09-17,
2712,3627,en_progreso,2026-09-17,
2713,566,iniciado,2026-09-17,
2714,4010,completado,2026-09-17,Modulo finalizado por el estudiante
2715,688,en_progreso,2026-09-17,
2716,1513,en_progreso,2026-09-17,
2717,2461,en_progreso,2026-09-17,
2718,2543,iniciado,2026-09-17,
2719,1942,completado,2026-09-17,Modulo finalizado por el estudiante
2720,2338,en_progreso,2026-09-17,
2721,1297,en_progreso,2026-09-17,
2722,1234,en_progreso,2026-09-17,
2723,4024,pausado,2026-09-17,
2724,803,iniciado,2026-09-17,
2725,757,en_progreso,2026-09-17,
2726,2657,pausado,2026-09-17,
2727,769,iniciado,2026-09-17,
2728,3978,iniciado,2026-09-17,
2729,2643,iniciado,2026-09-17,
2730,2528,pausado,2026-09-17,
2731,451,iniciado,2026-09-17,
2732,102,en_progreso,2026-09-17,
2733,3076,completado,2026-09-17,Modulo finalizado por el estudiante
2734,3440,en_progreso,2026-09-17,
2735,1602,iniciado,2026-09-17,
2736,1311,iniciado,2026-09-17,
2737,1671,en_progreso,2026-09-17,
2738,3618,completado,2026-09-17,Modulo finalizado por el estudiante
2739,2574,en_progreso,2026-09-17,
2740,2805,pausado,2026-09-17,
2741,86,pausado,2026-09-17,
2742,3228,en_progreso,2026-09-17,
2743,2413,en_progreso,2026-09-17,
2744,3210,en_progreso,2026-09-17,
2745,483,en_progreso,2026-09-17,
2746,2941,en_progreso,2026-09-17,
2747,2842,pausado,2026-09-17,
2748,2196,completado,2026-09-17,Modulo finalizado por el estudiante
2749,251,pausado,2026-09-17,
2750,2092,iniciado,2026-09-17,
2751,1403,pausado,2026-09-17,
2752,1989,completado,2026-09-17,Modulo finalizado por el estudiante
2753,1915,en_progreso,2026-09-17,
2754,570,completado,2026-09-17,Modulo finalizado por el estudiante
2755,1844,en_progreso,2026-09-17,
2756,1872,completado,2026-09-17,Modulo finalizado por el estudiante
2757,962,iniciado,2026-09-17,
2758,3860,en_progreso,2026-09-17,
2759,3576,en_progreso,2026-09-17,
2760,4034,completado,2026-09-17,Modulo finalizado por el estudiante
2761,2574,en_progreso,2026-09-17,
2762,1110,completado,2026-09-17,Modulo finalizado por el estudiante
2763,1748,completado,2026-09-17,Modulo finalizado por el estudiante
2764,2884,en_progreso,2026-09-17,
2765,2662,en_progreso,2026-09-17,
2766,1059,en_progreso,2026-09-17,
2767,268,completado,2026-09-17,Modulo finalizado por el estudiante
2768,1840,iniciado,2026-09-17,
2769,1513,en_progreso,2026-09-17,
2770,2261,iniciado,2026-09-17,
2771,2484,completado,2026-09-17,Modulo finalizado por el estudiante
2772,2173,iniciado,2026-09-17,
2773,1878,abandonado,2026-09-17,Sin actividad posterior registrada
2774,2799,pausado,2026-09-17,
2775,2058,completado,2026-09-17,Modulo finalizado por el estudiante
2776,2911,en_progreso,2026-09-17,
2777,2397,en_progreso,2026-09-17,
2778,998,en_progreso,2026-09-17,
2779,451,en_progreso,2026-09-17,
2780,2517,pausado,2026-09-17,
2781,2404,en_progreso,2026-09-17,
2782,2523,en_progreso,2026-09-17,
2783,1976,pausado,2026-09-17,
2784,2454,en_progreso,2026-09-17,
2785,330,en_progreso,2026-09-17,
2786,2036,en_progreso,2026-09-17,
2787,878,abandonado,2026-09-17,Sin actividad posterior registrada
2788,787,completado,2026-09-17,Modulo finalizado por el estudiante
2789,3833,completado,2026-09-17,Modulo finalizado por el estudiante
2790,206,en_progreso,2026-09-17,
2791,3654,en_progreso,2026-09-17,
2792,3196,en_progreso,2026-09-17,
2793,2547,completado,2026-09-17,Modulo finalizado por el estudiante
2794,2092,en_progreso,2026-09-17,
2795,757,en_progreso,2026-09-17,
2796,3680,en_progreso,2026-09-17,
2797,156,pausado,2026-09-17,
2798,2815,en_progreso,2026-09-17,
2799,646,iniciado,2026-09-17,
2800,1458,iniciado,2026-09-17,
2801,1445,pausado,2026-09-17,
2802,1187,abandonado,2026-09-17,Sin actividad posterior registrada
2803,1596,pausado,2026-09-17,
2804,2778,en_progreso,2026-09-17,
2805,425,en_progreso,2026-09-17,
2806,2523,abandonado,2026-09-17,Sin actividad posterior registrada
2807,3863,abandonado,2026-09-17,Sin actividad posterior registrada
2808,1777,pausado,2026-09-17,
2809,4024,en_progreso,2026-09-17,
2810,1676,completado,2026-09-17,Modulo finalizado por el estudiante
2811,4035,iniciado,2026-09-17,
2812,4024,completado,2026-09-17,Modulo finalizado por el estudiante
2813,3631,en_progreso,2026-09-17,
2814,1242,en_progreso,2026-09-17,
2815,769,en_progreso,2026-09-17,
2816,2030,pausado,2026-09-17,
2817,2083,en_progreso,2026-09-17,
2818,718,pausado,2026-09-17,
2819,488,iniciado,2026-09-17,
2820,384,en_progreso,2026-09-17,
2821,4075,en_progreso,2026-09-17,
2822,2329,completado,2026-09-17,Modulo finalizado por el estudiante
2823,425,en_progreso,2026-09-17,
2824,425,en_progreso,2026-09-17,
2825,1928,en_progreso,2026-09-17,
2826,3116,pausado,2026-09-17,
2827,1013,completado,2026-09-17,Modulo finalizado por el estudiante
2828,718,en_progreso,2026-09-17,
2829,314,completado,2026-09-17,Modulo finalizado por el estudiante
2830,2923,en_progreso,2026-09-17,
2831,1788,completado,2026-09-17,Modulo finalizado por el estudiante
2832,1248,en_progreso,2026-09-17,
2833,1584,completado,2026-09-17,Modulo finalizado por el estudiante
2834,1393,en_progreso,2026-09-17,
2835,1532,en_progreso,2026-09-17,
2836,3003,en_progreso,2026-09-17,
2837,3359,completado,2026-09-17,Modulo finalizado por el estudiante
2838,841,en_progreso,2026-09-17,
2839,3440,en_progreso,2026-09-17,
2840,239,completado,2026-09-17,Modulo finalizado por el estudiante
2841,174,iniciado,2026-09-17,
2842,459,en_progreso,2026-09-17,
2843,3262,en_progreso,2026-09-17,
2844,3234,en_progreso,2026-09-17,
2845,2815,completado,2026-09-17,Modulo finalizado por el estudiante
2846,3080,iniciado,2026-09-17,
2847,1620,iniciado,2026-09-17,
2848,3650,abandonado,2026-09-17,Sin actividad posterior registrada
2849,2750,iniciado,2026-09-17,
2850,1359,completado,2026-09-17,Modulo finalizado por el estudiante
2851,3894,en_progreso,2026-09-17,
2852,3914,en_progreso,2026-09-17,
2853,2753,iniciado,2026-09-17,
2854,2632,en_progreso,2026-09-17,
2855,1744,completado,2026-09-17,Modulo finalizado por el estudiante
2856,1770,pausado,2026-09-17,
2857,1933,abandonado,2026-09-17,Sin actividad posterior registrada
2858,722,completado,2026-09-17,Modulo finalizado por el estudiante
2859,2911,pausado,2026-09-17,
2860,1770,en_progreso,2026-09-17,
2861,2559,en_progreso,2026-09-17,
2862,1624,completado,2026-09-17,Modulo finalizado por el estudiante
2863,3511,en_progreso,2026-09-17,
2864,884,completado,2026-09-17,Modulo finalizado por el estudiante
2865,3276,pausado,2026-09-17,
2866,1059,completado,2026-09-17,Modulo finalizado por el estudiante
2867,2823,abandonado,2026-09-17,Sin actividad posterior registrada
2868,2657,en_progreso,2026-09-17,
2869,141,en_progreso,2026-09-17,
2870,2603,abandonado,2026-09-17,Sin actividad posterior registrada
2871,1201,pausado,2026-09-17,
2872,274,en_progreso,2026-09-17,
2873,3735,pausado,2026-09-17,
2874,1596,en_progreso,2026-09-17,
2875,2447,en_progreso,2026-09-17,
2876,2063,iniciado,2026-09-17,
2877,2295,en_progreso,2026-09-17,
2878,3240,pausado,2026-09-17,
2879,2048,pausado,2026-09-17,
2880,425,en_progreso,2026-09-17,
2881,3125,en_progreso,2026-09-17,
2882,3885,pausado,2026-09-17,
2883,712,abandonado,2026-09-17,Sin actividad posterior registrada
2884,2258,iniciado,2026-09-17,
2885,2128,iniciado,2026-09-17,
2886,1904,pausado,2026-09-17,
2887,2069,completado,2026-09-17,Modulo finalizado por el estudiante
2888,1116,iniciado,2026-09-17,
2889,3444,en_progreso,2026-09-17,
2890,260,iniciado,2026-09-17,
2891,225,en_progreso,2026-09-17,
2892,2711,en_progreso,2026-09-17,
2893,2927,en_progreso,2026-09-17,
2894,1777,en_progreso,2026-09-17,
2895,1677,iniciado,2026-09-17,
2896,3389,iniciado,2026-09-17,
2897,1886,en_progreso,2026-09-17,
2898,2794,pausado,2026-09-17,
2899,1677,en_progreso,2026-09-17,
2900,1853,iniciado,2026-09-17,
2901,3844,en_progreso,2026-09-17,
2902,1724,completado,2026-09-17,Modulo finalizado por el estudiante
2903,3930,pausado,2026-09-17,
2904,3405,en_progreso,2026-09-17,
2905,3302,pausado,2026-09-17,
2906,298,pausado,2026-09-17,
2907,944,iniciado,2026-09-17,
2908,2973,pausado,2026-09-17,
2909,3551,completado,2026-09-17,Modulo finalizado por el estudiante
2910,2169,en_progreso,2026-09-17,
2911,189,pausado,2026-09-17,
2912,4005,iniciado,2026-09-17,
2913,606,iniciado,2026-09-17,
2914,1071,iniciado,2026-09-17,
2915,102,en_progreso,2026-09-17,
2916,2354,pausado,2026-09-17,
2917,2344,en_progreso,2026-09-17,
2918,2695,iniciado,2026-09-17,
2919,361,pausado,2026-09-17,
2920,2945,en_progreso,2026-09-17,
2921,3787,en_progreso,2026-09-17,
2922,962,en_progreso,2026-09-17,
2923,3109,en_progreso,2026-09-17,
2924,3894,pausado,2026-09-17,
2925,3964,iniciado,2026-09-17,
2926,1478,pausado,2026-09-17,
2927,1074,abandonado,2026-09-17,Sin actividad posterior registrada
2928,1564,pausado,2026-09-17,
2929,1261,completado,2026-09-17,Modulo finalizado por el estudiante
2930,1671,completado,2026-09-17,Modulo finalizado por el estudiante
2931,4028,en_progreso,2026-09-17,
2932,1770,en_progreso,2026-09-17,
2933,1536,en_progreso,2026-09-17,
2934,3101,en_progreso,2026-09-17,
2935,1955,abandonado,2026-09-17,Sin actividad posterior registrada
2936,806,en_progreso,2026-09-17,
2937,4087,en_progreso,2026-09-17,
2938,3762,en_progreso,2026-09-17,
2939,1136,completado,2026-09-17,Modulo finalizado por el estudiante
2940,1523,completado,2026-09-17,Modulo finalizado por el estudiante
2941,3988,en_progreso,2026-09-17,
2942,3360,iniciado,2026-09-17,
2943,1348,iniciado,2026-09-17,
2944,1360,iniciado,2026-09-17,
2945,292,pausado,2026-09-17,
2946,3028,en_progreso,2026-09-17,
2947,553,en_progreso,2026-09-17,
2948,553,pausado,2026-09-17,
2949,764,en_progreso,2026-09-17,
2950,873,en_progreso,2026-09-17,
2951,2738,en_progreso,2026-09-17,
2952,1620,en_progreso,2026-09-17,
2953,502,pausado,2026-09-17,
2954,1297,en_progreso,2026-09-17,
2955,221,completado,2026-09-17,Modulo finalizado por el estudiante
2956,980,en_progreso,2026-09-17,
2957,216,abandonado,2026-09-17,Sin actividad posterior registrada
2958,2289,iniciado,2026-09-17,
2959,2837,en_progreso,2026-09-17,
2960,1633,completado,2026-09-17,Modulo finalizado por el estudiante
2961,53,en_progreso,2026-09-17,
2962,1890,en_progreso,2026-09-17,
2963,3109,en_progreso,2026-09-17,
2964,754,iniciado,2026-09-17,
2965,2884,en_progreso,2026-09-17,
2966,625,iniciado,2026-09-17,
2967,1858,en_progreso,2026-09-17,
2968,1452,iniciado,2026-09-17,
2969,1050,iniciado,2026-09-17,
2970,76,pausado,2026-09-17,
2971,1664,pausado,2026-09-17,
2972,1092,iniciado,2026-09-17,
2973,986,pausado,2026-09-17,
2974,3675,iniciado,2026-09-17,
2975,2334,completado,2026-09-17,Modulo finalizado por el estudiante
2976,2941,en_progreso,2026-09-17,
2977,532,en_progreso,2026-09-17,
2978,1819,iniciado,2026-09-17,
2979,1403,en_progreso,2026-09-17,
2980,2564,completado,2026-09-17,Modulo finalizado por el estudiante
2981,1853,en_progreso,2026-09-17,
2982,62,en_progreso,2026-09-17,
2983,1332,iniciado,2026-09-17,
2984,365,pausado,2026-09-17,
2985,2679,iniciado,2026-09-17,
2986,1727,en_progreso,2026-09-17,
2987,4035,completado,2026-09-17,Modulo finalizado por el estudiante
2988,3964,en_progreso,2026-09-17,
2989,1664,en_progreso,2026-09-17,
2990,746,en_progreso,2026-09-17,
2991,3485,en_progreso,2026-09-17,
2992,2711,completado,2026-09-17,Modulo finalizado por el estudiante
2993,3816,completado,2026-09-17,Modulo finalizado por el estudiante
2994,1393,pausado,2026-09-17,
2995,3427,completado,2026-09-17,Modulo finalizado por el estudiante
2996,471,en_progreso,2026-09-17,
2997,2063,en_progreso,2026-09-17,
2998,365,completado,2026-09-17,Modulo finalizado por el estudiante
2999,2889,iniciado,2026-09-17,
3000,1145,pausado,2026-09-17,
