id_progreso_modulo,id_inscripcion,id_modulo,estado_modulo,porcentaje_avance_modulo,fecha_actualizacion
1,1,38,en_progreso,23.15,2026-09-15
2,1,39,no_iniciado,0,2026-08-09
3,1,40,no_iniciado,0,2026-08-09
4,1,41,no_iniciado,0,2026-08-09
5,1,42,no_iniciado,0,2026-08-09
6,1,43,no_iniciado,0,2026-08-09
7,2,1,en_progreso,32.1,2026-09-17
8,2,2,no_iniciado,0,2026-07-20
9,2,3,no_iniciado,0,2026-07-20
10,2,4,no_iniciado,0,2026-07-20
11,3,56,en_progreso,74,2026-09-16
12,3,57,no_iniciado,0,2026-05-21
13,3,58,no_iniciado,0,2026-05-21
14,3,59,no_iniciado,0,2026-05-21
15,3,60,no_iniciado,0,2026-05-21
16,4,5,abandonado,21.96,2026-09-16
17,4,6,no_iniciado,0,2026-07-28
18,4,7,no_iniciado,0,2026-07-28
19,4,8,no_iniciado,0,2026-07-28
20,5,38,en_progreso,10,2026-09-17
21,5,39,no_iniciado,0,2026-08-18
22,5,40,no_iniciado,0,2026-08-18
23,5,41,no_iniciado,0,2026-08-18
24,5,42,no_iniciado,0,2026-08-18
25,5,43,no_iniciado,0,2026-08-18
26,6,50,en_progreso,10,2026-09-15
27,6,51,no_iniciado,0,2026-09-05
28,6,52,no_iniciado,0,2026-09-05
29,6,53,no_iniciado,0,2026-09-05
30,6,54,no_iniciado,0,2026-09-05
31,6,55,no_iniciado,0,2026-09-05
32,7,21,completado,100,2026-09-16
33,7,22,en_progreso,10,2026-09-16
34,7,23,no_iniciado,0,2026-08-16
35,7,24,no_iniciado,0,2026-08-16
36,7,25,no_iniciado,0,2026-08-16
37,7,26,no_iniciado,0,2026-08-16
38,7,27,no_iniciado,0,2026-08-16
39,8,17,en_progreso,22.15,2026-09-17
40,8,18,no_iniciado,0,2026-06-30
41,8,19,no_iniciado,0,2026-06-30
42,8,20,no_iniciado,0,2026-06-30
43,9,9,en_progreso,53.65,2026-09-17
44,9,10,no_iniciado,0,2026-05-16
45,9,11,no_iniciado,0,2026-05-16
46,9,12,no_iniciado,0,2026-05-16
47,10,32,en_progreso,34.18,2026-09-15
48,10,33,no_iniciado,0,2026-08-28
49,10,34,no_iniciado,0,2026-08-28
50,10,35,no_iniciado,0,2026-08-28
51,10,36,no_iniciado,0,2026-08-28
52,10,37,no_iniciado,0,2026-08-28
53,11,56,en_progreso,29.04,2026-09-17
54,11,57,no_iniciado,0,2026-06-04
55,11,58,no_iniciado,0,2026-06-04
56,11,59,no_iniciado,0,2026-06-04
57,11,60,no_iniciado,0,2026-06-04
58,12,17,en_progreso,22.87,2026-09-16
59,12,18,no_iniciado,0,2026-04-24
60,12,19,no_iniciado,0,2026-04-24
61,12,20,no_iniciado,0,2026-04-24
62,13,38,en_progreso,25.39,2026-09-17
63,13,39,no_iniciado,0,2026-08-07
64,13,40,no_iniciado,0,2026-08-07
65,13,41,no_iniciado,0,2026-08-07
66,13,42,no_iniciado,0,2026-08-07
67,13,43,no_iniciado,0,2026-08-07
68,14,9,no_iniciado,0,2026-09-01
69,14,10,no_iniciado,0,2026-09-01
70,14,11,no_iniciado,0,2026-09-01
71,14,12,no_iniciado,0,2026-09-01
72,15,5,no_iniciado,0,2026-05-09
73,15,6,no_iniciado,0,2026-05-09
74,15,7,no_iniciado,0,2026-05-09
75,15,8,no_iniciado,0,2026-05-09
76,16,50,en_progreso,10,2026-09-17
77,16,51,no_iniciado,0,2026-05-25
78,16,52,no_iniciado,0,2026-05-25
79,16,53,no_iniciado,0,2026-05-25
80,16,54,no_iniciado,0,2026-05-25
81,16,55,no_iniciado,0,2026-05-25
82,17,17,en_progreso,31.83,2026-09-17
83,17,18,no_iniciado,0,2026-04-21
84,17,19,no_iniciado,0,2026-04-21
85,17,20,no_iniciado,0,2026-04-21
86,18,38,en_progreso,20.79,2026-09-17
87,18,39,no_iniciado,0,2026-07-12
88,18,40,no_iniciado,0,2026-07-12
89,18,41,no_iniciado,0,2026-07-12
90,18,42,no_iniciado,0,2026-07-12
91,18,43,no_iniciado,0,2026-07-12
92,19,44,no_iniciado,0,2026-06-17
93,19,45,no_iniciado,0,2026-06-17
94,19,46,no_iniciado,0,2026-06-17
95,19,47,no_iniciado,0,2026-06-17
96,19,48,no_iniciado,0,2026-06-17
97,19,49,no_iniciado,0,2026-06-17
98,20,13,en_progreso,10,2026-09-15
99,20,14,no_iniciado,0,2026-07-08
100,20,15,no_iniciado,0,2026-07-08
101,20,16,no_iniciado,0,2026-07-08
102,21,21,en_progreso,59.98,2026-09-17
103,21,22,no_iniciado,0,2026-05-17
104,21,23,no_iniciado,0,2026-05-17
105,21,24,no_iniciado,0,2026-05-17
106,21,25,no_iniciado,0,2026-05-17
107,21,26,no_iniciado,0,2026-05-17
108,21,27,no_iniciado,0,2026-05-17
109,22,38,abandonado,10,2026-09-15
110,22,39,no_iniciado,0,2026-07-07
111,22,40,no_iniciado,0,2026-07-07
112,22,41,no_iniciado,0,2026-07-07
113,22,42,no_iniciado,0,2026-07-07
114,22,43,no_iniciado,0,2026-07-07
115,23,1,completado,100,2026-09-16
116,23,2,en_progreso,10,2026-09-17
117,23,3,no_iniciado,0,2026-08-30
118,23,4,no_iniciado,0,2026-08-30
119,24,44,abandonado,25,2026-09-17
120,24,45,no_iniciado,0,2026-05-27
121,24,46,no_iniciado,0,2026-05-27
122,24,47,no_iniciado,0,2026-05-27
123,24,48,no_iniciado,0,2026-05-27
124,24,49,no_iniciado,0,2026-05-27
125,25,21,abandonado,25,2026-09-17
126,25,22,no_iniciado,0,2026-07-06
127,25,23,no_iniciado,0,2026-07-06
128,25,24,no_iniciado,0,2026-07-06
129,25,25,no_iniciado,0,2026-07-06
130,25,26,no_iniciado,0,2026-07-06
131,25,27,no_iniciado,0,2026-07-06
132,26,1,en_progreso,74.53,2026-09-16
133,26,2,no_iniciado,0,2026-07-24
134,26,3,no_iniciado,0,2026-07-24
135,26,4,no_iniciado,0,2026-07-24
136,27,5,en_progreso,10,2026-09-15
137,27,6,no_iniciado,0,2026-08-14
138,27,7,no_iniciado,0,2026-08-14
139,27,8,no_iniciado,0,2026-08-14
140,28,17,completado,100,2026-09-15
141,28,18,en_progreso,73.64,2026-09-17
142,28,19,no_iniciado,0,2026-07-18
143,28,20,no_iniciado,0,2026-07-18
144,29,13,en_progreso,28.58,2026-09-16
145,29,14,no_iniciado,0,2026-09-07
146,29,15,no_iniciado,0,2026-09-07
147,29,16,no_iniciado,0,2026-09-07
148,30,13,en_progreso,41.8,2026-09-17
149,30,14,no_iniciado,0,2026-09-06
150,30,15,no_iniciado,0,2026-09-06
151,30,16,no_iniciado,0,2026-09-06
152,31,5,abandonado,10,2026-09-15
153,31,6,no_iniciado,0,2026-04-30
154,31,7,no_iniciado,0,2026-04-30
155,31,8,no_iniciado,0,2026-04-30
156,32,56,en_progreso,10,2026-09-17
157,32,57,no_iniciado,0,2026-09-02
158,32,58,no_iniciado,0,2026-09-02
159,32,59,no_iniciado,0,2026-09-02
160,32,60,no_iniciado,0,2026-09-02
161,33,32,completado,100,2026-09-15
162,33,33,en_progreso,51.98,2026-09-16
163,33,34,no_iniciado,0,2026-05-14
164,33,35,no_iniciado,0,2026-05-14
165,33,36,no_iniciado,0,2026-05-14
166,33,37,no_iniciado,0,2026-05-14
167,34,38,en_progreso,49.9,2026-09-17
168,34,39,no_iniciado,0,2026-07-27
169,34,40,no_iniciado,0,2026-07-27
170,34,41,no_iniciado,0,2026-07-27
171,34,42,no_iniciado,0,2026-07-27
172,34,43,no_iniciado,0,2026-07-27
173,35,9,completado,100,2026-09-17
174,35,10,en_progreso,10,2026-09-17
175,35,11,no_iniciado,0,2026-05-28
176,35,12,no_iniciado,0,2026-05-28
177,36,32,en_progreso,10,2026-09-17
178,36,33,no_iniciado,0,2026-08-04
179,36,34,no_iniciado,0,2026-08-04
180,36,35,no_iniciado,0,2026-08-04
181,36,36,no_iniciado,0,2026-08-04
182,36,37,no_iniciado,0,2026-08-04
183,37,38,en_progreso,10,2026-09-15
184,37,39,no_iniciado,0,2026-06-20
185,37,40,no_iniciado,0,2026-06-20
186,37,41,no_iniciado,0,2026-06-20
187,37,42,no_iniciado,0,2026-06-20
188,37,43,no_iniciado,0,2026-06-20
189,38,9,en_progreso,10,2026-09-17
190,38,10,no_iniciado,0,2026-08-24
191,38,11,no_iniciado,0,2026-08-24
192,38,12,no_iniciado,0,2026-08-24
193,39,38,no_iniciado,0,2026-07-19
194,39,39,no_iniciado,0,2026-07-19
195,39,40,no_iniciado,0,2026-07-19
196,39,41,no_iniciado,0,2026-07-19
197,39,42,no_iniciado,0,2026-07-19
198,39,43,no_iniciado,0,2026-07-19
199,40,44,en_progreso,34.48,2026-09-15
200,40,45,no_iniciado,0,2026-07-29
201,40,46,no_iniciado,0,2026-07-29
202,40,47,no_iniciado,0,2026-07-29
203,40,48,no_iniciado,0,2026-07-29
204,40,49,no_iniciado,0,2026-07-29
205,41,13,completado,100,2026-09-15
206,41,14,en_progreso,58.68,2026-09-17
207,41,15,no_iniciado,0,2026-06-30
208,41,16,no_iniciado,0,2026-06-30
209,42,38,en_progreso,10,2026-09-16
210,42,39,no_iniciado,0,2026-06-17
211,42,40,no_iniciado,0,2026-06-17
212,42,41,no_iniciado,0,2026-06-17
213,42,42,no_iniciado,0,2026-06-17
214,42,43,no_iniciado,0,2026-06-17
215,43,56,completado,100,2026-09-17
216,43,57,abandonado,10,2026-09-17
217,43,58,no_iniciado,0,2026-05-21
218,43,59,no_iniciado,0,2026-05-21
219,43,60,no_iniciado,0,2026-05-21
220,44,13,completado,100,2026-09-16
221,44,14,completado,100,2026-09-17
222,44,15,no_iniciado,0,2026-07-16
223,44,16,no_iniciado,0,2026-07-16
224,45,17,completado,100,2026-09-16
225,45,18,en_progreso,41.61,2026-09-17
226,45,19,no_iniciado,0,2026-07-30
227,45,20,no_iniciado,0,2026-07-30
228,46,50,completado,100,2026-09-17
229,46,51,no_iniciado,0,2026-06-23
230,46,52,no_iniciado,0,2026-06-23
231,46,53,no_iniciado,0,2026-06-23
232,46,54,no_iniciado,0,2026-06-23
233,46,55,no_iniciado,0,2026-06-23
234,47,56,en_progreso,27.09,2026-09-16
235,47,57,no_iniciado,0,2026-08-02
236,47,58,no_iniciado,0,2026-08-02
237,47,59,no_iniciado,0,2026-08-02
238,47,60,no_iniciado,0,2026-08-02
239,48,32,completado,100,2026-09-17
240,48,33,no_iniciado,0,2026-06-25
241,48,34,no_iniciado,0,2026-06-25
242,48,35,no_iniciado,0,2026-06-25
243,48,36,no_iniciado,0,2026-06-25
244,48,37,no_iniciado,0,2026-06-25
245,49,38,en_progreso,73.43,2026-09-17
246,49,39,no_iniciado,0,2026-08-27
247,49,40,no_iniciado,0,2026-08-27
248,49,41,no_iniciado,0,2026-08-27
249,49,42,no_iniciado,0,2026-08-27
250,49,43,no_iniciado,0,2026-08-27
251,50,5,en_progreso,48.7,2026-09-17
252,50,6,no_iniciado,0,2026-09-04
253,50,7,no_iniciado,0,2026-09-04
254,50,8,no_iniciado,0,2026-09-04
255,51,13,en_progreso,34.77,2026-09-17
256,51,14,no_iniciado,0,2026-08-28
257,51,15,no_iniciado,0,2026-08-28
258,51,16,no_iniciado,0,2026-08-28
259,52,5,completado,100,2026-09-16
260,52,6,en_progreso,10,2026-09-17
261,52,7,no_iniciado,0,2026-08-20
262,52,8,no_iniciado,0,2026-08-20
263,53,1,en_progreso,32.93,2026-09-15
264,53,2,no_iniciado,0,2026-08-30
265,53,3,no_iniciado,0,2026-08-30
266,53,4,no_iniciado,0,2026-08-30
267,54,44,completado,100,2026-09-16
268,54,45,completado,100,2026-09-17
269,54,46,no_iniciado,0,2026-06-08
270,54,47,no_iniciado,0,2026-06-08
271,54,48,no_iniciado,0,2026-06-08
272,54,49,no_iniciado,0,2026-06-08
273,55,13,completado,100,2026-09-17
274,55,14,en_progreso,27.42,2026-09-17
275,55,15,no_iniciado,0,2026-08-14
276,55,16,no_iniciado,0,2026-08-14
277,56,44,abandonado,63.98,2026-09-16
278,56,45,no_iniciado,0,2026-07-21
279,56,46,no_iniciado,0,2026-07-21
280,56,47,no_iniciado,0,2026-07-21
281,56,48,no_iniciado,0,2026-07-21
282,56,49,no_iniciado,0,2026-07-21
283,57,56,en_progreso,26.35,2026-09-17
284,57,57,no_iniciado,0,2026-05-25
285,57,58,no_iniciado,0,2026-05-25
286,57,59,no_iniciado,0,2026-05-25
287,57,60,no_iniciado,0,2026-05-25
288,58,5,abandonado,53.48,2026-09-17
289,58,6,no_iniciado,0,2026-06-04
290,58,7,no_iniciado,0,2026-06-04
291,58,8,no_iniciado,0,2026-06-04
292,59,50,en_progreso,42.76,2026-09-17
293,59,51,no_iniciado,0,2026-06-11
294,59,52,no_iniciado,0,2026-06-11
295,59,53,no_iniciado,0,2026-06-11
296,59,54,no_iniciado,0,2026-06-11
297,59,55,no_iniciado,0,2026-06-11
298,60,1,en_progreso,52.91,2026-09-17
299,60,2,no_iniciado,0,2026-08-04
300,60,3,no_iniciado,0,2026-08-04
301,60,4,no_iniciado,0,2026-08-04
302,61,13,completado,100,2026-09-16
303,61,14,en_progreso,10,2026-09-17
304,61,15,no_iniciado,0,2026-06-14
305,61,16,no_iniciado,0,2026-06-14
306,62,1,en_progreso,20.48,2026-09-17
307,62,2,no_iniciado,0,2026-05-31
308,62,3,no_iniciado,0,2026-05-31
309,62,4,no_iniciado,0,2026-05-31
310,63,5,en_progreso,61.23,2026-09-17
311,63,6,no_iniciado,0,2026-06-14
312,63,7,no_iniciado,0,2026-06-14
313,63,8,no_iniciado,0,2026-06-14
314,64,38,completado,100,2026-09-17
315,64,39,no_iniciado,0,2026-06-13
316,64,40,no_iniciado,0,2026-06-13
317,64,41,no_iniciado,0,2026-06-13
318,64,42,no_iniciado,0,2026-06-13
319,64,43,no_iniciado,0,2026-06-13
320,65,17,en_progreso,10,2026-09-16
321,65,18,no_iniciado,0,2026-09-01
322,65,19,no_iniciado,0,2026-09-01
323,65,20,no_iniciado,0,2026-09-01
324,66,32,abandonado,24.96,2026-09-16
325,66,33,no_iniciado,0,2026-05-28
326,66,34,no_iniciado,0,2026-05-28
327,66,35,no_iniciado,0,2026-05-28
328,66,36,no_iniciado,0,2026-05-28
329,66,37,no_iniciado,0,2026-05-28
330,67,13,en_progreso,45.86,2026-09-17
331,67,14,no_iniciado,0,2026-08-30
332,67,15,no_iniciado,0,2026-08-30
333,67,16,no_iniciado,0,2026-08-30
334,68,38,en_progreso,10,2026-09-17
335,68,39,no_iniciado,0,2026-09-01
336,68,40,no_iniciado,0,2026-09-01
337,68,41,no_iniciado,0,2026-09-01
338,68,42,no_iniciado,0,2026-09-01
339,68,43,no_iniciado,0,2026-09-01
340,69,56,no_iniciado,0,2026-07-21
341,69,57,no_iniciado,0,2026-07-21
342,69,58,no_iniciado,0,2026-07-21
343,69,59,no_iniciado,0,2026-07-21
344,69,60,no_iniciado,0,2026-07-21
345,70,44,abandonado,10,2026-09-17
346,70,45,no_iniciado,0,2026-06-18
347,70,46,no_iniciado,0,2026-06-18
348,70,47,no_iniciado,0,2026-06-18
349,70,48,no_iniciado,0,2026-06-18
350,70,49,no_iniciado,0,2026-06-18
351,71,32,completado,100,2026-09-15
352,71,33,en_progreso,21.28,2026-09-15
353,71,34,no_iniciado,0,2026-07-20
354,71,35,no_iniciado,0,2026-07-20
355,71,36,no_iniciado,0,2026-07-20
356,71,37,no_iniciado,0,2026-07-20
357,72,13,en_progreso,10,2026-09-15
358,72,14,no_iniciado,0,2026-06-24
359,72,15,no_iniciado,0,2026-06-24
360,72,16,no_iniciado,0,2026-06-24
361,73,28,en_progreso,84.91,2026-09-17
362,73,29,no_iniciado,0,2026-08-04
363,73,30,no_iniciado,0,2026-08-04
364,73,31,no_iniciado,0,2026-08-04
365,74,13,completado,100,2026-09-17
366,74,14,no_iniciado,0,2026-09-05
367,74,15,no_iniciado,0,2026-09-05
368,74,16,no_iniciado,0,2026-09-05
369,75,5,abandonado,33.29,2026-09-16
370,75,6,no_iniciado,0,2026-06-10
371,75,7,no_iniciado,0,2026-06-10
372,75,8,no_iniciado,0,2026-06-10
373,76,28,en_progreso,88.15,2026-09-16
374,76,29,no_iniciado,0,2026-06-12
375,76,30,no_iniciado,0,2026-06-12
376,76,31,no_iniciado,0,2026-06-12
377,77,21,en_progreso,29.36,2026-09-17
378,77,22,no_iniciado,0,2026-05-11
379,77,23,no_iniciado,0,2026-05-11
380,77,24,no_iniciado,0,2026-05-11
381,77,25,no_iniciado,0,2026-05-11
382,77,26,no_iniciado,0,2026-05-11
383,77,27,no_iniciado,0,2026-05-11
384,78,56,en_progreso,88.92,2026-09-17
385,78,57,no_iniciado,0,2026-08-07
386,78,58,no_iniciado,0,2026-08-07
387,78,59,no_iniciado,0,2026-08-07
388,78,60,no_iniciado,0,2026-08-07
389,79,32,en_progreso,50.88,2026-09-16
390,79,33,no_iniciado,0,2026-08-27
391,79,34,no_iniciado,0,2026-08-27
392,79,35,no_iniciado,0,2026-08-27
393,79,36,no_iniciado,0,2026-08-27
394,79,37,no_iniciado,0,2026-08-27
395,80,1,en_progreso,52.72,2026-09-17
396,80,2,no_iniciado,0,2026-08-01
397,80,3,no_iniciado,0,2026-08-01
398,80,4,no_iniciado,0,2026-08-01
399,81,50,en_progreso,95,2026-09-17
400,81,51,no_iniciado,0,2026-06-30
401,81,52,no_iniciado,0,2026-06-30
402,81,53,no_iniciado,0,2026-06-30
403,81,54,no_iniciado,0,2026-06-30
404,81,55,no_iniciado,0,2026-06-30
405,82,56,en_progreso,62.55,2026-09-17
406,82,57,no_iniciado,0,2026-07-03
407,82,58,no_iniciado,0,2026-07-03
408,82,59,no_iniciado,0,2026-07-03
409,82,60,no_iniciado,0,2026-07-03
410,83,5,en_progreso,38.12,2026-09-16
411,83,6,no_iniciado,0,2026-06-24
412,83,7,no_iniciado,0,2026-06-24
413,83,8,no_iniciado,0,2026-06-24
414,84,28,en_progreso,31.59,2026-09-16
415,84,29,no_iniciado,0,2026-05-16
416,84,30,no_iniciado,0,2026-05-16
417,84,31,no_iniciado,0,2026-05-16
418,85,21,completado,100,2026-09-17
419,85,22,no_iniciado,0,2026-06-13
420,85,23,no_iniciado,0,2026-06-13
421,85,24,no_iniciado,0,2026-06-13
422,85,25,no_iniciado,0,2026-06-13
423,85,26,no_iniciado,0,2026-06-13
424,85,27,no_iniciado,0,2026-06-13
425,86,5,en_progreso,85.19,2026-09-17
426,86,6,no_iniciado,0,2026-04-26
427,86,7,no_iniciado,0,2026-04-26
428,86,8,no_iniciado,0,2026-04-26
429,87,13,en_progreso,29.53,2026-09-17
430,87,14,no_iniciado,0,2026-06-12
431,87,15,no_iniciado,0,2026-06-12
432,87,16,no_iniciado,0,2026-06-12
433,88,13,en_progreso,37.67,2026-09-16
434,88,14,no_iniciado,0,2026-09-03
435,88,15,no_iniciado,0,2026-09-03
436,88,16,no_iniciado,0,2026-09-03
437,89,32,completado,100,2026-09-17
438,89,33,no_iniciado,0,2026-05-03
439,89,34,no_iniciado,0,2026-05-03
440,89,35,no_iniciado,0,2026-05-03
441,89,36,no_iniciado,0,2026-05-03
442,89,37,no_iniciado,0,2026-05-03
443,90,9,en_progreso,29.62,2026-09-17
444,90,10,no_iniciado,0,2026-06-24
445,90,11,no_iniciado,0,2026-06-24
446,90,12,no_iniciado,0,2026-06-24
447,91,28,en_progreso,10,2026-09-16
448,91,29,no_iniciado,0,2026-07-12
449,91,30,no_iniciado,0,2026-07-12
450,91,31,no_iniciado,0,2026-07-12
451,92,17,en_progreso,24.43,2026-09-17
452,92,18,no_iniciado,0,2026-08-23
453,92,19,no_iniciado,0,2026-08-23
454,92,20,no_iniciado,0,2026-08-23
455,93,13,en_progreso,55,2026-09-16
456,93,14,no_iniciado,0,2026-06-06
457,93,15,no_iniciado,0,2026-06-06
458,93,16,no_iniciado,0,2026-06-06
459,94,5,en_progreso,65.14,2026-09-17
460,94,6,no_iniciado,0,2026-09-10
461,94,7,no_iniciado,0,2026-09-10
462,94,8,no_iniciado,0,2026-09-10
463,95,38,abandonado,42.23,2026-09-17
464,95,39,no_iniciado,0,2026-07-20
465,95,40,no_iniciado,0,2026-07-20
466,95,41,no_iniciado,0,2026-07-20
467,95,42,no_iniciado,0,2026-07-20
468,95,43,no_iniciado,0,2026-07-20
469,96,5,completado,100,2026-09-15
470,96,6,completado,100,2026-09-16
471,96,7,en_progreso,44.68,2026-09-17
472,96,8,no_iniciado,0,2026-05-29
473,97,50,completado,100,2026-09-16
474,97,51,en_progreso,10,2026-09-16
475,97,52,no_iniciado,0,2026-05-27
476,97,53,no_iniciado,0,2026-05-27
477,97,54,no_iniciado,0,2026-05-27
478,97,55,no_iniciado,0,2026-05-27
479,98,1,en_progreso,74.48,2026-09-17
480,98,2,no_iniciado,0,2026-07-31
481,98,3,no_iniciado,0,2026-07-31
482,98,4,no_iniciado,0,2026-07-31
483,99,5,en_progreso,25.41,2026-09-17
484,99,6,no_iniciado,0,2026-06-09
485,99,7,no_iniciado,0,2026-06-09
486,99,8,no_iniciado,0,2026-06-09
487,100,13,completado,100,2026-09-16
488,100,14,en_progreso,10,2026-09-17
489,100,15,no_iniciado,0,2026-08-05
490,100,16,no_iniciado,0,2026-08-05
491,101,28,en_progreso,50.37,2026-09-17
492,101,29,no_iniciado,0,2026-08-31
493,101,30,no_iniciado,0,2026-08-31
494,101,31,no_iniciado,0,2026-08-31
495,102,32,completado,100,2026-09-15
496,102,33,en_progreso,41.59,2026-09-17
497,102,34,no_iniciado,0,2026-06-09
498,102,35,no_iniciado,0,2026-06-09
499,102,36,no_iniciado,0,2026-06-09
500,102,37,no_iniciado,0,2026-06-09
501,103,13,completado,100,2026-09-15
502,103,14,en_progreso,42.19,2026-09-17
503,103,15,no_iniciado,0,2026-05-14
504,103,16,no_iniciado,0,2026-05-14
505,104,1,completado,100,2026-09-15
506,104,2,en_progreso,10,2026-09-17
507,104,3,no_iniciado,0,2026-05-09
508,104,4,no_iniciado,0,2026-05-09
509,105,9,en_progreso,41.86,2026-09-15
510,105,10,no_iniciado,0,2026-08-15
511,105,11,no_iniciado,0,2026-08-15
512,105,12,no_iniciado,0,2026-08-15
513,106,1,completado,100,2026-09-16
514,106,2,en_progreso,31.17,2026-09-17
515,106,3,no_iniciado,0,2026-09-08
516,106,4,no_iniciado,0,2026-09-08
517,107,28,completado,100,2026-09-16
518,107,29,en_progreso,10,2026-09-17
519,107,30,no_iniciado,0,2026-08-09
520,107,31,no_iniciado,0,2026-08-09
521,108,32,no_iniciado,0,2026-06-03
522,108,33,no_iniciado,0,2026-06-03
523,108,34,no_iniciado,0,2026-06-03
524,108,35,no_iniciado,0,2026-06-03
525,108,36,no_iniciado,0,2026-06-03
526,108,37,no_iniciado,0,2026-06-03
527,109,17,completado,100,2026-09-15
528,109,18,en_progreso,10,2026-09-16
529,109,19,no_iniciado,0,2026-06-04
530,109,20,no_iniciado,0,2026-06-04
531,110,56,completado,100,2026-09-17
532,110,57,en_progreso,22.11,2026-09-17
533,110,58,no_iniciado,0,2026-04-27
534,110,59,no_iniciado,0,2026-04-27
535,110,60,no_iniciado,0,2026-04-27
536,111,38,en_progreso,10,2026-09-17
537,111,39,no_iniciado,0,2026-08-26
538,111,40,no_iniciado,0,2026-08-26
539,111,41,no_iniciado,0,2026-08-26
540,111,42,no_iniciado,0,2026-08-26
541,111,43,no_iniciado,0,2026-08-26
542,112,56,completado,100,2026-09-17
543,112,57,en_progreso,10,2026-09-17
544,112,58,no_iniciado,0,2026-07-30
545,112,59,no_iniciado,0,2026-07-30
546,112,60,no_iniciado,0,2026-07-30
547,113,32,completado,100,2026-09-17
548,113,33,no_iniciado,0,2026-05-31
549,113,34,no_iniciado,0,2026-05-31
550,113,35,no_iniciado,0,2026-05-31
551,113,36,no_iniciado,0,2026-05-31
552,113,37,no_iniciado,0,2026-05-31
553,114,9,en_progreso,49.34,2026-09-17
554,114,10,no_iniciado,0,2026-08-19
555,114,11,no_iniciado,0,2026-08-19
556,114,12,no_iniciado,0,2026-08-19
557,115,17,en_progreso,65.72,2026-09-17
558,115,18,no_iniciado,0,2026-06-02
559,115,19,no_iniciado,0,2026-06-02
560,115,20,no_iniciado,0,2026-06-02
561,116,1,en_progreso,25.43,2026-09-17
562,116,2,no_iniciado,0,2026-04-28
563,116,3,no_iniciado,0,2026-04-28
564,116,4,no_iniciado,0,2026-04-28
565,117,56,completado,100,2026-09-17
566,117,57,en_progreso,10,2026-09-17
567,117,58,no_iniciado,0,2026-05-07
568,117,59,no_iniciado,0,2026-05-07
569,117,60,no_iniciado,0,2026-05-07
570,118,38,completado,100,2026-09-17
571,118,39,no_iniciado,0,2026-07-07
572,118,40,no_iniciado,0,2026-07-07
573,118,41,no_iniciado,0,2026-07-07
574,118,42,no_iniciado,0,2026-07-07
575,118,43,no_iniciado,0,2026-07-07
576,119,1,en_progreso,50.78,2026-09-17
577,119,2,no_iniciado,0,2026-06-21
578,119,3,no_iniciado,0,2026-06-21
579,119,4,no_iniciado,0,2026-06-21
580,120,21,completado,100,2026-09-15
581,120,22,en_progreso,30.18,2026-09-17
582,120,23,no_iniciado,0,2026-09-04
583,120,24,no_iniciado,0,2026-09-04
584,120,25,no_iniciado,0,2026-09-04
585,120,26,no_iniciado,0,2026-09-04
586,120,27,no_iniciado,0,2026-09-04
587,121,1,en_progreso,75.72,2026-09-17
588,121,2,no_iniciado,0,2026-07-18
589,121,3,no_iniciado,0,2026-07-18
590,121,4,no_iniciado,0,2026-07-18
591,122,50,en_progreso,10,2026-09-17
592,122,51,no_iniciado,0,2026-05-07
593,122,52,no_iniciado,0,2026-05-07
594,122,53,no_iniciado,0,2026-05-07
595,122,54,no_iniciado,0,2026-05-07
596,122,55,no_iniciado,0,2026-05-07
597,123,32,completado,100,2026-09-16
598,123,33,no_iniciado,0,2026-08-28
599,123,34,no_iniciado,0,2026-08-28
600,123,35,no_iniciado,0,2026-08-28
601,123,36,no_iniciado,0,2026-08-28
602,123,37,no_iniciado,0,2026-08-28
603,124,38,completado,100,2026-09-15
604,124,39,completado,100,2026-09-16
605,124,40,completado,100,2026-09-17
606,124,41,en_progreso,10,2026-09-17
607,124,42,no_iniciado,0,2026-05-14
608,124,43,no_iniciado,0,2026-05-14
609,125,50,en_progreso,28.65,2026-09-17
610,125,51,no_iniciado,0,2026-04-19
611,125,52,no_iniciado,0,2026-04-19
612,125,53,no_iniciado,0,2026-04-19
613,125,54,no_iniciado,0,2026-04-19
614,125,55,no_iniciado,0,2026-04-19
615,126,1,en_progreso,21.76,2026-09-17
616,126,2,no_iniciado,0,2026-08-02
617,126,3,no_iniciado,0,2026-08-02
618,126,4,no_iniciado,0,2026-08-02
619,127,5,en_progreso,21.66,2026-09-17
620,127,6,no_iniciado,0,2026-05-18
621,127,7,no_iniciado,0,2026-05-18
622,127,8,no_iniciado,0,2026-05-18
623,128,9,completado,100,2026-09-15
624,128,10,completado,100,2026-09-17
625,128,11,en_progreso,10,2026-09-17
626,128,12,no_iniciado,0,2026-07-06
627,129,56,en_progreso,31.21,2026-09-16
628,129,57,no_iniciado,0,2026-08-22
629,129,58,no_iniciado,0,2026-08-22
630,129,59,no_iniciado,0,2026-08-22
631,129,60,no_iniciado,0,2026-08-22
632,130,5,en_progreso,20.96,2026-09-17
633,130,6,no_iniciado,0,2026-07-19
634,130,7,no_iniciado,0,2026-07-19
635,130,8,no_iniciado,0,2026-07-19
636,131,50,abandonado,29.97,2026-09-15
637,131,51,no_iniciado,0,2026-07-19
638,131,52,no_iniciado,0,2026-07-19
639,131,53,no_iniciado,0,2026-07-19
640,131,54,no_iniciado,0,2026-07-19
641,131,55,no_iniciado,0,2026-07-19
642,132,13,en_progreso,32.02,2026-09-17
643,132,14,no_iniciado,0,2026-08-22
644,132,15,no_iniciado,0,2026-08-22
645,132,16,no_iniciado,0,2026-08-22
646,133,5,en_progreso,10,2026-09-17
647,133,6,no_iniciado,0,2026-05-26
648,133,7,no_iniciado,0,2026-05-26
649,133,8,no_iniciado,0,2026-05-26
650,134,44,en_progreso,10,2026-09-16
651,134,45,no_iniciado,0,2026-09-11
652,134,46,no_iniciado,0,2026-09-11
653,134,47,no_iniciado,0,2026-09-11
654,134,48,no_iniciado,0,2026-09-11
655,134,49,no_iniciado,0,2026-09-11
656,135,44,en_progreso,54.06,2026-09-17
657,135,45,no_iniciado,0,2026-06-12
658,135,46,no_iniciado,0,2026-06-12
659,135,47,no_iniciado,0,2026-06-12
660,135,48,no_iniciado,0,2026-06-12
661,135,49,no_iniciado,0,2026-06-12
662,136,1,abandonado,29.97,2026-09-16
663,136,2,no_iniciado,0,2026-06-19
664,136,3,no_iniciado,0,2026-06-19
665,136,4,no_iniciado,0,2026-06-19
666,137,44,completado,100,2026-09-17
667,137,45,no_iniciado,0,2026-06-12
668,137,46,no_iniciado,0,2026-06-12
669,137,47,no_iniciado,0,2026-06-12
670,137,48,no_iniciado,0,2026-06-12
671,137,49,no_iniciado,0,2026-06-12
672,138,5,en_progreso,46.41,2026-09-17
673,138,6,no_iniciado,0,2026-08-21
674,138,7,no_iniciado,0,2026-08-21
675,138,8,no_iniciado,0,2026-08-21
676,139,50,en_progreso,45.44,2026-09-17
677,139,51,no_iniciado,0,2026-04-29
678,139,52,no_iniciado,0,2026-04-29
679,139,53,no_iniciado,0,2026-04-29
680,139,54,no_iniciado,0,2026-04-29
681,139,55,no_iniciado,0,2026-04-29
682,140,44,completado,100,2026-09-16
683,140,45,completado,100,2026-09-17
684,140,46,no_iniciado,0,2026-05-05
685,140,47,no_iniciado,0,2026-05-05
686,140,48,no_iniciado,0,2026-05-05
687,140,49,no_iniciado,0,2026-05-05
688,141,38,en_progreso,73.96,2026-09-17
689,141,39,no_iniciado,0,2026-08-22
690,141,40,no_iniciado,0,2026-08-22
691,141,41,no_iniciado,0,2026-08-22
692,141,42,no_iniciado,0,2026-08-22
693,141,43,no_iniciado,0,2026-08-22
694,142,21,completado,100,2026-09-16
695,142,22,en_progreso,10,2026-09-17
696,142,23,no_iniciado,0,2026-08-07
697,142,24,no_iniciado,0,2026-08-07
698,142,25,no_iniciado,0,2026-08-07
699,142,26,no_iniciado,0,2026-08-07
700,142,27,no_iniciado,0,2026-08-07
701,143,17,completado,100,2026-09-15
702,143,18,en_progreso,10,2026-09-16
703,143,19,no_iniciado,0,2026-06-02
704,143,20,no_iniciado,0,2026-06-02
705,144,50,completado,100,2026-09-15
706,144,51,en_progreso,10,2026-09-17
707,144,52,no_iniciado,0,2026-07-30
708,144,53,no_iniciado,0,2026-07-30
709,144,54,no_iniciado,0,2026-07-30
710,144,55,no_iniciado,0,2026-07-30
711,145,21,completado,100,2026-09-16
712,145,22,abandonado,52.53,2026-09-17
713,145,23,no_iniciado,0,2026-09-08
714,145,24,no_iniciado,0,2026-09-08
715,145,25,no_iniciado,0,2026-09-08
716,145,26,no_iniciado,0,2026-09-08
717,145,27,no_iniciado,0,2026-09-08
718,146,13,en_progreso,33.66,2026-09-17
719,146,14,no_iniciado,0,2026-09-05
720,146,15,no_iniciado,0,2026-09-05
721,146,16,no_iniciado,0,2026-09-05
722,147,17,completado,100,2026-09-17
723,147,18,no_iniciado,0,2026-04-25
724,147,19,no_iniciado,0,2026-04-25
725,147,20,no_iniciado,0,2026-04-25
726,148,9,en_progreso,10,2026-09-17
727,148,10,no_iniciado,0,2026-05-21
728,148,11,no_iniciado,0,2026-05-21
729,148,12,no_iniciado,0,2026-05-21
730,149,50,en_progreso,10,2026-09-16
731,149,51,no_iniciado,0,2026-07-08
732,149,52,no_iniciado,0,2026-07-08
733,149,53,no_iniciado,0,2026-07-08
734,149,54,no_iniciado,0,2026-07-08
735,149,55,no_iniciado,0,2026-07-08
736,150,17,completado,100,2026-09-16
737,150,18,en_progreso,25.57,2026-09-17
738,150,19,no_iniciado,0,2026-05-22
739,150,20,no_iniciado,0,2026-05-22
740,151,32,completado,100,2026-09-16
741,151,33,completado,100,2026-09-17
742,151,34,no_iniciado,0,2026-04-25
743,151,35,no_iniciado,0,2026-04-25
744,151,36,no_iniciado,0,2026-04-25
745,151,37,no_iniciado,0,2026-04-25
746,152,21,en_progreso,39.31,2026-09-17
747,152,22,no_iniciado,0,2026-07-04
748,152,23,no_iniciado,0,2026-07-04
749,152,24,no_iniciado,0,2026-07-04
750,152,25,no_iniciado,0,2026-07-04
751,152,26,no_iniciado,0,2026-07-04
752,152,27,no_iniciado,0,2026-07-04
753,153,1,completado,100,2026-09-16
754,153,2,en_progreso,10,2026-09-17
755,153,3,no_iniciado,0,2026-07-23
756,153,4,no_iniciado,0,2026-07-23
757,154,44,en_progreso,49.73,2026-09-17
758,154,45,no_iniciado,0,2026-05-24
759,154,46,no_iniciado,0,2026-05-24
760,154,47,no_iniciado,0,2026-05-24
761,154,48,no_iniciado,0,2026-05-24
762,154,49,no_iniciado,0,2026-05-24
763,155,56,completado,100,2026-09-16
764,155,57,en_progreso,28.26,2026-09-17
765,155,58,no_iniciado,0,2026-09-10
766,155,59,no_iniciado,0,2026-09-10
767,155,60,no_iniciado,0,2026-09-10
768,156,5,completado,100,2026-09-17
769,156,6,en_progreso,27.41,2026-09-17
770,156,7,no_iniciado,0,2026-06-13
771,156,8,no_iniciado,0,2026-06-13
772,157,13,en_progreso,50.96,2026-09-16
773,157,14,no_iniciado,0,2026-04-25
774,157,15,no_iniciado,0,2026-04-25
775,157,16,no_iniciado,0,2026-04-25
776,158,38,en_progreso,27.03,2026-09-15
777,158,39,no_iniciado,0,2026-04-19
778,158,40,no_iniciado,0,2026-04-19
779,158,41,no_iniciado,0,2026-04-19
780,158,42,no_iniciado,0,2026-04-19
781,158,43,no_iniciado,0,2026-04-19
782,159,17,completado,100,2026-09-15
783,159,18,completado,100,2026-09-16
784,159,19,no_iniciado,0,2026-06-14
785,159,20,no_iniciado,0,2026-06-14
786,160,21,completado,100,2026-09-16
787,160,22,completado,100,2026-09-17
788,160,23,no_iniciado,0,2026-08-06
789,160,24,no_iniciado,0,2026-08-06
790,160,25,no_iniciado,0,2026-08-06
791,160,26,no_iniciado,0,2026-08-06
792,160,27,no_iniciado,0,2026-08-06
793,161,13,en_progreso,44.94,2026-09-17
794,161,14,no_iniciado,0,2026-08-13
795,161,15,no_iniciado,0,2026-08-13
796,161,16,no_iniciado,0,2026-08-13
797,162,17,completado,100,2026-09-15
798,162,18,en_progreso,49.65,2026-09-16
799,162,19,no_iniciado,0,2026-05-08
800,162,20,no_iniciado,0,2026-05-08
801,163,9,completado,100,2026-09-16
802,163,10,completado,100,2026-09-17
803,163,11,en_progreso,10,2026-09-17
804,163,12,no_iniciado,0,2026-06-22
805,164,38,completado,100,2026-09-15
806,164,39,en_progreso,24.31,2026-09-17
807,164,40,no_iniciado,0,2026-06-12
808,164,41,no_iniciado,0,2026-06-12
809,164,42,no_iniciado,0,2026-06-12
810,164,43,no_iniciado,0,2026-06-12
811,165,17,completado,100,2026-09-16
812,165,18,en_progreso,10,2026-09-17
813,165,19,no_iniciado,0,2026-07-15
814,165,20,no_iniciado,0,2026-07-15
815,166,50,en_progreso,27.62,2026-09-16
816,166,51,no_iniciado,0,2026-08-20
817,166,52,no_iniciado,0,2026-08-20
818,166,53,no_iniciado,0,2026-08-20
819,166,54,no_iniciado,0,2026-08-20
820,166,55,no_iniciado,0,2026-08-20
821,167,38,completado,100,2026-09-17
822,167,39,no_iniciado,0,2026-08-01
823,167,40,no_iniciado,0,2026-08-01
824,167,41,no_iniciado,0,2026-08-01
825,167,42,no_iniciado,0,2026-08-01
826,167,43,no_iniciado,0,2026-08-01
827,168,1,en_progreso,10,2026-09-16
828,168,2,no_iniciado,0,2026-07-28
829,168,3,no_iniciado,0,2026-07-28
830,168,4,no_iniciado,0,2026-07-28
831,169,38,en_progreso,10,2026-09-17
832,169,39,no_iniciado,0,2026-07-22
833,169,40,no_iniciado,0,2026-07-22
834,169,41,no_iniciado,0,2026-07-22
835,169,42,no_iniciado,0,2026-07-22
836,169,43,no_iniciado,0,2026-07-22
837,170,17,completado,100,2026-09-15
838,170,18,completado,100,2026-09-17
839,170,19,no_iniciado,0,2026-05-14
840,170,20,no_iniciado,0,2026-05-14
841,171,5,en_progreso,95,2026-09-17
842,171,6,no_iniciado,0,2026-07-24
843,171,7,no_iniciado,0,2026-07-24
844,171,8,no_iniciado,0,2026-07-24
845,172,17,abandonado,10,2026-09-16
846,172,18,no_iniciado,0,2026-07-17
847,172,19,no_iniciado,0,2026-07-17
848,172,20,no_iniciado,0,2026-07-17
849,173,5,en_progreso,32.67,2026-09-17
850,173,6,no_iniciado,0,2026-06-09
851,173,7,no_iniciado,0,2026-06-09
852,173,8,no_iniciado,0,2026-06-09
853,174,38,en_progreso,33.09,2026-09-16
854,174,39,no_iniciado,0,2026-05-25
855,174,40,no_iniciado,0,2026-05-25
856,174,41,no_iniciado,0,2026-05-25
857,174,42,no_iniciado,0,2026-05-25
858,174,43,no_iniciado,0,2026-05-25
859,175,9,completado,100,2026-09-16
860,175,10,en_progreso,52.5,2026-09-17
861,175,11,no_iniciado,0,2026-05-09
862,175,12,no_iniciado,0,2026-05-09
863,176,17,abandonado,23.14,2026-09-17
864,176,18,no_iniciado,0,2026-06-21
865,176,19,no_iniciado,0,2026-06-21
866,176,20,no_iniciado,0,2026-06-21
867,177,44,en_progreso,10,2026-09-17
868,177,45,no_iniciado,0,2026-05-19
869,177,46,no_iniciado,0,2026-05-19
870,177,47,no_iniciado,0,2026-05-19
871,177,48,no_iniciado,0,2026-05-19
872,177,49,no_iniciado,0,2026-05-19
873,178,13,en_progreso,79.21,2026-09-17
874,178,14,no_iniciado,0,2026-09-06
875,178,15,no_iniciado,0,2026-09-06
876,178,16,no_iniciado,0,2026-09-06
877,179,21,completado,100,2026-09-15
878,179,22,abandonado,10,2026-09-17
879,179,23,no_iniciado,0,2026-07-16
880,179,24,no_iniciado,0,2026-07-16
881,179,25,no_iniciado,0,2026-07-16
882,179,26,no_iniciado,0,2026-07-16
883,179,27,no_iniciado,0,2026-07-16
884,180,13,completado,100,2026-09-17
885,180,14,no_iniciado,0,2026-08-21
886,180,15,no_iniciado,0,2026-08-21
887,180,16,no_iniciado,0,2026-08-21
888,181,17,completado,100,2026-09-17
889,181,18,no_iniciado,0,2026-06-06
890,181,19,no_iniciado,0,2026-06-06
891,181,20,no_iniciado,0,2026-06-06
892,182,32,en_progreso,32.37,2026-09-17
893,182,33,no_iniciado,0,2026-09-04
894,182,34,no_iniciado,0,2026-09-04
895,182,35,no_iniciado,0,2026-09-04
896,182,36,no_iniciado,0,2026-09-04
897,182,37,no_iniciado,0,2026-09-04
898,183,17,en_progreso,10,2026-09-17
899,183,18,no_iniciado,0,2026-05-24
900,183,19,no_iniciado,0,2026-05-24
901,183,20,no_iniciado,0,2026-05-24
902,184,1,en_progreso,10,2026-09-16
903,184,2,no_iniciado,0,2026-04-20
904,184,3,no_iniciado,0,2026-04-20
905,184,4,no_iniciado,0,2026-04-20
906,185,50,en_progreso,10,2026-09-17
907,185,51,no_iniciado,0,2026-09-08
908,185,52,no_iniciado,0,2026-09-08
909,185,53,no_iniciado,0,2026-09-08
910,185,54,no_iniciado,0,2026-09-08
911,185,55,no_iniciado,0,2026-09-08
912,186,17,en_progreso,31.8,2026-09-16
913,186,18,no_iniciado,0,2026-06-22
914,186,19,no_iniciado,0,2026-06-22
915,186,20,no_iniciado,0,2026-06-22
916,187,1,en_progreso,10,2026-09-16
917,187,2,no_iniciado,0,2026-06-14
918,187,3,no_iniciado,0,2026-06-14
919,187,4,no_iniciado,0,2026-06-14
920,188,21,completado,100,2026-09-16
921,188,22,no_iniciado,0,2026-08-06
922,188,23,no_iniciado,0,2026-08-06
923,188,24,no_iniciado,0,2026-08-06
924,188,25,no_iniciado,0,2026-08-06
925,188,26,no_iniciado,0,2026-08-06
926,188,27,no_iniciado,0,2026-08-06
927,189,50,en_progreso,10,2026-09-17
928,189,51,no_iniciado,0,2026-08-26
929,189,52,no_iniciado,0,2026-08-26
930,189,53,no_iniciado,0,2026-08-26
931,189,54,no_iniciado,0,2026-08-26
932,189,55,no_iniciado,0,2026-08-26
933,190,9,en_progreso,10,2026-09-15
934,190,10,no_iniciado,0,2026-09-12
935,190,11,no_iniciado,0,2026-09-12
936,190,12,no_iniciado,0,2026-09-12
937,191,32,completado,100,2026-09-17
938,191,33,no_iniciado,0,2026-05-25
939,191,34,no_iniciado,0,2026-05-25
940,191,35,no_iniciado,0,2026-05-25
941,191,36,no_iniciado,0,2026-05-25
942,191,37,no_iniciado,0,2026-05-25
943,192,56,completado,100,2026-09-17
944,192,57,en_progreso,10,2026-09-17
945,192,58,no_iniciado,0,2026-05-22
946,192,59,no_iniciado,0,2026-05-22
947,192,60,no_iniciado,0,2026-05-22
948,193,28,en_progreso,59.91,2026-09-17
949,193,29,no_iniciado,0,2026-08-14
950,193,30,no_iniciado,0,2026-08-14
951,193,31,no_iniciado,0,2026-08-14
952,194,38,en_progreso,10,2026-09-17
953,194,39,no_iniciado,0,2026-08-20
954,194,40,no_iniciado,0,2026-08-20
955,194,41,no_iniciado,0,2026-08-20
956,194,42,no_iniciado,0,2026-08-20
957,194,43,no_iniciado,0,2026-08-20
958,195,5,abandonado,66.18,2026-09-16
959,195,6,no_iniciado,0,2026-07-05
960,195,7,no_iniciado,0,2026-07-05
961,195,8,no_iniciado,0,2026-07-05
962,196,56,en_progreso,28,2026-09-17
963,196,57,no_iniciado,0,2026-07-10
964,196,58,no_iniciado,0,2026-07-10
965,196,59,no_iniciado,0,2026-07-10
966,196,60,no_iniciado,0,2026-07-10
967,197,38,abandonado,26.73,2026-09-15
968,197,39,no_iniciado,0,2026-07-27
969,197,40,no_iniciado,0,2026-07-27
970,197,41,no_iniciado,0,2026-07-27
971,197,42,no_iniciado,0,2026-07-27
972,197,43,no_iniciado,0,2026-07-27
973,198,21,en_progreso,10,2026-09-16
974,198,22,no_iniciado,0,2026-06-20
975,198,23,no_iniciado,0,2026-06-20
976,198,24,no_iniciado,0,2026-06-20
977,198,25,no_iniciado,0,2026-06-20
978,198,26,no_iniciado,0,2026-06-20
979,198,27,no_iniciado,0,2026-06-20
980,199,38,en_progreso,32.56,2026-09-17
981,199,39,no_iniciado,0,2026-05-04
982,199,40,no_iniciado,0,2026-05-04
983,199,41,no_iniciado,0,2026-05-04
984,199,42,no_iniciado,0,2026-05-04
985,199,43,no_iniciado,0,2026-05-04
986,200,9,en_progreso,21.18,2026-09-17
987,200,10,no_iniciado,0,2026-07-04
988,200,11,no_iniciado,0,2026-07-04
989,200,12,no_iniciado,0,2026-07-04
990,201,28,no_iniciado,0,2026-08-25
991,201,29,no_iniciado,0,2026-08-25
992,201,30,no_iniciado,0,2026-08-25
993,201,31,no_iniciado,0,2026-08-25
994,202,1,abandonado,21.02,2026-09-17
995,202,2,no_iniciado,0,2026-05-06
996,202,3,no_iniciado,0,2026-05-06
997,202,4,no_iniciado,0,2026-05-06
998,203,21,en_progreso,24.82,2026-09-17
999,203,22,no_iniciado,0,2026-05-23
1000,203,23,no_iniciado,0,2026-05-23
1001,203,24,no_iniciado,0,2026-05-23
1002,203,25,no_iniciado,0,2026-05-23
1003,203,26,no_iniciado,0,2026-05-23
1004,203,27,no_iniciado,0,2026-05-23
1005,204,1,en_progreso,45.43,2026-09-16
1006,204,2,no_iniciado,0,2026-05-15
1007,204,3,no_iniciado,0,2026-05-15
1008,204,4,no_iniciado,0,2026-05-15
1009,205,13,en_progreso,30.36,2026-09-15
1010,205,14,no_iniciado,0,2026-07-19
1011,205,15,no_iniciado,0,2026-07-19
1012,205,16,no_iniciado,0,2026-07-19
1013,206,50,completado,100,2026-09-17
1014,206,51,no_iniciado,0,2026-06-19
1015,206,52,no_iniciado,0,2026-06-19
1016,206,53,no_iniciado,0,2026-06-19
1017,206,54,no_iniciado,0,2026-06-19
1018,206,55,no_iniciado,0,2026-06-19
1019,207,50,en_progreso,10,2026-09-16
1020,207,51,no_iniciado,0,2026-06-05
1021,207,52,no_iniciado,0,2026-06-05
1022,207,53,no_iniciado,0,2026-06-05
1023,207,54,no_iniciado,0,2026-06-05
1024,207,55,no_iniciado,0,2026-06-05
1025,208,21,en_progreso,21.05,2026-09-16
1026,208,22,no_iniciado,0,2026-04-19
1027,208,23,no_iniciado,0,2026-04-19
1028,208,24,no_iniciado,0,2026-04-19
1029,208,25,no_iniciado,0,2026-04-19
1030,208,26,no_iniciado,0,2026-04-19
1031,208,27,no_iniciado,0,2026-04-19
1032,209,28,en_progreso,34.21,2026-09-16
1033,209,29,no_iniciado,0,2026-06-07
1034,209,30,no_iniciado,0,2026-06-07
1035,209,31,no_iniciado,0,2026-06-07
1036,210,44,abandonado,38.78,2026-09-17
1037,210,45,no_iniciado,0,2026-07-01
1038,210,46,no_iniciado,0,2026-07-01
1039,210,47,no_iniciado,0,2026-07-01
1040,210,48,no_iniciado,0,2026-07-01
1041,210,49,no_iniciado,0,2026-07-01
1042,211,9,en_progreso,45.47,2026-09-17
1043,211,10,no_iniciado,0,2026-06-02
1044,211,11,no_iniciado,0,2026-06-02
1045,211,12,no_iniciado,0,2026-06-02
1046,212,9,completado,100,2026-09-17
1047,212,10,en_progreso,10,2026-09-17
1048,212,11,no_iniciado,0,2026-07-13
1049,212,12,no_iniciado,0,2026-07-13
1050,213,28,en_progreso,10,2026-09-17
1051,213,29,no_iniciado,0,2026-09-11
1052,213,30,no_iniciado,0,2026-09-11
1053,213,31,no_iniciado,0,2026-09-11
1054,214,9,en_progreso,21.05,2026-09-17
1055,214,10,no_iniciado,0,2026-06-08
1056,214,11,no_iniciado,0,2026-06-08
1057,214,12,no_iniciado,0,2026-06-08
1058,215,21,completado,100,2026-09-16
1059,215,22,completado,100,2026-09-17
1060,215,23,no_iniciado,0,2026-06-21
1061,215,24,no_iniciado,0,2026-06-21
1062,215,25,no_iniciado,0,2026-06-21
1063,215,26,no_iniciado,0,2026-06-21
1064,215,27,no_iniciado,0,2026-06-21
1065,216,28,en_progreso,43.48,2026-09-17
1066,216,29,no_iniciado,0,2026-06-15
1067,216,30,no_iniciado,0,2026-06-15
1068,216,31,no_iniciado,0,2026-06-15
1069,217,13,completado,100,2026-09-15
1070,217,14,completado,100,2026-09-16
1071,217,15,en_progreso,10,2026-09-17
1072,217,16,no_iniciado,0,2026-08-09
1073,218,9,completado,100,2026-09-17
1074,218,10,abandonado,34.21,2026-09-17
1075,218,11,no_iniciado,0,2026-09-05
1076,218,12,no_iniciado,0,2026-09-05
1077,219,5,en_progreso,31.48,2026-09-16
1078,219,6,no_iniciado,0,2026-08-07
1079,219,7,no_iniciado,0,2026-08-07
1080,219,8,no_iniciado,0,2026-08-07
1081,220,1,en_progreso,10,2026-09-17
1082,220,2,no_iniciado,0,2026-04-20
1083,220,3,no_iniciado,0,2026-04-20
1084,220,4,no_iniciado,0,2026-04-20
1085,221,32,abandonado,10,2026-09-17
1086,221,33,no_iniciado,0,2026-06-07
1087,221,34,no_iniciado,0,2026-06-07
1088,221,35,no_iniciado,0,2026-06-07
1089,221,36,no_iniciado,0,2026-06-07
1090,221,37,no_iniciado,0,2026-06-07
1091,222,13,completado,100,2026-09-16
1092,222,14,en_progreso,10,2026-09-17
1093,222,15,no_iniciado,0,2026-08-22
1094,222,16,no_iniciado,0,2026-08-22
1095,223,21,no_iniciado,0,2026-06-26
1096,223,22,no_iniciado,0,2026-06-26
1097,223,23,no_iniciado,0,2026-06-26
1098,223,24,no_iniciado,0,2026-06-26
1099,223,25,no_iniciado,0,2026-06-26
1100,223,26,no_iniciado,0,2026-06-26
1101,223,27,no_iniciado,0,2026-06-26
1102,224,17,en_progreso,10,2026-09-15
1103,224,18,no_iniciado,0,2026-08-30
1104,224,19,no_iniciado,0,2026-08-30
1105,224,20,no_iniciado,0,2026-08-30
1106,225,13,abandonado,74.98,2026-09-16
1107,225,14,no_iniciado,0,2026-06-02
1108,225,15,no_iniciado,0,2026-06-02
1109,225,16,no_iniciado,0,2026-06-02
1110,226,50,completado,100,2026-09-17
1111,226,51,no_iniciado,0,2026-04-30
1112,226,52,no_iniciado,0,2026-04-30
1113,226,53,no_iniciado,0,2026-04-30
1114,226,54,no_iniciado,0,2026-04-30
1115,226,55,no_iniciado,0,2026-04-30
1116,227,28,en_progreso,10,2026-09-17
1117,227,29,no_iniciado,0,2026-08-25
1118,227,30,no_iniciado,0,2026-08-25
1119,227,31,no_iniciado,0,2026-08-25
1120,228,17,en_progreso,29.03,2026-09-17
1121,228,18,no_iniciado,0,2026-05-10
1122,228,19,no_iniciado,0,2026-05-10
1123,228,20,no_iniciado,0,2026-05-10
1124,229,5,en_progreso,22.9,2026-09-17
1125,229,6,no_iniciado,0,2026-07-17
1126,229,7,no_iniciado,0,2026-07-17
1127,229,8,no_iniciado,0,2026-07-17
1128,230,21,en_progreso,46.54,2026-09-17
1129,230,22,no_iniciado,0,2026-06-16
1130,230,23,no_iniciado,0,2026-06-16
1131,230,24,no_iniciado,0,2026-06-16
1132,230,25,no_iniciado,0,2026-06-16
1133,230,26,no_iniciado,0,2026-06-16
1134,230,27,no_iniciado,0,2026-06-16
1135,231,50,completado,100,2026-09-15
1136,231,51,completado,100,2026-09-17
1137,231,52,no_iniciado,0,2026-05-19
1138,231,53,no_iniciado,0,2026-05-19
1139,231,54,no_iniciado,0,2026-05-19
1140,231,55,no_iniciado,0,2026-05-19
1141,232,28,en_progreso,10,2026-09-17
1142,232,29,no_iniciado,0,2026-07-05
1143,232,30,no_iniciado,0,2026-07-05
1144,232,31,no_iniciado,0,2026-07-05
1145,233,50,en_progreso,24.09,2026-09-17
1146,233,51,no_iniciado,0,2026-08-29
1147,233,52,no_iniciado,0,2026-08-29
1148,233,53,no_iniciado,0,2026-08-29
1149,233,54,no_iniciado,0,2026-08-29
1150,233,55,no_iniciado,0,2026-08-29
1151,234,38,en_progreso,24.53,2026-09-16
1152,234,39,no_iniciado,0,2026-07-24
1153,234,40,no_iniciado,0,2026-07-24
1154,234,41,no_iniciado,0,2026-07-24
1155,234,42,no_iniciado,0,2026-07-24
1156,234,43,no_iniciado,0,2026-07-24
1157,235,1,en_progreso,47.02,2026-09-16
1158,235,2,no_iniciado,0,2026-09-01
1159,235,3,no_iniciado,0,2026-09-01
1160,235,4,no_iniciado,0,2026-09-01
1161,236,5,en_progreso,29.03,2026-09-17
1162,236,6,no_iniciado,0,2026-06-17
1163,236,7,no_iniciado,0,2026-06-17
1164,236,8,no_iniciado,0,2026-06-17
1165,237,9,completado,100,2026-09-17
1166,237,10,no_iniciado,0,2026-08-30
1167,237,11,no_iniciado,0,2026-08-30
1168,237,12,no_iniciado,0,2026-08-30
1169,238,44,en_progreso,44.52,2026-09-17
1170,238,45,no_iniciado,0,2026-05-10
1171,238,46,no_iniciado,0,2026-05-10
1172,238,47,no_iniciado,0,2026-05-10
1173,238,48,no_iniciado,0,2026-05-10
1174,238,49,no_iniciado,0,2026-05-10
1175,239,1,completado,100,2026-09-15
1176,239,2,en_progreso,10,2026-09-16
1177,239,3,no_iniciado,0,2026-08-20
1178,239,4,no_iniciado,0,2026-08-20
1179,240,5,en_progreso,10,2026-09-16
1180,240,6,no_iniciado,0,2026-06-14
1181,240,7,no_iniciado,0,2026-06-14
1182,240,8,no_iniciado,0,2026-06-14
1183,241,28,completado,100,2026-09-16
1184,241,29,completado,100,2026-09-17
1185,241,30,no_iniciado,0,2026-06-28
1186,241,31,no_iniciado,0,2026-06-28
1187,242,21,abandonado,10,2026-09-17
1188,242,22,no_iniciado,0,2026-08-15
1189,242,23,no_iniciado,0,2026-08-15
1190,242,24,no_iniciado,0,2026-08-15
1191,242,25,no_iniciado,0,2026-08-15
1192,242,26,no_iniciado,0,2026-08-15
1193,242,27,no_iniciado,0,2026-08-15
1194,243,50,completado,100,2026-09-15
1195,243,51,en_progreso,10,2026-09-16
1196,243,52,no_iniciado,0,2026-05-30
1197,243,53,no_iniciado,0,2026-05-30
1198,243,54,no_iniciado,0,2026-05-30
1199,243,55,no_iniciado,0,2026-05-30
1200,244,44,completado,100,2026-09-15
1201,244,45,en_progreso,10,2026-09-17
1202,244,46,no_iniciado,0,2026-05-30
1203,244,47,no_iniciado,0,2026-05-30
1204,244,48,no_iniciado,0,2026-05-30
1205,244,49,no_iniciado,0,2026-05-30
1206,245,38,en_progreso,10,2026-09-15
1207,245,39,no_iniciado,0,2026-05-13
1208,245,40,no_iniciado,0,2026-05-13
1209,245,41,no_iniciado,0,2026-05-13
1210,245,42,no_iniciado,0,2026-05-13
1211,245,43,no_iniciado,0,2026-05-13
1212,246,28,en_progreso,43.88,2026-09-15
1213,246,29,no_iniciado,0,2026-07-19
1214,246,30,no_iniciado,0,2026-07-19
1215,246,31,no_iniciado,0,2026-07-19
1216,247,13,en_progreso,95,2026-09-17
1217,247,14,no_iniciado,0,2026-05-17
1218,247,15,no_iniciado,0,2026-05-17
1219,247,16,no_iniciado,0,2026-05-17
1220,248,17,en_progreso,49.53,2026-09-17
1221,248,18,no_iniciado,0,2026-07-15
1222,248,19,no_iniciado,0,2026-07-15
1223,248,20,no_iniciado,0,2026-07-15
1224,249,1,completado,100,2026-09-16
1225,249,2,no_iniciado,0,2026-09-10
1226,249,3,no_iniciado,0,2026-09-10
1227,249,4,no_iniciado,0,2026-09-10
1228,250,28,en_progreso,10,2026-09-15
1229,250,29,no_iniciado,0,2026-08-13
1230,250,30,no_iniciado,0,2026-08-13
1231,250,31,no_iniciado,0,2026-08-13
1232,251,1,completado,100,2026-09-15
1233,251,2,completado,100,2026-09-17
1234,251,3,en_progreso,33.96,2026-09-17
1235,251,4,no_iniciado,0,2026-06-29
1236,252,38,no_iniciado,0,2026-07-07
1237,252,39,no_iniciado,0,2026-07-07
1238,252,40,no_iniciado,0,2026-07-07
1239,252,41,no_iniciado,0,2026-07-07
1240,252,42,no_iniciado,0,2026-07-07
1241,252,43,no_iniciado,0,2026-07-07
1242,253,50,en_progreso,92.25,2026-09-17
1243,253,51,no_iniciado,0,2026-09-01
1244,253,52,no_iniciado,0,2026-09-01
1245,253,53,no_iniciado,0,2026-09-01
1246,253,54,no_iniciado,0,2026-09-01
1247,253,55,no_iniciado,0,2026-09-01
1248,254,56,en_progreso,64.92,2026-09-17
1249,254,57,no_iniciado,0,2026-08-02
1250,254,58,no_iniciado,0,2026-08-02
1251,254,59,no_iniciado,0,2026-08-02
1252,254,60,no_iniciado,0,2026-08-02
1253,255,13,completado,100,2026-09-16
1254,255,14,abandonado,10,2026-09-16
1255,255,15,no_iniciado,0,2026-07-18
1256,255,16,no_iniciado,0,2026-07-18
1257,256,28,completado,100,2026-09-16
1258,256,29,en_progreso,10,2026-09-17
1259,256,30,no_iniciado,0,2026-09-12
1260,256,31,no_iniciado,0,2026-09-12
1261,257,5,completado,100,2026-09-17
1262,257,6,no_iniciado,0,2026-07-31
1263,257,7,no_iniciado,0,2026-07-31
1264,257,8,no_iniciado,0,2026-07-31
1265,258,21,en_progreso,10,2026-09-16
1266,258,22,no_iniciado,0,2026-08-24
1267,258,23,no_iniciado,0,2026-08-24
1268,258,24,no_iniciado,0,2026-08-24
1269,258,25,no_iniciado,0,2026-08-24
1270,258,26,no_iniciado,0,2026-08-24
1271,258,27,no_iniciado,0,2026-08-24
1272,259,44,completado,100,2026-09-17
1273,259,45,en_progreso,10,2026-09-17
1274,259,46,no_iniciado,0,2026-05-30
1275,259,47,no_iniciado,0,2026-05-30
1276,259,48,no_iniciado,0,2026-05-30
1277,259,49,no_iniciado,0,2026-05-30
1278,260,56,en_progreso,25.29,2026-09-16
1279,260,57,no_iniciado,0,2026-09-12
1280,260,58,no_iniciado,0,2026-09-12
1281,260,59,no_iniciado,0,2026-09-12
1282,260,60,no_iniciado,0,2026-09-12
1283,261,5,en_progreso,26.01,2026-09-16
1284,261,6,no_iniciado,0,2026-06-05
1285,261,7,no_iniciado,0,2026-06-05
1286,261,8,no_iniciado,0,2026-06-05
1287,262,17,completado,100,2026-09-17
1288,262,18,en_progreso,10,2026-09-17
1289,262,19,no_iniciado,0,2026-08-28
1290,262,20,no_iniciado,0,2026-08-28
1291,263,38,no_iniciado,0,2026-09-11
1292,263,39,no_iniciado,0,2026-09-11
1293,263,40,no_iniciado,0,2026-09-11
1294,263,41,no_iniciado,0,2026-09-11
1295,263,42,no_iniciado,0,2026-09-11
1296,263,43,no_iniciado,0,2026-09-11
1297,264,50,en_progreso,68.28,2026-09-17
1298,264,51,no_iniciado,0,2026-08-11
1299,264,52,no_iniciado,0,2026-08-11
1300,264,53,no_iniciado,0,2026-08-11
1301,264,54,no_iniciado,0,2026-08-11
1302,264,55,no_iniciado,0,2026-08-11
1303,265,28,en_progreso,28.72,2026-09-17
1304,265,29,no_iniciado,0,2026-05-03
1305,265,30,no_iniciado,0,2026-05-03
1306,265,31,no_iniciado,0,2026-05-03
1307,266,28,abandonado,72.77,2026-09-17
1308,266,29,no_iniciado,0,2026-07-29
1309,266,30,no_iniciado,0,2026-07-29
1310,266,31,no_iniciado,0,2026-07-29
1311,267,17,en_progreso,10,2026-09-17
1312,267,18,no_iniciado,0,2026-07-13
1313,267,19,no_iniciado,0,2026-07-13
1314,267,20,no_iniciado,0,2026-07-13
1315,268,9,completado,100,2026-09-15
1316,268,10,completado,100,2026-09-16
1317,268,11,en_progreso,22.17,2026-09-17
1318,268,12,no_iniciado,0,2026-07-29
1319,269,13,abandonado,10,2026-09-16
1320,269,14,no_iniciado,0,2026-09-01
1321,269,15,no_iniciado,0,2026-09-01
1322,269,16,no_iniciado,0,2026-09-01
1323,270,28,abandonado,10,2026-09-15
1324,270,29,no_iniciado,0,2026-06-27
1325,270,30,no_iniciado,0,2026-06-27
1326,270,31,no_iniciado,0,2026-06-27
1327,271,28,en_progreso,10,2026-09-16
1328,271,29,no_iniciado,0,2026-05-03
1329,271,30,no_iniciado,0,2026-05-03
1330,271,31,no_iniciado,0,2026-05-03
1331,272,50,completado,100,2026-09-17
1332,272,51,en_progreso,10,2026-09-17
1333,272,52,no_iniciado,0,2026-08-05
1334,272,53,no_iniciado,0,2026-08-05
1335,272,54,no_iniciado,0,2026-08-05
1336,272,55,no_iniciado,0,2026-08-05
1337,273,9,completado,100,2026-09-15
1338,273,10,completado,100,2026-09-15
1339,273,11,no_iniciado,0,2026-05-09
1340,273,12,no_iniciado,0,2026-05-09
1341,274,44,completado,100,2026-09-16
1342,274,45,en_progreso,10,2026-09-17
1343,274,46,no_iniciado,0,2026-04-29
1344,274,47,no_iniciado,0,2026-04-29
1345,274,48,no_iniciado,0,2026-04-29
1346,274,49,no_iniciado,0,2026-04-29
1347,275,17,completado,100,2026-09-15
1348,275,18,en_progreso,10,2026-09-17
1349,275,19,no_iniciado,0,2026-08-02
1350,275,20,no_iniciado,0,2026-08-02
1351,276,28,en_progreso,34.44,2026-09-16
1352,276,29,no_iniciado,0,2026-07-25
1353,276,30,no_iniciado,0,2026-07-25
1354,276,31,no_iniciado,0,2026-07-25
1355,277,1,completado,100,2026-09-16
1356,277,2,completado,100,2026-09-17
1357,277,3,no_iniciado,0,2026-05-27
1358,277,4,no_iniciado,0,2026-05-27
1359,278,17,completado,100,2026-09-17
1360,278,18,en_progreso,10,2026-09-17
1361,278,19,no_iniciado,0,2026-08-07
1362,278,20,no_iniciado,0,2026-08-07
1363,279,50,en_progreso,48.65,2026-09-17
1364,279,51,no_iniciado,0,2026-07-31
1365,279,52,no_iniciado,0,2026-07-31
1366,279,53,no_iniciado,0,2026-07-31
1367,279,54,no_iniciado,0,2026-07-31
1368,279,55,no_iniciado,0,2026-07-31
1369,280,28,en_progreso,42.41,2026-09-16
1370,280,29,no_iniciado,0,2026-05-17
1371,280,30,no_iniciado,0,2026-05-17
1372,280,31,no_iniciado,0,2026-05-17
1373,281,44,completado,100,2026-09-16
1374,281,45,en_progreso,10,2026-09-16
1375,281,46,no_iniciado,0,2026-05-19
1376,281,47,no_iniciado,0,2026-05-19
1377,281,48,no_iniciado,0,2026-05-19
1378,281,49,no_iniciado,0,2026-05-19
1379,282,50,en_progreso,33.2,2026-09-17
1380,282,51,no_iniciado,0,2026-06-20
1381,282,52,no_iniciado,0,2026-06-20
1382,282,53,no_iniciado,0,2026-06-20
1383,282,54,no_iniciado,0,2026-06-20
1384,282,55,no_iniciado,0,2026-06-20
1385,283,21,en_progreso,10,2026-09-17
1386,283,22,no_iniciado,0,2026-07-28
1387,283,23,no_iniciado,0,2026-07-28
1388,283,24,no_iniciado,0,2026-07-28
1389,283,25,no_iniciado,0,2026-07-28
1390,283,26,no_iniciado,0,2026-07-28
1391,283,27,no_iniciado,0,2026-07-28
1392,284,32,completado,100,2026-09-16
1393,284,33,en_progreso,58.78,2026-09-17
1394,284,34,no_iniciado,0,2026-07-12
1395,284,35,no_iniciado,0,2026-07-12
1396,284,36,no_iniciado,0,2026-07-12
1397,284,37,no_iniciado,0,2026-07-12
1398,285,56,abandonado,50.2,2026-09-17
1399,285,57,no_iniciado,0,2026-05-10
1400,285,58,no_iniciado,0,2026-05-10
1401,285,59,no_iniciado,0,2026-05-10
1402,285,60,no_iniciado,0,2026-05-10
1403,286,13,en_progreso,37.55,2026-09-17
1404,286,14,no_iniciado,0,2026-08-28
1405,286,15,no_iniciado,0,2026-08-28
1406,286,16,no_iniciado,0,2026-08-28
1407,287,38,completado,100,2026-09-15
1408,287,39,completado,100,2026-09-15
1409,287,40,completado,100,2026-09-16
1410,287,41,en_progreso,35.37,2026-09-17
1411,287,42,no_iniciado,0,2026-05-27
1412,287,43,no_iniciado,0,2026-05-27
1413,288,32,completado,100,2026-09-17
1414,288,33,no_iniciado,0,2026-09-04
1415,288,34,no_iniciado,0,2026-09-04
1416,288,35,no_iniciado,0,2026-09-04
1417,288,36,no_iniciado,0,2026-09-04
1418,288,37,no_iniciado,0,2026-09-04
1419,289,9,en_progreso,28.95,2026-09-17
1420,289,10,no_iniciado,0,2026-08-09
1421,289,11,no_iniciado,0,2026-08-09
1422,289,12,no_iniciado,0,2026-08-09
1423,290,50,completado,100,2026-09-16
1424,290,51,en_progreso,30.7,2026-09-16
1425,290,52,no_iniciado,0,2026-07-21
1426,290,53,no_iniciado,0,2026-07-21
1427,290,54,no_iniciado,0,2026-07-21
1428,290,55,no_iniciado,0,2026-07-21
1429,291,5,completado,100,2026-09-17
1430,291,6,no_iniciado,0,2026-05-05
1431,291,7,no_iniciado,0,2026-05-05
1432,291,8,no_iniciado,0,2026-05-05
1433,292,38,en_progreso,25.56,2026-09-17
1434,292,39,no_iniciado,0,2026-07-26
1435,292,40,no_iniciado,0,2026-07-26
1436,292,41,no_iniciado,0,2026-07-26
1437,292,42,no_iniciado,0,2026-07-26
1438,292,43,no_iniciado,0,2026-07-26
1439,293,50,en_progreso,23.68,2026-09-17
1440,293,51,no_iniciado,0,2026-07-13
1441,293,52,no_iniciado,0,2026-07-13
1442,293,53,no_iniciado,0,2026-07-13
1443,293,54,no_iniciado,0,2026-07-13
1444,293,55,no_iniciado,0,2026-07-13
1445,294,44,en_progreso,79.89,2026-09-17
1446,294,45,no_iniciado,0,2026-04-28
1447,294,46,no_iniciado,0,2026-04-28
1448,294,47,no_iniciado,0,2026-04-28
1449,294,48,no_iniciado,0,2026-04-28
1450,294,49,no_iniciado,0,2026-04-28
1451,295,21,completado,100,2026-09-17
1452,295,22,en_progreso,10,2026-09-17
1453,295,23,no_iniciado,0,2026-07-15
1454,295,24,no_iniciado,0,2026-07-15
1455,295,25,no_iniciado,0,2026-07-15
1456,295,26,no_iniciado,0,2026-07-15
1457,295,27,no_iniciado,0,2026-07-15
1458,296,5,en_progreso,10,2026-09-17
1459,296,6,no_iniciado,0,2026-05-13
1460,296,7,no_iniciado,0,2026-05-13
1461,296,8,no_iniciado,0,2026-05-13
1462,297,50,en_progreso,25.56,2026-09-16
1463,297,51,no_iniciado,0,2026-07-26
1464,297,52,no_iniciado,0,2026-07-26
1465,297,53,no_iniciado,0,2026-07-26
1466,297,54,no_iniciado,0,2026-07-26
1467,297,55,no_iniciado,0,2026-07-26
1468,298,13,en_progreso,10,2026-09-15
1469,298,14,no_iniciado,0,2026-07-07
1470,298,15,no_iniciado,0,2026-07-07
1471,298,16,no_iniciado,0,2026-07-07
1472,299,56,en_progreso,48.11,2026-09-17
1473,299,57,no_iniciado,0,2026-07-15
1474,299,58,no_iniciado,0,2026-07-15
1475,299,59,no_iniciado,0,2026-07-15
1476,299,60,no_iniciado,0,2026-07-15
1477,300,1,completado,100,2026-09-17
1478,300,2,en_progreso,25,2026-09-17
1479,300,3,no_iniciado,0,2026-08-05
1480,300,4,no_iniciado,0,2026-08-05
1481,301,13,en_progreso,40.93,2026-09-17
1482,301,14,no_iniciado,0,2026-04-29
1483,301,15,no_iniciado,0,2026-04-29
1484,301,16,no_iniciado,0,2026-04-29
1485,302,44,completado,100,2026-09-16
1486,302,45,en_progreso,10,2026-09-16
1487,302,46,no_iniciado,0,2026-08-04
1488,302,47,no_iniciado,0,2026-08-04
1489,302,48,no_iniciado,0,2026-08-04
1490,302,49,no_iniciado,0,2026-08-04
1491,303,5,abandonado,10,2026-09-16
1492,303,6,no_iniciado,0,2026-07-16
1493,303,7,no_iniciado,0,2026-07-16
1494,303,8,no_iniciado,0,2026-07-16
1495,304,28,en_progreso,27.64,2026-09-17
1496,304,29,no_iniciado,0,2026-08-26
1497,304,30,no_iniciado,0,2026-08-26
1498,304,31,no_iniciado,0,2026-08-26
1499,305,50,completado,100,2026-09-17
1500,305,51,en_progreso,10,2026-09-17
1501,305,52,no_iniciado,0,2026-06-16
1502,305,53,no_iniciado,0,2026-06-16
1503,305,54,no_iniciado,0,2026-06-16
1504,305,55,no_iniciado,0,2026-06-16
1505,306,13,abandonado,26.46,2026-09-16
1506,306,14,no_iniciado,0,2026-09-05
1507,306,15,no_iniciado,0,2026-09-05
1508,306,16,no_iniciado,0,2026-09-05
1509,307,28,completado,100,2026-09-15
1510,307,29,en_progreso,22.4,2026-09-16
1511,307,30,no_iniciado,0,2026-04-22
1512,307,31,no_iniciado,0,2026-04-22
1513,308,32,en_progreso,95,2026-09-17
1514,308,33,no_iniciado,0,2026-07-03
1515,308,34,no_iniciado,0,2026-07-03
1516,308,35,no_iniciado,0,2026-07-03
1517,308,36,no_iniciado,0,2026-07-03
1518,308,37,no_iniciado,0,2026-07-03
1519,309,13,en_progreso,10,2026-09-17
1520,309,14,no_iniciado,0,2026-06-06
1521,309,15,no_iniciado,0,2026-06-06
1522,309,16,no_iniciado,0,2026-06-06
1523,310,9,completado,100,2026-09-17
1524,310,10,no_iniciado,0,2026-04-18
1525,310,11,no_iniciado,0,2026-04-18
1526,310,12,no_iniciado,0,2026-04-18
1527,311,56,en_progreso,20.31,2026-09-16
1528,311,57,no_iniciado,0,2026-09-09
1529,311,58,no_iniciado,0,2026-09-09
1530,311,59,no_iniciado,0,2026-09-09
1531,311,60,no_iniciado,0,2026-09-09
1532,312,1,en_progreso,56.71,2026-09-17
1533,312,2,no_iniciado,0,2026-05-30
1534,312,3,no_iniciado,0,2026-05-30
1535,312,4,no_iniciado,0,2026-05-30
1536,313,5,en_progreso,50.39,2026-09-17
1537,313,6,no_iniciado,0,2026-08-08
1538,313,7,no_iniciado,0,2026-08-08
1539,313,8,no_iniciado,0,2026-08-08
1540,314,13,abandonado,42.94,2026-09-17
1541,314,14,no_iniciado,0,2026-05-02
1542,314,15,no_iniciado,0,2026-05-02
1543,314,16,no_iniciado,0,2026-05-02
1544,315,9,completado,100,2026-09-16
1545,315,10,no_iniciado,0,2026-04-26
1546,315,11,no_iniciado,0,2026-04-26
1547,315,12,no_iniciado,0,2026-04-26
1548,316,38,completado,100,2026-09-16
1549,316,39,no_iniciado,0,2026-07-09
1550,316,40,no_iniciado,0,2026-07-09
1551,316,41,no_iniciado,0,2026-07-09
1552,316,42,no_iniciado,0,2026-07-09
1553,316,43,no_iniciado,0,2026-07-09
1554,317,32,en_progreso,10,2026-09-15
1555,317,33,no_iniciado,0,2026-06-23
1556,317,34,no_iniciado,0,2026-06-23
1557,317,35,no_iniciado,0,2026-06-23
1558,317,36,no_iniciado,0,2026-06-23
1559,317,37,no_iniciado,0,2026-06-23
1560,318,1,no_iniciado,0,2026-09-01
1561,318,2,no_iniciado,0,2026-09-01
1562,318,3,no_iniciado,0,2026-09-01
1563,318,4,no_iniciado,0,2026-09-01
1564,319,13,en_progreso,53.25,2026-09-17
1565,319,14,no_iniciado,0,2026-04-30
1566,319,15,no_iniciado,0,2026-04-30
1567,319,16,no_iniciado,0,2026-04-30
1568,320,5,abandonado,10,2026-09-17
1569,320,6,no_iniciado,0,2026-08-01
1570,320,7,no_iniciado,0,2026-08-01
1571,320,8,no_iniciado,0,2026-08-01
1572,321,32,completado,100,2026-09-16
1573,321,33,completado,100,2026-09-17
1574,321,34,no_iniciado,0,2026-04-29
1575,321,35,no_iniciado,0,2026-04-29
1576,321,36,no_iniciado,0,2026-04-29
1577,321,37,no_iniciado,0,2026-04-29
1578,322,32,en_progreso,30.33,2026-09-16
1579,322,33,no_iniciado,0,2026-05-01
1580,322,34,no_iniciado,0,2026-05-01
1581,322,35,no_iniciado,0,2026-05-01
1582,322,36,no_iniciado,0,2026-05-01
1583,322,37,no_iniciado,0,2026-05-01
1584,323,38,completado,100,2026-09-17
1585,323,39,no_iniciado,0,2026-07-18
1586,323,40,no_iniciado,0,2026-07-18
1587,323,41,no_iniciado,0,2026-07-18
1588,323,42,no_iniciado,0,2026-07-18
1589,323,43,no_iniciado,0,2026-07-18
1590,324,56,en_progreso,10,2026-09-16
1591,324,57,no_iniciado,0,2026-04-24
1592,324,58,no_iniciado,0,2026-04-24
1593,324,59,no_iniciado,0,2026-04-24
1594,324,60,no_iniciado,0,2026-04-24
1595,325,44,completado,100,2026-09-16
1596,325,45,en_progreso,32.71,2026-09-17
1597,325,46,no_iniciado,0,2026-06-12
1598,325,47,no_iniciado,0,2026-06-12
1599,325,48,no_iniciado,0,2026-06-12
1600,325,49,no_iniciado,0,2026-06-12
1601,326,32,completado,100,2026-09-17
1602,326,33,en_progreso,10,2026-09-17
1603,326,34,no_iniciado,0,2026-07-06
1604,326,35,no_iniciado,0,2026-07-06
1605,326,36,no_iniciado,0,2026-07-06
1606,326,37,no_iniciado,0,2026-07-06
1607,327,44,en_progreso,10,2026-09-17
1608,327,45,no_iniciado,0,2026-05-22
1609,327,46,no_iniciado,0,2026-05-22
1610,327,47,no_iniciado,0,2026-05-22
1611,327,48,no_iniciado,0,2026-05-22
1612,327,49,no_iniciado,0,2026-05-22
1613,328,38,en_progreso,10,2026-09-17
1614,328,39,no_iniciado,0,2026-05-14
1615,328,40,no_iniciado,0,2026-05-14
1616,328,41,no_iniciado,0,2026-05-14
1617,328,42,no_iniciado,0,2026-05-14
1618,328,43,no_iniciado,0,2026-05-14
1619,329,28,completado,100,2026-09-16
1620,329,29,en_progreso,29.69,2026-09-17
1621,329,30,no_iniciado,0,2026-09-13
1622,329,31,no_iniciado,0,2026-09-13
1623,330,56,completado,100,2026-09-17
1624,330,57,completado,100,2026-09-17
1625,330,58,no_iniciado,0,2026-08-20
1626,330,59,no_iniciado,0,2026-08-20
1627,330,60,no_iniciado,0,2026-08-20
1628,331,9,en_progreso,34.76,2026-09-16
1629,331,10,no_iniciado,0,2026-09-06
1630,331,11,no_iniciado,0,2026-09-06
1631,331,12,no_iniciado,0,2026-09-06
1632,332,32,completado,100,2026-09-16
1633,332,33,completado,100,2026-09-17
1634,332,34,no_iniciado,0,2026-08-21
1635,332,35,no_iniciado,0,2026-08-21
1636,332,36,no_iniciado,0,2026-08-21
1637,332,37,no_iniciado,0,2026-08-21
1638,333,17,en_progreso,46.52,2026-09-17
1639,333,18,no_iniciado,0,2026-07-08
1640,333,19,no_iniciado,0,2026-07-08
1641,333,20,no_iniciado,0,2026-07-08
1642,334,13,en_progreso,61.62,2026-09-17
1643,334,14,no_iniciado,0,2026-06-29
1644,334,15,no_iniciado,0,2026-06-29
1645,334,16,no_iniciado,0,2026-06-29
1646,335,17,en_progreso,43.4,2026-09-17
1647,335,18,no_iniciado,0,2026-07-01
1648,335,19,no_iniciado,0,2026-07-01
1649,335,20,no_iniciado,0,2026-07-01
1650,336,38,en_progreso,10,2026-09-17
1651,336,39,no_iniciado,0,2026-07-14
1652,336,40,no_iniciado,0,2026-07-14
1653,336,41,no_iniciado,0,2026-07-14
1654,336,42,no_iniciado,0,2026-07-14
1655,336,43,no_iniciado,0,2026-07-14
1656,337,32,en_progreso,10,2026-09-17
1657,337,33,no_iniciado,0,2026-06-30
1658,337,34,no_iniciado,0,2026-06-30
1659,337,35,no_iniciado,0,2026-06-30
1660,337,36,no_iniciado,0,2026-06-30
1661,337,37,no_iniciado,0,2026-06-30
1662,338,13,completado,100,2026-09-15
1663,338,14,completado,100,2026-09-16
1664,338,15,en_progreso,23.31,2026-09-17
1665,338,16,no_iniciado,0,2026-06-29
1666,339,17,abandonado,10,2026-09-17
1667,339,18,no_iniciado,0,2026-05-03
1668,339,19,no_iniciado,0,2026-05-03
1669,339,20,no_iniciado,0,2026-05-03
1670,340,32,completado,100,2026-09-16
1671,340,33,completado,100,2026-09-17
1672,340,34,no_iniciado,0,2026-08-28
1673,340,35,no_iniciado,0,2026-08-28
1674,340,36,no_iniciado,0,2026-08-28
1675,340,37,no_iniciado,0,2026-08-28
1676,341,56,completado,100,2026-09-17
1677,341,57,en_progreso,20.25,2026-09-17
1678,341,58,no_iniciado,0,2026-08-24
1679,341,59,no_iniciado,0,2026-08-24
1680,341,60,no_iniciado,0,2026-08-24
1681,342,13,completado,100,2026-09-15
1682,342,14,en_progreso,34.76,2026-09-17
1683,342,15,no_iniciado,0,2026-07-31
1684,342,16,no_iniciado,0,2026-07-31
1685,343,17,en_progreso,31.59,2026-09-17
1686,343,18,no_iniciado,0,2026-05-13
1687,343,19,no_iniciado,0,2026-05-13
1688,343,20,no_iniciado,0,2026-05-13
1689,344,21,en_progreso,46.7,2026-09-16
1690,344,22,no_iniciado,0,2026-08-22
1691,344,23,no_iniciado,0,2026-08-22
1692,344,24,no_iniciado,0,2026-08-22
1693,344,25,no_iniciado,0,2026-08-22
1694,344,26,no_iniciado,0,2026-08-22
1695,344,27,no_iniciado,0,2026-08-22
1696,345,38,completado,100,2026-09-15
1697,345,39,abandonado,10,2026-09-17
1698,345,40,no_iniciado,0,2026-06-24
1699,345,41,no_iniciado,0,2026-06-24
1700,345,42,no_iniciado,0,2026-06-24
1701,345,43,no_iniciado,0,2026-06-24
1702,346,9,en_progreso,10,2026-09-15
1703,346,10,no_iniciado,0,2026-05-11
1704,346,11,no_iniciado,0,2026-05-11
1705,346,12,no_iniciado,0,2026-05-11
1706,347,13,completado,100,2026-09-15
1707,347,14,completado,100,2026-09-17
1708,347,15,no_iniciado,0,2026-05-22
1709,347,16,no_iniciado,0,2026-05-22
1710,348,56,completado,100,2026-09-15
1711,348,57,en_progreso,23.21,2026-09-17
1712,348,58,no_iniciado,0,2026-07-31
1713,348,59,no_iniciado,0,2026-07-31
1714,348,60,no_iniciado,0,2026-07-31
1715,349,9,en_progreso,10,2026-09-17
1716,349,10,no_iniciado,0,2026-07-03
1717,349,11,no_iniciado,0,2026-07-03
1718,349,12,no_iniciado,0,2026-07-03
1719,350,13,en_progreso,28.67,2026-09-17
1720,350,14,no_iniciado,0,2026-07-29
1721,350,15,no_iniciado,0,2026-07-29
1722,350,16,no_iniciado,0,2026-07-29
1723,351,5,completado,100,2026-09-16
1724,351,6,completado,100,2026-09-17
1725,351,7,no_iniciado,0,2026-05-12
1726,351,8,no_iniciado,0,2026-05-12
1727,352,28,en_progreso,30.29,2026-09-17
1728,352,29,no_iniciado,0,2026-09-06
1729,352,30,no_iniciado,0,2026-09-06
1730,352,31,no_iniciado,0,2026-09-06
1731,353,21,completado,100,2026-09-15
1732,353,22,completado,100,2026-09-16
1733,353,23,no_iniciado,0,2026-05-31
1734,353,24,no_iniciado,0,2026-05-31
1735,353,25,no_iniciado,0,2026-05-31
1736,353,26,no_iniciado,0,2026-05-31
1737,353,27,no_iniciado,0,2026-05-31
1738,354,38,en_progreso,10,2026-09-17
1739,354,39,no_iniciado,0,2026-04-18
1740,354,40,no_iniciado,0,2026-04-18
1741,354,41,no_iniciado,0,2026-04-18
1742,354,42,no_iniciado,0,2026-04-18
1743,354,43,no_iniciado,0,2026-04-18
1744,355,28,completado,100,2026-09-17
1745,355,29,no_iniciado,0,2026-09-11
1746,355,30,no_iniciado,0,2026-09-11
1747,355,31,no_iniciado,0,2026-09-11
1748,356,1,completado,100,2026-09-17
1749,356,2,no_iniciado,0,2026-04-22
1750,356,3,no_iniciado,0,2026-04-22
1751,356,4,no_iniciado,0,2026-04-22
1752,357,28,en_progreso,10,2026-09-17
1753,357,29,no_iniciado,0,2026-06-14
1754,357,30,no_iniciado,0,2026-06-14
1755,357,31,no_iniciado,0,2026-06-14
1756,358,44,en_progreso,23.57,2026-09-17
1757,358,45,no_iniciado,0,2026-07-16
1758,358,46,no_iniciado,0,2026-07-16
1759,358,47,no_iniciado,0,2026-07-16
1760,358,48,no_iniciado,0,2026-07-16
1761,358,49,no_iniciado,0,2026-07-16
1762,359,1,en_progreso,24.25,2026-09-15
1763,359,2,no_iniciado,0,2026-08-26
1764,359,3,no_iniciado,0,2026-08-26
1765,359,4,no_iniciado,0,2026-08-26
1766,360,28,completado,100,2026-09-16
1767,360,29,en_progreso,10,2026-09-17
1768,360,30,no_iniciado,0,2026-09-04
1769,360,31,no_iniciado,0,2026-09-04
1770,361,32,en_progreso,68.08,2026-09-17
1771,361,33,no_iniciado,0,2026-08-01
1772,361,34,no_iniciado,0,2026-08-01
1773,361,35,no_iniciado,0,2026-08-01
1774,361,36,no_iniciado,0,2026-08-01
1775,361,37,no_iniciado,0,2026-08-01
1776,362,1,completado,100,2026-09-16
1777,362,2,en_progreso,34.86,2026-09-17
1778,362,3,no_iniciado,0,2026-07-09
1779,362,4,no_iniciado,0,2026-07-09
1780,363,17,completado,100,2026-09-16
1781,363,18,en_progreso,10,2026-09-17
1782,363,19,no_iniciado,0,2026-07-30
1783,363,20,no_iniciado,0,2026-07-30
1784,364,28,completado,100,2026-09-15
1785,364,29,en_progreso,10,2026-09-15
1786,364,30,no_iniciado,0,2026-06-30
1787,364,31,no_iniciado,0,2026-06-30
1788,365,38,completado,100,2026-09-17
1789,365,39,no_iniciado,0,2026-06-01
1790,365,40,no_iniciado,0,2026-06-01
1791,365,41,no_iniciado,0,2026-06-01
1792,365,42,no_iniciado,0,2026-06-01
1793,365,43,no_iniciado,0,2026-06-01
1794,366,56,completado,100,2026-09-16
1795,366,57,abandonado,10,2026-09-16
1796,366,58,no_iniciado,0,2026-06-05
1797,366,59,no_iniciado,0,2026-06-05
1798,366,60,no_iniciado,0,2026-06-05
1799,367,13,abandonado,10,2026-09-16
1800,367,14,no_iniciado,0,2026-07-16
1801,367,15,no_iniciado,0,2026-07-16
1802,367,16,no_iniciado,0,2026-07-16
1803,368,32,completado,100,2026-09-17
1804,368,33,no_iniciado,0,2026-06-24
1805,368,34,no_iniciado,0,2026-06-24
1806,368,35,no_iniciado,0,2026-06-24
1807,368,36,no_iniciado,0,2026-06-24
1808,368,37,no_iniciado,0,2026-06-24
1809,369,56,en_progreso,10,2026-09-17
1810,369,57,no_iniciado,0,2026-05-18
1811,369,58,no_iniciado,0,2026-05-18
1812,369,59,no_iniciado,0,2026-05-18
1813,369,60,no_iniciado,0,2026-05-18
1814,370,28,en_progreso,10,2026-09-17
1815,370,29,no_iniciado,0,2026-06-10
1816,370,30,no_iniciado,0,2026-06-10
1817,370,31,no_iniciado,0,2026-06-10
1818,371,32,completado,100,2026-09-16
1819,371,33,en_progreso,10,2026-09-17
1820,371,34,no_iniciado,0,2026-05-24
1821,371,35,no_iniciado,0,2026-05-24
1822,371,36,no_iniciado,0,2026-05-24
1823,371,37,no_iniciado,0,2026-05-24
1824,372,28,en_progreso,10,2026-09-17
1825,372,29,no_iniciado,0,2026-09-05
1826,372,30,no_iniciado,0,2026-09-05
1827,372,31,no_iniciado,0,2026-09-05
1828,373,50,abandonado,48.51,2026-09-16
1829,373,51,no_iniciado,0,2026-09-13
1830,373,52,no_iniciado,0,2026-09-13
1831,373,53,no_iniciado,0,2026-09-13
1832,373,54,no_iniciado,0,2026-09-13
1833,373,55,no_iniciado,0,2026-09-13
1834,374,56,completado,100,2026-09-16
1835,374,57,en_progreso,10,2026-09-16
1836,374,58,no_iniciado,0,2026-05-09
1837,374,59,no_iniciado,0,2026-05-09
1838,374,60,no_iniciado,0,2026-05-09
1839,375,56,completado,100,2026-09-16
1840,375,57,en_progreso,10,2026-09-17
1841,375,58,no_iniciado,0,2026-04-24
1842,375,59,no_iniciado,0,2026-04-24
1843,375,60,no_iniciado,0,2026-04-24
1844,376,9,en_progreso,59.9,2026-09-17
1845,376,10,no_iniciado,0,2026-08-24
1846,376,11,no_iniciado,0,2026-08-24
1847,376,12,no_iniciado,0,2026-08-24
1848,377,9,completado,100,2026-09-16
1849,377,10,en_progreso,10,2026-09-17
1850,377,11,no_iniciado,0,2026-07-08
1851,377,12,no_iniciado,0,2026-07-08
1852,378,44,completado,100,2026-09-17
1853,378,45,en_progreso,30.84,2026-09-17
1854,378,46,no_iniciado,0,2026-08-15
1855,378,47,no_iniciado,0,2026-08-15
1856,378,48,no_iniciado,0,2026-08-15
1857,378,49,no_iniciado,0,2026-08-15
1858,379,1,en_progreso,26.88,2026-09-17
1859,379,2,no_iniciado,0,2026-09-13
1860,379,3,no_iniciado,0,2026-09-13
1861,379,4,no_iniciado,0,2026-09-13
1862,380,28,completado,100,2026-09-16
1863,380,29,completado,100,2026-09-17
1864,380,30,no_iniciado,0,2026-04-21
1865,380,31,no_iniciado,0,2026-04-21
1866,381,44,en_progreso,44.06,2026-09-17
1867,381,45,no_iniciado,0,2026-06-03
1868,381,46,no_iniciado,0,2026-06-03
1869,381,47,no_iniciado,0,2026-06-03
1870,381,48,no_iniciado,0,2026-06-03
1871,381,49,no_iniciado,0,2026-06-03
1872,382,50,completado,100,2026-09-17
1873,382,51,no_iniciado,0,2026-05-28
1874,382,52,no_iniciado,0,2026-05-28
1875,382,53,no_iniciado,0,2026-05-28
1876,382,54,no_iniciado,0,2026-05-28
1877,382,55,no_iniciado,0,2026-05-28
1878,383,1,abandonado,10,2026-09-17
1879,383,2,no_iniciado,0,2026-05-01
1880,383,3,no_iniciado,0,2026-05-01
1881,383,4,no_iniciado,0,2026-05-01
1882,384,5,abandonado,65.3,2026-09-17
1883,384,6,no_iniciado,0,2026-05-07
1884,384,7,no_iniciado,0,2026-05-07
1885,384,8,no_iniciado,0,2026-05-07
1886,385,28,en_progreso,60.5,2026-09-17
1887,385,29,no_iniciado,0,2026-08-11
1888,385,30,no_iniciado,0,2026-08-11
1889,385,31,no_iniciado,0,2026-08-11
1890,386,9,en_progreso,34.84,2026-09-17
1891,386,10,no_iniciado,0,2026-04-24
1892,386,11,no_iniciado,0,2026-04-24
1893,386,12,no_iniciado,0,2026-04-24
1894,387,32,completado,100,2026-09-15
1895,387,33,abandonado,41.21,2026-09-17
1896,387,34,no_iniciado,0,2026-07-13
1897,387,35,no_iniciado,0,2026-07-13
1898,387,36,no_iniciado,0,2026-07-13
1899,387,37,no_iniciado,0,2026-07-13
1900,388,1,en_progreso,67.58,2026-09-16
1901,388,2,no_iniciado,0,2026-08-12
1902,388,3,no_iniciado,0,2026-08-12
1903,388,4,no_iniciado,0,2026-08-12
1904,389,28,en_progreso,23.74,2026-09-17
1905,389,29,no_iniciado,0,2026-08-26
1906,389,30,no_iniciado,0,2026-08-26
1907,389,31,no_iniciado,0,2026-08-26
1908,390,21,en_progreso,43.07,2026-09-16
1909,390,22,no_iniciado,0,2026-09-01
1910,390,23,no_iniciado,0,2026-09-01
1911,390,24,no_iniciado,0,2026-09-01
1912,390,25,no_iniciado,0,2026-09-01
1913,390,26,no_iniciado,0,2026-09-01
1914,390,27,no_iniciado,0,2026-09-01
1915,391,32,en_progreso,69.24,2026-09-17
1916,391,33,no_iniciado,0,2026-04-27
1917,391,34,no_iniciado,0,2026-04-27
1918,391,35,no_iniciado,0,2026-04-27
1919,391,36,no_iniciado,0,2026-04-27
1920,391,37,no_iniciado,0,2026-04-27
1921,392,21,en_progreso,10,2026-09-15
1922,392,22,no_iniciado,0,2026-06-04
1923,392,23,no_iniciado,0,2026-06-04
1924,392,24,no_iniciado,0,2026-06-04
1925,392,25,no_iniciado,0,2026-06-04
1926,392,26,no_iniciado,0,2026-06-04
1927,392,27,no_iniciado,0,2026-06-04
1928,393,28,en_progreso,69.66,2026-09-17
1929,393,29,no_iniciado,0,2026-09-08
1930,393,30,no_iniciado,0,2026-09-08
1931,393,31,no_iniciado,0,2026-09-08
1932,394,28,completado,100,2026-09-17
1933,394,29,abandonado,10,2026-09-17
1934,394,30,no_iniciado,0,2026-04-26
1935,394,31,no_iniciado,0,2026-04-26
1936,395,17,abandonado,10,2026-09-15
1937,395,18,no_iniciado,0,2026-07-05
1938,395,19,no_iniciado,0,2026-07-05
1939,395,20,no_iniciado,0,2026-07-05
1940,396,32,completado,100,2026-09-16
1941,396,33,completado,100,2026-09-16
1942,396,34,completado,100,2026-09-17
1943,396,35,no_iniciado,0,2026-07-12
1944,396,36,no_iniciado,0,2026-07-12
1945,396,37,no_iniciado,0,2026-07-12
1946,397,56,abandonado,10,2026-09-15
1947,397,57,no_iniciado,0,2026-06-02
1948,397,58,no_iniciado,0,2026-06-02
1949,397,59,no_iniciado,0,2026-06-02
1950,397,60,no_iniciado,0,2026-06-02
1951,398,1,en_progreso,38.32,2026-09-17
1952,398,2,no_iniciado,0,2026-07-31
1953,398,3,no_iniciado,0,2026-07-31
1954,398,4,no_iniciado,0,2026-07-31
1955,399,21,abandonado,32.93,2026-09-17
1956,399,22,no_iniciado,0,2026-05-30
1957,399,23,no_iniciado,0,2026-05-30
1958,399,24,no_iniciado,0,2026-05-30
1959,399,25,no_iniciado,0,2026-05-30
1960,399,26,no_iniciado,0,2026-05-30
1961,399,27,no_iniciado,0,2026-05-30
1962,400,13,completado,100,2026-09-15
1963,400,14,abandonado,24.83,2026-09-16
1964,400,15,no_iniciado,0,2026-09-11
1965,400,16,no_iniciado,0,2026-09-11
1966,401,5,completado,100,2026-09-16
1967,401,6,en_progreso,33.82,2026-09-17
1968,401,7,no_iniciado,0,2026-04-28
1969,401,8,no_iniciado,0,2026-04-28
1970,402,50,en_progreso,10,2026-09-16
1971,402,51,no_iniciado,0,2026-05-15
1972,402,52,no_iniciado,0,2026-05-15
1973,402,53,no_iniciado,0,2026-05-15
1974,402,54,no_iniciado,0,2026-05-15
1975,402,55,no_iniciado,0,2026-05-15
1976,403,1,en_progreso,20.24,2026-09-17
1977,403,2,no_iniciado,0,2026-07-24
1978,403,3,no_iniciado,0,2026-07-24
1979,403,4,no_iniciado,0,2026-07-24
1980,404,13,en_progreso,45.07,2026-09-16
1981,404,14,no_iniciado,0,2026-06-13
1982,404,15,no_iniciado,0,2026-06-13
1983,404,16,no_iniciado,0,2026-06-13
1984,405,1,no_iniciado,0,2026-06-02
1985,405,2,no_iniciado,0,2026-06-02
1986,405,3,no_iniciado,0,2026-06-02
1987,405,4,no_iniciado,0,2026-06-02
1988,406,9,completado,100,2026-09-16
1989,406,10,completado,100,2026-09-17
1990,406,11,no_iniciado,0,2026-09-07
1991,406,12,no_iniciado,0,2026-09-07
1992,407,13,abandonado,10,2026-09-16
1993,407,14,no_iniciado,0,2026-08-07
1994,407,15,no_iniciado,0,2026-08-07
1995,407,16,no_iniciado,0,2026-08-07
1996,408,56,no_iniciado,0,2026-06-18
1997,408,57,no_iniciado,0,2026-06-18
1998,408,58,no_iniciado,0,2026-06-18
1999,408,59,no_iniciado,0,2026-06-18
2000,408,60,no_iniciado,0,2026-06-18
2001,409,50,completado,100,2026-09-15
2002,409,51,en_progreso,30.29,2026-09-17
2003,409,52,no_iniciado,0,2026-08-08
2004,409,53,no_iniciado,0,2026-08-08
2005,409,54,no_iniciado,0,2026-08-08
2006,409,55,no_iniciado,0,2026-08-08
2007,410,5,en_progreso,54.43,2026-09-17
2008,410,6,no_iniciado,0,2026-08-12
2009,410,7,no_iniciado,0,2026-08-12
2010,410,8,no_iniciado,0,2026-08-12
2011,411,13,en_progreso,69.46,2026-09-17
2012,411,14,no_iniciado,0,2026-08-26
2013,411,15,no_iniciado,0,2026-08-26
2014,411,16,no_iniciado,0,2026-08-26
2015,412,32,en_progreso,28.49,2026-09-15
2016,412,33,no_iniciado,0,2026-06-19
2017,412,34,no_iniciado,0,2026-06-19
2018,412,35,no_iniciado,0,2026-06-19
2019,412,36,no_iniciado,0,2026-06-19
2020,412,37,no_iniciado,0,2026-06-19
2021,413,17,abandonado,10,2026-09-15
2022,413,18,no_iniciado,0,2026-06-03
2023,413,19,no_iniciado,0,2026-06-03
2024,413,20,no_iniciado,0,2026-06-03
2025,414,9,en_progreso,44.3,2026-09-17
2026,414,10,no_iniciado,0,2026-06-15
2027,414,11,no_iniciado,0,2026-06-15
2028,414,12,no_iniciado,0,2026-06-15
2029,415,44,completado,100,2026-09-15
2030,415,45,en_progreso,54.61,2026-09-17
2031,415,46,no_iniciado,0,2026-05-15
2032,415,47,no_iniciado,0,2026-05-15
2033,415,48,no_iniciado,0,2026-05-15
2034,415,49,no_iniciado,0,2026-05-15
2035,416,56,completado,100,2026-09-16
2036,416,57,en_progreso,31.25,2026-09-17
2037,416,58,no_iniciado,0,2026-08-24
2038,416,59,no_iniciado,0,2026-08-24
2039,416,60,no_iniciado,0,2026-08-24
2040,417,5,en_progreso,10,2026-09-17
2041,417,6,no_iniciado,0,2026-07-28
2042,417,7,no_iniciado,0,2026-07-28
2043,417,8,no_iniciado,0,2026-07-28
2044,418,9,abandonado,23.21,2026-09-15
2045,418,10,no_iniciado,0,2026-05-30
2046,418,11,no_iniciado,0,2026-05-30
2047,418,12,no_iniciado,0,2026-05-30
2048,419,5,en_progreso,47.07,2026-09-17
2049,419,6,no_iniciado,0,2026-07-07
2050,419,7,no_iniciado,0,2026-07-07
2051,419,8,no_iniciado,0,2026-07-07
2052,420,44,en_progreso,34.96,2026-09-16
2053,420,45,no_iniciado,0,2026-06-15
2054,420,46,no_iniciado,0,2026-06-15
2055,420,47,no_iniciado,0,2026-06-15
2056,420,48,no_iniciado,0,2026-06-15
2057,420,49,no_iniciado,0,2026-06-15
2058,421,17,completado,100,2026-09-17
2059,421,18,no_iniciado,0,2026-06-10
2060,421,19,no_iniciado,0,2026-06-10
2061,421,20,no_iniciado,0,2026-06-10
2062,422,50,completado,100,2026-09-17
2063,422,51,en_progreso,28.46,2026-09-17
2064,422,52,no_iniciado,0,2026-04-29
2065,422,53,no_iniciado,0,2026-04-29
2066,422,54,no_iniciado,0,2026-04-29
2067,422,55,no_iniciado,0,2026-04-29
2068,423,28,completado,100,2026-09-16
2069,423,29,completado,100,2026-09-17
2070,423,30,no_iniciado,0,2026-08-04
2071,423,31,no_iniciado,0,2026-08-04
2072,424,56,abandonado,30.63,2026-09-17
2073,424,57,no_iniciado,0,2026-08-10
2074,424,58,no_iniciado,0,2026-08-10
2075,424,59,no_iniciado,0,2026-08-10
2076,424,60,no_iniciado,0,2026-08-10
2077,425,13,abandonado,10,2026-09-17
2078,425,14,no_iniciado,0,2026-09-07
2079,425,15,no_iniciado,0,2026-09-07
2080,425,16,no_iniciado,0,2026-09-07
2081,426,5,completado,100,2026-09-15
2082,426,6,completado,100,2026-09-16
2083,426,7,en_progreso,34.75,2026-09-17
2084,426,8,no_iniciado,0,2026-05-22
2085,427,44,completado,100,2026-09-16
2086,427,45,no_iniciado,0,2026-08-17
2087,427,46,no_iniciado,0,2026-08-17
2088,427,47,no_iniciado,0,2026-08-17
2089,427,48,no_iniciado,0,2026-08-17
2090,427,49,no_iniciado,0,2026-08-17
2091,428,50,completado,100,2026-09-16
2092,428,51,en_progreso,21.15,2026-09-17
2093,428,52,no_iniciado,0,2026-08-27
2094,428,53,no_iniciado,0,2026-08-27
2095,428,54,no_iniciado,0,2026-08-27
2096,428,55,no_iniciado,0,2026-08-27
2097,429,13,abandonado,23.21,2026-09-16
2098,429,14,no_iniciado,0,2026-07-09
2099,429,15,no_iniciado,0,2026-07-09
2100,429,16,no_iniciado,0,2026-07-09
2101,430,5,completado,100,2026-09-17
2102,430,6,en_progreso,10,2026-09-17
2103,430,7,no_iniciado,0,2026-08-03
2104,430,8,no_iniciado,0,2026-08-03
2105,431,17,completado,100,2026-09-15
2106,431,18,en_progreso,10,2026-09-16
2107,431,19,no_iniciado,0,2026-07-23
2108,431,20,no_iniciado,0,2026-07-23
2109,432,50,abandonado,10,2026-09-17
2110,432,51,no_iniciado,0,2026-04-27
2111,432,52,no_iniciado,0,2026-04-27
2112,432,53,no_iniciado,0,2026-04-27
2113,432,54,no_iniciado,0,2026-04-27
2114,432,55,no_iniciado,0,2026-04-27
2115,433,44,en_progreso,60.68,2026-09-15
2116,433,45,no_iniciado,0,2026-06-23
2117,433,46,no_iniciado,0,2026-06-23
2118,433,47,no_iniciado,0,2026-06-23
2119,433,48,no_iniciado,0,2026-06-23
2120,433,49,no_iniciado,0,2026-06-23
2121,434,44,completado,100,2026-09-15
2122,434,45,en_progreso,10,2026-09-16
2123,434,46,no_iniciado,0,2026-08-20
2124,434,47,no_iniciado,0,2026-08-20
2125,434,48,no_iniciado,0,2026-08-20
2126,434,49,no_iniciado,0,2026-08-20
2127,435,21,completado,100,2026-09-16
2128,435,22,en_progreso,10,2026-09-17
2129,435,23,no_iniciado,0,2026-08-26
2130,435,24,no_iniciado,0,2026-08-26
2131,435,25,no_iniciado,0,2026-08-26
2132,435,26,no_iniciado,0,2026-08-26
2133,435,27,no_iniciado,0,2026-08-26
2134,436,28,completado,100,2026-09-16
2135,436,29,no_iniciado,0,2026-07-01
2136,436,30,no_iniciado,0,2026-07-01
2137,436,31,no_iniciado,0,2026-07-01
2138,437,50,en_progreso,10,2026-09-16
2139,437,51,no_iniciado,0,2026-07-28
2140,437,52,no_iniciado,0,2026-07-28
2141,437,53,no_iniciado,0,2026-07-28
2142,437,54,no_iniciado,0,2026-07-28
2143,437,55,no_iniciado,0,2026-07-28
2144,438,21,en_progreso,10,2026-09-16
2145,438,22,no_iniciado,0,2026-06-18
2146,438,23,no_iniciado,0,2026-06-18
2147,438,24,no_iniciado,0,2026-06-18
2148,438,25,no_iniciado,0,2026-06-18
2149,438,26,no_iniciado,0,2026-06-18
2150,438,27,no_iniciado,0,2026-06-18
2151,439,38,completado,100,2026-09-15
2152,439,39,en_progreso,91.23,2026-09-17
2153,439,40,no_iniciado,0,2026-08-31
2154,439,41,no_iniciado,0,2026-08-31
2155,439,42,no_iniciado,0,2026-08-31
2156,439,43,no_iniciado,0,2026-08-31
2157,440,21,completado,100,2026-09-17
2158,440,22,no_iniciado,0,2026-07-07
2159,440,23,no_iniciado,0,2026-07-07
2160,440,24,no_iniciado,0,2026-07-07
2161,440,25,no_iniciado,0,2026-07-07
2162,440,26,no_iniciado,0,2026-07-07
2163,440,27,no_iniciado,0,2026-07-07
2164,441,1,en_progreso,10,2026-09-16
2165,441,2,no_iniciado,0,2026-07-06
2166,441,3,no_iniciado,0,2026-07-06
2167,441,4,no_iniciado,0,2026-07-06
2168,442,28,completado,100,2026-09-16
2169,442,29,en_progreso,30.21,2026-09-17
2170,442,30,no_iniciado,0,2026-05-16
2171,442,31,no_iniciado,0,2026-05-16
2172,443,5,completado,100,2026-09-15
2173,443,6,en_progreso,10,2026-09-17
2174,443,7,no_iniciado,0,2026-06-15
2175,443,8,no_iniciado,0,2026-06-15
2176,444,28,en_progreso,45.46,2026-09-17
2177,444,29,no_iniciado,0,2026-06-30
2178,444,30,no_iniciado,0,2026-06-30
2179,444,31,no_iniciado,0,2026-06-30
2180,445,50,en_progreso,10,2026-09-15
2181,445,51,no_iniciado,0,2026-05-23
2182,445,52,no_iniciado,0,2026-05-23
2183,445,53,no_iniciado,0,2026-05-23
2184,445,54,no_iniciado,0,2026-05-23
2185,445,55,no_iniciado,0,2026-05-23
2186,446,32,completado,100,2026-09-16
2187,446,33,completado,100,2026-09-16
2188,446,34,abandonado,23.21,2026-09-17
2189,446,35,no_iniciado,0,2026-09-11
2190,446,36,no_iniciado,0,2026-09-11
2191,446,37,no_iniciado,0,2026-09-11
2192,447,9,completado,100,2026-09-17
2193,447,10,no_iniciado,0,2026-07-31
2194,447,11,no_iniciado,0,2026-07-31
2195,447,12,no_iniciado,0,2026-07-31
2196,448,28,completado,100,2026-09-17
2197,448,29,no_iniciado,0,2026-07-18
2198,448,30,no_iniciado,0,2026-07-18
2199,448,31,no_iniciado,0,2026-07-18
2200,449,56,abandonado,45.36,2026-09-17
2201,449,57,no_iniciado,0,2026-06-03
2202,449,58,no_iniciado,0,2026-06-03
2203,449,59,no_iniciado,0,2026-06-03
2204,449,60,no_iniciado,0,2026-06-03
2205,450,38,completado,100,2026-09-17
2206,450,39,no_iniciado,0,2026-05-31
2207,450,40,no_iniciado,0,2026-05-31
2208,450,41,no_iniciado,0,2026-05-31
2209,450,42,no_iniciado,0,2026-05-31
2210,450,43,no_iniciado,0,2026-05-31
2211,451,50,abandonado,10,2026-09-16
2212,451,51,no_iniciado,0,2026-06-15
2213,451,52,no_iniciado,0,2026-06-15
2214,451,53,no_iniciado,0,2026-06-15
2215,451,54,no_iniciado,0,2026-06-15
2216,451,55,no_iniciado,0,2026-06-15
2217,452,17,en_progreso,10,2026-09-15
2218,452,18,no_iniciado,0,2026-09-02
2219,452,19,no_iniciado,0,2026-09-02
2220,452,20,no_iniciado,0,2026-09-02
2221,453,38,en_progreso,38,2026-09-16
2222,453,39,no_iniciado,0,2026-05-16
2223,453,40,no_iniciado,0,2026-05-16
2224,453,41,no_iniciado,0,2026-05-16
2225,453,42,no_iniciado,0,2026-05-16
2226,453,43,no_iniciado,0,2026-05-16
2227,454,32,completado,100,2026-09-17
2228,454,33,no_iniciado,0,2026-07-16
2229,454,34,no_iniciado,0,2026-07-16
2230,454,35,no_iniciado,0,2026-07-16
2231,454,36,no_iniciado,0,2026-07-16
2232,454,37,no_iniciado,0,2026-07-16
2233,455,50,en_progreso,48.09,2026-09-17
2234,455,51,no_iniciado,0,2026-04-29
2235,455,52,no_iniciado,0,2026-04-29
2236,455,53,no_iniciado,0,2026-04-29
2237,455,54,no_iniciado,0,2026-04-29
2238,455,55,no_iniciado,0,2026-04-29
2239,456,56,en_progreso,33.82,2026-09-15
2240,456,57,no_iniciado,0,2026-08-05
2241,456,58,no_iniciado,0,2026-08-05
2242,456,59,no_iniciado,0,2026-08-05
2243,456,60,no_iniciado,0,2026-08-05
2244,457,44,completado,100,2026-09-15
2245,457,45,en_progreso,30.36,2026-09-16
2246,457,46,no_iniciado,0,2026-07-07
2247,457,47,no_iniciado,0,2026-07-07
2248,457,48,no_iniciado,0,2026-07-07
2249,457,49,no_iniciado,0,2026-07-07
2250,458,21,en_progreso,21.62,2026-09-17
2251,458,22,no_iniciado,0,2026-07-07
2252,458,23,no_iniciado,0,2026-07-07
2253,458,24,no_iniciado,0,2026-07-07
2254,458,25,no_iniciado,0,2026-07-07
2255,458,26,no_iniciado,0,2026-07-07
2256,458,27,no_iniciado,0,2026-07-07
2257,459,13,completado,100,2026-09-17
2258,459,14,en_progreso,10,2026-09-17
2259,459,15,no_iniciado,0,2026-08-04
2260,459,16,no_iniciado,0,2026-08-04
2261,460,17,en_progreso,10,2026-09-17
2262,460,18,no_iniciado,0,2026-07-29
2263,460,19,no_iniciado,0,2026-07-29
2264,460,20,no_iniciado,0,2026-07-29
2265,461,13,en_progreso,22.33,2026-09-17
2266,461,14,no_iniciado,0,2026-05-14
2267,461,15,no_iniciado,0,2026-05-14
2268,461,16,no_iniciado,0,2026-05-14
2269,462,32,en_progreso,48.48,2026-09-17
2270,462,33,no_iniciado,0,2026-07-02
2271,462,34,no_iniciado,0,2026-07-02
2272,462,35,no_iniciado,0,2026-07-02
2273,462,36,no_iniciado,0,2026-07-02
2274,462,37,no_iniciado,0,2026-07-02
2275,463,44,completado,100,2026-09-17
2276,463,45,no_iniciado,0,2026-06-04
2277,463,46,no_iniciado,0,2026-06-04
2278,463,47,no_iniciado,0,2026-06-04
2279,463,48,no_iniciado,0,2026-06-04
2280,463,49,no_iniciado,0,2026-06-04
2281,464,50,en_progreso,10,2026-09-17
2282,464,51,no_iniciado,0,2026-06-06
2283,464,52,no_iniciado,0,2026-06-06
2284,464,53,no_iniciado,0,2026-06-06
2285,464,54,no_iniciado,0,2026-06-06
2286,464,55,no_iniciado,0,2026-06-06
2287,465,28,completado,100,2026-09-15
2288,465,29,completado,100,2026-09-17
2289,465,30,en_progreso,10,2026-09-17
2290,465,31,no_iniciado,0,2026-05-27
2291,466,1,en_progreso,10,2026-09-16
2292,466,2,no_iniciado,0,2026-06-21
2293,466,3,no_iniciado,0,2026-06-21
2294,466,4,no_iniciado,0,2026-06-21
2295,467,32,en_progreso,46.34,2026-09-17
2296,467,33,no_iniciado,0,2026-08-21
2297,467,34,no_iniciado,0,2026-08-21
2298,467,35,no_iniciado,0,2026-08-21
2299,467,36,no_iniciado,0,2026-08-21
2300,467,37,no_iniciado,0,2026-08-21
2301,468,9,completado,100,2026-09-15
2302,468,10,completado,100,2026-09-17
2303,468,11,no_iniciado,0,2026-05-03
2304,468,12,no_iniciado,0,2026-05-03
2305,469,32,en_progreso,21.98,2026-09-17
2306,469,33,no_iniciado,0,2026-07-14
2307,469,34,no_iniciado,0,2026-07-14
2308,469,35,no_iniciado,0,2026-07-14
2309,469,36,no_iniciado,0,2026-07-14
2310,469,37,no_iniciado,0,2026-07-14
2311,470,21,completado,100,2026-09-16
2312,470,22,en_progreso,26.8,2026-09-17
2313,470,23,no_iniciado,0,2026-06-29
2314,470,24,no_iniciado,0,2026-06-29
2315,470,25,no_iniciado,0,2026-06-29
2316,470,26,no_iniciado,0,2026-06-29
2317,470,27,no_iniciado,0,2026-06-29
2318,471,21,completado,100,2026-09-16
2319,471,22,en_progreso,10,2026-09-17
2320,471,23,no_iniciado,0,2026-05-05
2321,471,24,no_iniciado,0,2026-05-05
2322,471,25,no_iniciado,0,2026-05-05
2323,471,26,no_iniciado,0,2026-05-05
2324,471,27,no_iniciado,0,2026-05-05
2325,472,17,en_progreso,36.12,2026-09-17
2326,472,18,no_iniciado,0,2026-07-31
2327,472,19,no_iniciado,0,2026-07-31
2328,472,20,no_iniciado,0,2026-07-31
2329,473,56,completado,100,2026-09-17
2330,473,57,no_iniciado,0,2026-09-05
2331,473,58,no_iniciado,0,2026-09-05
2332,473,59,no_iniciado,0,2026-09-05
2333,473,60,no_iniciado,0,2026-09-05
2334,474,17,completado,100,2026-09-17
2335,474,18,no_iniciado,0,2026-05-24
2336,474,19,no_iniciado,0,2026-05-24
2337,474,20,no_iniciado,0,2026-05-24
2338,475,38,en_progreso,64.93,2026-09-17
2339,475,39,no_iniciado,0,2026-04-28
2340,475,40,no_iniciado,0,2026-04-28
2341,475,41,no_iniciado,0,2026-04-28
2342,475,42,no_iniciado,0,2026-04-28
2343,475,43,no_iniciado,0,2026-04-28
2344,476,38,en_progreso,29.17,2026-09-17
2345,476,39,no_iniciado,0,2026-06-09
2346,476,40,no_iniciado,0,2026-06-09
2347,476,41,no_iniciado,0,2026-06-09
2348,476,42,no_iniciado,0,2026-06-09
2349,476,43,no_iniciado,0,2026-06-09
2350,477,5,en_progreso,31.18,2026-09-17
2351,477,6,no_iniciado,0,2026-06-30
2352,477,7,no_iniciado,0,2026-06-30
2353,477,8,no_iniciado,0,2026-06-30
2354,478,56,en_progreso,53.4,2026-09-17
2355,478,57,no_iniciado,0,2026-08-26
2356,478,58,no_iniciado,0,2026-08-26
2357,478,59,no_iniciado,0,2026-08-26
2358,478,60,no_iniciado,0,2026-08-26
2359,479,32,completado,100,2026-09-16
2360,479,33,completado,100,2026-09-17
2361,479,34,en_progreso,10,2026-09-17
2362,479,35,no_iniciado,0,2026-08-13
2363,479,36,no_iniciado,0,2026-08-13
2364,479,37,no_iniciado,0,2026-08-13
2365,480,38,en_progreso,40.93,2026-09-17
2366,480,39,no_iniciado,0,2026-08-13
2367,480,40,no_iniciado,0,2026-08-13
2368,480,41,no_iniciado,0,2026-08-13
2369,480,42,no_iniciado,0,2026-08-13
2370,480,43,no_iniciado,0,2026-08-13
2371,481,56,completado,100,2026-09-16
2372,481,57,en_progreso,10,2026-09-17
2373,481,58,no_iniciado,0,2026-04-25
2374,481,59,no_iniciado,0,2026-04-25
2375,481,60,no_iniciado,0,2026-04-25
2376,482,50,en_progreso,57.1,2026-09-17
2377,482,51,no_iniciado,0,2026-05-02
2378,482,52,no_iniciado,0,2026-05-02
2379,482,53,no_iniciado,0,2026-05-02
2380,482,54,no_iniciado,0,2026-05-02
2381,482,55,no_iniciado,0,2026-05-02
2382,483,32,en_progreso,20.27,2026-09-17
2383,483,33,no_iniciado,0,2026-05-24
2384,483,34,no_iniciado,0,2026-05-24
2385,483,35,no_iniciado,0,2026-05-24
2386,483,36,no_iniciado,0,2026-05-24
2387,483,37,no_iniciado,0,2026-05-24
2388,484,1,completado,100,2026-09-15
2389,484,2,completado,100,2026-09-16
2390,484,3,en_progreso,10,2026-09-17
2391,484,4,no_iniciado,0,2026-09-12
2392,485,5,completado,100,2026-09-15
2393,485,6,en_progreso,60.26,2026-09-16
2394,485,7,no_iniciado,0,2026-08-10
2395,485,8,no_iniciado,0,2026-08-10
2396,486,13,completado,100,2026-09-16
2397,486,14,en_progreso,29.04,2026-09-17
2398,486,15,no_iniciado,0,2026-09-05
2399,486,16,no_iniciado,0,2026-09-05
2400,487,28,completado,100,2026-09-15
2401,487,29,completado,100,2026-09-16
2402,487,30,completado,100,2026-09-16
2403,487,31,en_progreso,30.53,2026-09-17
2404,488,13,en_progreso,26.66,2026-09-17
2405,488,14,no_iniciado,0,2026-08-04
2406,488,15,no_iniciado,0,2026-08-04
2407,488,16,no_iniciado,0,2026-08-04
2408,489,17,en_progreso,39.72,2026-09-16
2409,489,18,no_iniciado,0,2026-05-30
2410,489,19,no_iniciado,0,2026-05-30
2411,489,20,no_iniciado,0,2026-05-30
2412,490,44,completado,100,2026-09-17
2413,490,45,en_progreso,48.95,2026-09-17
2414,490,46,no_iniciado,0,2026-07-20
2415,490,47,no_iniciado,0,2026-07-20
2416,490,48,no_iniciado,0,2026-07-20
2417,490,49,no_iniciado,0,2026-07-20
2418,491,32,en_progreso,30.13,2026-09-16
2419,491,33,no_iniciado,0,2026-05-28
2420,491,34,no_iniciado,0,2026-05-28
2421,491,35,no_iniciado,0,2026-05-28
2422,491,36,no_iniciado,0,2026-05-28
2423,491,37,no_iniciado,0,2026-05-28
2424,492,38,en_progreso,30.97,2026-09-16
2425,492,39,no_iniciado,0,2026-06-21
2426,492,40,no_iniciado,0,2026-06-21
2427,492,41,no_iniciado,0,2026-06-21
2428,492,42,no_iniciado,0,2026-06-21
2429,492,43,no_iniciado,0,2026-06-21
2430,493,21,completado,100,2026-09-17
2431,493,22,no_iniciado,0,2026-06-15
2432,493,23,no_iniciado,0,2026-06-15
2433,493,24,no_iniciado,0,2026-06-15
2434,493,25,no_iniciado,0,2026-06-15
2435,493,26,no_iniciado,0,2026-06-15
2436,493,27,no_iniciado,0,2026-06-15
2437,494,28,en_progreso,23.71,2026-09-17
2438,494,29,no_iniciado,0,2026-04-20
2439,494,30,no_iniciado,0,2026-04-20
2440,494,31,no_iniciado,0,2026-04-20
2441,495,38,completado,100,2026-09-16
2442,495,39,completado,100,2026-09-16
2443,495,40,en_progreso,10,2026-09-17
2444,495,41,no_iniciado,0,2026-05-29
2445,495,42,no_iniciado,0,2026-05-29
2446,495,43,no_iniciado,0,2026-05-29
2447,496,21,en_progreso,58.91,2026-09-17
2448,496,22,no_iniciado,0,2026-05-24
2449,496,23,no_iniciado,0,2026-05-24
2450,496,24,no_iniciado,0,2026-05-24
2451,496,25,no_iniciado,0,2026-05-24
2452,496,26,no_iniciado,0,2026-05-24
2453,496,27,no_iniciado,0,2026-05-24
2454,497,32,en_progreso,34.7,2026-09-17
2455,497,33,no_iniciado,0,2026-09-08
2456,497,34,no_iniciado,0,2026-09-08
2457,497,35,no_iniciado,0,2026-09-08
2458,497,36,no_iniciado,0,2026-09-08
2459,497,37,no_iniciado,0,2026-09-08
2460,498,17,completado,100,2026-09-17
2461,498,18,en_progreso,33.66,2026-09-17
2462,498,19,no_iniciado,0,2026-05-10
2463,498,20,no_iniciado,0,2026-05-10
2464,499,56,completado,100,2026-09-15
2465,499,57,abandonado,23.47,2026-09-16
2466,499,58,no_iniciado,0,2026-09-10
2467,499,59,no_iniciado,0,2026-09-10
2468,499,60,no_iniciado,0,2026-09-10
2469,500,5,en_progreso,50.43,2026-09-17
2470,500,6,no_iniciado,0,2026-09-11
2471,500,7,no_iniciado,0,2026-09-11
2472,500,8,no_iniciado,0,2026-09-11
2473,501,13,abandonado,10,2026-09-15
2474,501,14,no_iniciado,0,2026-07-19
2475,501,15,no_iniciado,0,2026-07-19
2476,501,16,no_iniciado,0,2026-07-19
2477,502,21,en_progreso,63.09,2026-09-17
2478,502,22,no_iniciado,0,2026-06-04
2479,502,23,no_iniciado,0,2026-06-04
2480,502,24,no_iniciado,0,2026-06-04
2481,502,25,no_iniciado,0,2026-06-04
2482,502,26,no_iniciado,0,2026-06-04
2483,502,27,no_iniciado,0,2026-06-04
2484,503,5,completado,100,2026-09-17
2485,503,6,no_iniciado,0,2026-08-31
2486,503,7,no_iniciado,0,2026-08-31
2487,503,8,no_iniciado,0,2026-08-31
2488,504,38,en_progreso,39.51,2026-09-17
2489,504,39,no_iniciado,0,2026-08-13
2490,504,40,no_iniciado,0,2026-08-13
2491,504,41,no_iniciado,0,2026-08-13
2492,504,42,no_iniciado,0,2026-08-13
2493,504,43,no_iniciado,0,2026-08-13
2494,505,9,en_progreso,10,2026-09-17
2495,505,10,no_iniciado,0,2026-09-01
2496,505,11,no_iniciado,0,2026-09-01
2497,505,12,no_iniciado,0,2026-09-01
2498,506,13,en_progreso,33.85,2026-09-17
2499,506,14,no_iniciado,0,2026-05-27
2500,506,15,no_iniciado,0,2026-05-27
2501,506,16,no_iniciado,0,2026-05-27
2502,507,56,en_progreso,10,2026-09-17
2503,507,57,no_iniciado,0,2026-07-04
2504,507,58,no_iniciado,0,2026-07-04
2505,507,59,no_iniciado,0,2026-07-04
2506,507,60,no_iniciado,0,2026-07-04
2507,508,17,completado,100,2026-09-16
2508,508,18,en_progreso,23.9,2026-09-17
2509,508,19,no_iniciado,0,2026-06-03
2510,508,20,no_iniciado,0,2026-06-03
2511,509,44,en_progreso,24.63,2026-09-16
2512,509,45,no_iniciado,0,2026-08-03
2513,509,46,no_iniciado,0,2026-08-03
2514,509,47,no_iniciado,0,2026-08-03
2515,509,48,no_iniciado,0,2026-08-03
2516,509,49,no_iniciado,0,2026-08-03
2517,510,44,en_progreso,10,2026-09-17
2518,510,45,no_iniciado,0,2026-06-19
2519,510,46,no_iniciado,0,2026-06-19
2520,510,47,no_iniciado,0,2026-06-19
2521,510,48,no_iniciado,0,2026-06-19
2522,510,49,no_iniciado,0,2026-06-19
2523,511,17,abandonado,77.75,2026-09-17
2524,511,18,no_iniciado,0,2026-06-11
2525,511,19,no_iniciado,0,2026-06-11
2526,511,20,no_iniciado,0,2026-06-11
2527,512,5,completado,100,2026-09-17
2528,512,6,en_progreso,10,2026-09-17
2529,512,7,no_iniciado,0,2026-06-30
2530,512,8,no_iniciado,0,2026-06-30
2531,513,17,en_progreso,84.05,2026-09-17
2532,513,18,no_iniciado,0,2026-07-17
2533,513,19,no_iniciado,0,2026-07-17
2534,513,20,no_iniciado,0,2026-07-17
2535,514,21,abandonado,23.52,2026-09-16
2536,514,22,no_iniciado,0,2026-07-30
2537,514,23,no_iniciado,0,2026-07-30
2538,514,24,no_iniciado,0,2026-07-30
2539,514,25,no_iniciado,0,2026-07-30
2540,514,26,no_iniciado,0,2026-07-30
2541,514,27,no_iniciado,0,2026-07-30
2542,515,17,completado,100,2026-09-17
2543,515,18,en_progreso,10,2026-09-17
2544,515,19,no_iniciado,0,2026-08-21
2545,515,20,no_iniciado,0,2026-08-21
2546,516,56,completado,100,2026-09-15
2547,516,57,completado,100,2026-09-17
2548,516,58,no_iniciado,0,2026-06-26
2549,516,59,no_iniciado,0,2026-06-26
2550,516,60,no_iniciado,0,2026-06-26
2551,517,9,en_progreso,10,2026-09-16
2552,517,10,no_iniciado,0,2026-06-16
2553,517,11,no_iniciado,0,2026-06-16
2554,517,12,no_iniciado,0,2026-06-16
2555,518,17,completado,100,2026-09-16
2556,518,18,no_iniciado,0,2026-06-07
2557,518,19,no_iniciado,0,2026-06-07
2558,518,20,no_iniciado,0,2026-06-07
2559,519,1,en_progreso,31.71,2026-09-17
2560,519,2,no_iniciado,0,2026-06-26
2561,519,3,no_iniciado,0,2026-06-26
2562,519,4,no_iniciado,0,2026-06-26
2563,520,38,completado,100,2026-09-16
2564,520,39,completado,100,2026-09-17
2565,520,40,no_iniciado,0,2026-07-26
2566,520,41,no_iniciado,0,2026-07-26
2567,520,42,no_iniciado,0,2026-07-26
2568,520,43,no_iniciado,0,2026-07-26
2569,521,56,en_progreso,10,2026-09-17
2570,521,57,no_iniciado,0,2026-07-23
2571,521,58,no_iniciado,0,2026-07-23
2572,521,59,no_iniciado,0,2026-07-23
2573,521,60,no_iniciado,0,2026-07-23
2574,522,9,en_progreso,73.91,2026-09-17
2575,522,10,no_iniciado,0,2026-07-17
2576,522,11,no_iniciado,0,2026-07-17
2577,522,12,no_iniciado,0,2026-07-17
2578,523,32,no_iniciado,0,2026-05-07
2579,523,33,no_iniciado,0,2026-05-07
2580,523,34,no_iniciado,0,2026-05-07
2581,523,35,no_iniciado,0,2026-05-07
2582,523,36,no_iniciado,0,2026-05-07
2583,523,37,no_iniciado,0,2026-05-07
2584,524,5,en_progreso,10,2026-09-16
2585,524,6,no_iniciado,0,2026-09-05
2586,524,7,no_iniciado,0,2026-09-05
2587,524,8,no_iniciado,0,2026-09-05
2588,525,1,en_progreso,46.74,2026-09-17
2589,525,2,no_iniciado,0,2026-07-18
2590,525,3,no_iniciado,0,2026-07-18
2591,525,4,no_iniciado,0,2026-07-18
2592,526,17,completado,100,2026-09-16
2593,526,18,abandonado,10,2026-09-17
2594,526,19,no_iniciado,0,2026-09-12
2595,526,20,no_iniciado,0,2026-09-12
2596,527,32,en_progreso,23.52,2026-09-16
2597,527,33,no_iniciado,0,2026-06-19
2598,527,34,no_iniciado,0,2026-06-19
2599,527,35,no_iniciado,0,2026-06-19
2600,527,36,no_iniciado,0,2026-06-19
2601,527,37,no_iniciado,0,2026-06-19
2602,528,50,completado,100,2026-09-16
2603,528,51,abandonado,10,2026-09-17
2604,528,52,no_iniciado,0,2026-05-27
2605,528,53,no_iniciado,0,2026-05-27
2606,528,54,no_iniciado,0,2026-05-27
2607,528,55,no_iniciado,0,2026-05-27
2608,529,21,completado,100,2026-09-16
2609,529,22,no_iniciado,0,2026-06-28
2610,529,23,no_iniciado,0,2026-06-28
2611,529,24,no_iniciado,0,2026-06-28
2612,529,25,no_iniciado,0,2026-06-28
2613,529,26,no_iniciado,0,2026-06-28
2614,529,27,no_iniciado,0,2026-06-28
2615,530,9,en_progreso,10,2026-09-15
2616,530,10,no_iniciado,0,2026-06-17
2617,530,11,no_iniciado,0,2026-06-17
2618,530,12,no_iniciado,0,2026-06-17
2619,531,17,en_progreso,49.83,2026-09-17
2620,531,18,no_iniciado,0,2026-07-07
2621,531,19,no_iniciado,0,2026-07-07
2622,531,20,no_iniciado,0,2026-07-07
2623,532,5,en_progreso,42.91,2026-09-17
2624,532,6,no_iniciado,0,2026-04-26
2625,532,7,no_iniciado,0,2026-04-26
2626,532,8,no_iniciado,0,2026-04-26
2627,533,56,completado,100,2026-09-15
2628,533,57,completado,100,2026-09-16
2629,533,58,en_progreso,28.84,2026-09-17
2630,533,59,no_iniciado,0,2026-08-05
2631,533,60,no_iniciado,0,2026-08-05
2632,534,32,en_progreso,29.1,2026-09-17
2633,534,33,no_iniciado,0,2026-05-30
2634,534,34,no_iniciado,0,2026-05-30
2635,534,35,no_iniciado,0,2026-05-30
2636,534,36,no_iniciado,0,2026-05-30
2637,534,37,no_iniciado,0,2026-05-30
2638,535,5,abandonado,26.13,2026-09-17
2639,535,6,no_iniciado,0,2026-09-08
2640,535,7,no_iniciado,0,2026-09-08
2641,535,8,no_iniciado,0,2026-09-08
2642,536,50,completado,100,2026-09-17
2643,536,51,en_progreso,10,2026-09-17
2644,536,52,no_iniciado,0,2026-05-16
2645,536,53,no_iniciado,0,2026-05-16
2646,536,54,no_iniciado,0,2026-05-16
2647,536,55,no_iniciado,0,2026-05-16
2648,537,56,en_progreso,10,2026-09-17
2649,537,57,no_iniciado,0,2026-04-21
2650,537,58,no_iniciado,0,2026-04-21
2651,537,59,no_iniciado,0,2026-04-21
2652,537,60,no_iniciado,0,2026-04-21
2653,538,1,en_progreso,89.1,2026-09-17
2654,538,2,no_iniciado,0,2026-06-07
2655,538,3,no_iniciado,0,2026-06-07
2656,538,4,no_iniciado,0,2026-06-07
2657,539,9,en_progreso,48.15,2026-09-17
2658,539,10,no_iniciado,0,2026-08-03
2659,539,11,no_iniciado,0,2026-08-03
2660,539,12,no_iniciado,0,2026-08-03
2661,540,17,completado,100,2026-09-16
2662,540,18,en_progreso,41.48,2026-09-17
2663,540,19,no_iniciado,0,2026-08-09
2664,540,20,no_iniciado,0,2026-08-09
2665,541,5,abandonado,10,2026-09-17
2666,541,6,no_iniciado,0,2026-08-08
2667,541,7,no_iniciado,0,2026-08-08
2668,541,8,no_iniciado,0,2026-08-08
2669,542,13,completado,100,2026-09-15
2670,542,14,abandonado,10,2026-09-16
2671,542,15,no_iniciado,0,2026-09-04
2672,542,16,no_iniciado,0,2026-09-04
2673,543,38,en_progreso,82.07,2026-09-17
2674,543,39,no_iniciado,0,2026-07-08
2675,543,40,no_iniciado,0,2026-07-08
2676,543,41,no_iniciado,0,2026-07-08
2677,543,42,no_iniciado,0,2026-07-08
2678,543,43,no_iniciado,0,2026-07-08
2679,544,44,en_progreso,10,2026-09-17
2680,544,45,no_iniciado,0,2026-06-14
2681,544,46,no_iniciado,0,2026-06-14
2682,544,47,no_iniciado,0,2026-06-14
2683,544,48,no_iniciado,0,2026-06-14
2684,544,49,no_iniciado,0,2026-06-14
2685,545,56,completado,100,2026-09-16
2686,545,57,en_progreso,10,2026-09-17
2687,545,58,no_iniciado,0,2026-05-17
2688,545,59,no_iniciado,0,2026-05-17
2689,545,60,no_iniciado,0,2026-05-17
2690,546,13,en_progreso,66.92,2026-09-16
2691,546,14,no_iniciado,0,2026-05-26
2692,546,15,no_iniciado,0,2026-05-26
2693,546,16,no_iniciado,0,2026-05-26
2694,547,38,completado,100,2026-09-15
2695,547,39,en_progreso,10,2026-09-17
2696,547,40,no_iniciado,0,2026-06-21
2697,547,41,no_iniciado,0,2026-06-21
2698,547,42,no_iniciado,0,2026-06-21
2699,547,43,no_iniciado,0,2026-06-21
2700,548,28,en_progreso,10,2026-09-16
2701,548,29,no_iniciado,0,2026-06-01
2702,548,30,no_iniciado,0,2026-06-01
2703,548,31,no_iniciado,0,2026-06-01
2704,549,32,en_progreso,10,2026-09-16
2705,549,33,no_iniciado,0,2026-06-30
2706,549,34,no_iniciado,0,2026-06-30
2707,549,35,no_iniciado,0,2026-06-30
2708,549,36,no_iniciado,0,2026-06-30
2709,549,37,no_iniciado,0,2026-06-30
2710,550,17,completado,100,2026-09-15
2711,550,18,completado,100,2026-09-17
2712,550,19,no_iniciado,0,2026-08-06
2713,550,20,no_iniciado,0,2026-08-06
2714,551,28,no_iniciado,0,2026-06-04
2715,551,29,no_iniciado,0,2026-06-04
2716,551,30,no_iniciado,0,2026-06-04
2717,551,31,no_iniciado,0,2026-06-04
2718,552,17,abandonado,20.41,2026-09-15
2719,552,18,no_iniciado,0,2026-07-23
2720,552,19,no_iniciado,0,2026-07-23
2721,552,20,no_iniciado,0,2026-07-23
2722,553,44,abandonado,10,2026-09-17
2723,553,45,no_iniciado,0,2026-08-02
2724,553,46,no_iniciado,0,2026-08-02
2725,553,47,no_iniciado,0,2026-08-02
2726,553,48,no_iniciado,0,2026-08-02
2727,553,49,no_iniciado,0,2026-08-02
2728,554,1,en_progreso,10,2026-09-15
2729,554,2,no_iniciado,0,2026-08-23
2730,554,3,no_iniciado,0,2026-08-23
2731,554,4,no_iniciado,0,2026-08-23
2732,555,44,en_progreso,69.48,2026-09-17
2733,555,45,no_iniciado,0,2026-08-28
2734,555,46,no_iniciado,0,2026-08-28
2735,555,47,no_iniciado,0,2026-08-28
2736,555,48,no_iniciado,0,2026-08-28
2737,555,49,no_iniciado,0,2026-08-28
2738,556,5,en_progreso,69.33,2026-09-17
2739,556,6,no_iniciado,0,2026-06-22
2740,556,7,no_iniciado,0,2026-06-22
2741,556,8,no_iniciado,0,2026-06-22
2742,557,50,en_progreso,10,2026-09-17
2743,557,51,no_iniciado,0,2026-06-06
2744,557,52,no_iniciado,0,2026-06-06
2745,557,53,no_iniciado,0,2026-06-06
2746,557,54,no_iniciado,0,2026-06-06
2747,557,55,no_iniciado,0,2026-06-06
2748,558,17,completado,100,2026-09-16
2749,558,18,completado,100,2026-09-16
2750,558,19,en_progreso,10,2026-09-17
2751,558,20,no_iniciado,0,2026-09-13
2752,559,5,completado,100,2026-09-17
2753,559,6,en_progreso,10,2026-09-17
2754,559,7,no_iniciado,0,2026-07-21
2755,559,8,no_iniciado,0,2026-07-21
2756,560,9,completado,100,2026-09-16
2757,560,10,en_progreso,10,2026-09-16
2758,560,11,no_iniciado,0,2026-09-05
2759,560,12,no_iniciado,0,2026-09-05
2760,561,13,en_progreso,74.29,2026-09-17
2761,561,14,no_iniciado,0,2026-08-20
2762,561,15,no_iniciado,0,2026-08-20
2763,561,16,no_iniciado,0,2026-08-20
2764,562,38,en_progreso,51.85,2026-09-16
2765,562,39,no_iniciado,0,2026-09-08
2766,562,40,no_iniciado,0,2026-09-08
2767,562,41,no_iniciado,0,2026-09-08
2768,562,42,no_iniciado,0,2026-09-08
2769,562,43,no_iniciado,0,2026-09-08
2770,563,9,completado,100,2026-09-16
2771,563,10,no_iniciado,0,2026-07-22
2772,563,11,no_iniciado,0,2026-07-22
2773,563,12,no_iniciado,0,2026-07-22
2774,564,28,en_progreso,72.05,2026-09-17
2775,564,29,no_iniciado,0,2026-07-16
2776,564,30,no_iniciado,0,2026-07-16
2777,564,31,no_iniciado,0,2026-07-16
2778,565,56,en_progreso,59.9,2026-09-17
2779,565,57,no_iniciado,0,2026-05-20
2780,565,58,no_iniciado,0,2026-05-20
2781,565,59,no_iniciado,0,2026-05-20
2782,565,60,no_iniciado,0,2026-05-20
2783,566,44,en_progreso,20.41,2026-09-17
2784,566,45,no_iniciado,0,2026-09-07
2785,566,46,no_iniciado,0,2026-09-07
2786,566,47,no_iniciado,0,2026-09-07
2787,566,48,no_iniciado,0,2026-09-07
2788,566,49,no_iniciado,0,2026-09-07
2789,567,17,en_progreso,30.54,2026-09-15
2790,567,18,no_iniciado,0,2026-06-25
2791,567,19,no_iniciado,0,2026-06-25
2792,567,20,no_iniciado,0,2026-06-25
2793,568,1,completado,100,2026-09-16
2794,568,2,en_progreso,51.85,2026-09-17
2795,568,3,no_iniciado,0,2026-05-20
2796,568,4,no_iniciado,0,2026-05-20
2797,569,17,completado,100,2026-09-16
2798,569,18,completado,100,2026-09-17
2799,569,19,en_progreso,10,2026-09-17
2800,569,20,no_iniciado,0,2026-05-15
2801,570,17,completado,100,2026-09-17
2802,570,18,no_iniciado,0,2026-09-04
2803,570,19,no_iniciado,0,2026-09-04
2804,570,20,no_iniciado,0,2026-09-04
2805,571,32,en_progreso,68.68,2026-09-17
2806,571,33,no_iniciado,0,2026-08-02
2807,571,34,no_iniciado,0,2026-08-02
2808,571,35,no_iniciado,0,2026-08-02
2809,571,36,no_iniciado,0,2026-08-02
2810,571,37,no_iniciado,0,2026-08-02
2811,572,5,en_progreso,23.37,2026-09-15
2812,572,6,no_iniciado,0,2026-07-21
2813,572,7,no_iniciado,0,2026-07-21
2814,572,8,no_iniciado,0,2026-07-21
2815,573,13,completado,100,2026-09-17
2816,573,14,no_iniciado,0,2026-05-23
2817,573,15,no_iniciado,0,2026-05-23
2818,573,16,no_iniciado,0,2026-05-23
2819,574,17,en_progreso,10,2026-09-16
2820,574,18,no_iniciado,0,2026-08-01
2821,574,19,no_iniciado,0,2026-08-01
2822,574,20,no_iniciado,0,2026-08-01
2823,575,44,abandonado,20.81,2026-09-17
2824,575,45,no_iniciado,0,2026-08-20
2825,575,46,no_iniciado,0,2026-08-20
2826,575,47,no_iniciado,0,2026-08-20
2827,575,48,no_iniciado,0,2026-08-20
2828,575,49,no_iniciado,0,2026-08-20
2829,576,13,completado,100,2026-09-15
2830,576,14,en_progreso,10,2026-09-15
2831,576,15,no_iniciado,0,2026-04-29
2832,576,16,no_iniciado,0,2026-04-29
2833,577,28,en_progreso,72.09,2026-09-17
2834,577,29,no_iniciado,0,2026-07-28
2835,577,30,no_iniciado,0,2026-07-28
2836,577,31,no_iniciado,0,2026-07-28
2837,578,5,en_progreso,63.41,2026-09-17
2838,578,6,no_iniciado,0,2026-04-24
2839,578,7,no_iniciado,0,2026-04-24
2840,578,8,no_iniciado,0,2026-04-24
2841,579,13,completado,100,2026-09-17
2842,579,14,en_progreso,10,2026-09-17
2843,579,15,no_iniciado,0,2026-05-02
2844,579,16,no_iniciado,0,2026-05-02
2845,580,50,en_progreso,10,2026-09-17
2846,580,51,no_iniciado,0,2026-08-25
2847,580,52,no_iniciado,0,2026-08-25
2848,580,53,no_iniciado,0,2026-08-25
2849,580,54,no_iniciado,0,2026-08-25
2850,580,55,no_iniciado,0,2026-08-25
2851,581,9,completado,100,2026-09-15
2852,581,10,completado,100,2026-09-17
2853,581,11,no_iniciado,0,2026-04-27
2854,581,12,no_iniciado,0,2026-04-27
2855,582,9,en_progreso,87.74,2026-09-16
2856,582,10,no_iniciado,0,2026-09-13
2857,582,11,no_iniciado,0,2026-09-13
2858,582,12,no_iniciado,0,2026-09-13
2859,583,5,en_progreso,45.15,2026-09-17
2860,583,6,no_iniciado,0,2026-04-19
2861,583,7,no_iniciado,0,2026-04-19
2862,583,8,no_iniciado,0,2026-04-19
2863,584,9,en_progreso,10,2026-09-16
2864,584,10,no_iniciado,0,2026-07-07
2865,584,11,no_iniciado,0,2026-07-07
2866,584,12,no_iniciado,0,2026-07-07
2867,585,44,completado,100,2026-09-16
2868,585,45,no_iniciado,0,2026-05-14
2869,585,46,no_iniciado,0,2026-05-14
2870,585,47,no_iniciado,0,2026-05-14
2871,585,48,no_iniciado,0,2026-05-14
2872,585,49,no_iniciado,0,2026-05-14
2873,586,56,abandonado,10,2026-09-15
2874,586,57,no_iniciado,0,2026-08-18
2875,586,58,no_iniciado,0,2026-08-18
2876,586,59,no_iniciado,0,2026-08-18
2877,586,60,no_iniciado,0,2026-08-18
2878,587,32,en_progreso,81.58,2026-09-17
2879,587,33,no_iniciado,0,2026-06-01
2880,587,34,no_iniciado,0,2026-06-01
2881,587,35,no_iniciado,0,2026-06-01
2882,587,36,no_iniciado,0,2026-06-01
2883,587,37,no_iniciado,0,2026-06-01
2884,588,5,en_progreso,55.54,2026-09-17
2885,588,6,no_iniciado,0,2026-05-01
2886,588,7,no_iniciado,0,2026-05-01
2887,588,8,no_iniciado,0,2026-05-01
2888,589,56,completado,100,2026-09-17
2889,589,57,en_progreso,10,2026-09-17
2890,589,58,no_iniciado,0,2026-09-02
2891,589,59,no_iniciado,0,2026-09-02
2892,589,60,no_iniciado,0,2026-09-02
2893,590,17,completado,100,2026-09-17
2894,590,18,en_progreso,10,2026-09-17
2895,590,19,no_iniciado,0,2026-05-17
2896,590,20,no_iniciado,0,2026-05-17
2897,591,28,en_progreso,34.35,2026-09-16
2898,591,29,no_iniciado,0,2026-04-19
2899,591,30,no_iniciado,0,2026-04-19
2900,591,31,no_iniciado,0,2026-04-19
2901,592,17,abandonado,79.48,2026-09-16
2902,592,18,no_iniciado,0,2026-05-30
2903,592,19,no_iniciado,0,2026-05-30
2904,592,20,no_iniciado,0,2026-05-30
2905,593,38,completado,100,2026-09-16
2906,593,39,completado,100,2026-09-17
2907,593,40,no_iniciado,0,2026-07-25
2908,593,41,no_iniciado,0,2026-07-25
2909,593,42,no_iniciado,0,2026-07-25
2910,593,43,no_iniciado,0,2026-07-25
2911,594,32,en_progreso,94.49,2026-09-17
2912,594,33,no_iniciado,0,2026-07-15
2913,594,34,no_iniciado,0,2026-07-15
2914,594,35,no_iniciado,0,2026-07-15
2915,594,36,no_iniciado,0,2026-07-15
2916,594,37,no_iniciado,0,2026-07-15
2917,595,56,completado,100,2026-09-16
2918,595,57,en_progreso,10,2026-09-17
2919,595,58,no_iniciado,0,2026-06-29
2920,595,59,no_iniciado,0,2026-06-29
2921,595,60,no_iniciado,0,2026-06-29
2922,596,5,completado,100,2026-09-16
2923,596,6,en_progreso,33.4,2026-09-17
2924,596,7,no_iniciado,0,2026-04-29
2925,596,8,no_iniciado,0,2026-04-29
2926,597,1,completado,100,2026-09-16
2927,597,2,en_progreso,33.97,2026-09-17
2928,597,3,no_iniciado,0,2026-08-15
2929,597,4,no_iniciado,0,2026-08-15
2930,598,28,en_progreso,52.64,2026-09-17
2931,598,29,no_iniciado,0,2026-08-19
2932,598,30,no_iniciado,0,2026-08-19
2933,598,31,no_iniciado,0,2026-08-19
2934,599,21,completado,100,2026-09-16
2935,599,22,en_progreso,10,2026-09-16
2936,599,23,no_iniciado,0,2026-08-25
2937,599,24,no_iniciado,0,2026-08-25
2938,599,25,no_iniciado,0,2026-08-25
2939,599,26,no_iniciado,0,2026-08-25
2940,599,27,no_iniciado,0,2026-08-25
2941,600,17,en_progreso,95,2026-09-17
2942,600,18,no_iniciado,0,2026-08-15
2943,600,19,no_iniciado,0,2026-08-15
2944,600,20,no_iniciado,0,2026-08-15
2945,601,1,en_progreso,42.46,2026-09-17
2946,601,2,no_iniciado,0,2026-07-20
2947,601,3,no_iniciado,0,2026-07-20
2948,601,4,no_iniciado,0,2026-07-20
2949,602,5,en_progreso,26.3,2026-09-17
2950,602,6,no_iniciado,0,2026-08-24
2951,602,7,no_iniciado,0,2026-08-24
2952,602,8,no_iniciado,0,2026-08-24
2953,603,50,no_iniciado,0,2026-07-21
2954,603,51,no_iniciado,0,2026-07-21
2955,603,52,no_iniciado,0,2026-07-21
2956,603,53,no_iniciado,0,2026-07-21
2957,603,54,no_iniciado,0,2026-07-21
2958,603,55,no_iniciado,0,2026-07-21
2959,604,44,completado,100,2026-09-16
2960,604,45,abandonado,21.83,2026-09-16
2961,604,46,no_iniciado,0,2026-04-21
2962,604,47,no_iniciado,0,2026-04-21
2963,604,48,no_iniciado,0,2026-04-21
2964,604,49,no_iniciado,0,2026-04-21
2965,605,1,en_progreso,35.25,2026-09-17
2966,605,2,no_iniciado,0,2026-04-19
2967,605,3,no_iniciado,0,2026-04-19
2968,605,4,no_iniciado,0,2026-04-19
2969,606,17,en_progreso,10,2026-09-17
2970,606,18,no_iniciado,0,2026-07-30
2971,606,19,no_iniciado,0,2026-07-30
2972,606,20,no_iniciado,0,2026-07-30
2973,607,1,en_progreso,10,2026-09-17
2974,607,2,no_iniciado,0,2026-08-03
2975,607,3,no_iniciado,0,2026-08-03
2976,607,4,no_iniciado,0,2026-08-03
2977,608,9,en_progreso,30.45,2026-09-17
2978,608,10,no_iniciado,0,2026-07-06
2979,608,11,no_iniciado,0,2026-07-06
2980,608,12,no_iniciado,0,2026-07-06
2981,609,32,en_progreso,69.97,2026-09-17
2982,609,33,no_iniciado,0,2026-04-20
2983,609,34,no_iniciado,0,2026-04-20
2984,609,35,no_iniciado,0,2026-04-20
2985,609,36,no_iniciado,0,2026-04-20
2986,609,37,no_iniciado,0,2026-04-20
2987,610,50,en_progreso,57.21,2026-09-16
2988,610,51,no_iniciado,0,2026-04-21
2989,610,52,no_iniciado,0,2026-04-21
2990,610,53,no_iniciado,0,2026-04-21
2991,610,54,no_iniciado,0,2026-04-21
2992,610,55,no_iniciado,0,2026-04-21
2993,611,32,completado,100,2026-09-17
2994,611,33,en_progreso,31.13,2026-09-17
2995,611,34,no_iniciado,0,2026-07-29
2996,611,35,no_iniciado,0,2026-07-29
2997,611,36,no_iniciado,0,2026-07-29
2998,611,37,no_iniciado,0,2026-07-29
2999,612,17,en_progreso,53.45,2026-09-16
3000,612,18,no_iniciado,0,2026-09-05
3001,612,19,no_iniciado,0,2026-09-05
3002,612,20,no_iniciado,0,2026-09-05
3003,613,44,en_progreso,42.22,2026-09-17
3004,613,45,no_iniciado,0,2026-06-10
3005,613,46,no_iniciado,0,2026-06-10
3006,613,47,no_iniciado,0,2026-06-10
3007,613,48,no_iniciado,0,2026-06-10
3008,613,49,no_iniciado,0,2026-06-10
3009,614,50,en_progreso,22.3,2026-09-16
3010,614,51,no_iniciado,0,2026-07-31
3011,614,52,no_iniciado,0,2026-07-31
3012,614,53,no_iniciado,0,2026-07-31
3013,614,54,no_iniciado,0,2026-07-31
3014,614,55,no_iniciado,0,2026-07-31
3015,615,32,completado,100,2026-09-15
3016,615,33,abandonado,10,2026-09-17
3017,615,34,no_iniciado,0,2026-06-12
3018,615,35,no_iniciado,0,2026-06-12
3019,615,36,no_iniciado,0,2026-06-12
3020,615,37,no_iniciado,0,2026-06-12
3021,616,32,completado,100,2026-09-17
3022,616,33,no_iniciado,0,2026-04-21
3023,616,34,no_iniciado,0,2026-04-21
3024,616,35,no_iniciado,0,2026-04-21
3025,616,36,no_iniciado,0,2026-04-21
3026,616,37,no_iniciado,0,2026-04-21
3027,617,28,completado,100,2026-09-16
3028,617,29,en_progreso,83.91,2026-09-17
3029,617,30,no_iniciado,0,2026-07-24
3030,617,31,no_iniciado,0,2026-07-24
3031,618,21,completado,100,2026-09-17
3032,618,22,no_iniciado,0,2026-08-31
3033,618,23,no_iniciado,0,2026-08-31
3034,618,24,no_iniciado,0,2026-08-31
3035,618,25,no_iniciado,0,2026-08-31
3036,618,26,no_iniciado,0,2026-08-31
3037,618,27,no_iniciado,0,2026-08-31
3038,619,50,completado,100,2026-09-17
3039,619,51,no_iniciado,0,2026-08-26
3040,619,52,no_iniciado,0,2026-08-26
3041,619,53,no_iniciado,0,2026-08-26
3042,619,54,no_iniciado,0,2026-08-26
3043,619,55,no_iniciado,0,2026-08-26
3044,620,5,en_progreso,10,2026-09-15
3045,620,6,no_iniciado,0,2026-07-10
3046,620,7,no_iniciado,0,2026-07-10
3047,620,8,no_iniciado,0,2026-07-10
3048,621,21,completado,100,2026-09-17
3049,621,22,en_progreso,10,2026-09-17
3050,621,23,no_iniciado,0,2026-05-22
3051,621,24,no_iniciado,0,2026-05-22
3052,621,25,no_iniciado,0,2026-05-22
3053,621,26,no_iniciado,0,2026-05-22
3054,621,27,no_iniciado,0,2026-05-22
3055,622,56,en_progreso,28.92,2026-09-17
3056,622,57,no_iniciado,0,2026-05-08
3057,622,58,no_iniciado,0,2026-05-08
3058,622,59,no_iniciado,0,2026-05-08
3059,622,60,no_iniciado,0,2026-05-08
3060,623,32,completado,100,2026-09-17
3061,623,33,no_iniciado,0,2026-05-06
3062,623,34,no_iniciado,0,2026-05-06
3063,623,35,no_iniciado,0,2026-05-06
3064,623,36,no_iniciado,0,2026-05-06
3065,623,37,no_iniciado,0,2026-05-06
3066,624,50,en_progreso,53.44,2026-09-17
3067,624,51,no_iniciado,0,2026-07-28
3068,624,52,no_iniciado,0,2026-07-28
3069,624,53,no_iniciado,0,2026-07-28
3070,624,54,no_iniciado,0,2026-07-28
3071,624,55,no_iniciado,0,2026-07-28
3072,625,28,abandonado,10,2026-09-16
3073,625,29,no_iniciado,0,2026-05-16
3074,625,30,no_iniciado,0,2026-05-16
3075,625,31,no_iniciado,0,2026-05-16
3076,626,1,completado,100,2026-09-17
3077,626,2,no_iniciado,0,2026-06-03
3078,626,3,no_iniciado,0,2026-06-03
3079,626,4,no_iniciado,0,2026-06-03
3080,627,32,en_progreso,10,2026-09-17
3081,627,33,no_iniciado,0,2026-05-25
3082,627,34,no_iniciado,0,2026-05-25
3083,627,35,no_iniciado,0,2026-05-25
3084,627,36,no_iniciado,0,2026-05-25
3085,627,37,no_iniciado,0,2026-05-25
3086,628,5,en_progreso,10,2026-09-15
3087,628,6,no_iniciado,0,2026-08-16
3088,628,7,no_iniciado,0,2026-08-16
3089,628,8,no_iniciado,0,2026-08-16
3090,629,17,completado,100,2026-09-17
3091,629,18,en_progreso,10,2026-09-17
3092,629,19,no_iniciado,0,2026-07-29
3093,629,20,no_iniciado,0,2026-07-29
3094,630,21,completado,100,2026-09-15
3095,630,22,abandonado,20.29,2026-09-16
3096,630,23,no_iniciado,0,2026-06-06
3097,630,24,no_iniciado,0,2026-06-06
3098,630,25,no_iniciado,0,2026-06-06
3099,630,26,no_iniciado,0,2026-06-06
3100,630,27,no_iniciado,0,2026-06-06
3101,631,28,en_progreso,54.58,2026-09-17
3102,631,29,no_iniciado,0,2026-06-25
3103,631,30,no_iniciado,0,2026-06-25
3104,631,31,no_iniciado,0,2026-06-25
3105,632,1,en_progreso,34.35,2026-09-17
3106,632,2,no_iniciado,0,2026-06-08
3107,632,3,no_iniciado,0,2026-06-08
3108,632,4,no_iniciado,0,2026-06-08
3109,633,50,en_progreso,95,2026-09-17
3110,633,51,no_iniciado,0,2026-07-04
3111,633,52,no_iniciado,0,2026-07-04
3112,633,53,no_iniciado,0,2026-07-04
3113,633,54,no_iniciado,0,2026-07-04
3114,633,55,no_iniciado,0,2026-07-04
3115,634,38,completado,100,2026-09-15
3116,634,39,en_progreso,39.24,2026-09-17
3117,634,40,no_iniciado,0,2026-05-03
3118,634,41,no_iniciado,0,2026-05-03
3119,634,42,no_iniciado,0,2026-05-03
3120,634,43,no_iniciado,0,2026-05-03
3121,635,28,completado,100,2026-09-17
3122,635,29,no_iniciado,0,2026-06-29
3123,635,30,no_iniciado,0,2026-06-29
3124,635,31,no_iniciado,0,2026-06-29
3125,636,1,en_progreso,34.84,2026-09-17
3126,636,2,no_iniciado,0,2026-07-05
3127,636,3,no_iniciado,0,2026-07-05
3128,636,4,no_iniciado,0,2026-07-05
3129,637,38,abandonado,23.29,2026-09-17
3130,637,39,no_iniciado,0,2026-07-16
3131,637,40,no_iniciado,0,2026-07-16
3132,637,41,no_iniciado,0,2026-07-16
3133,637,42,no_iniciado,0,2026-07-16
3134,637,43,no_iniciado,0,2026-07-16
3135,638,44,en_progreso,21.83,2026-09-17
3136,638,45,no_iniciado,0,2026-08-05
3137,638,46,no_iniciado,0,2026-08-05
3138,638,47,no_iniciado,0,2026-08-05
3139,638,48,no_iniciado,0,2026-08-05
3140,638,49,no_iniciado,0,2026-08-05
3141,639,32,en_progreso,10,2026-09-17
3142,639,33,no_iniciado,0,2026-06-04
3143,639,34,no_iniciado,0,2026-06-04
3144,639,35,no_iniciado,0,2026-06-04
3145,639,36,no_iniciado,0,2026-06-04
3146,639,37,no_iniciado,0,2026-06-04
3147,640,32,en_progreso,10,2026-09-16
3148,640,33,no_iniciado,0,2026-08-31
3149,640,34,no_iniciado,0,2026-08-31
3150,640,35,no_iniciado,0,2026-08-31
3151,640,36,no_iniciado,0,2026-08-31
3152,640,37,no_iniciado,0,2026-08-31
3153,641,1,en_progreso,10,2026-09-16
3154,641,2,no_iniciado,0,2026-05-31
3155,641,3,no_iniciado,0,2026-05-31
3156,641,4,no_iniciado,0,2026-05-31
3157,642,13,en_progreso,10,2026-09-15
3158,642,14,no_iniciado,0,2026-06-15
3159,642,15,no_iniciado,0,2026-06-15
3160,642,16,no_iniciado,0,2026-06-15
3161,643,38,completado,100,2026-09-15
3162,643,39,completado,100,2026-09-17
3163,643,40,en_progreso,10,2026-09-17
3164,643,41,no_iniciado,0,2026-08-28
3165,643,42,no_iniciado,0,2026-08-28
3166,643,43,no_iniciado,0,2026-08-28
3167,644,9,abandonado,47.93,2026-09-16
3168,644,10,no_iniciado,0,2026-05-03
3169,644,11,no_iniciado,0,2026-05-03
3170,644,12,no_iniciado,0,2026-05-03
3171,645,32,en_progreso,30.34,2026-09-15
3172,645,33,no_iniciado,0,2026-08-22
3173,645,34,no_iniciado,0,2026-08-22
3174,645,35,no_iniciado,0,2026-08-22
3175,645,36,no_iniciado,0,2026-08-22
3176,645,37,no_iniciado,0,2026-08-22
3177,646,56,en_progreso,33.2,2026-09-17
3178,646,57,no_iniciado,0,2026-08-22
3179,646,58,no_iniciado,0,2026-08-22
3180,646,59,no_iniciado,0,2026-08-22
3181,646,60,no_iniciado,0,2026-08-22
3182,647,1,en_progreso,43.98,2026-09-16
3183,647,2,no_iniciado,0,2026-09-12
3184,647,3,no_iniciado,0,2026-09-12
3185,647,4,no_iniciado,0,2026-09-12
3186,648,44,completado,100,2026-09-16
3187,648,45,no_iniciado,0,2026-04-24
3188,648,46,no_iniciado,0,2026-04-24
3189,648,47,no_iniciado,0,2026-04-24
3190,648,48,no_iniciado,0,2026-04-24
3191,648,49,no_iniciado,0,2026-04-24
3192,649,13,en_progreso,10,2026-09-15
3193,649,14,no_iniciado,0,2026-05-06
3194,649,15,no_iniciado,0,2026-05-06
3195,649,16,no_iniciado,0,2026-05-06
3196,650,9,en_progreso,22.3,2026-09-17
3197,650,10,no_iniciado,0,2026-07-05
3198,650,11,no_iniciado,0,2026-07-05
3199,650,12,no_iniciado,0,2026-07-05
3200,651,38,abandonado,55.9,2026-09-17
3201,651,39,no_iniciado,0,2026-06-30
3202,651,40,no_iniciado,0,2026-06-30
3203,651,41,no_iniciado,0,2026-06-30
3204,651,42,no_iniciado,0,2026-06-30
3205,651,43,no_iniciado,0,2026-06-30
3206,652,1,completado,100,2026-09-16
3207,652,2,en_progreso,38.41,2026-09-17
3208,652,3,no_iniciado,0,2026-06-30
3209,652,4,no_iniciado,0,2026-06-30
3210,653,28,en_progreso,29.97,2026-09-17
3211,653,29,no_iniciado,0,2026-08-03
3212,653,30,no_iniciado,0,2026-08-03
3213,653,31,no_iniciado,0,2026-08-03
3214,654,5,no_iniciado,0,2026-07-19
3215,654,6,no_iniciado,0,2026-07-19
3216,654,7,no_iniciado,0,2026-07-19
3217,654,8,no_iniciado,0,2026-07-19
3218,655,13,en_progreso,72.73,2026-09-17
3219,655,14,no_iniciado,0,2026-04-28
3220,655,15,no_iniciado,0,2026-04-28
3221,655,16,no_iniciado,0,2026-04-28
3222,656,32,completado,100,2026-09-15
3223,656,33,en_progreso,10,2026-09-16
3224,656,34,no_iniciado,0,2026-08-19
3225,656,35,no_iniciado,0,2026-08-19
3226,656,36,no_iniciado,0,2026-08-19
3227,656,37,no_iniciado,0,2026-08-19
3228,657,50,en_progreso,59.57,2026-09-17
3229,657,51,no_iniciado,0,2026-04-19
3230,657,52,no_iniciado,0,2026-04-19
3231,657,53,no_iniciado,0,2026-04-19
3232,657,54,no_iniciado,0,2026-04-19
3233,657,55,no_iniciado,0,2026-04-19
3234,658,32,en_progreso,40.07,2026-09-17
3235,658,33,no_iniciado,0,2026-09-01
3236,658,34,no_iniciado,0,2026-09-01
3237,658,35,no_iniciado,0,2026-09-01
3238,658,36,no_iniciado,0,2026-09-01
3239,658,37,no_iniciado,0,2026-09-01
3240,659,17,en_progreso,67.03,2026-09-17
3241,659,18,no_iniciado,0,2026-05-21
3242,659,19,no_iniciado,0,2026-05-21
3243,659,20,no_iniciado,0,2026-05-21
3244,660,38,en_progreso,10,2026-09-17
3245,660,39,no_iniciado,0,2026-05-04
3246,660,40,no_iniciado,0,2026-05-04
3247,660,41,no_iniciado,0,2026-05-04
3248,660,42,no_iniciado,0,2026-05-04
3249,660,43,no_iniciado,0,2026-05-04
3250,661,56,completado,100,2026-09-17
3251,661,57,no_iniciado,0,2026-07-24
3252,661,58,no_iniciado,0,2026-07-24
3253,661,59,no_iniciado,0,2026-07-24
3254,661,60,no_iniciado,0,2026-07-24
3255,662,32,en_progreso,10,2026-09-16
3256,662,33,no_iniciado,0,2026-07-11
3257,662,34,no_iniciado,0,2026-07-11
3258,662,35,no_iniciado,0,2026-07-11
3259,662,36,no_iniciado,0,2026-07-11
3260,662,37,no_iniciado,0,2026-07-11
3261,663,56,completado,100,2026-09-17
3262,663,57,en_progreso,23.16,2026-09-17
3263,663,58,no_iniciado,0,2026-08-21
3264,663,59,no_iniciado,0,2026-08-21
3265,663,60,no_iniciado,0,2026-08-21
3266,664,32,completado,100,2026-09-15
3267,664,33,en_progreso,44.52,2026-09-16
3268,664,34,no_iniciado,0,2026-06-21
3269,664,35,no_iniciado,0,2026-06-21
3270,664,36,no_iniciado,0,2026-06-21
3271,664,37,no_iniciado,0,2026-06-21
3272,665,9,abandonado,30.94,2026-09-16
3273,665,10,no_iniciado,0,2026-08-05
3274,665,11,no_iniciado,0,2026-08-05
3275,665,12,no_iniciado,0,2026-08-05
3276,666,28,en_progreso,25.61,2026-09-17
3277,666,29,no_iniciado,0,2026-05-06
3278,666,30,no_iniciado,0,2026-05-06
3279,666,31,no_iniciado,0,2026-05-06
3280,667,13,en_progreso,31.12,2026-09-17
3281,667,14,no_iniciado,0,2026-07-29
3282,667,15,no_iniciado,0,2026-07-29
3283,667,16,no_iniciado,0,2026-07-29
3284,668,38,en_progreso,27.54,2026-09-16
3285,668,39,no_iniciado,0,2026-04-26
3286,668,40,no_iniciado,0,2026-04-26
3287,668,41,no_iniciado,0,2026-04-26
3288,668,42,no_iniciado,0,2026-04-26
3289,668,43,no_iniciado,0,2026-04-26
3290,669,9,en_progreso,10,2026-09-16
3291,669,10,no_iniciado,0,2026-06-01
3292,669,11,no_iniciado,0,2026-06-01
3293,669,12,no_iniciado,0,2026-06-01
3294,670,5,abandonado,56.27,2026-09-17
3295,670,6,no_iniciado,0,2026-05-29
3296,670,7,no_iniciado,0,2026-05-29
3297,670,8,no_iniciado,0,2026-05-29
3298,671,28,abandonado,20.47,2026-09-16
3299,671,29,no_iniciado,0,2026-08-30
3300,671,30,no_iniciado,0,2026-08-30
3301,671,31,no_iniciado,0,2026-08-30
3302,672,21,en_progreso,10,2026-09-17
3303,672,22,no_iniciado,0,2026-08-06
3304,672,23,no_iniciado,0,2026-08-06
3305,672,24,no_iniciado,0,2026-08-06
3306,672,25,no_iniciado,0,2026-08-06
3307,672,26,no_iniciado,0,2026-08-06
3308,672,27,no_iniciado,0,2026-08-06
3309,673,17,completado,100,2026-09-15
3310,673,18,en_progreso,52.71,2026-09-17
3311,673,19,no_iniciado,0,2026-07-19
3312,673,20,no_iniciado,0,2026-07-19
3313,674,1,en_progreso,67.89,2026-09-16
3314,674,2,no_iniciado,0,2026-06-09
3315,674,3,no_iniciado,0,2026-06-09
3316,674,4,no_iniciado,0,2026-06-09
3317,675,56,abandonado,10,2026-09-15
3318,675,57,no_iniciado,0,2026-04-27
3319,675,58,no_iniciado,0,2026-04-27
3320,675,59,no_iniciado,0,2026-04-27
3321,675,60,no_iniciado,0,2026-04-27
3322,676,17,en_progreso,10,2026-09-15
3323,676,18,no_iniciado,0,2026-05-02
3324,676,19,no_iniciado,0,2026-05-02
3325,676,20,no_iniciado,0,2026-05-02
3326,677,44,completado,100,2026-09-16
3327,677,45,en_progreso,32.88,2026-09-17
3328,677,46,no_iniciado,0,2026-08-28
3329,677,47,no_iniciado,0,2026-08-28
3330,677,48,no_iniciado,0,2026-08-28
3331,677,49,no_iniciado,0,2026-08-28
3332,678,50,completado,100,2026-09-16
3333,678,51,no_iniciado,0,2026-06-11
3334,678,52,no_iniciado,0,2026-06-11
3335,678,53,no_iniciado,0,2026-06-11
3336,678,54,no_iniciado,0,2026-06-11
3337,678,55,no_iniciado,0,2026-06-11
3338,679,32,en_progreso,45.9,2026-09-17
3339,679,33,no_iniciado,0,2026-08-01
3340,679,34,no_iniciado,0,2026-08-01
3341,679,35,no_iniciado,0,2026-08-01
3342,679,36,no_iniciado,0,2026-08-01
3343,679,37,no_iniciado,0,2026-08-01
3344,680,9,no_iniciado,0,2026-08-05
3345,680,10,no_iniciado,0,2026-08-05
3346,680,11,no_iniciado,0,2026-08-05
3347,680,12,no_iniciado,0,2026-08-05
3348,681,56,en_progreso,47.81,2026-09-16
3349,681,57,no_iniciado,0,2026-08-23
3350,681,58,no_iniciado,0,2026-08-23
3351,681,59,no_iniciado,0,2026-08-23
3352,681,60,no_iniciado,0,2026-08-23
3353,682,32,en_progreso,53.69,2026-09-16
3354,682,33,no_iniciado,0,2026-04-24
3355,682,34,no_iniciado,0,2026-04-24
3356,682,35,no_iniciado,0,2026-04-24
3357,682,36,no_iniciado,0,2026-04-24
3358,682,37,no_iniciado,0,2026-04-24
3359,683,21,completado,100,2026-09-17
3360,683,22,en_progreso,10,2026-09-17
3361,683,23,no_iniciado,0,2026-05-22
3362,683,24,no_iniciado,0,2026-05-22
3363,683,25,no_iniciado,0,2026-05-22
3364,683,26,no_iniciado,0,2026-05-22
3365,683,27,no_iniciado,0,2026-05-22
3366,684,50,en_progreso,22.02,2026-09-16
3367,684,51,no_iniciado,0,2026-06-18
3368,684,52,no_iniciado,0,2026-06-18
3369,684,53,no_iniciado,0,2026-06-18
3370,684,54,no_iniciado,0,2026-06-18
3371,684,55,no_iniciado,0,2026-06-18
3372,685,38,en_progreso,65.92,2026-09-17
3373,685,39,no_iniciado,0,2026-04-21
3374,685,40,no_iniciado,0,2026-04-21
3375,685,41,no_iniciado,0,2026-04-21
3376,685,42,no_iniciado,0,2026-04-21
3377,685,43,no_iniciado,0,2026-04-21
3378,686,28,en_progreso,27.84,2026-09-17
3379,686,29,no_iniciado,0,2026-05-28
3380,686,30,no_iniciado,0,2026-05-28
3381,686,31,no_iniciado,0,2026-05-28
3382,687,32,en_progreso,95,2026-09-17
3383,687,33,no_iniciado,0,2026-08-09
3384,687,34,no_iniciado,0,2026-08-09
3385,687,35,no_iniciado,0,2026-08-09
3386,687,36,no_iniciado,0,2026-08-09
3387,687,37,no_iniciado,0,2026-08-09
3388,688,13,completado,100,2026-09-15
3389,688,14,en_progreso,10,2026-09-17
3390,688,15,no_iniciado,0,2026-05-15
3391,688,16,no_iniciado,0,2026-05-15
3392,689,56,completado,100,2026-09-17
3393,689,57,no_iniciado,0,2026-09-11
3394,689,58,no_iniciado,0,2026-09-11
3395,689,59,no_iniciado,0,2026-09-11
3396,689,60,no_iniciado,0,2026-09-11
3397,690,28,en_progreso,10,2026-09-16
3398,690,29,no_iniciado,0,2026-09-03
3399,690,30,no_iniciado,0,2026-09-03
3400,690,31,no_iniciado,0,2026-09-03
3401,691,13,en_progreso,24.93,2026-09-16
3402,691,14,no_iniciado,0,2026-07-04
3403,691,15,no_iniciado,0,2026-07-04
3404,691,16,no_iniciado,0,2026-07-04
3405,692,56,en_progreso,48.26,2026-09-17
3406,692,57,no_iniciado,0,2026-05-02
3407,692,58,no_iniciado,0,2026-05-02
3408,692,59,no_iniciado,0,2026-05-02
3409,692,60,no_iniciado,0,2026-05-02
3410,693,21,completado,100,2026-09-15
3411,693,22,abandonado,10,2026-09-16
3412,693,23,no_iniciado,0,2026-06-15
3413,693,24,no_iniciado,0,2026-06-15
3414,693,25,no_iniciado,0,2026-06-15
3415,693,26,no_iniciado,0,2026-06-15
3416,693,27,no_iniciado,0,2026-06-15
3417,694,32,completado,100,2026-09-15
3418,694,33,abandonado,10,2026-09-16
3419,694,34,no_iniciado,0,2026-05-19
3420,694,35,no_iniciado,0,2026-05-19
3421,694,36,no_iniciado,0,2026-05-19
3422,694,37,no_iniciado,0,2026-05-19
3423,695,28,en_progreso,30.46,2026-09-17
3424,695,29,no_iniciado,0,2026-08-05
3425,695,30,no_iniciado,0,2026-08-05
3426,695,31,no_iniciado,0,2026-08-05
3427,696,50,completado,100,2026-09-17
3428,696,51,no_iniciado,0,2026-06-03
3429,696,52,no_iniciado,0,2026-06-03
3430,696,53,no_iniciado,0,2026-06-03
3431,696,54,no_iniciado,0,2026-06-03
3432,696,55,no_iniciado,0,2026-06-03
3433,697,50,completado,100,2026-09-16
3434,697,51,en_progreso,10,2026-09-17
3435,697,52,no_iniciado,0,2026-08-06
3436,697,53,no_iniciado,0,2026-08-06
3437,697,54,no_iniciado,0,2026-08-06
3438,697,55,no_iniciado,0,2026-08-06
3439,698,9,completado,100,2026-09-15
3440,698,10,en_progreso,45.53,2026-09-17
3441,698,11,no_iniciado,0,2026-07-02
3442,698,12,no_iniciado,0,2026-07-02
3443,699,32,completado,100,2026-09-15
3444,699,33,en_progreso,48.62,2026-09-17
3445,699,34,no_iniciado,0,2026-08-27
3446,699,35,no_iniciado,0,2026-08-27
3447,699,36,no_iniciado,0,2026-08-27
3448,699,37,no_iniciado,0,2026-08-27
3449,700,9,en_progreso,31.23,2026-09-17
3450,700,10,no_iniciado,0,2026-07-31
3451,700,11,no_iniciado,0,2026-07-31
3452,700,12,no_iniciado,0,2026-07-31
3453,701,44,abandonado,42.69,2026-09-17
3454,701,45,no_iniciado,0,2026-06-21
3455,701,46,no_iniciado,0,2026-06-21
3456,701,47,no_iniciado,0,2026-06-21
3457,701,48,no_iniciado,0,2026-06-21
3458,701,49,no_iniciado,0,2026-06-21
3459,702,21,en_progreso,45.38,2026-09-16
3460,702,22,no_iniciado,0,2026-07-01
3461,702,23,no_iniciado,0,2026-07-01
3462,702,24,no_iniciado,0,2026-07-01
3463,702,25,no_iniciado,0,2026-07-01
3464,702,26,no_iniciado,0,2026-07-01
3465,702,27,no_iniciado,0,2026-07-01
3466,703,5,completado,100,2026-09-16
3467,703,6,en_progreso,20.12,2026-09-16
3468,703,7,no_iniciado,0,2026-09-11
3469,703,8,no_iniciado,0,2026-09-11
3470,704,5,en_progreso,36.16,2026-09-17
3471,704,6,no_iniciado,0,2026-09-08
3472,704,7,no_iniciado,0,2026-09-08
3473,704,8,no_iniciado,0,2026-09-08
3474,705,38,en_progreso,48.54,2026-09-17
3475,705,39,no_iniciado,0,2026-05-15
3476,705,40,no_iniciado,0,2026-05-15
3477,705,41,no_iniciado,0,2026-05-15
3478,705,42,no_iniciado,0,2026-05-15
3479,705,43,no_iniciado,0,2026-05-15
3480,706,1,en_progreso,30.34,2026-09-17
3481,706,2,no_iniciado,0,2026-08-29
3482,706,3,no_iniciado,0,2026-08-29
3483,706,4,no_iniciado,0,2026-08-29
3484,707,9,completado,100,2026-09-17
3485,707,10,en_progreso,30.53,2026-09-17
3486,707,11,no_iniciado,0,2026-09-05
3487,707,12,no_iniciado,0,2026-09-05
3488,708,50,completado,100,2026-09-17
3489,708,51,no_iniciado,0,2026-05-03
3490,708,52,no_iniciado,0,2026-05-03
3491,708,53,no_iniciado,0,2026-05-03
3492,708,54,no_iniciado,0,2026-05-03
3493,708,55,no_iniciado,0,2026-05-03
3494,709,9,en_progreso,91.21,2026-09-17
3495,709,10,no_iniciado,0,2026-07-24
3496,709,11,no_iniciado,0,2026-07-24
3497,709,12,no_iniciado,0,2026-07-24
3498,710,32,abandonado,10,2026-09-16
3499,710,33,no_iniciado,0,2026-09-09
3500,710,34,no_iniciado,0,2026-09-09
3501,710,35,no_iniciado,0,2026-09-09
3502,710,36,no_iniciado,0,2026-09-09
3503,710,37,no_iniciado,0,2026-09-09
3504,711,21,completado,100,2026-09-15
3505,711,22,no_iniciado,0,2026-06-24
3506,711,23,no_iniciado,0,2026-06-24
3507,711,24,no_iniciado,0,2026-06-24
3508,711,25,no_iniciado,0,2026-06-24
3509,711,26,no_iniciado,0,2026-06-24
3510,711,27,no_iniciado,0,2026-06-24
3511,712,44,en_progreso,57.81,2026-09-17
3512,712,45,no_iniciado,0,2026-04-28
3513,712,46,no_iniciado,0,2026-04-28
3514,712,47,no_iniciado,0,2026-04-28
3515,712,48,no_iniciado,0,2026-04-28
3516,712,49,no_iniciado,0,2026-04-28
3517,713,28,en_progreso,10,2026-09-17
3518,713,29,no_iniciado,0,2026-05-06
3519,713,30,no_iniciado,0,2026-05-06
3520,713,31,no_iniciado,0,2026-05-06
3521,714,50,en_progreso,55.25,2026-09-17
3522,714,51,no_iniciado,0,2026-07-11
3523,714,52,no_iniciado,0,2026-07-11
3524,714,53,no_iniciado,0,2026-07-11
3525,714,54,no_iniciado,0,2026-07-11
3526,714,55,no_iniciado,0,2026-07-11
3527,715,5,completado,100,2026-09-16
3528,715,6,completado,100,2026-09-17
3529,715,7,no_iniciado,0,2026-06-02
3530,715,8,no_iniciado,0,2026-06-02
3531,716,50,en_progreso,54.17,2026-09-16
3532,716,51,no_iniciado,0,2026-05-02
3533,716,52,no_iniciado,0,2026-05-02
3534,716,53,no_iniciado,0,2026-05-02
3535,716,54,no_iniciado,0,2026-05-02
3536,716,55,no_iniciado,0,2026-05-02
3537,717,38,completado,100,2026-09-16
3538,717,39,en_progreso,10,2026-09-16
3539,717,40,no_iniciado,0,2026-06-23
3540,717,41,no_iniciado,0,2026-06-23
3541,717,42,no_iniciado,0,2026-06-23
3542,717,43,no_iniciado,0,2026-06-23
3543,718,21,en_progreso,31.32,2026-09-17
3544,718,22,no_iniciado,0,2026-08-13
3545,718,23,no_iniciado,0,2026-08-13
3546,718,24,no_iniciado,0,2026-08-13
3547,718,25,no_iniciado,0,2026-08-13
3548,718,26,no_iniciado,0,2026-08-13
3549,718,27,no_iniciado,0,2026-08-13
3550,719,50,completado,100,2026-09-15
3551,719,51,completado,100,2026-09-17
3552,719,52,no_iniciado,0,2026-08-15
3553,719,53,no_iniciado,0,2026-08-15
3554,719,54,no_iniciado,0,2026-08-15
3555,719,55,no_iniciado,0,2026-08-15
3556,720,32,no_iniciado,0,2026-08-11
3557,720,33,no_iniciado,0,2026-08-11
3558,720,34,no_iniciado,0,2026-08-11
3559,720,35,no_iniciado,0,2026-08-11
3560,720,36,no_iniciado,0,2026-08-11
3561,720,37,no_iniciado,0,2026-08-11
3562,721,38,en_progreso,43.23,2026-09-17
3563,721,39,no_iniciado,0,2026-07-04
3564,721,40,no_iniciado,0,2026-07-04
3565,721,41,no_iniciado,0,2026-07-04
3566,721,42,no_iniciado,0,2026-07-04
3567,721,43,no_iniciado,0,2026-07-04
3568,722,1,completado,100,2026-09-15
3569,722,2,abandonado,10,2026-09-17
3570,722,3,no_iniciado,0,2026-06-20
3571,722,4,no_iniciado,0,2026-06-20
3572,723,5,completado,100,2026-09-17
3573,723,6,en_progreso,10,2026-09-17
3574,723,7,no_iniciado,0,2026-04-23
3575,723,8,no_iniciado,0,2026-04-23
3576,724,13,en_progreso,39.67,2026-09-17
3577,724,14,no_iniciado,0,2026-08-19
3578,724,15,no_iniciado,0,2026-08-19
3579,724,16,no_iniciado,0,2026-08-19
3580,725,17,en_progreso,10,2026-09-17
3581,725,18,no_iniciado,0,2026-06-10
3582,725,19,no_iniciado,0,2026-06-10
3583,725,20,no_iniciado,0,2026-06-10
3584,726,56,en_progreso,10,2026-09-16
3585,726,57,no_iniciado,0,2026-07-14
3586,726,58,no_iniciado,0,2026-07-14
3587,726,59,no_iniciado,0,2026-07-14
3588,726,60,no_iniciado,0,2026-07-14
3589,727,28,en_progreso,26.65,2026-09-16
3590,727,29,no_iniciado,0,2026-07-22
3591,727,30,no_iniciado,0,2026-07-22
3592,727,31,no_iniciado,0,2026-07-22
3593,728,50,en_progreso,24.93,2026-09-17
3594,728,51,no_iniciado,0,2026-06-01
3595,728,52,no_iniciado,0,2026-06-01
3596,728,53,no_iniciado,0,2026-06-01
3597,728,54,no_iniciado,0,2026-06-01
3598,728,55,no_iniciado,0,2026-06-01
3599,729,5,abandonado,26.12,2026-09-17
3600,729,6,no_iniciado,0,2026-06-26
3601,729,7,no_iniciado,0,2026-06-26
3602,729,8,no_iniciado,0,2026-06-26
3603,730,32,en_progreso,10,2026-09-15
3604,730,33,no_iniciado,0,2026-08-03
3605,730,34,no_iniciado,0,2026-08-03
3606,730,35,no_iniciado,0,2026-08-03
3607,730,36,no_iniciado,0,2026-08-03
3608,730,37,no_iniciado,0,2026-08-03
3609,731,9,completado,100,2026-09-16
3610,731,10,en_progreso,21.73,2026-09-17
3611,731,11,no_iniciado,0,2026-06-29
3612,731,12,no_iniciado,0,2026-06-29
3613,732,17,en_progreso,47.86,2026-09-17
3614,732,18,no_iniciado,0,2026-07-10
3615,732,19,no_iniciado,0,2026-07-10
3616,732,20,no_iniciado,0,2026-07-10
3617,733,1,completado,100,2026-09-17
3618,733,2,completado,100,2026-09-17
3619,733,3,no_iniciado,0,2026-05-24
3620,733,4,no_iniciado,0,2026-05-24
3621,734,50,en_progreso,68.79,2026-09-17
3622,734,51,no_iniciado,0,2026-08-27
3623,734,52,no_iniciado,0,2026-08-27
3624,734,53,no_iniciado,0,2026-08-27
3625,734,54,no_iniciado,0,2026-08-27
3626,734,55,no_iniciado,0,2026-08-27
3627,735,1,en_progreso,37.8,2026-09-17
3628,735,2,no_iniciado,0,2026-08-09
3629,735,3,no_iniciado,0,2026-08-09
3630,735,4,no_iniciado,0,2026-08-09
3631,736,17,en_progreso,84.04,2026-09-17
3632,736,18,no_iniciado,0,2026-08-24
3633,736,19,no_iniciado,0,2026-08-24
3634,736,20,no_iniciado,0,2026-08-24
3635,737,21,completado,100,2026-09-16
3636,737,22,completado,100,2026-09-17
3637,737,23,no_iniciado,0,2026-06-30
3638,737,24,no_iniciado,0,2026-06-30
3639,737,25,no_iniciado,0,2026-06-30
3640,737,26,no_iniciado,0,2026-06-30
3641,737,27,no_iniciado,0,2026-06-30
3642,738,28,no_iniciado,0,2026-05-04
3643,738,29,no_iniciado,0,2026-05-04
3644,738,30,no_iniciado,0,2026-05-04
3645,738,31,no_iniciado,0,2026-05-04
3646,739,13,completado,100,2026-09-15
3647,739,14,en_progreso,42.72,2026-09-17
3648,739,15,no_iniciado,0,2026-08-16
3649,739,16,no_iniciado,0,2026-08-16
3650,740,28,abandonado,95,2026-09-17
3651,740,29,no_iniciado,0,2026-06-14
3652,740,30,no_iniciado,0,2026-06-14
3653,740,31,no_iniciado,0,2026-06-14
3654,741,44,en_progreso,56.6,2026-09-17
3655,741,45,no_iniciado,0,2026-06-04
3656,741,46,no_iniciado,0,2026-06-04
3657,741,47,no_iniciado,0,2026-06-04
3658,741,48,no_iniciado,0,2026-06-04
3659,741,49,no_iniciado,0,2026-06-04
3660,742,9,completado,100,2026-09-16
3661,742,10,en_progreso,37.46,2026-09-17
3662,742,11,no_iniciado,0,2026-09-03
3663,742,12,no_iniciado,0,2026-09-03
3664,743,9,en_progreso,20.95,2026-09-17
3665,743,10,no_iniciado,0,2026-05-02
3666,743,11,no_iniciado,0,2026-05-02
3667,743,12,no_iniciado,0,2026-05-02
3668,744,44,en_progreso,29.08,2026-09-17
3669,744,45,no_iniciado,0,2026-05-03
3670,744,46,no_iniciado,0,2026-05-03
3671,744,47,no_iniciado,0,2026-05-03
3672,744,48,no_iniciado,0,2026-05-03
3673,744,49,no_iniciado,0,2026-05-03
3674,745,44,completado,100,2026-09-17
3675,745,45,en_progreso,10,2026-09-17
3676,745,46,no_iniciado,0,2026-06-09
3677,745,47,no_iniciado,0,2026-06-09
3678,745,48,no_iniciado,0,2026-06-09
3679,745,49,no_iniciado,0,2026-06-09
3680,746,50,en_progreso,51.28,2026-09-17
3681,746,51,no_iniciado,0,2026-05-17
3682,746,52,no_iniciado,0,2026-05-17
3683,746,53,no_iniciado,0,2026-05-17
3684,746,54,no_iniciado,0,2026-05-17
3685,746,55,no_iniciado,0,2026-05-17
3686,747,32,completado,100,2026-09-17
3687,747,33,no_iniciado,0,2026-06-30
3688,747,34,no_iniciado,0,2026-06-30
3689,747,35,no_iniciado,0,2026-06-30
3690,747,36,no_iniciado,0,2026-06-30
3691,747,37,no_iniciado,0,2026-06-30
3692,748,9,completado,100,2026-09-16
3693,748,10,completado,100,2026-09-16
3694,748,11,abandonado,31.52,2026-09-17
3695,748,12,no_iniciado,0,2026-09-03
3696,749,13,completado,100,2026-09-15
3697,749,14,en_progreso,46.4,2026-09-17
3698,749,15,no_iniciado,0,2026-08-19
3699,749,16,no_iniciado,0,2026-08-19
3700,750,32,en_progreso,10,2026-09-15
3701,750,33,no_iniciado,0,2026-05-17
3702,750,34,no_iniciado,0,2026-05-17
3703,750,35,no_iniciado,0,2026-05-17
3704,750,36,no_iniciado,0,2026-05-17
3705,750,37,no_iniciado,0,2026-05-17
3706,751,17,en_progreso,24.31,2026-09-17
3707,751,18,no_iniciado,0,2026-09-08
3708,751,19,no_iniciado,0,2026-09-08
3709,751,20,no_iniciado,0,2026-09-08
3710,752,32,en_progreso,10,2026-09-16
3711,752,33,no_iniciado,0,2026-07-02
3712,752,34,no_iniciado,0,2026-07-02
3713,752,35,no_iniciado,0,2026-07-02
3714,752,36,no_iniciado,0,2026-07-02
3715,752,37,no_iniciado,0,2026-07-02
3716,753,56,en_progreso,10,2026-09-16
3717,753,57,no_iniciado,0,2026-06-18
3718,753,58,no_iniciado,0,2026-06-18
3719,753,59,no_iniciado,0,2026-06-18
3720,753,60,no_iniciado,0,2026-06-18
3721,754,1,en_progreso,24.68,2026-09-17
3722,754,2,no_iniciado,0,2026-06-27
3723,754,3,no_iniciado,0,2026-06-27
3724,754,4,no_iniciado,0,2026-06-27
3725,755,32,completado,100,2026-09-15
3726,755,33,en_progreso,10,2026-09-17
3727,755,34,no_iniciado,0,2026-05-08
3728,755,35,no_iniciado,0,2026-05-08
3729,755,36,no_iniciado,0,2026-05-08
3730,755,37,no_iniciado,0,2026-05-08
3731,756,17,completado,100,2026-09-16
3732,756,18,en_progreso,10,2026-09-17
3733,756,19,no_iniciado,0,2026-05-05
3734,756,20,no_iniciado,0,2026-05-05
3735,757,38,en_progreso,28.93,2026-09-17
3736,757,39,no_iniciado,0,2026-04-19
3737,757,40,no_iniciado,0,2026-04-19
3738,757,41,no_iniciado,0,2026-04-19
3739,757,42,no_iniciado,0,2026-04-19
3740,757,43,no_iniciado,0,2026-04-19
3741,758,9,en_progreso,31.26,2026-09-17
3742,758,10,no_iniciado,0,2026-06-16
3743,758,11,no_iniciado,0,2026-06-16
3744,758,12,no_iniciado,0,2026-06-16
3745,759,5,en_progreso,45.88,2026-09-17
3746,759,6,no_iniciado,0,2026-07-13
3747,759,7,no_iniciado,0,2026-07-13
3748,759,8,no_iniciado,0,2026-07-13
3749,760,21,completado,100,2026-09-16
3750,760,22,en_progreso,21.11,2026-09-17
3751,760,23,no_iniciado,0,2026-06-26
3752,760,24,no_iniciado,0,2026-06-26
3753,760,25,no_iniciado,0,2026-06-26
3754,760,26,no_iniciado,0,2026-06-26
3755,760,27,no_iniciado,0,2026-06-26
3756,761,44,en_progreso,28.33,2026-09-16
3757,761,45,no_iniciado,0,2026-09-12
3758,761,46,no_iniciado,0,2026-09-12
3759,761,47,no_iniciado,0,2026-09-12
3760,761,48,no_iniciado,0,2026-09-12
3761,761,49,no_iniciado,0,2026-09-12
3762,762,50,en_progreso,88.12,2026-09-17
3763,762,51,no_iniciado,0,2026-06-09
3764,762,52,no_iniciado,0,2026-06-09
3765,762,53,no_iniciado,0,2026-06-09
3766,762,54,no_iniciado,0,2026-06-09
3767,762,55,no_iniciado,0,2026-06-09
3768,763,28,en_progreso,10,2026-09-17
3769,763,29,no_iniciado,0,2026-05-07
3770,763,30,no_iniciado,0,2026-05-07
3771,763,31,no_iniciado,0,2026-05-07
3772,764,17,en_progreso,10,2026-09-16
3773,764,18,no_iniciado,0,2026-05-13
3774,764,19,no_iniciado,0,2026-05-13
3775,764,20,no_iniciado,0,2026-05-13
3776,765,32,completado,100,2026-09-17
3777,765,33,en_progreso,10,2026-09-17
3778,765,34,no_iniciado,0,2026-05-04
3779,765,35,no_iniciado,0,2026-05-04
3780,765,36,no_iniciado,0,2026-05-04
3781,765,37,no_iniciado,0,2026-05-04
3782,766,56,completado,100,2026-09-17
3783,766,57,no_iniciado,0,2026-05-24
3784,766,58,no_iniciado,0,2026-05-24
3785,766,59,no_iniciado,0,2026-05-24
3786,766,60,no_iniciado,0,2026-05-24
3787,767,28,en_progreso,73.26,2026-09-17
3788,767,29,no_iniciado,0,2026-07-10
3789,767,30,no_iniciado,0,2026-07-10
3790,767,31,no_iniciado,0,2026-07-10
3791,768,5,no_iniciado,0,2026-07-14
3792,768,6,no_iniciado,0,2026-07-14
3793,768,7,no_iniciado,0,2026-07-14
3794,768,8,no_iniciado,0,2026-07-14
3795,769,13,en_progreso,10,2026-09-15
3796,769,14,no_iniciado,0,2026-08-04
3797,769,15,no_iniciado,0,2026-08-04
3798,769,16,no_iniciado,0,2026-08-04
3799,770,44,en_progreso,52.34,2026-09-16
3800,770,45,no_iniciado,0,2026-08-03
3801,770,46,no_iniciado,0,2026-08-03
3802,770,47,no_iniciado,0,2026-08-03
3803,770,48,no_iniciado,0,2026-08-03
3804,770,49,no_iniciado,0,2026-08-03
3805,771,21,completado,100,2026-09-15
3806,771,22,completado,100,2026-09-17
3807,771,23,en_progreso,10,2026-09-17
3808,771,24,no_iniciado,0,2026-07-26
3809,771,25,no_iniciado,0,2026-07-26
3810,771,26,no_iniciado,0,2026-07-26
3811,771,27,no_iniciado,0,2026-07-26
3812,772,17,abandonado,29.56,2026-09-15
3813,772,18,no_iniciado,0,2026-07-06
3814,772,19,no_iniciado,0,2026-07-06
3815,772,20,no_iniciado,0,2026-07-06
3816,773,56,completado,100,2026-09-17
3817,773,57,no_iniciado,0,2026-05-08
3818,773,58,no_iniciado,0,2026-05-08
3819,773,59,no_iniciado,0,2026-05-08
3820,773,60,no_iniciado,0,2026-05-08
3821,774,1,completado,100,2026-09-16
3822,774,2,en_progreso,10,2026-09-17
3823,774,3,no_iniciado,0,2026-04-23
3824,774,4,no_iniciado,0,2026-04-23
3825,775,28,completado,100,2026-09-16
3826,775,29,en_progreso,10,2026-09-17
3827,775,30,no_iniciado,0,2026-05-05
3828,775,31,no_iniciado,0,2026-05-05
3829,776,17,completado,100,2026-09-16
3830,776,18,en_progreso,10,2026-09-16
3831,776,19,no_iniciado,0,2026-06-25
3832,776,20,no_iniciado,0,2026-06-25
3833,777,1,completado,100,2026-09-17
3834,777,2,no_iniciado,0,2026-08-03
3835,777,3,no_iniciado,0,2026-08-03
3836,777,4,no_iniciado,0,2026-08-03
3837,778,50,en_progreso,26.16,2026-09-16
3838,778,51,no_iniciado,0,2026-05-06
3839,778,52,no_iniciado,0,2026-05-06
3840,778,53,no_iniciado,0,2026-05-06
3841,778,54,no_iniciado,0,2026-05-06
3842,778,55,no_iniciado,0,2026-05-06
3843,779,1,completado,100,2026-09-17
3844,779,2,en_progreso,26.25,2026-09-17
3845,779,3,no_iniciado,0,2026-08-11
3846,779,4,no_iniciado,0,2026-08-11
3847,780,44,en_progreso,44.93,2026-09-15
3848,780,45,no_iniciado,0,2026-08-12
3849,780,46,no_iniciado,0,2026-08-12
3850,780,47,no_iniciado,0,2026-08-12
3851,780,48,no_iniciado,0,2026-08-12
3852,780,49,no_iniciado,0,2026-08-12
3853,781,32,completado,100,2026-09-17
3854,781,33,no_iniciado,0,2026-06-19
3855,781,34,no_iniciado,0,2026-06-19
3856,781,35,no_iniciado,0,2026-06-19
3857,781,36,no_iniciado,0,2026-06-19
3858,781,37,no_iniciado,0,2026-06-19
3859,782,17,completado,100,2026-09-16
3860,782,18,en_progreso,30.43,2026-09-17
3861,782,19,no_iniciado,0,2026-07-01
3862,782,20,no_iniciado,0,2026-07-01
3863,783,13,abandonado,10,2026-09-17
3864,783,14,no_iniciado,0,2026-04-20
3865,783,15,no_iniciado,0,2026-04-20
3866,783,16,no_iniciado,0,2026-04-20
3867,784,21,abandonado,10,2026-09-15
3868,784,22,no_iniciado,0,2026-06-13
3869,784,23,no_iniciado,0,2026-06-13
3870,784,24,no_iniciado,0,2026-06-13
3871,784,25,no_iniciado,0,2026-06-13
3872,784,26,no_iniciado,0,2026-06-13
3873,784,27,no_iniciado,0,2026-06-13
3874,785,13,en_progreso,31.45,2026-09-16
3875,785,14,no_iniciado,0,2026-07-07
3876,785,15,no_iniciado,0,2026-07-07
3877,785,16,no_iniciado,0,2026-07-07
3878,786,50,en_progreso,43.67,2026-09-16
3879,786,51,no_iniciado,0,2026-07-02
3880,786,52,no_iniciado,0,2026-07-02
3881,786,53,no_iniciado,0,2026-07-02
3882,786,54,no_iniciado,0,2026-07-02
3883,786,55,no_iniciado,0,2026-07-02
3884,787,17,completado,100,2026-09-15
3885,787,18,en_progreso,72.4,2026-09-17
3886,787,19,no_iniciado,0,2026-05-04
3887,787,20,no_iniciado,0,2026-05-04
3888,788,50,completado,100,2026-09-17
3889,788,51,en_progreso,22.71,2026-09-17
3890,788,52,no_iniciado,0,2026-09-05
3891,788,53,no_iniciado,0,2026-09-05
3892,788,54,no_iniciado,0,2026-09-05
3893,788,55,no_iniciado,0,2026-09-05
3894,789,9,en_progreso,45.89,2026-09-17
3895,789,10,no_iniciado,0,2026-08-04
3896,789,11,no_iniciado,0,2026-08-04
3897,789,12,no_iniciado,0,2026-08-04
3898,790,5,completado,100,2026-09-16
3899,790,6,en_progreso,10,2026-09-17
3900,790,7,no_iniciado,0,2026-06-04
3901,790,8,no_iniciado,0,2026-06-04
3902,791,50,completado,100,2026-09-16
3903,791,51,en_progreso,26.12,2026-09-17
3904,791,52,no_iniciado,0,2026-08-07
3905,791,53,no_iniciado,0,2026-08-07
3906,791,54,no_iniciado,0,2026-08-07
3907,791,55,no_iniciado,0,2026-08-07
3908,792,1,completado,100,2026-09-16
3909,792,2,en_progreso,10,2026-09-16
3910,792,3,no_iniciado,0,2026-07-28
3911,792,4,no_iniciado,0,2026-07-28
3912,793,32,completado,100,2026-09-16
3913,793,33,completado,100,2026-09-17
3914,793,34,en_progreso,48.88,2026-09-17
3915,793,35,no_iniciado,0,2026-05-20
3916,793,36,no_iniciado,0,2026-05-20
3917,793,37,no_iniciado,0,2026-05-20
3918,794,1,en_progreso,92.05,2026-09-16
3919,794,2,no_iniciado,0,2026-08-29
3920,794,3,no_iniciado,0,2026-08-29
3921,794,4,no_iniciado,0,2026-08-29
3922,795,21,completado,100,2026-09-16
3923,795,22,en_progreso,10,2026-09-17
3924,795,23,no_iniciado,0,2026-06-30
3925,795,24,no_iniciado,0,2026-06-30
3926,795,25,no_iniciado,0,2026-06-30
3927,795,26,no_iniciado,0,2026-06-30
3928,795,27,no_iniciado,0,2026-06-30
3929,796,9,completado,100,2026-09-16
3930,796,10,en_progreso,10,2026-09-17
3931,796,11,no_iniciado,0,2026-05-20
3932,796,12,no_iniciado,0,2026-05-20
3933,797,5,abandonado,10,2026-09-16
3934,797,6,no_iniciado,0,2026-05-14
3935,797,7,no_iniciado,0,2026-05-14
3936,797,8,no_iniciado,0,2026-05-14
3937,798,21,completado,100,2026-09-16
3938,798,22,en_progreso,10,2026-09-17
3939,798,23,no_iniciado,0,2026-06-09
3940,798,24,no_iniciado,0,2026-06-09
3941,798,25,no_iniciado,0,2026-06-09
3942,798,26,no_iniciado,0,2026-06-09
3943,798,27,no_iniciado,0,2026-06-09
3944,799,28,abandonado,10,2026-09-17
3945,799,29,no_iniciado,0,2026-06-15
3946,799,30,no_iniciado,0,2026-06-15
3947,799,31,no_iniciado,0,2026-06-15
3948,800,13,en_progreso,10,2026-09-15
3949,800,14,no_iniciado,0,2026-06-09
3950,800,15,no_iniciado,0,2026-06-09
3951,800,16,no_iniciado,0,2026-06-09
3952,801,38,en_progreso,10,2026-09-15
3953,801,39,no_iniciado,0,2026-07-22
3954,801,40,no_iniciado,0,2026-07-22
3955,801,41,no_iniciado,0,2026-07-22
3956,801,42,no_iniciado,0,2026-07-22
3957,801,43,no_iniciado,0,2026-07-22
3958,802,38,en_progreso,42.78,2026-09-16
3959,802,39,no_iniciado,0,2026-05-16
3960,802,40,no_iniciado,0,2026-05-16
3961,802,41,no_iniciado,0,2026-05-16
3962,802,42,no_iniciado,0,2026-05-16
3963,802,43,no_iniciado,0,2026-05-16
3964,803,56,en_progreso,33.74,2026-09-17
3965,803,57,no_iniciado,0,2026-04-30
3966,803,58,no_iniciado,0,2026-04-30
3967,803,59,no_iniciado,0,2026-04-30
3968,803,60,no_iniciado,0,2026-04-30
3969,804,9,completado,100,2026-09-15
3970,804,10,en_progreso,10,2026-09-17
3971,804,11,no_iniciado,0,2026-05-20
3972,804,12,no_iniciado,0,2026-05-20
3973,805,17,completado,100,2026-09-15
3974,805,18,en_progreso,33.74,2026-09-16
3975,805,19,no_iniciado,0,2026-07-11
3976,805,20,no_iniciado,0,2026-07-11
3977,806,17,completado,100,2026-09-16
3978,806,18,en_progreso,10,2026-09-17
3979,806,19,no_iniciado,0,2026-06-10
3980,806,20,no_iniciado,0,2026-06-10
3981,807,21,completado,100,2026-09-17
3982,807,22,en_progreso,34.92,2026-09-17
3983,807,23,no_iniciado,0,2026-07-08
3984,807,24,no_iniciado,0,2026-07-08
3985,807,25,no_iniciado,0,2026-07-08
3986,807,26,no_iniciado,0,2026-07-08
3987,807,27,no_iniciado,0,2026-07-08
3988,808,32,en_progreso,21.64,2026-09-17
3989,808,33,no_iniciado,0,2026-06-15
3990,808,34,no_iniciado,0,2026-06-15
3991,808,35,no_iniciado,0,2026-06-15
3992,808,36,no_iniciado,0,2026-06-15
3993,808,37,no_iniciado,0,2026-06-15
3994,809,9,completado,100,2026-09-17
3995,809,10,no_iniciado,0,2026-07-21
3996,809,11,no_iniciado,0,2026-07-21
3997,809,12,no_iniciado,0,2026-07-21
3998,810,50,en_progreso,10,2026-09-15
3999,810,51,no_iniciado,0,2026-05-02
4000,810,52,no_iniciado,0,2026-05-02
4001,810,53,no_iniciado,0,2026-05-02
4002,810,54,no_iniciado,0,2026-05-02
4003,810,55,no_iniciado,0,2026-05-02
4004,811,50,completado,100,2026-09-17
4005,811,51,en_progreso,10,2026-09-17
4006,811,52,no_iniciado,0,2026-06-27
4007,811,53,no_iniciado,0,2026-06-27
4008,811,54,no_iniciado,0,2026-06-27
4009,811,55,no_iniciado,0,2026-06-27
4010,812,28,completado,100,2026-09-17
4011,812,29,no_iniciado,0,2026-06-05
4012,812,30,no_iniciado,0,2026-06-05
4013,812,31,no_iniciado,0,2026-06-05
4014,813,38,en_progreso,10,2026-09-16
4015,813,39,no_iniciado,0,2026-06-04
4016,813,40,no_iniciado,0,2026-06-04
4017,813,41,no_iniciado,0,2026-06-04
4018,813,42,no_iniciado,0,2026-06-04
4019,813,43,no_iniciado,0,2026-06-04
4020,814,5,no_iniciado,0,2026-09-04
4021,814,6,no_iniciado,0,2026-09-04
4022,814,7,no_iniciado,0,2026-09-04
4023,814,8,no_iniciado,0,2026-09-04
4024,815,28,completado,100,2026-09-17
4025,815,29,no_iniciado,0,2026-08-17
4026,815,30,no_iniciado,0,2026-08-17
4027,815,31,no_iniciado,0,2026-08-17
4028,816,17,en_progreso,30.57,2026-09-17
4029,816,18,no_iniciado,0,2026-07-23
4030,816,19,no_iniciado,0,2026-07-23
4031,816,20,no_iniciado,0,2026-07-23
4032,817,5,completado,100,2026-09-15
4033,817,6,completado,100,2026-09-16
4034,817,7,completado,100,2026-09-17
4035,817,8,completado,100,2026-09-17
4036,818,32,en_progreso,29.61,2026-09-17
4037,818,33,no_iniciado,0,2026-08-15
4038,818,34,no_iniciado,0,2026-08-15
4039,818,35,no_iniciado,0,2026-08-15
4040,818,36,no_iniciado,0,2026-08-15
4041,818,37,no_iniciado,0,2026-08-15
4042,819,21,en_progreso,10,2026-09-15
4043,819,22,no_iniciado,0,2026-05-25
4044,819,23,no_iniciado,0,2026-05-25
4045,819,24,no_iniciado,0,2026-05-25
4046,819,25,no_iniciado,0,2026-05-25
4047,819,26,no_iniciado,0,2026-05-25
4048,819,27,no_iniciado,0,2026-05-25
4049,820,56,completado,100,2026-09-17
4050,820,57,en_progreso,10,2026-09-17
4051,820,58,no_iniciado,0,2026-07-15
4052,820,59,no_iniciado,0,2026-07-15
4053,820,60,no_iniciado,0,2026-07-15
4054,821,50,completado,100,2026-09-15
4055,821,51,en_progreso,10,2026-09-17
4056,821,52,no_iniciado,0,2026-05-08
4057,821,53,no_iniciado,0,2026-05-08
4058,821,54,no_iniciado,0,2026-05-08
4059,821,55,no_iniciado,0,2026-05-08
4060,822,17,completado,100,2026-09-16
4061,822,18,completado,100,2026-09-17
4062,822,19,no_iniciado,0,2026-05-14
4063,822,20,no_iniciado,0,2026-05-14
4064,823,28,en_progreso,10,2026-09-17
4065,823,29,no_iniciado,0,2026-06-16
4066,823,30,no_iniciado,0,2026-06-16
4067,823,31,no_iniciado,0,2026-06-16
4068,824,50,en_progreso,23.83,2026-09-16
4069,824,51,no_iniciado,0,2026-04-19
4070,824,52,no_iniciado,0,2026-04-19
4071,824,53,no_iniciado,0,2026-04-19
4072,824,54,no_iniciado,0,2026-04-19
4073,824,55,no_iniciado,0,2026-04-19
4074,825,21,completado,100,2026-09-16
4075,825,22,en_progreso,26.16,2026-09-17
4076,825,23,no_iniciado,0,2026-07-03
4077,825,24,no_iniciado,0,2026-07-03
4078,825,25,no_iniciado,0,2026-07-03
4079,825,26,no_iniciado,0,2026-07-03
4080,825,27,no_iniciado,0,2026-07-03
4081,826,50,completado,100,2026-09-17
4082,826,51,no_iniciado,0,2026-06-21
4083,826,52,no_iniciado,0,2026-06-21
4084,826,53,no_iniciado,0,2026-06-21
4085,826,54,no_iniciado,0,2026-06-21
4086,826,55,no_iniciado,0,2026-06-21
4087,827,32,en_progreso,48.52,2026-09-17
4088,827,33,no_iniciado,0,2026-08-16
4089,827,34,no_iniciado,0,2026-08-16
4090,827,35,no_iniciado,0,2026-08-16
4091,827,36,no_iniciado,0,2026-08-16
4092,827,37,no_iniciado,0,2026-08-16
